Copyright 1986-2022 Xilinx, Inc. All Rights Reserved.
------------------------------------------------------------------------------------------------------------------------------------------------------------------------------------------------------------------------------------
| Tool Version : Vivado v.2022.1 (win64) Build 3526262 Mon Apr 18 15:48:16 MDT 2022
| Date         : Wed Dec  3 15:50:43 2025
| Host         : BOOK-PI4T4K8H7V running 64-bit major release  (build 9200)
| Command      : report_timing_summary -max_paths 10 -report_unconstrained -file top_stopwatch_timing_summary_routed.rpt -pb top_stopwatch_timing_summary_routed.pb -rpx top_stopwatch_timing_summary_routed.rpx -warn_on_violation
| Design       : top_stopwatch
| Device       : 7a100t-csg324
| Speed File   : -1  PRODUCTION 1.23 2018-06-13
------------------------------------------------------------------------------------------------------------------------------------------------------------------------------------------------------------------------------------

Timing Summary Report

------------------------------------------------------------------------------------------------
| Timer Settings
| --------------
------------------------------------------------------------------------------------------------

  Enable Multi Corner Analysis               :  Yes
  Enable Pessimism Removal                   :  Yes
  Pessimism Removal Resolution               :  Nearest Common Node
  Enable Input Delay Default Clock           :  No
  Enable Preset / Clear Arcs                 :  No
  Disable Flight Delays                      :  No
  Ignore I/O Paths                           :  No
  Timing Early Launch at Borrowing Latches   :  No
  Borrow Time for Max Delay Exceptions       :  Yes
  Merge Timing Exceptions                    :  Yes

  Corner  Analyze    Analyze    
  Name    Max Paths  Min Paths  
  ------  ---------  ---------  
  Slow    Yes        Yes        
  Fast    Yes        Yes        


------------------------------------------------------------------------------------------------
| Report Methodology
| ------------------
------------------------------------------------------------------------------------------------

Rule       Severity  Description                    Violations  
---------  --------  -----------------------------  ----------  
TIMING-18  Warning   Missing input or output delay  37          

Note: This report is based on the most recent report_methodology run and may not be up-to-date. Run report_methodology on the current design for the latest report.



check_timing report

Table of Contents
-----------------
1. checking no_clock (0)
2. checking constant_clock (0)
3. checking pulse_width_clock (0)
4. checking unconstrained_internal_endpoints (0)
5. checking no_input_delay (5)
6. checking no_output_delay (32)
7. checking multiple_clock (0)
8. checking generated_clocks (0)
9. checking loops (0)
10. checking partial_input_delay (0)
11. checking partial_output_delay (0)
12. checking latch_loops (0)

1. checking no_clock (0)
------------------------
 There are 0 register/latch pins with no clock.


2. checking constant_clock (0)
------------------------------
 There are 0 register/latch pins with constant_clock.


3. checking pulse_width_clock (0)
---------------------------------
 There are 0 register/latch pins which need pulse_width check


4. checking unconstrained_internal_endpoints (0)
------------------------------------------------
 There are 0 pins that are not constrained for maximum delay.

 There are 0 pins that are not constrained for maximum delay due to constant clock.


5. checking no_input_delay (5)
------------------------------
 There are 5 input ports with no input delay specified. (HIGH)

 There are 0 input ports with no input delay but user has a false path constraint.


6. checking no_output_delay (32)
--------------------------------
 There are 32 ports with no output delay specified. (HIGH)

 There are 0 ports with no output delay but user has a false path constraint

 There are 0 ports with no output delay but with a timing clock defined on it or propagating through it


7. checking multiple_clock (0)
------------------------------
 There are 0 register/latch pins with multiple clocks.


8. checking generated_clocks (0)
--------------------------------
 There are 0 generated clocks that are not connected to a clock source.


9. checking loops (0)
---------------------
 There are 0 combinational loops in the design.


10. checking partial_input_delay (0)
------------------------------------
 There are 0 input ports with partial input delay specified.


11. checking partial_output_delay (0)
-------------------------------------
 There are 0 ports with partial output delay specified.


12. checking latch_loops (0)
----------------------------
 There are 0 combinational latch loops in the design through latch input



------------------------------------------------------------------------------------------------
| Design Timing Summary
| ---------------------
------------------------------------------------------------------------------------------------

    WNS(ns)      TNS(ns)  TNS Failing Endpoints  TNS Total Endpoints      WHS(ns)      THS(ns)  THS Failing Endpoints  THS Total Endpoints     WPWS(ns)     TPWS(ns)  TPWS Failing Endpoints  TPWS Total Endpoints  
    -------      -------  ---------------------  -------------------      -------      -------  ---------------------  -------------------     --------     --------  ----------------------  --------------------  
      5.070        0.000                      0                  336        0.181        0.000                      0                  336        4.500        0.000                       0                   200  


All user specified timing constraints are met.


------------------------------------------------------------------------------------------------
| Clock Summary
| -------------
------------------------------------------------------------------------------------------------

Clock        Waveform(ns)       Period(ns)      Frequency(MHz)
-----        ------------       ----------      --------------
sys_clk_pin  {0.000 5.000}      10.000          100.000         


------------------------------------------------------------------------------------------------
| Intra Clock Table
| -----------------
------------------------------------------------------------------------------------------------

Clock             WNS(ns)      TNS(ns)  TNS Failing Endpoints  TNS Total Endpoints      WHS(ns)      THS(ns)  THS Failing Endpoints  THS Total Endpoints     WPWS(ns)     TPWS(ns)  TPWS Failing Endpoints  TPWS Total Endpoints  
-----             -------      -------  ---------------------  -------------------      -------      -------  ---------------------  -------------------     --------     --------  ----------------------  --------------------  
sys_clk_pin         5.070        0.000                      0                  336        0.181        0.000                      0                  336        4.500        0.000                       0                   200  


------------------------------------------------------------------------------------------------
| Inter Clock Table
| -----------------
------------------------------------------------------------------------------------------------

From Clock    To Clock          WNS(ns)      TNS(ns)  TNS Failing Endpoints  TNS Total Endpoints      WHS(ns)      THS(ns)  THS Failing Endpoints  THS Total Endpoints  
----------    --------          -------      -------  ---------------------  -------------------      -------      -------  ---------------------  -------------------  


------------------------------------------------------------------------------------------------
| Other Path Groups Table
| -----------------------
------------------------------------------------------------------------------------------------

Path Group    From Clock    To Clock          WNS(ns)      TNS(ns)  TNS Failing Endpoints  TNS Total Endpoints      WHS(ns)      THS(ns)  THS Failing Endpoints  THS Total Endpoints  
----------    ----------    --------          -------      -------  ---------------------  -------------------      -------      -------  ---------------------  -------------------  


------------------------------------------------------------------------------------------------
| User Ignored Path Table
| -----------------------
------------------------------------------------------------------------------------------------

Path Group    From Clock    To Clock    
----------    ----------    --------    


------------------------------------------------------------------------------------------------
| Unconstrained Path Table
| ------------------------
------------------------------------------------------------------------------------------------

Path Group    From Clock    To Clock    
----------    ----------    --------    
(none)        sys_clk_pin                 
(none)                      sys_clk_pin   


------------------------------------------------------------------------------------------------
| Timing Details
| --------------
------------------------------------------------------------------------------------------------


---------------------------------------------------------------------------------------------------
From Clock:  sys_clk_pin
  To Clock:  sys_clk_pin

Setup :            0  Failing Endpoints,  Worst Slack        5.070ns,  Total Violation        0.000ns
Hold  :            0  Failing Endpoints,  Worst Slack        0.181ns,  Total Violation        0.000ns
PW    :            0  Failing Endpoints,  Worst Slack        4.500ns,  Total Violation        0.000ns
---------------------------------------------------------------------------------------------------


Max Delay Paths
--------------------------------------------------------------------------------------
Slack (MET) :             5.070ns  (required time - arrival time)
  Source:                 u_btnd/r_btn_deb_prev_reg/C
                            (rising edge-triggered cell FDCE clocked by sys_clk_pin  {rise@0.000ns fall@5.000ns period=10.000ns})
  Destination:            u_led_runner/o_led_reg[9]/D
                            (rising edge-triggered cell FDCE clocked by sys_clk_pin  {rise@0.000ns fall@5.000ns period=10.000ns})
  Path Group:             sys_clk_pin
  Path Type:              Setup (Max at Slow Process Corner)
  Requirement:            10.000ns  (sys_clk_pin rise@10.000ns - sys_clk_pin rise@0.000ns)
  Data Path Delay:        4.876ns  (logic 1.070ns (21.944%)  route 3.806ns (78.056%))
  Logic Levels:           2  (LUT2=1 LUT6=1)
  Clock Path Skew:        -0.051ns (DCD - SCD + CPR)
    Destination Clock Delay (DCD):    5.014ns = ( 15.014 - 10.000 ) 
    Source Clock Delay      (SCD):    5.324ns
    Clock Pessimism Removal (CPR):    0.259ns
  Clock Uncertainty:      0.035ns  ((TSJ^2 + TIJ^2)^1/2 + DJ) / 2 + PE
    Total System Jitter     (TSJ):    0.071ns
    Total Input Jitter      (TIJ):    0.000ns
    Discrete Jitter          (DJ):    0.000ns
    Phase Error              (PE):    0.000ns

    Location             Delay type                Incr(ns)  Path(ns)    Netlist Resource(s)
  -------------------------------------------------------------------    -------------------
                         (clock sys_clk_pin rise edge)
                                                      0.000     0.000 r  
    E3                                                0.000     0.000 r  i_clk (IN)
                         net (fo=0)                   0.000     0.000    i_clk
    E3                   IBUF (Prop_ibuf_I_O)         1.482     1.482 r  i_clk_IBUF_inst/O
                         net (fo=1, routed)           2.025     3.506    i_clk_IBUF
    BUFGCTRL_X0Y16       BUFG (Prop_bufg_I_O)         0.096     3.602 r  i_clk_IBUF_BUFG_inst/O
                         net (fo=199, routed)         1.721     5.324    u_btnd/CLK
    SLICE_X5Y88          FDCE                                         r  u_btnd/r_btn_deb_prev_reg/C
  -------------------------------------------------------------------    -------------------
    SLICE_X5Y88          FDCE (Prop_fdce_C_Q)         0.419     5.743 r  u_btnd/r_btn_deb_prev_reg/Q
                         net (fo=21, routed)          1.076     6.819    u_btnd/r_btn_deb_prev
    SLICE_X4Y88          LUT2 (Prop_lut2_I1_O)        0.325     7.144 f  u_btnd/o_d1[3]_i_3/O
                         net (fo=48, routed)          2.730     9.874    u_led_runner/o_led_reg[12]_0
    SLICE_X0Y72          LUT6 (Prop_lut6_I0_O)        0.326    10.200 r  u_led_runner/o_led[9]_i_1/O
                         net (fo=1, routed)           0.000    10.200    u_led_runner/o_led[9]_i_1_n_0
    SLICE_X0Y72          FDCE                                         r  u_led_runner/o_led_reg[9]/D
  -------------------------------------------------------------------    -------------------

                         (clock sys_clk_pin rise edge)
                                                     10.000    10.000 r  
    E3                                                0.000    10.000 r  i_clk (IN)
                         net (fo=0)                   0.000    10.000    i_clk
    E3                   IBUF (Prop_ibuf_I_O)         1.411    11.411 r  i_clk_IBUF_inst/O
                         net (fo=1, routed)           1.920    13.331    i_clk_IBUF
    BUFGCTRL_X0Y16       BUFG (Prop_bufg_I_O)         0.091    13.422 r  i_clk_IBUF_BUFG_inst/O
                         net (fo=199, routed)         1.591    15.014    u_led_runner/CLK
    SLICE_X0Y72          FDCE                                         r  u_led_runner/o_led_reg[9]/C
                         clock pessimism              0.259    15.273    
                         clock uncertainty           -0.035    15.237    
    SLICE_X0Y72          FDCE (Setup_fdce_C_D)        0.032    15.269    u_led_runner/o_led_reg[9]
  -------------------------------------------------------------------
                         required time                         15.269    
                         arrival time                         -10.200    
  -------------------------------------------------------------------
                         slack                                  5.070    

Slack (MET) :             5.102ns  (required time - arrival time)
  Source:                 u_seg_driver/r_scan_cnt_reg[2]/C
                            (rising edge-triggered cell FDCE clocked by sys_clk_pin  {rise@0.000ns fall@5.000ns period=10.000ns})
  Destination:            u_seg_driver/r_scan_cnt_reg[16]/D
                            (rising edge-triggered cell FDCE clocked by sys_clk_pin  {rise@0.000ns fall@5.000ns period=10.000ns})
  Path Group:             sys_clk_pin
  Path Type:              Setup (Max at Slow Process Corner)
  Requirement:            10.000ns  (sys_clk_pin rise@10.000ns - sys_clk_pin rise@0.000ns)
  Data Path Delay:        4.903ns  (logic 2.271ns (46.321%)  route 2.632ns (53.679%))
  Logic Levels:           9  (CARRY4=5 LUT5=3 LUT6=1)
  Clock Path Skew:        -0.022ns (DCD - SCD + CPR)
    Destination Clock Delay (DCD):    5.024ns = ( 15.024 - 10.000 ) 
    Source Clock Delay      (SCD):    5.322ns
    Clock Pessimism Removal (CPR):    0.276ns
  Clock Uncertainty:      0.035ns  ((TSJ^2 + TIJ^2)^1/2 + DJ) / 2 + PE
    Total System Jitter     (TSJ):    0.071ns
    Total Input Jitter      (TIJ):    0.000ns
    Discrete Jitter          (DJ):    0.000ns
    Phase Error              (PE):    0.000ns

    Location             Delay type                Incr(ns)  Path(ns)    Netlist Resource(s)
  -------------------------------------------------------------------    -------------------
                         (clock sys_clk_pin rise edge)
                                                      0.000     0.000 r  
    E3                                                0.000     0.000 r  i_clk (IN)
                         net (fo=0)                   0.000     0.000    i_clk
    E3                   IBUF (Prop_ibuf_I_O)         1.482     1.482 r  i_clk_IBUF_inst/O
                         net (fo=1, routed)           2.025     3.506    i_clk_IBUF
    BUFGCTRL_X0Y16       BUFG (Prop_bufg_I_O)         0.096     3.602 r  i_clk_IBUF_BUFG_inst/O
                         net (fo=199, routed)         1.719     5.322    u_seg_driver/CLK
    SLICE_X5Y85          FDCE                                         r  u_seg_driver/r_scan_cnt_reg[2]/C
  -------------------------------------------------------------------    -------------------
    SLICE_X5Y85          FDCE (Prop_fdce_C_Q)         0.456     5.778 f  u_seg_driver/r_scan_cnt_reg[2]/Q
                         net (fo=2, routed)           0.859     6.637    u_seg_driver/r_scan_cnt_reg[2]
    SLICE_X4Y85          LUT5 (Prop_lut5_I2_O)        0.124     6.761 f  u_seg_driver/r_digit_idx[1]_i_5/O
                         net (fo=2, routed)           0.596     7.356    u_seg_driver/r_digit_idx[1]_i_5_n_0
    SLICE_X4Y87          LUT5 (Prop_lut5_I1_O)        0.150     7.506 f  u_seg_driver/r_digit_idx[0]_i_3/O
                         net (fo=1, routed)           0.441     7.947    u_seg_driver/r_digit_idx[0]_i_3_n_0
    SLICE_X4Y87          LUT5 (Prop_lut5_I2_O)        0.326     8.273 f  u_seg_driver/r_digit_idx[0]_i_2/O
                         net (fo=17, routed)          0.547     8.820    u_seg_driver/r_digit_idx[0]_i_2_n_0
    SLICE_X4Y85          LUT6 (Prop_lut6_I1_O)        0.124     8.944 r  u_seg_driver/r_scan_cnt[0]_i_2/O
                         net (fo=1, routed)           0.189     9.133    u_seg_driver/r_scan_cnt[0]_i_2_n_0
    SLICE_X5Y85          CARRY4 (Prop_carry4_DI[0]_CO[3])
                                                      0.526     9.659 r  u_seg_driver/r_scan_cnt_reg[0]_i_1/CO[3]
                         net (fo=1, routed)           0.000     9.659    u_seg_driver/r_scan_cnt_reg[0]_i_1_n_0
    SLICE_X5Y86          CARRY4 (Prop_carry4_CI_CO[3])
                                                      0.114     9.773 r  u_seg_driver/r_scan_cnt_reg[4]_i_1/CO[3]
                         net (fo=1, routed)           0.000     9.773    u_seg_driver/r_scan_cnt_reg[4]_i_1_n_0
    SLICE_X5Y87          CARRY4 (Prop_carry4_CI_CO[3])
                                                      0.114     9.887 r  u_seg_driver/r_scan_cnt_reg[8]_i_1/CO[3]
                         net (fo=1, routed)           0.000     9.887    u_seg_driver/r_scan_cnt_reg[8]_i_1_n_0
    SLICE_X5Y88          CARRY4 (Prop_carry4_CI_CO[3])
                                                      0.114    10.001 r  u_seg_driver/r_scan_cnt_reg[12]_i_1/CO[3]
                         net (fo=1, routed)           0.000    10.001    u_seg_driver/r_scan_cnt_reg[12]_i_1_n_0
    SLICE_X5Y89          CARRY4 (Prop_carry4_CI_O[0])
                                                      0.223    10.224 r  u_seg_driver/r_scan_cnt_reg[16]_i_1/O[0]
                         net (fo=1, routed)           0.000    10.224    u_seg_driver/r_scan_cnt_reg[16]_i_1_n_7
    SLICE_X5Y89          FDCE                                         r  u_seg_driver/r_scan_cnt_reg[16]/D
  -------------------------------------------------------------------    -------------------

                         (clock sys_clk_pin rise edge)
                                                     10.000    10.000 r  
    E3                                                0.000    10.000 r  i_clk (IN)
                         net (fo=0)                   0.000    10.000    i_clk
    E3                   IBUF (Prop_ibuf_I_O)         1.411    11.411 r  i_clk_IBUF_inst/O
                         net (fo=1, routed)           1.920    13.331    i_clk_IBUF
    BUFGCTRL_X0Y16       BUFG (Prop_bufg_I_O)         0.091    13.422 r  i_clk_IBUF_BUFG_inst/O
                         net (fo=199, routed)         1.601    15.024    u_seg_driver/CLK
    SLICE_X5Y89          FDCE                                         r  u_seg_driver/r_scan_cnt_reg[16]/C
                         clock pessimism              0.276    15.300    
                         clock uncertainty           -0.035    15.264    
    SLICE_X5Y89          FDCE (Setup_fdce_C_D)        0.062    15.326    u_seg_driver/r_scan_cnt_reg[16]
  -------------------------------------------------------------------
                         required time                         15.326    
                         arrival time                         -10.224    
  -------------------------------------------------------------------
                         slack                                  5.102    

Slack (MET) :             5.104ns  (required time - arrival time)
  Source:                 u_seg_driver/r_scan_cnt_reg[2]/C
                            (rising edge-triggered cell FDCE clocked by sys_clk_pin  {rise@0.000ns fall@5.000ns period=10.000ns})
  Destination:            u_seg_driver/r_scan_cnt_reg[13]/D
                            (rising edge-triggered cell FDCE clocked by sys_clk_pin  {rise@0.000ns fall@5.000ns period=10.000ns})
  Path Group:             sys_clk_pin
  Path Type:              Setup (Max at Slow Process Corner)
  Requirement:            10.000ns  (sys_clk_pin rise@10.000ns - sys_clk_pin rise@0.000ns)
  Data Path Delay:        4.900ns  (logic 2.268ns (46.289%)  route 2.632ns (53.711%))
  Logic Levels:           8  (CARRY4=4 LUT5=3 LUT6=1)
  Clock Path Skew:        -0.023ns (DCD - SCD + CPR)
    Destination Clock Delay (DCD):    5.023ns = ( 15.023 - 10.000 ) 
    Source Clock Delay      (SCD):    5.322ns
    Clock Pessimism Removal (CPR):    0.276ns
  Clock Uncertainty:      0.035ns  ((TSJ^2 + TIJ^2)^1/2 + DJ) / 2 + PE
    Total System Jitter     (TSJ):    0.071ns
    Total Input Jitter      (TIJ):    0.000ns
    Discrete Jitter          (DJ):    0.000ns
    Phase Error              (PE):    0.000ns

    Location             Delay type                Incr(ns)  Path(ns)    Netlist Resource(s)
  -------------------------------------------------------------------    -------------------
                         (clock sys_clk_pin rise edge)
                                                      0.000     0.000 r  
    E3                                                0.000     0.000 r  i_clk (IN)
                         net (fo=0)                   0.000     0.000    i_clk
    E3                   IBUF (Prop_ibuf_I_O)         1.482     1.482 r  i_clk_IBUF_inst/O
                         net (fo=1, routed)           2.025     3.506    i_clk_IBUF
    BUFGCTRL_X0Y16       BUFG (Prop_bufg_I_O)         0.096     3.602 r  i_clk_IBUF_BUFG_inst/O
                         net (fo=199, routed)         1.719     5.322    u_seg_driver/CLK
    SLICE_X5Y85          FDCE                                         r  u_seg_driver/r_scan_cnt_reg[2]/C
  -------------------------------------------------------------------    -------------------
    SLICE_X5Y85          FDCE (Prop_fdce_C_Q)         0.456     5.778 f  u_seg_driver/r_scan_cnt_reg[2]/Q
                         net (fo=2, routed)           0.859     6.637    u_seg_driver/r_scan_cnt_reg[2]
    SLICE_X4Y85          LUT5 (Prop_lut5_I2_O)        0.124     6.761 f  u_seg_driver/r_digit_idx[1]_i_5/O
                         net (fo=2, routed)           0.596     7.356    u_seg_driver/r_digit_idx[1]_i_5_n_0
    SLICE_X4Y87          LUT5 (Prop_lut5_I1_O)        0.150     7.506 f  u_seg_driver/r_digit_idx[0]_i_3/O
                         net (fo=1, routed)           0.441     7.947    u_seg_driver/r_digit_idx[0]_i_3_n_0
    SLICE_X4Y87          LUT5 (Prop_lut5_I2_O)        0.326     8.273 f  u_seg_driver/r_digit_idx[0]_i_2/O
                         net (fo=17, routed)          0.547     8.820    u_seg_driver/r_digit_idx[0]_i_2_n_0
    SLICE_X4Y85          LUT6 (Prop_lut6_I1_O)        0.124     8.944 r  u_seg_driver/r_scan_cnt[0]_i_2/O
                         net (fo=1, routed)           0.189     9.133    u_seg_driver/r_scan_cnt[0]_i_2_n_0
    SLICE_X5Y85          CARRY4 (Prop_carry4_DI[0]_CO[3])
                                                      0.526     9.659 r  u_seg_driver/r_scan_cnt_reg[0]_i_1/CO[3]
                         net (fo=1, routed)           0.000     9.659    u_seg_driver/r_scan_cnt_reg[0]_i_1_n_0
    SLICE_X5Y86          CARRY4 (Prop_carry4_CI_CO[3])
                                                      0.114     9.773 r  u_seg_driver/r_scan_cnt_reg[4]_i_1/CO[3]
                         net (fo=1, routed)           0.000     9.773    u_seg_driver/r_scan_cnt_reg[4]_i_1_n_0
    SLICE_X5Y87          CARRY4 (Prop_carry4_CI_CO[3])
                                                      0.114     9.887 r  u_seg_driver/r_scan_cnt_reg[8]_i_1/CO[3]
                         net (fo=1, routed)           0.000     9.887    u_seg_driver/r_scan_cnt_reg[8]_i_1_n_0
    SLICE_X5Y88          CARRY4 (Prop_carry4_CI_O[1])
                                                      0.334    10.221 r  u_seg_driver/r_scan_cnt_reg[12]_i_1/O[1]
                         net (fo=1, routed)           0.000    10.221    u_seg_driver/r_scan_cnt_reg[12]_i_1_n_6
    SLICE_X5Y88          FDCE                                         r  u_seg_driver/r_scan_cnt_reg[13]/D
  -------------------------------------------------------------------    -------------------

                         (clock sys_clk_pin rise edge)
                                                     10.000    10.000 r  
    E3                                                0.000    10.000 r  i_clk (IN)
                         net (fo=0)                   0.000    10.000    i_clk
    E3                   IBUF (Prop_ibuf_I_O)         1.411    11.411 r  i_clk_IBUF_inst/O
                         net (fo=1, routed)           1.920    13.331    i_clk_IBUF
    BUFGCTRL_X0Y16       BUFG (Prop_bufg_I_O)         0.091    13.422 r  i_clk_IBUF_BUFG_inst/O
                         net (fo=199, routed)         1.600    15.023    u_seg_driver/CLK
    SLICE_X5Y88          FDCE                                         r  u_seg_driver/r_scan_cnt_reg[13]/C
                         clock pessimism              0.276    15.299    
                         clock uncertainty           -0.035    15.263    
    SLICE_X5Y88          FDCE (Setup_fdce_C_D)        0.062    15.325    u_seg_driver/r_scan_cnt_reg[13]
  -------------------------------------------------------------------
                         required time                         15.325    
                         arrival time                         -10.221    
  -------------------------------------------------------------------
                         slack                                  5.104    

Slack (MET) :             5.125ns  (required time - arrival time)
  Source:                 u_seg_driver/r_scan_cnt_reg[2]/C
                            (rising edge-triggered cell FDCE clocked by sys_clk_pin  {rise@0.000ns fall@5.000ns period=10.000ns})
  Destination:            u_seg_driver/r_scan_cnt_reg[15]/D
                            (rising edge-triggered cell FDCE clocked by sys_clk_pin  {rise@0.000ns fall@5.000ns period=10.000ns})
  Path Group:             sys_clk_pin
  Path Type:              Setup (Max at Slow Process Corner)
  Requirement:            10.000ns  (sys_clk_pin rise@10.000ns - sys_clk_pin rise@0.000ns)
  Data Path Delay:        4.879ns  (logic 2.247ns (46.057%)  route 2.632ns (53.943%))
  Logic Levels:           8  (CARRY4=4 LUT5=3 LUT6=1)
  Clock Path Skew:        -0.023ns (DCD - SCD + CPR)
    Destination Clock Delay (DCD):    5.023ns = ( 15.023 - 10.000 ) 
    Source Clock Delay      (SCD):    5.322ns
    Clock Pessimism Removal (CPR):    0.276ns
  Clock Uncertainty:      0.035ns  ((TSJ^2 + TIJ^2)^1/2 + DJ) / 2 + PE
    Total System Jitter     (TSJ):    0.071ns
    Total Input Jitter      (TIJ):    0.000ns
    Discrete Jitter          (DJ):    0.000ns
    Phase Error              (PE):    0.000ns

    Location             Delay type                Incr(ns)  Path(ns)    Netlist Resource(s)
  -------------------------------------------------------------------    -------------------
                         (clock sys_clk_pin rise edge)
                                                      0.000     0.000 r  
    E3                                                0.000     0.000 r  i_clk (IN)
                         net (fo=0)                   0.000     0.000    i_clk
    E3                   IBUF (Prop_ibuf_I_O)         1.482     1.482 r  i_clk_IBUF_inst/O
                         net (fo=1, routed)           2.025     3.506    i_clk_IBUF
    BUFGCTRL_X0Y16       BUFG (Prop_bufg_I_O)         0.096     3.602 r  i_clk_IBUF_BUFG_inst/O
                         net (fo=199, routed)         1.719     5.322    u_seg_driver/CLK
    SLICE_X5Y85          FDCE                                         r  u_seg_driver/r_scan_cnt_reg[2]/C
  -------------------------------------------------------------------    -------------------
    SLICE_X5Y85          FDCE (Prop_fdce_C_Q)         0.456     5.778 f  u_seg_driver/r_scan_cnt_reg[2]/Q
                         net (fo=2, routed)           0.859     6.637    u_seg_driver/r_scan_cnt_reg[2]
    SLICE_X4Y85          LUT5 (Prop_lut5_I2_O)        0.124     6.761 f  u_seg_driver/r_digit_idx[1]_i_5/O
                         net (fo=2, routed)           0.596     7.356    u_seg_driver/r_digit_idx[1]_i_5_n_0
    SLICE_X4Y87          LUT5 (Prop_lut5_I1_O)        0.150     7.506 f  u_seg_driver/r_digit_idx[0]_i_3/O
                         net (fo=1, routed)           0.441     7.947    u_seg_driver/r_digit_idx[0]_i_3_n_0
    SLICE_X4Y87          LUT5 (Prop_lut5_I2_O)        0.326     8.273 f  u_seg_driver/r_digit_idx[0]_i_2/O
                         net (fo=17, routed)          0.547     8.820    u_seg_driver/r_digit_idx[0]_i_2_n_0
    SLICE_X4Y85          LUT6 (Prop_lut6_I1_O)        0.124     8.944 r  u_seg_driver/r_scan_cnt[0]_i_2/O
                         net (fo=1, routed)           0.189     9.133    u_seg_driver/r_scan_cnt[0]_i_2_n_0
    SLICE_X5Y85          CARRY4 (Prop_carry4_DI[0]_CO[3])
                                                      0.526     9.659 r  u_seg_driver/r_scan_cnt_reg[0]_i_1/CO[3]
                         net (fo=1, routed)           0.000     9.659    u_seg_driver/r_scan_cnt_reg[0]_i_1_n_0
    SLICE_X5Y86          CARRY4 (Prop_carry4_CI_CO[3])
                                                      0.114     9.773 r  u_seg_driver/r_scan_cnt_reg[4]_i_1/CO[3]
                         net (fo=1, routed)           0.000     9.773    u_seg_driver/r_scan_cnt_reg[4]_i_1_n_0
    SLICE_X5Y87          CARRY4 (Prop_carry4_CI_CO[3])
                                                      0.114     9.887 r  u_seg_driver/r_scan_cnt_reg[8]_i_1/CO[3]
                         net (fo=1, routed)           0.000     9.887    u_seg_driver/r_scan_cnt_reg[8]_i_1_n_0
    SLICE_X5Y88          CARRY4 (Prop_carry4_CI_O[3])
                                                      0.313    10.200 r  u_seg_driver/r_scan_cnt_reg[12]_i_1/O[3]
                         net (fo=1, routed)           0.000    10.200    u_seg_driver/r_scan_cnt_reg[12]_i_1_n_4
    SLICE_X5Y88          FDCE                                         r  u_seg_driver/r_scan_cnt_reg[15]/D
  -------------------------------------------------------------------    -------------------

                         (clock sys_clk_pin rise edge)
                                                     10.000    10.000 r  
    E3                                                0.000    10.000 r  i_clk (IN)
                         net (fo=0)                   0.000    10.000    i_clk
    E3                   IBUF (Prop_ibuf_I_O)         1.411    11.411 r  i_clk_IBUF_inst/O
                         net (fo=1, routed)           1.920    13.331    i_clk_IBUF
    BUFGCTRL_X0Y16       BUFG (Prop_bufg_I_O)         0.091    13.422 r  i_clk_IBUF_BUFG_inst/O
                         net (fo=199, routed)         1.600    15.023    u_seg_driver/CLK
    SLICE_X5Y88          FDCE                                         r  u_seg_driver/r_scan_cnt_reg[15]/C
                         clock pessimism              0.276    15.299    
                         clock uncertainty           -0.035    15.263    
    SLICE_X5Y88          FDCE (Setup_fdce_C_D)        0.062    15.325    u_seg_driver/r_scan_cnt_reg[15]
  -------------------------------------------------------------------
                         required time                         15.325    
                         arrival time                         -10.200    
  -------------------------------------------------------------------
                         slack                                  5.125    

Slack (MET) :             5.199ns  (required time - arrival time)
  Source:                 u_seg_driver/r_scan_cnt_reg[2]/C
                            (rising edge-triggered cell FDCE clocked by sys_clk_pin  {rise@0.000ns fall@5.000ns period=10.000ns})
  Destination:            u_seg_driver/r_scan_cnt_reg[14]/D
                            (rising edge-triggered cell FDCE clocked by sys_clk_pin  {rise@0.000ns fall@5.000ns period=10.000ns})
  Path Group:             sys_clk_pin
  Path Type:              Setup (Max at Slow Process Corner)
  Requirement:            10.000ns  (sys_clk_pin rise@10.000ns - sys_clk_pin rise@0.000ns)
  Data Path Delay:        4.805ns  (logic 2.173ns (45.227%)  route 2.632ns (54.773%))
  Logic Levels:           8  (CARRY4=4 LUT5=3 LUT6=1)
  Clock Path Skew:        -0.023ns (DCD - SCD + CPR)
    Destination Clock Delay (DCD):    5.023ns = ( 15.023 - 10.000 ) 
    Source Clock Delay      (SCD):    5.322ns
    Clock Pessimism Removal (CPR):    0.276ns
  Clock Uncertainty:      0.035ns  ((TSJ^2 + TIJ^2)^1/2 + DJ) / 2 + PE
    Total System Jitter     (TSJ):    0.071ns
    Total Input Jitter      (TIJ):    0.000ns
    Discrete Jitter          (DJ):    0.000ns
    Phase Error              (PE):    0.000ns

    Location             Delay type                Incr(ns)  Path(ns)    Netlist Resource(s)
  -------------------------------------------------------------------    -------------------
                         (clock sys_clk_pin rise edge)
                                                      0.000     0.000 r  
    E3                                                0.000     0.000 r  i_clk (IN)
                         net (fo=0)                   0.000     0.000    i_clk
    E3                   IBUF (Prop_ibuf_I_O)         1.482     1.482 r  i_clk_IBUF_inst/O
                         net (fo=1, routed)           2.025     3.506    i_clk_IBUF
    BUFGCTRL_X0Y16       BUFG (Prop_bufg_I_O)         0.096     3.602 r  i_clk_IBUF_BUFG_inst/O
                         net (fo=199, routed)         1.719     5.322    u_seg_driver/CLK
    SLICE_X5Y85          FDCE                                         r  u_seg_driver/r_scan_cnt_reg[2]/C
  -------------------------------------------------------------------    -------------------
    SLICE_X5Y85          FDCE (Prop_fdce_C_Q)         0.456     5.778 f  u_seg_driver/r_scan_cnt_reg[2]/Q
                         net (fo=2, routed)           0.859     6.637    u_seg_driver/r_scan_cnt_reg[2]
    SLICE_X4Y85          LUT5 (Prop_lut5_I2_O)        0.124     6.761 f  u_seg_driver/r_digit_idx[1]_i_5/O
                         net (fo=2, routed)           0.596     7.356    u_seg_driver/r_digit_idx[1]_i_5_n_0
    SLICE_X4Y87          LUT5 (Prop_lut5_I1_O)        0.150     7.506 f  u_seg_driver/r_digit_idx[0]_i_3/O
                         net (fo=1, routed)           0.441     7.947    u_seg_driver/r_digit_idx[0]_i_3_n_0
    SLICE_X4Y87          LUT5 (Prop_lut5_I2_O)        0.326     8.273 f  u_seg_driver/r_digit_idx[0]_i_2/O
                         net (fo=17, routed)          0.547     8.820    u_seg_driver/r_digit_idx[0]_i_2_n_0
    SLICE_X4Y85          LUT6 (Prop_lut6_I1_O)        0.124     8.944 r  u_seg_driver/r_scan_cnt[0]_i_2/O
                         net (fo=1, routed)           0.189     9.133    u_seg_driver/r_scan_cnt[0]_i_2_n_0
    SLICE_X5Y85          CARRY4 (Prop_carry4_DI[0]_CO[3])
                                                      0.526     9.659 r  u_seg_driver/r_scan_cnt_reg[0]_i_1/CO[3]
                         net (fo=1, routed)           0.000     9.659    u_seg_driver/r_scan_cnt_reg[0]_i_1_n_0
    SLICE_X5Y86          CARRY4 (Prop_carry4_CI_CO[3])
                                                      0.114     9.773 r  u_seg_driver/r_scan_cnt_reg[4]_i_1/CO[3]
                         net (fo=1, routed)           0.000     9.773    u_seg_driver/r_scan_cnt_reg[4]_i_1_n_0
    SLICE_X5Y87          CARRY4 (Prop_carry4_CI_CO[3])
                                                      0.114     9.887 r  u_seg_driver/r_scan_cnt_reg[8]_i_1/CO[3]
                         net (fo=1, routed)           0.000     9.887    u_seg_driver/r_scan_cnt_reg[8]_i_1_n_0
    SLICE_X5Y88          CARRY4 (Prop_carry4_CI_O[2])
                                                      0.239    10.126 r  u_seg_driver/r_scan_cnt_reg[12]_i_1/O[2]
                         net (fo=1, routed)           0.000    10.126    u_seg_driver/r_scan_cnt_reg[12]_i_1_n_5
    SLICE_X5Y88          FDCE                                         r  u_seg_driver/r_scan_cnt_reg[14]/D
  -------------------------------------------------------------------    -------------------

                         (clock sys_clk_pin rise edge)
                                                     10.000    10.000 r  
    E3                                                0.000    10.000 r  i_clk (IN)
                         net (fo=0)                   0.000    10.000    i_clk
    E3                   IBUF (Prop_ibuf_I_O)         1.411    11.411 r  i_clk_IBUF_inst/O
                         net (fo=1, routed)           1.920    13.331    i_clk_IBUF
    BUFGCTRL_X0Y16       BUFG (Prop_bufg_I_O)         0.091    13.422 r  i_clk_IBUF_BUFG_inst/O
                         net (fo=199, routed)         1.600    15.023    u_seg_driver/CLK
    SLICE_X5Y88          FDCE                                         r  u_seg_driver/r_scan_cnt_reg[14]/C
                         clock pessimism              0.276    15.299    
                         clock uncertainty           -0.035    15.263    
    SLICE_X5Y88          FDCE (Setup_fdce_C_D)        0.062    15.325    u_seg_driver/r_scan_cnt_reg[14]
  -------------------------------------------------------------------
                         required time                         15.325    
                         arrival time                         -10.126    
  -------------------------------------------------------------------
                         slack                                  5.199    

Slack (MET) :             5.215ns  (required time - arrival time)
  Source:                 u_seg_driver/r_scan_cnt_reg[2]/C
                            (rising edge-triggered cell FDCE clocked by sys_clk_pin  {rise@0.000ns fall@5.000ns period=10.000ns})
  Destination:            u_seg_driver/r_scan_cnt_reg[12]/D
                            (rising edge-triggered cell FDCE clocked by sys_clk_pin  {rise@0.000ns fall@5.000ns period=10.000ns})
  Path Group:             sys_clk_pin
  Path Type:              Setup (Max at Slow Process Corner)
  Requirement:            10.000ns  (sys_clk_pin rise@10.000ns - sys_clk_pin rise@0.000ns)
  Data Path Delay:        4.789ns  (logic 2.157ns (45.044%)  route 2.632ns (54.956%))
  Logic Levels:           8  (CARRY4=4 LUT5=3 LUT6=1)
  Clock Path Skew:        -0.023ns (DCD - SCD + CPR)
    Destination Clock Delay (DCD):    5.023ns = ( 15.023 - 10.000 ) 
    Source Clock Delay      (SCD):    5.322ns
    Clock Pessimism Removal (CPR):    0.276ns
  Clock Uncertainty:      0.035ns  ((TSJ^2 + TIJ^2)^1/2 + DJ) / 2 + PE
    Total System Jitter     (TSJ):    0.071ns
    Total Input Jitter      (TIJ):    0.000ns
    Discrete Jitter          (DJ):    0.000ns
    Phase Error              (PE):    0.000ns

    Location             Delay type                Incr(ns)  Path(ns)    Netlist Resource(s)
  -------------------------------------------------------------------    -------------------
                         (clock sys_clk_pin rise edge)
                                                      0.000     0.000 r  
    E3                                                0.000     0.000 r  i_clk (IN)
                         net (fo=0)                   0.000     0.000    i_clk
    E3                   IBUF (Prop_ibuf_I_O)         1.482     1.482 r  i_clk_IBUF_inst/O
                         net (fo=1, routed)           2.025     3.506    i_clk_IBUF
    BUFGCTRL_X0Y16       BUFG (Prop_bufg_I_O)         0.096     3.602 r  i_clk_IBUF_BUFG_inst/O
                         net (fo=199, routed)         1.719     5.322    u_seg_driver/CLK
    SLICE_X5Y85          FDCE                                         r  u_seg_driver/r_scan_cnt_reg[2]/C
  -------------------------------------------------------------------    -------------------
    SLICE_X5Y85          FDCE (Prop_fdce_C_Q)         0.456     5.778 f  u_seg_driver/r_scan_cnt_reg[2]/Q
                         net (fo=2, routed)           0.859     6.637    u_seg_driver/r_scan_cnt_reg[2]
    SLICE_X4Y85          LUT5 (Prop_lut5_I2_O)        0.124     6.761 f  u_seg_driver/r_digit_idx[1]_i_5/O
                         net (fo=2, routed)           0.596     7.356    u_seg_driver/r_digit_idx[1]_i_5_n_0
    SLICE_X4Y87          LUT5 (Prop_lut5_I1_O)        0.150     7.506 f  u_seg_driver/r_digit_idx[0]_i_3/O
                         net (fo=1, routed)           0.441     7.947    u_seg_driver/r_digit_idx[0]_i_3_n_0
    SLICE_X4Y87          LUT5 (Prop_lut5_I2_O)        0.326     8.273 f  u_seg_driver/r_digit_idx[0]_i_2/O
                         net (fo=17, routed)          0.547     8.820    u_seg_driver/r_digit_idx[0]_i_2_n_0
    SLICE_X4Y85          LUT6 (Prop_lut6_I1_O)        0.124     8.944 r  u_seg_driver/r_scan_cnt[0]_i_2/O
                         net (fo=1, routed)           0.189     9.133    u_seg_driver/r_scan_cnt[0]_i_2_n_0
    SLICE_X5Y85          CARRY4 (Prop_carry4_DI[0]_CO[3])
                                                      0.526     9.659 r  u_seg_driver/r_scan_cnt_reg[0]_i_1/CO[3]
                         net (fo=1, routed)           0.000     9.659    u_seg_driver/r_scan_cnt_reg[0]_i_1_n_0
    SLICE_X5Y86          CARRY4 (Prop_carry4_CI_CO[3])
                                                      0.114     9.773 r  u_seg_driver/r_scan_cnt_reg[4]_i_1/CO[3]
                         net (fo=1, routed)           0.000     9.773    u_seg_driver/r_scan_cnt_reg[4]_i_1_n_0
    SLICE_X5Y87          CARRY4 (Prop_carry4_CI_CO[3])
                                                      0.114     9.887 r  u_seg_driver/r_scan_cnt_reg[8]_i_1/CO[3]
                         net (fo=1, routed)           0.000     9.887    u_seg_driver/r_scan_cnt_reg[8]_i_1_n_0
    SLICE_X5Y88          CARRY4 (Prop_carry4_CI_O[0])
                                                      0.223    10.110 r  u_seg_driver/r_scan_cnt_reg[12]_i_1/O[0]
                         net (fo=1, routed)           0.000    10.110    u_seg_driver/r_scan_cnt_reg[12]_i_1_n_7
    SLICE_X5Y88          FDCE                                         r  u_seg_driver/r_scan_cnt_reg[12]/D
  -------------------------------------------------------------------    -------------------

                         (clock sys_clk_pin rise edge)
                                                     10.000    10.000 r  
    E3                                                0.000    10.000 r  i_clk (IN)
                         net (fo=0)                   0.000    10.000    i_clk
    E3                   IBUF (Prop_ibuf_I_O)         1.411    11.411 r  i_clk_IBUF_inst/O
                         net (fo=1, routed)           1.920    13.331    i_clk_IBUF
    BUFGCTRL_X0Y16       BUFG (Prop_bufg_I_O)         0.091    13.422 r  i_clk_IBUF_BUFG_inst/O
                         net (fo=199, routed)         1.600    15.023    u_seg_driver/CLK
    SLICE_X5Y88          FDCE                                         r  u_seg_driver/r_scan_cnt_reg[12]/C
                         clock pessimism              0.276    15.299    
                         clock uncertainty           -0.035    15.263    
    SLICE_X5Y88          FDCE (Setup_fdce_C_D)        0.062    15.325    u_seg_driver/r_scan_cnt_reg[12]
  -------------------------------------------------------------------
                         required time                         15.325    
                         arrival time                         -10.110    
  -------------------------------------------------------------------
                         slack                                  5.215    

Slack (MET) :             5.217ns  (required time - arrival time)
  Source:                 u_seg_driver/r_scan_cnt_reg[2]/C
                            (rising edge-triggered cell FDCE clocked by sys_clk_pin  {rise@0.000ns fall@5.000ns period=10.000ns})
  Destination:            u_seg_driver/r_scan_cnt_reg[9]/D
                            (rising edge-triggered cell FDCE clocked by sys_clk_pin  {rise@0.000ns fall@5.000ns period=10.000ns})
  Path Group:             sys_clk_pin
  Path Type:              Setup (Max at Slow Process Corner)
  Requirement:            10.000ns  (sys_clk_pin rise@10.000ns - sys_clk_pin rise@0.000ns)
  Data Path Delay:        4.786ns  (logic 2.154ns (45.009%)  route 2.632ns (54.991%))
  Logic Levels:           7  (CARRY4=3 LUT5=3 LUT6=1)
  Clock Path Skew:        -0.024ns (DCD - SCD + CPR)
    Destination Clock Delay (DCD):    5.022ns = ( 15.022 - 10.000 ) 
    Source Clock Delay      (SCD):    5.322ns
    Clock Pessimism Removal (CPR):    0.276ns
  Clock Uncertainty:      0.035ns  ((TSJ^2 + TIJ^2)^1/2 + DJ) / 2 + PE
    Total System Jitter     (TSJ):    0.071ns
    Total Input Jitter      (TIJ):    0.000ns
    Discrete Jitter          (DJ):    0.000ns
    Phase Error              (PE):    0.000ns

    Location             Delay type                Incr(ns)  Path(ns)    Netlist Resource(s)
  -------------------------------------------------------------------    -------------------
                         (clock sys_clk_pin rise edge)
                                                      0.000     0.000 r  
    E3                                                0.000     0.000 r  i_clk (IN)
                         net (fo=0)                   0.000     0.000    i_clk
    E3                   IBUF (Prop_ibuf_I_O)         1.482     1.482 r  i_clk_IBUF_inst/O
                         net (fo=1, routed)           2.025     3.506    i_clk_IBUF
    BUFGCTRL_X0Y16       BUFG (Prop_bufg_I_O)         0.096     3.602 r  i_clk_IBUF_BUFG_inst/O
                         net (fo=199, routed)         1.719     5.322    u_seg_driver/CLK
    SLICE_X5Y85          FDCE                                         r  u_seg_driver/r_scan_cnt_reg[2]/C
  -------------------------------------------------------------------    -------------------
    SLICE_X5Y85          FDCE (Prop_fdce_C_Q)         0.456     5.778 f  u_seg_driver/r_scan_cnt_reg[2]/Q
                         net (fo=2, routed)           0.859     6.637    u_seg_driver/r_scan_cnt_reg[2]
    SLICE_X4Y85          LUT5 (Prop_lut5_I2_O)        0.124     6.761 f  u_seg_driver/r_digit_idx[1]_i_5/O
                         net (fo=2, routed)           0.596     7.356    u_seg_driver/r_digit_idx[1]_i_5_n_0
    SLICE_X4Y87          LUT5 (Prop_lut5_I1_O)        0.150     7.506 f  u_seg_driver/r_digit_idx[0]_i_3/O
                         net (fo=1, routed)           0.441     7.947    u_seg_driver/r_digit_idx[0]_i_3_n_0
    SLICE_X4Y87          LUT5 (Prop_lut5_I2_O)        0.326     8.273 f  u_seg_driver/r_digit_idx[0]_i_2/O
                         net (fo=17, routed)          0.547     8.820    u_seg_driver/r_digit_idx[0]_i_2_n_0
    SLICE_X4Y85          LUT6 (Prop_lut6_I1_O)        0.124     8.944 r  u_seg_driver/r_scan_cnt[0]_i_2/O
                         net (fo=1, routed)           0.189     9.133    u_seg_driver/r_scan_cnt[0]_i_2_n_0
    SLICE_X5Y85          CARRY4 (Prop_carry4_DI[0]_CO[3])
                                                      0.526     9.659 r  u_seg_driver/r_scan_cnt_reg[0]_i_1/CO[3]
                         net (fo=1, routed)           0.000     9.659    u_seg_driver/r_scan_cnt_reg[0]_i_1_n_0
    SLICE_X5Y86          CARRY4 (Prop_carry4_CI_CO[3])
                                                      0.114     9.773 r  u_seg_driver/r_scan_cnt_reg[4]_i_1/CO[3]
                         net (fo=1, routed)           0.000     9.773    u_seg_driver/r_scan_cnt_reg[4]_i_1_n_0
    SLICE_X5Y87          CARRY4 (Prop_carry4_CI_O[1])
                                                      0.334    10.107 r  u_seg_driver/r_scan_cnt_reg[8]_i_1/O[1]
                         net (fo=1, routed)           0.000    10.107    u_seg_driver/r_scan_cnt_reg[8]_i_1_n_6
    SLICE_X5Y87          FDCE                                         r  u_seg_driver/r_scan_cnt_reg[9]/D
  -------------------------------------------------------------------    -------------------

                         (clock sys_clk_pin rise edge)
                                                     10.000    10.000 r  
    E3                                                0.000    10.000 r  i_clk (IN)
                         net (fo=0)                   0.000    10.000    i_clk
    E3                   IBUF (Prop_ibuf_I_O)         1.411    11.411 r  i_clk_IBUF_inst/O
                         net (fo=1, routed)           1.920    13.331    i_clk_IBUF
    BUFGCTRL_X0Y16       BUFG (Prop_bufg_I_O)         0.091    13.422 r  i_clk_IBUF_BUFG_inst/O
                         net (fo=199, routed)         1.599    15.022    u_seg_driver/CLK
    SLICE_X5Y87          FDCE                                         r  u_seg_driver/r_scan_cnt_reg[9]/C
                         clock pessimism              0.276    15.298    
                         clock uncertainty           -0.035    15.262    
    SLICE_X5Y87          FDCE (Setup_fdce_C_D)        0.062    15.324    u_seg_driver/r_scan_cnt_reg[9]
  -------------------------------------------------------------------
                         required time                         15.324    
                         arrival time                         -10.107    
  -------------------------------------------------------------------
                         slack                                  5.217    

Slack (MET) :             5.229ns  (required time - arrival time)
  Source:                 u_btnd/r_btn_deb_prev_reg/C
                            (rising edge-triggered cell FDCE clocked by sys_clk_pin  {rise@0.000ns fall@5.000ns period=10.000ns})
  Destination:            u_led_runner/o_led_reg[5]/D
                            (rising edge-triggered cell FDCE clocked by sys_clk_pin  {rise@0.000ns fall@5.000ns period=10.000ns})
  Path Group:             sys_clk_pin
  Path Type:              Setup (Max at Slow Process Corner)
  Requirement:            10.000ns  (sys_clk_pin rise@10.000ns - sys_clk_pin rise@0.000ns)
  Data Path Delay:        4.714ns  (logic 1.070ns (22.697%)  route 3.644ns (77.303%))
  Logic Levels:           2  (LUT2=1 LUT6=1)
  Clock Path Skew:        -0.052ns (DCD - SCD + CPR)
    Destination Clock Delay (DCD):    5.013ns = ( 15.013 - 10.000 ) 
    Source Clock Delay      (SCD):    5.324ns
    Clock Pessimism Removal (CPR):    0.259ns
  Clock Uncertainty:      0.035ns  ((TSJ^2 + TIJ^2)^1/2 + DJ) / 2 + PE
    Total System Jitter     (TSJ):    0.071ns
    Total Input Jitter      (TIJ):    0.000ns
    Discrete Jitter          (DJ):    0.000ns
    Phase Error              (PE):    0.000ns

    Location             Delay type                Incr(ns)  Path(ns)    Netlist Resource(s)
  -------------------------------------------------------------------    -------------------
                         (clock sys_clk_pin rise edge)
                                                      0.000     0.000 r  
    E3                                                0.000     0.000 r  i_clk (IN)
                         net (fo=0)                   0.000     0.000    i_clk
    E3                   IBUF (Prop_ibuf_I_O)         1.482     1.482 r  i_clk_IBUF_inst/O
                         net (fo=1, routed)           2.025     3.506    i_clk_IBUF
    BUFGCTRL_X0Y16       BUFG (Prop_bufg_I_O)         0.096     3.602 r  i_clk_IBUF_BUFG_inst/O
                         net (fo=199, routed)         1.721     5.324    u_btnd/CLK
    SLICE_X5Y88          FDCE                                         r  u_btnd/r_btn_deb_prev_reg/C
  -------------------------------------------------------------------    -------------------
    SLICE_X5Y88          FDCE (Prop_fdce_C_Q)         0.419     5.743 r  u_btnd/r_btn_deb_prev_reg/Q
                         net (fo=21, routed)          1.076     6.819    u_btnd/r_btn_deb_prev
    SLICE_X4Y88          LUT2 (Prop_lut2_I1_O)        0.325     7.144 f  u_btnd/o_d1[3]_i_3/O
                         net (fo=48, routed)          2.568     9.712    u_led_runner/o_led_reg[12]_0
    SLICE_X0Y73          LUT6 (Prop_lut6_I5_O)        0.326    10.038 r  u_led_runner/o_led[5]_i_1/O
                         net (fo=1, routed)           0.000    10.038    u_led_runner/o_led[5]_i_1_n_0
    SLICE_X0Y73          FDCE                                         r  u_led_runner/o_led_reg[5]/D
  -------------------------------------------------------------------    -------------------

                         (clock sys_clk_pin rise edge)
                                                     10.000    10.000 r  
    E3                                                0.000    10.000 r  i_clk (IN)
                         net (fo=0)                   0.000    10.000    i_clk
    E3                   IBUF (Prop_ibuf_I_O)         1.411    11.411 r  i_clk_IBUF_inst/O
                         net (fo=1, routed)           1.920    13.331    i_clk_IBUF
    BUFGCTRL_X0Y16       BUFG (Prop_bufg_I_O)         0.091    13.422 r  i_clk_IBUF_BUFG_inst/O
                         net (fo=199, routed)         1.590    15.013    u_led_runner/CLK
    SLICE_X0Y73          FDCE                                         r  u_led_runner/o_led_reg[5]/C
                         clock pessimism              0.259    15.272    
                         clock uncertainty           -0.035    15.236    
    SLICE_X0Y73          FDCE (Setup_fdce_C_D)        0.031    15.267    u_led_runner/o_led_reg[5]
  -------------------------------------------------------------------
                         required time                         15.267    
                         arrival time                         -10.038    
  -------------------------------------------------------------------
                         slack                                  5.229    

Slack (MET) :             5.238ns  (required time - arrival time)
  Source:                 u_seg_driver/r_scan_cnt_reg[2]/C
                            (rising edge-triggered cell FDCE clocked by sys_clk_pin  {rise@0.000ns fall@5.000ns period=10.000ns})
  Destination:            u_seg_driver/r_scan_cnt_reg[11]/D
                            (rising edge-triggered cell FDCE clocked by sys_clk_pin  {rise@0.000ns fall@5.000ns period=10.000ns})
  Path Group:             sys_clk_pin
  Path Type:              Setup (Max at Slow Process Corner)
  Requirement:            10.000ns  (sys_clk_pin rise@10.000ns - sys_clk_pin rise@0.000ns)
  Data Path Delay:        4.765ns  (logic 2.133ns (44.767%)  route 2.632ns (55.233%))
  Logic Levels:           7  (CARRY4=3 LUT5=3 LUT6=1)
  Clock Path Skew:        -0.024ns (DCD - SCD + CPR)
    Destination Clock Delay (DCD):    5.022ns = ( 15.022 - 10.000 ) 
    Source Clock Delay      (SCD):    5.322ns
    Clock Pessimism Removal (CPR):    0.276ns
  Clock Uncertainty:      0.035ns  ((TSJ^2 + TIJ^2)^1/2 + DJ) / 2 + PE
    Total System Jitter     (TSJ):    0.071ns
    Total Input Jitter      (TIJ):    0.000ns
    Discrete Jitter          (DJ):    0.000ns
    Phase Error              (PE):    0.000ns

    Location             Delay type                Incr(ns)  Path(ns)    Netlist Resource(s)
  -------------------------------------------------------------------    -------------------
                         (clock sys_clk_pin rise edge)
                                                      0.000     0.000 r  
    E3                                                0.000     0.000 r  i_clk (IN)
                         net (fo=0)                   0.000     0.000    i_clk
    E3                   IBUF (Prop_ibuf_I_O)         1.482     1.482 r  i_clk_IBUF_inst/O
                         net (fo=1, routed)           2.025     3.506    i_clk_IBUF
    BUFGCTRL_X0Y16       BUFG (Prop_bufg_I_O)         0.096     3.602 r  i_clk_IBUF_BUFG_inst/O
                         net (fo=199, routed)         1.719     5.322    u_seg_driver/CLK
    SLICE_X5Y85          FDCE                                         r  u_seg_driver/r_scan_cnt_reg[2]/C
  -------------------------------------------------------------------    -------------------
    SLICE_X5Y85          FDCE (Prop_fdce_C_Q)         0.456     5.778 f  u_seg_driver/r_scan_cnt_reg[2]/Q
                         net (fo=2, routed)           0.859     6.637    u_seg_driver/r_scan_cnt_reg[2]
    SLICE_X4Y85          LUT5 (Prop_lut5_I2_O)        0.124     6.761 f  u_seg_driver/r_digit_idx[1]_i_5/O
                         net (fo=2, routed)           0.596     7.356    u_seg_driver/r_digit_idx[1]_i_5_n_0
    SLICE_X4Y87          LUT5 (Prop_lut5_I1_O)        0.150     7.506 f  u_seg_driver/r_digit_idx[0]_i_3/O
                         net (fo=1, routed)           0.441     7.947    u_seg_driver/r_digit_idx[0]_i_3_n_0
    SLICE_X4Y87          LUT5 (Prop_lut5_I2_O)        0.326     8.273 f  u_seg_driver/r_digit_idx[0]_i_2/O
                         net (fo=17, routed)          0.547     8.820    u_seg_driver/r_digit_idx[0]_i_2_n_0
    SLICE_X4Y85          LUT6 (Prop_lut6_I1_O)        0.124     8.944 r  u_seg_driver/r_scan_cnt[0]_i_2/O
                         net (fo=1, routed)           0.189     9.133    u_seg_driver/r_scan_cnt[0]_i_2_n_0
    SLICE_X5Y85          CARRY4 (Prop_carry4_DI[0]_CO[3])
                                                      0.526     9.659 r  u_seg_driver/r_scan_cnt_reg[0]_i_1/CO[3]
                         net (fo=1, routed)           0.000     9.659    u_seg_driver/r_scan_cnt_reg[0]_i_1_n_0
    SLICE_X5Y86          CARRY4 (Prop_carry4_CI_CO[3])
                                                      0.114     9.773 r  u_seg_driver/r_scan_cnt_reg[4]_i_1/CO[3]
                         net (fo=1, routed)           0.000     9.773    u_seg_driver/r_scan_cnt_reg[4]_i_1_n_0
    SLICE_X5Y87          CARRY4 (Prop_carry4_CI_O[3])
                                                      0.313    10.086 r  u_seg_driver/r_scan_cnt_reg[8]_i_1/O[3]
                         net (fo=1, routed)           0.000    10.086    u_seg_driver/r_scan_cnt_reg[8]_i_1_n_4
    SLICE_X5Y87          FDCE                                         r  u_seg_driver/r_scan_cnt_reg[11]/D
  -------------------------------------------------------------------    -------------------

                         (clock sys_clk_pin rise edge)
                                                     10.000    10.000 r  
    E3                                                0.000    10.000 r  i_clk (IN)
                         net (fo=0)                   0.000    10.000    i_clk
    E3                   IBUF (Prop_ibuf_I_O)         1.411    11.411 r  i_clk_IBUF_inst/O
                         net (fo=1, routed)           1.920    13.331    i_clk_IBUF
    BUFGCTRL_X0Y16       BUFG (Prop_bufg_I_O)         0.091    13.422 r  i_clk_IBUF_BUFG_inst/O
                         net (fo=199, routed)         1.599    15.022    u_seg_driver/CLK
    SLICE_X5Y87          FDCE                                         r  u_seg_driver/r_scan_cnt_reg[11]/C
                         clock pessimism              0.276    15.298    
                         clock uncertainty           -0.035    15.262    
    SLICE_X5Y87          FDCE (Setup_fdce_C_D)        0.062    15.324    u_seg_driver/r_scan_cnt_reg[11]
  -------------------------------------------------------------------
                         required time                         15.324    
                         arrival time                         -10.086    
  -------------------------------------------------------------------
                         slack                                  5.238    

Slack (MET) :             5.289ns  (required time - arrival time)
  Source:                 u_btnd/r_btn_deb_prev_reg/C
                            (rising edge-triggered cell FDCE clocked by sys_clk_pin  {rise@0.000ns fall@5.000ns period=10.000ns})
  Destination:            u_led_runner/o_led_reg[8]/D
                            (rising edge-triggered cell FDCE clocked by sys_clk_pin  {rise@0.000ns fall@5.000ns period=10.000ns})
  Path Group:             sys_clk_pin
  Path Type:              Setup (Max at Slow Process Corner)
  Requirement:            10.000ns  (sys_clk_pin rise@10.000ns - sys_clk_pin rise@0.000ns)
  Data Path Delay:        4.655ns  (logic 1.070ns (22.984%)  route 3.585ns (77.016%))
  Logic Levels:           2  (LUT2=1 LUT6=1)
  Clock Path Skew:        -0.051ns (DCD - SCD + CPR)
    Destination Clock Delay (DCD):    5.014ns = ( 15.014 - 10.000 ) 
    Source Clock Delay      (SCD):    5.324ns
    Clock Pessimism Removal (CPR):    0.259ns
  Clock Uncertainty:      0.035ns  ((TSJ^2 + TIJ^2)^1/2 + DJ) / 2 + PE
    Total System Jitter     (TSJ):    0.071ns
    Total Input Jitter      (TIJ):    0.000ns
    Discrete Jitter          (DJ):    0.000ns
    Phase Error              (PE):    0.000ns

    Location             Delay type                Incr(ns)  Path(ns)    Netlist Resource(s)
  -------------------------------------------------------------------    -------------------
                         (clock sys_clk_pin rise edge)
                                                      0.000     0.000 r  
    E3                                                0.000     0.000 r  i_clk (IN)
                         net (fo=0)                   0.000     0.000    i_clk
    E3                   IBUF (Prop_ibuf_I_O)         1.482     1.482 r  i_clk_IBUF_inst/O
                         net (fo=1, routed)           2.025     3.506    i_clk_IBUF
    BUFGCTRL_X0Y16       BUFG (Prop_bufg_I_O)         0.096     3.602 r  i_clk_IBUF_BUFG_inst/O
                         net (fo=199, routed)         1.721     5.324    u_btnd/CLK
    SLICE_X5Y88          FDCE                                         r  u_btnd/r_btn_deb_prev_reg/C
  -------------------------------------------------------------------    -------------------
    SLICE_X5Y88          FDCE (Prop_fdce_C_Q)         0.419     5.743 r  u_btnd/r_btn_deb_prev_reg/Q
                         net (fo=21, routed)          1.076     6.819    u_btnd/r_btn_deb_prev
    SLICE_X4Y88          LUT2 (Prop_lut2_I1_O)        0.325     7.144 f  u_btnd/o_d1[3]_i_3/O
                         net (fo=48, routed)          2.509     9.653    u_led_runner/o_led_reg[12]_0
    SLICE_X0Y72          LUT6 (Prop_lut6_I3_O)        0.326     9.979 r  u_led_runner/o_led[8]_i_1/O
                         net (fo=1, routed)           0.000     9.979    u_led_runner/o_led[8]_i_1_n_0
    SLICE_X0Y72          FDCE                                         r  u_led_runner/o_led_reg[8]/D
  -------------------------------------------------------------------    -------------------

                         (clock sys_clk_pin rise edge)
                                                     10.000    10.000 r  
    E3                                                0.000    10.000 r  i_clk (IN)
                         net (fo=0)                   0.000    10.000    i_clk
    E3                   IBUF (Prop_ibuf_I_O)         1.411    11.411 r  i_clk_IBUF_inst/O
                         net (fo=1, routed)           1.920    13.331    i_clk_IBUF
    BUFGCTRL_X0Y16       BUFG (Prop_bufg_I_O)         0.091    13.422 r  i_clk_IBUF_BUFG_inst/O
                         net (fo=199, routed)         1.591    15.014    u_led_runner/CLK
    SLICE_X0Y72          FDCE                                         r  u_led_runner/o_led_reg[8]/C
                         clock pessimism              0.259    15.273    
                         clock uncertainty           -0.035    15.237    
    SLICE_X0Y72          FDCE (Setup_fdce_C_D)        0.031    15.268    u_led_runner/o_led_reg[8]
  -------------------------------------------------------------------
                         required time                         15.268    
                         arrival time                          -9.979    
  -------------------------------------------------------------------
                         slack                                  5.289    





Min Delay Paths
--------------------------------------------------------------------------------------
Slack (MET) :             0.181ns  (arrival time - required time)
  Source:                 u_btnl/r_btn_deb_reg/C
                            (rising edge-triggered cell FDCE clocked by sys_clk_pin  {rise@0.000ns fall@5.000ns period=10.000ns})
  Destination:            u_btnl/r_btn_deb_prev_reg/D
                            (rising edge-triggered cell FDCE clocked by sys_clk_pin  {rise@0.000ns fall@5.000ns period=10.000ns})
  Path Group:             sys_clk_pin
  Path Type:              Hold (Min at Fast Process Corner)
  Requirement:            0.000ns  (sys_clk_pin rise@0.000ns - sys_clk_pin rise@0.000ns)
  Data Path Delay:        0.256ns  (logic 0.141ns (55.170%)  route 0.115ns (44.830%))
  Logic Levels:           0  
  Clock Path Skew:        0.000ns (DCD - SCD - CPR)
    Destination Clock Delay (DCD):    2.042ns
    Source Clock Delay      (SCD):    1.523ns
    Clock Pessimism Removal (CPR):    0.518ns

    Location             Delay type                Incr(ns)  Path(ns)    Netlist Resource(s)
  -------------------------------------------------------------------    -------------------
                         (clock sys_clk_pin rise edge)
                                                      0.000     0.000 r  
    E3                                                0.000     0.000 r  i_clk (IN)
                         net (fo=0)                   0.000     0.000    i_clk
    E3                   IBUF (Prop_ibuf_I_O)         0.250     0.250 r  i_clk_IBUF_inst/O
                         net (fo=1, routed)           0.644     0.894    i_clk_IBUF
    BUFGCTRL_X0Y16       BUFG (Prop_bufg_I_O)         0.026     0.920 r  i_clk_IBUF_BUFG_inst/O
                         net (fo=199, routed)         0.604     1.523    u_btnl/CLK
    SLICE_X3Y93          FDCE                                         r  u_btnl/r_btn_deb_reg/C
  -------------------------------------------------------------------    -------------------
    SLICE_X3Y93          FDCE (Prop_fdce_C_Q)         0.141     1.664 r  u_btnl/r_btn_deb_reg/Q
                         net (fo=24, routed)          0.115     1.779    u_btnl/r_btn_deb_reg_0
    SLICE_X3Y93          FDCE                                         r  u_btnl/r_btn_deb_prev_reg/D
  -------------------------------------------------------------------    -------------------

                         (clock sys_clk_pin rise edge)
                                                      0.000     0.000 r  
    E3                                                0.000     0.000 r  i_clk (IN)
                         net (fo=0)                   0.000     0.000    i_clk
    E3                   IBUF (Prop_ibuf_I_O)         0.438     0.438 r  i_clk_IBUF_inst/O
                         net (fo=1, routed)           0.699     1.136    i_clk_IBUF
    BUFGCTRL_X0Y16       BUFG (Prop_bufg_I_O)         0.029     1.165 r  i_clk_IBUF_BUFG_inst/O
                         net (fo=199, routed)         0.877     2.042    u_btnl/CLK
    SLICE_X3Y93          FDCE                                         r  u_btnl/r_btn_deb_prev_reg/C
                         clock pessimism             -0.518     1.523    
    SLICE_X3Y93          FDCE (Hold_fdce_C_D)         0.075     1.598    u_btnl/r_btn_deb_prev_reg
  -------------------------------------------------------------------
                         required time                         -1.598    
                         arrival time                           1.779    
  -------------------------------------------------------------------
                         slack                                  0.181    

Slack (MET) :             0.185ns  (arrival time - required time)
  Source:                 u_led_runner/r_head_reg[1]/C
                            (rising edge-triggered cell FDCE clocked by sys_clk_pin  {rise@0.000ns fall@5.000ns period=10.000ns})
  Destination:            u_led_runner/o_led_reg[0]/D
                            (rising edge-triggered cell FDCE clocked by sys_clk_pin  {rise@0.000ns fall@5.000ns period=10.000ns})
  Path Group:             sys_clk_pin
  Path Type:              Hold (Min at Fast Process Corner)
  Requirement:            0.000ns  (sys_clk_pin rise@0.000ns - sys_clk_pin rise@0.000ns)
  Data Path Delay:        0.290ns  (logic 0.186ns (64.233%)  route 0.104ns (35.767%))
  Logic Levels:           1  (LUT6=1)
  Clock Path Skew:        0.013ns (DCD - SCD - CPR)
    Destination Clock Delay (DCD):    2.040ns
    Source Clock Delay      (SCD):    1.521ns
    Clock Pessimism Removal (CPR):    0.505ns

    Location             Delay type                Incr(ns)  Path(ns)    Netlist Resource(s)
  -------------------------------------------------------------------    -------------------
                         (clock sys_clk_pin rise edge)
                                                      0.000     0.000 r  
    E3                                                0.000     0.000 r  i_clk (IN)
                         net (fo=0)                   0.000     0.000    i_clk
    E3                   IBUF (Prop_ibuf_I_O)         0.250     0.250 r  i_clk_IBUF_inst/O
                         net (fo=1, routed)           0.644     0.894    i_clk_IBUF
    BUFGCTRL_X0Y16       BUFG (Prop_bufg_I_O)         0.026     0.920 r  i_clk_IBUF_BUFG_inst/O
                         net (fo=199, routed)         0.602     1.521    u_led_runner/CLK
    SLICE_X1Y88          FDCE                                         r  u_led_runner/r_head_reg[1]/C
  -------------------------------------------------------------------    -------------------
    SLICE_X1Y88          FDCE (Prop_fdce_C_Q)         0.141     1.662 f  u_led_runner/r_head_reg[1]/Q
                         net (fo=21, routed)          0.104     1.766    u_led_runner/r_head_reg_n_0_[1]
    SLICE_X0Y88          LUT6 (Prop_lut6_I5_O)        0.045     1.811 r  u_led_runner/o_led[0]_i_1/O
                         net (fo=1, routed)           0.000     1.811    u_led_runner/o_led[0]_i_1_n_0
    SLICE_X0Y88          FDCE                                         r  u_led_runner/o_led_reg[0]/D
  -------------------------------------------------------------------    -------------------

                         (clock sys_clk_pin rise edge)
                                                      0.000     0.000 r  
    E3                                                0.000     0.000 r  i_clk (IN)
                         net (fo=0)                   0.000     0.000    i_clk
    E3                   IBUF (Prop_ibuf_I_O)         0.438     0.438 r  i_clk_IBUF_inst/O
                         net (fo=1, routed)           0.699     1.136    i_clk_IBUF
    BUFGCTRL_X0Y16       BUFG (Prop_bufg_I_O)         0.029     1.165 r  i_clk_IBUF_BUFG_inst/O
                         net (fo=199, routed)         0.875     2.040    u_led_runner/CLK
    SLICE_X0Y88          FDCE                                         r  u_led_runner/o_led_reg[0]/C
                         clock pessimism             -0.505     1.534    
    SLICE_X0Y88          FDCE (Hold_fdce_C_D)         0.092     1.626    u_led_runner/o_led_reg[0]
  -------------------------------------------------------------------
                         required time                         -1.626    
                         arrival time                           1.811    
  -------------------------------------------------------------------
                         slack                                  0.185    

Slack (MET) :             0.185ns  (arrival time - required time)
  Source:                 u_btnc/r_btn_deb_prev_reg/C
                            (rising edge-triggered cell FDCE clocked by sys_clk_pin  {rise@0.000ns fall@5.000ns period=10.000ns})
  Destination:            u_stopwatch_ctrl/o_run_reg/D
                            (rising edge-triggered cell FDCE clocked by sys_clk_pin  {rise@0.000ns fall@5.000ns period=10.000ns})
  Path Group:             sys_clk_pin
  Path Type:              Hold (Min at Fast Process Corner)
  Requirement:            0.000ns  (sys_clk_pin rise@0.000ns - sys_clk_pin rise@0.000ns)
  Data Path Delay:        0.305ns  (logic 0.246ns (80.588%)  route 0.059ns (19.412%))
  Logic Levels:           1  (LUT5=1)
  Clock Path Skew:        0.000ns (DCD - SCD - CPR)
    Destination Clock Delay (DCD):    2.007ns
    Source Clock Delay      (SCD):    1.491ns
    Clock Pessimism Removal (CPR):    0.515ns

    Location             Delay type                Incr(ns)  Path(ns)    Netlist Resource(s)
  -------------------------------------------------------------------    -------------------
                         (clock sys_clk_pin rise edge)
                                                      0.000     0.000 r  
    E3                                                0.000     0.000 r  i_clk (IN)
                         net (fo=0)                   0.000     0.000    i_clk
    E3                   IBUF (Prop_ibuf_I_O)         0.250     0.250 r  i_clk_IBUF_inst/O
                         net (fo=1, routed)           0.644     0.894    i_clk_IBUF
    BUFGCTRL_X0Y16       BUFG (Prop_bufg_I_O)         0.026     0.920 r  i_clk_IBUF_BUFG_inst/O
                         net (fo=199, routed)         0.572     1.491    u_btnc/CLK
    SLICE_X8Y87          FDCE                                         r  u_btnc/r_btn_deb_prev_reg/C
  -------------------------------------------------------------------    -------------------
    SLICE_X8Y87          FDCE (Prop_fdce_C_Q)         0.148     1.639 r  u_btnc/r_btn_deb_prev_reg/Q
                         net (fo=1, routed)           0.059     1.699    u_btnc/r_btn_deb_prev_0
    SLICE_X8Y87          LUT5 (Prop_lut5_I0_O)        0.098     1.797 r  u_btnc/o_run_i_1/O
                         net (fo=1, routed)           0.000     1.797    u_stopwatch_ctrl/o_run_reg_0
    SLICE_X8Y87          FDCE                                         r  u_stopwatch_ctrl/o_run_reg/D
  -------------------------------------------------------------------    -------------------

                         (clock sys_clk_pin rise edge)
                                                      0.000     0.000 r  
    E3                                                0.000     0.000 r  i_clk (IN)
                         net (fo=0)                   0.000     0.000    i_clk
    E3                   IBUF (Prop_ibuf_I_O)         0.438     0.438 r  i_clk_IBUF_inst/O
                         net (fo=1, routed)           0.699     1.136    i_clk_IBUF
    BUFGCTRL_X0Y16       BUFG (Prop_bufg_I_O)         0.029     1.165 r  i_clk_IBUF_BUFG_inst/O
                         net (fo=199, routed)         0.842     2.007    u_stopwatch_ctrl/CLK
    SLICE_X8Y87          FDCE                                         r  u_stopwatch_ctrl/o_run_reg/C
                         clock pessimism             -0.515     1.491    
    SLICE_X8Y87          FDCE (Hold_fdce_C_D)         0.120     1.611    u_stopwatch_ctrl/o_run_reg
  -------------------------------------------------------------------
                         required time                         -1.611    
                         arrival time                           1.797    
  -------------------------------------------------------------------
                         slack                                  0.185    

Slack (MET) :             0.188ns  (arrival time - required time)
  Source:                 u_btnl/r_btn_deb_prev_reg/C
                            (rising edge-triggered cell FDCE clocked by sys_clk_pin  {rise@0.000ns fall@5.000ns period=10.000ns})
  Destination:            u_display_pos_ctrl/o_group_sel_reg/D
                            (rising edge-triggered cell FDCE clocked by sys_clk_pin  {rise@0.000ns fall@5.000ns period=10.000ns})
  Path Group:             sys_clk_pin
  Path Type:              Hold (Min at Fast Process Corner)
  Requirement:            0.000ns  (sys_clk_pin rise@0.000ns - sys_clk_pin rise@0.000ns)
  Data Path Delay:        0.280ns  (logic 0.227ns (80.953%)  route 0.053ns (19.047%))
  Logic Levels:           1  (LUT5=1)
  Clock Path Skew:        0.000ns (DCD - SCD - CPR)
    Destination Clock Delay (DCD):    2.042ns
    Source Clock Delay      (SCD):    1.523ns
    Clock Pessimism Removal (CPR):    0.518ns

    Location             Delay type                Incr(ns)  Path(ns)    Netlist Resource(s)
  -------------------------------------------------------------------    -------------------
                         (clock sys_clk_pin rise edge)
                                                      0.000     0.000 r  
    E3                                                0.000     0.000 r  i_clk (IN)
                         net (fo=0)                   0.000     0.000    i_clk
    E3                   IBUF (Prop_ibuf_I_O)         0.250     0.250 r  i_clk_IBUF_inst/O
                         net (fo=1, routed)           0.644     0.894    i_clk_IBUF
    BUFGCTRL_X0Y16       BUFG (Prop_bufg_I_O)         0.026     0.920 r  i_clk_IBUF_BUFG_inst/O
                         net (fo=199, routed)         0.604     1.523    u_btnl/CLK
    SLICE_X3Y93          FDCE                                         r  u_btnl/r_btn_deb_prev_reg/C
  -------------------------------------------------------------------    -------------------
    SLICE_X3Y93          FDCE (Prop_fdce_C_Q)         0.128     1.651 f  u_btnl/r_btn_deb_prev_reg/Q
                         net (fo=1, routed)           0.053     1.705    u_btnr/r_btn_deb_prev
    SLICE_X3Y93          LUT5 (Prop_lut5_I2_O)        0.099     1.804 r  u_btnr/o_group_sel_i_1/O
                         net (fo=1, routed)           0.000     1.804    u_display_pos_ctrl/o_group_sel_reg_0
    SLICE_X3Y93          FDCE                                         r  u_display_pos_ctrl/o_group_sel_reg/D
  -------------------------------------------------------------------    -------------------

                         (clock sys_clk_pin rise edge)
                                                      0.000     0.000 r  
    E3                                                0.000     0.000 r  i_clk (IN)
                         net (fo=0)                   0.000     0.000    i_clk
    E3                   IBUF (Prop_ibuf_I_O)         0.438     0.438 r  i_clk_IBUF_inst/O
                         net (fo=1, routed)           0.699     1.136    i_clk_IBUF
    BUFGCTRL_X0Y16       BUFG (Prop_bufg_I_O)         0.029     1.165 r  i_clk_IBUF_BUFG_inst/O
                         net (fo=199, routed)         0.877     2.042    u_display_pos_ctrl/CLK
    SLICE_X3Y93          FDCE                                         r  u_display_pos_ctrl/o_group_sel_reg/C
                         clock pessimism             -0.518     1.523    
    SLICE_X3Y93          FDCE (Hold_fdce_C_D)         0.092     1.615    u_display_pos_ctrl/o_group_sel_reg
  -------------------------------------------------------------------
                         required time                         -1.615    
                         arrival time                           1.804    
  -------------------------------------------------------------------
                         slack                                  0.188    

Slack (MET) :             0.218ns  (arrival time - required time)
  Source:                 u_btnr/r_btn_deb_reg/C
                            (rising edge-triggered cell FDCE clocked by sys_clk_pin  {rise@0.000ns fall@5.000ns period=10.000ns})
  Destination:            u_btnr/r_deb_cnt_reg[3]/D
                            (rising edge-triggered cell FDCE clocked by sys_clk_pin  {rise@0.000ns fall@5.000ns period=10.000ns})
  Path Group:             sys_clk_pin
  Path Type:              Hold (Min at Fast Process Corner)
  Requirement:            0.000ns  (sys_clk_pin rise@0.000ns - sys_clk_pin rise@0.000ns)
  Data Path Delay:        0.386ns  (logic 0.189ns (48.943%)  route 0.197ns (51.057%))
  Logic Levels:           1  (LUT3=1)
  Clock Path Skew:        0.037ns (DCD - SCD - CPR)
    Destination Clock Delay (DCD):    2.011ns
    Source Clock Delay      (SCD):    1.494ns
    Clock Pessimism Removal (CPR):    0.479ns

    Location             Delay type                Incr(ns)  Path(ns)    Netlist Resource(s)
  -------------------------------------------------------------------    -------------------
                         (clock sys_clk_pin rise edge)
                                                      0.000     0.000 r  
    E3                                                0.000     0.000 r  i_clk (IN)
                         net (fo=0)                   0.000     0.000    i_clk
    E3                   IBUF (Prop_ibuf_I_O)         0.250     0.250 r  i_clk_IBUF_inst/O
                         net (fo=1, routed)           0.644     0.894    i_clk_IBUF
    BUFGCTRL_X0Y16       BUFG (Prop_bufg_I_O)         0.026     0.920 r  i_clk_IBUF_BUFG_inst/O
                         net (fo=199, routed)         0.575     1.494    u_btnr/CLK
    SLICE_X9Y94          FDCE                                         r  u_btnr/r_btn_deb_reg/C
  -------------------------------------------------------------------    -------------------
    SLICE_X9Y94          FDCE (Prop_fdce_C_Q)         0.141     1.635 r  u_btnr/r_btn_deb_reg/Q
                         net (fo=24, routed)          0.197     1.832    u_btnr/r_btn_deb_reg_n_0
    SLICE_X10Y93         LUT3 (Prop_lut3_I2_O)        0.048     1.880 r  u_btnr/r_deb_cnt[3]_i_1__2/O
                         net (fo=1, routed)           0.000     1.880    u_btnr/r_deb_cnt[3]_i_1__2_n_0
    SLICE_X10Y93         FDCE                                         r  u_btnr/r_deb_cnt_reg[3]/D
  -------------------------------------------------------------------    -------------------

                         (clock sys_clk_pin rise edge)
                                                      0.000     0.000 r  
    E3                                                0.000     0.000 r  i_clk (IN)
                         net (fo=0)                   0.000     0.000    i_clk
    E3                   IBUF (Prop_ibuf_I_O)         0.438     0.438 r  i_clk_IBUF_inst/O
                         net (fo=1, routed)           0.699     1.136    i_clk_IBUF
    BUFGCTRL_X0Y16       BUFG (Prop_bufg_I_O)         0.029     1.165 r  i_clk_IBUF_BUFG_inst/O
                         net (fo=199, routed)         0.846     2.011    u_btnr/CLK
    SLICE_X10Y93         FDCE                                         r  u_btnr/r_deb_cnt_reg[3]/C
                         clock pessimism             -0.479     1.531    
    SLICE_X10Y93         FDCE (Hold_fdce_C_D)         0.131     1.662    u_btnr/r_deb_cnt_reg[3]
  -------------------------------------------------------------------
                         required time                         -1.662    
                         arrival time                           1.880    
  -------------------------------------------------------------------
                         slack                                  0.218    

Slack (MET) :             0.219ns  (arrival time - required time)
  Source:                 u_btnr/r_sync_1_reg/C
                            (rising edge-triggered cell FDCE clocked by sys_clk_pin  {rise@0.000ns fall@5.000ns period=10.000ns})
  Destination:            u_btnr/r_deb_cnt_reg[1]/D
                            (rising edge-triggered cell FDCE clocked by sys_clk_pin  {rise@0.000ns fall@5.000ns period=10.000ns})
  Path Group:             sys_clk_pin
  Path Type:              Hold (Min at Fast Process Corner)
  Requirement:            0.000ns  (sys_clk_pin rise@0.000ns - sys_clk_pin rise@0.000ns)
  Data Path Delay:        0.363ns  (logic 0.187ns (51.580%)  route 0.176ns (48.420%))
  Logic Levels:           1  (LUT3=1)
  Clock Path Skew:        0.013ns (DCD - SCD - CPR)
    Destination Clock Delay (DCD):    2.011ns
    Source Clock Delay      (SCD):    1.494ns
    Clock Pessimism Removal (CPR):    0.503ns

    Location             Delay type                Incr(ns)  Path(ns)    Netlist Resource(s)
  -------------------------------------------------------------------    -------------------
                         (clock sys_clk_pin rise edge)
                                                      0.000     0.000 r  
    E3                                                0.000     0.000 r  i_clk (IN)
                         net (fo=0)                   0.000     0.000    i_clk
    E3                   IBUF (Prop_ibuf_I_O)         0.250     0.250 r  i_clk_IBUF_inst/O
                         net (fo=1, routed)           0.644     0.894    i_clk_IBUF
    BUFGCTRL_X0Y16       BUFG (Prop_bufg_I_O)         0.026     0.920 r  i_clk_IBUF_BUFG_inst/O
                         net (fo=199, routed)         0.575     1.494    u_btnr/CLK
    SLICE_X11Y93         FDCE                                         r  u_btnr/r_sync_1_reg/C
  -------------------------------------------------------------------    -------------------
    SLICE_X11Y93         FDCE (Prop_fdce_C_Q)         0.141     1.635 r  u_btnr/r_sync_1_reg/Q
                         net (fo=22, routed)          0.176     1.811    u_btnr/r_sync_1_reg_n_0
    SLICE_X10Y93         LUT3 (Prop_lut3_I1_O)        0.046     1.857 r  u_btnr/r_deb_cnt[1]_i_1__2/O
                         net (fo=1, routed)           0.000     1.857    u_btnr/r_deb_cnt[1]_i_1__2_n_0
    SLICE_X10Y93         FDCE                                         r  u_btnr/r_deb_cnt_reg[1]/D
  -------------------------------------------------------------------    -------------------

                         (clock sys_clk_pin rise edge)
                                                      0.000     0.000 r  
    E3                                                0.000     0.000 r  i_clk (IN)
                         net (fo=0)                   0.000     0.000    i_clk
    E3                   IBUF (Prop_ibuf_I_O)         0.438     0.438 r  i_clk_IBUF_inst/O
                         net (fo=1, routed)           0.699     1.136    i_clk_IBUF
    BUFGCTRL_X0Y16       BUFG (Prop_bufg_I_O)         0.029     1.165 r  i_clk_IBUF_BUFG_inst/O
                         net (fo=199, routed)         0.846     2.011    u_btnr/CLK
    SLICE_X10Y93         FDCE                                         r  u_btnr/r_deb_cnt_reg[1]/C
                         clock pessimism             -0.503     1.507    
    SLICE_X10Y93         FDCE (Hold_fdce_C_D)         0.131     1.638    u_btnr/r_deb_cnt_reg[1]
  -------------------------------------------------------------------
                         required time                         -1.638    
                         arrival time                           1.857    
  -------------------------------------------------------------------
                         slack                                  0.219    

Slack (MET) :             0.220ns  (arrival time - required time)
  Source:                 u_btnc/r_deb_cnt_reg[7]/C
                            (rising edge-triggered cell FDCE clocked by sys_clk_pin  {rise@0.000ns fall@5.000ns period=10.000ns})
  Destination:            u_btnc/r_btn_deb_reg/D
                            (rising edge-triggered cell FDCE clocked by sys_clk_pin  {rise@0.000ns fall@5.000ns period=10.000ns})
  Path Group:             sys_clk_pin
  Path Type:              Hold (Min at Fast Process Corner)
  Requirement:            0.000ns  (sys_clk_pin rise@0.000ns - sys_clk_pin rise@0.000ns)
  Data Path Delay:        0.327ns  (logic 0.209ns (63.880%)  route 0.118ns (36.120%))
  Logic Levels:           1  (LUT6=1)
  Clock Path Skew:        0.016ns (DCD - SCD - CPR)
    Destination Clock Delay (DCD):    2.009ns
    Source Clock Delay      (SCD):    1.492ns
    Clock Pessimism Removal (CPR):    0.500ns

    Location             Delay type                Incr(ns)  Path(ns)    Netlist Resource(s)
  -------------------------------------------------------------------    -------------------
                         (clock sys_clk_pin rise edge)
                                                      0.000     0.000 r  
    E3                                                0.000     0.000 r  i_clk (IN)
                         net (fo=0)                   0.000     0.000    i_clk
    E3                   IBUF (Prop_ibuf_I_O)         0.250     0.250 r  i_clk_IBUF_inst/O
                         net (fo=1, routed)           0.644     0.894    i_clk_IBUF
    BUFGCTRL_X0Y16       BUFG (Prop_bufg_I_O)         0.026     0.920 r  i_clk_IBUF_BUFG_inst/O
                         net (fo=199, routed)         0.573     1.492    u_btnc/CLK
    SLICE_X14Y88         FDCE                                         r  u_btnc/r_deb_cnt_reg[7]/C
  -------------------------------------------------------------------    -------------------
    SLICE_X14Y88         FDCE (Prop_fdce_C_Q)         0.164     1.656 r  u_btnc/r_deb_cnt_reg[7]/Q
                         net (fo=3, routed)           0.118     1.775    u_btnc/r_deb_cnt[7]
    SLICE_X13Y88         LUT6 (Prop_lut6_I2_O)        0.045     1.820 r  u_btnc/r_btn_deb_i_1/O
                         net (fo=1, routed)           0.000     1.820    u_btnc/r_btn_deb_i_1_n_0
    SLICE_X13Y88         FDCE                                         r  u_btnc/r_btn_deb_reg/D
  -------------------------------------------------------------------    -------------------

                         (clock sys_clk_pin rise edge)
                                                      0.000     0.000 r  
    E3                                                0.000     0.000 r  i_clk (IN)
                         net (fo=0)                   0.000     0.000    i_clk
    E3                   IBUF (Prop_ibuf_I_O)         0.438     0.438 r  i_clk_IBUF_inst/O
                         net (fo=1, routed)           0.699     1.136    i_clk_IBUF
    BUFGCTRL_X0Y16       BUFG (Prop_bufg_I_O)         0.029     1.165 r  i_clk_IBUF_BUFG_inst/O
                         net (fo=199, routed)         0.844     2.009    u_btnc/CLK
    SLICE_X13Y88         FDCE                                         r  u_btnc/r_btn_deb_reg/C
                         clock pessimism             -0.500     1.508    
    SLICE_X13Y88         FDCE (Hold_fdce_C_D)         0.091     1.599    u_btnc/r_btn_deb_reg
  -------------------------------------------------------------------
                         required time                         -1.599    
                         arrival time                           1.820    
  -------------------------------------------------------------------
                         slack                                  0.220    

Slack (MET) :             0.225ns  (arrival time - required time)
  Source:                 u_btnr/r_btn_deb_reg/C
                            (rising edge-triggered cell FDCE clocked by sys_clk_pin  {rise@0.000ns fall@5.000ns period=10.000ns})
  Destination:            u_btnr/r_deb_cnt_reg[2]/D
                            (rising edge-triggered cell FDCE clocked by sys_clk_pin  {rise@0.000ns fall@5.000ns period=10.000ns})
  Path Group:             sys_clk_pin
  Path Type:              Hold (Min at Fast Process Corner)
  Requirement:            0.000ns  (sys_clk_pin rise@0.000ns - sys_clk_pin rise@0.000ns)
  Data Path Delay:        0.383ns  (logic 0.186ns (48.544%)  route 0.197ns (51.457%))
  Logic Levels:           1  (LUT3=1)
  Clock Path Skew:        0.037ns (DCD - SCD - CPR)
    Destination Clock Delay (DCD):    2.011ns
    Source Clock Delay      (SCD):    1.494ns
    Clock Pessimism Removal (CPR):    0.479ns

    Location             Delay type                Incr(ns)  Path(ns)    Netlist Resource(s)
  -------------------------------------------------------------------    -------------------
                         (clock sys_clk_pin rise edge)
                                                      0.000     0.000 r  
    E3                                                0.000     0.000 r  i_clk (IN)
                         net (fo=0)                   0.000     0.000    i_clk
    E3                   IBUF (Prop_ibuf_I_O)         0.250     0.250 r  i_clk_IBUF_inst/O
                         net (fo=1, routed)           0.644     0.894    i_clk_IBUF
    BUFGCTRL_X0Y16       BUFG (Prop_bufg_I_O)         0.026     0.920 r  i_clk_IBUF_BUFG_inst/O
                         net (fo=199, routed)         0.575     1.494    u_btnr/CLK
    SLICE_X9Y94          FDCE                                         r  u_btnr/r_btn_deb_reg/C
  -------------------------------------------------------------------    -------------------
    SLICE_X9Y94          FDCE (Prop_fdce_C_Q)         0.141     1.635 r  u_btnr/r_btn_deb_reg/Q
                         net (fo=24, routed)          0.197     1.832    u_btnr/r_btn_deb_reg_n_0
    SLICE_X10Y93         LUT3 (Prop_lut3_I2_O)        0.045     1.877 r  u_btnr/r_deb_cnt[2]_i_1__2/O
                         net (fo=1, routed)           0.000     1.877    u_btnr/r_deb_cnt[2]_i_1__2_n_0
    SLICE_X10Y93         FDCE                                         r  u_btnr/r_deb_cnt_reg[2]/D
  -------------------------------------------------------------------    -------------------

                         (clock sys_clk_pin rise edge)
                                                      0.000     0.000 r  
    E3                                                0.000     0.000 r  i_clk (IN)
                         net (fo=0)                   0.000     0.000    i_clk
    E3                   IBUF (Prop_ibuf_I_O)         0.438     0.438 r  i_clk_IBUF_inst/O
                         net (fo=1, routed)           0.699     1.136    i_clk_IBUF
    BUFGCTRL_X0Y16       BUFG (Prop_bufg_I_O)         0.029     1.165 r  i_clk_IBUF_BUFG_inst/O
                         net (fo=199, routed)         0.846     2.011    u_btnr/CLK
    SLICE_X10Y93         FDCE                                         r  u_btnr/r_deb_cnt_reg[2]/C
                         clock pessimism             -0.479     1.531    
    SLICE_X10Y93         FDCE (Hold_fdce_C_D)         0.121     1.652    u_btnr/r_deb_cnt_reg[2]
  -------------------------------------------------------------------
                         required time                         -1.652    
                         arrival time                           1.877    
  -------------------------------------------------------------------
                         slack                                  0.225    

Slack (MET) :             0.228ns  (arrival time - required time)
  Source:                 u_btnd/r_sync_1_reg/C
                            (rising edge-triggered cell FDCE clocked by sys_clk_pin  {rise@0.000ns fall@5.000ns period=10.000ns})
  Destination:            u_btnd/r_deb_cnt_reg[3]/D
                            (rising edge-triggered cell FDCE clocked by sys_clk_pin  {rise@0.000ns fall@5.000ns period=10.000ns})
  Path Group:             sys_clk_pin
  Path Type:              Hold (Min at Fast Process Corner)
  Requirement:            0.000ns  (sys_clk_pin rise@0.000ns - sys_clk_pin rise@0.000ns)
  Data Path Delay:        0.396ns  (logic 0.212ns (53.504%)  route 0.184ns (46.496%))
  Logic Levels:           1  (LUT3=1)
  Clock Path Skew:        0.037ns (DCD - SCD - CPR)
    Destination Clock Delay (DCD):    2.007ns
    Source Clock Delay      (SCD):    1.490ns
    Clock Pessimism Removal (CPR):    0.479ns

    Location             Delay type                Incr(ns)  Path(ns)    Netlist Resource(s)
  -------------------------------------------------------------------    -------------------
                         (clock sys_clk_pin rise edge)
                                                      0.000     0.000 r  
    E3                                                0.000     0.000 r  i_clk (IN)
                         net (fo=0)                   0.000     0.000    i_clk
    E3                   IBUF (Prop_ibuf_I_O)         0.250     0.250 r  i_clk_IBUF_inst/O
                         net (fo=1, routed)           0.644     0.894    i_clk_IBUF
    BUFGCTRL_X0Y16       BUFG (Prop_bufg_I_O)         0.026     0.920 r  i_clk_IBUF_BUFG_inst/O
                         net (fo=199, routed)         0.571     1.490    u_btnd/CLK
    SLICE_X8Y86          FDCE                                         r  u_btnd/r_sync_1_reg/C
  -------------------------------------------------------------------    -------------------
    SLICE_X8Y86          FDCE (Prop_fdce_C_Q)         0.164     1.654 r  u_btnd/r_sync_1_reg/Q
                         net (fo=22, routed)          0.184     1.839    u_btnd/r_sync_1_reg_n_0
    SLICE_X10Y87         LUT3 (Prop_lut3_I1_O)        0.048     1.887 r  u_btnd/r_deb_cnt[3]_i_1__0/O
                         net (fo=1, routed)           0.000     1.887    u_btnd/r_deb_cnt[3]_i_1__0_n_0
    SLICE_X10Y87         FDCE                                         r  u_btnd/r_deb_cnt_reg[3]/D
  -------------------------------------------------------------------    -------------------

                         (clock sys_clk_pin rise edge)
                                                      0.000     0.000 r  
    E3                                                0.000     0.000 r  i_clk (IN)
                         net (fo=0)                   0.000     0.000    i_clk
    E3                   IBUF (Prop_ibuf_I_O)         0.438     0.438 r  i_clk_IBUF_inst/O
                         net (fo=1, routed)           0.699     1.136    i_clk_IBUF
    BUFGCTRL_X0Y16       BUFG (Prop_bufg_I_O)         0.029     1.165 r  i_clk_IBUF_BUFG_inst/O
                         net (fo=199, routed)         0.842     2.007    u_btnd/CLK
    SLICE_X10Y87         FDCE                                         r  u_btnd/r_deb_cnt_reg[3]/C
                         clock pessimism             -0.479     1.527    
    SLICE_X10Y87         FDCE (Hold_fdce_C_D)         0.131     1.658    u_btnd/r_deb_cnt_reg[3]
  -------------------------------------------------------------------
                         required time                         -1.658    
                         arrival time                           1.887    
  -------------------------------------------------------------------
                         slack                                  0.228    

Slack (MET) :             0.229ns  (arrival time - required time)
  Source:                 u_btnr/r_sync_1_reg/C
                            (rising edge-triggered cell FDCE clocked by sys_clk_pin  {rise@0.000ns fall@5.000ns period=10.000ns})
  Destination:            u_btnr/r_deb_cnt_reg[0]/D
                            (rising edge-triggered cell FDCE clocked by sys_clk_pin  {rise@0.000ns fall@5.000ns period=10.000ns})
  Path Group:             sys_clk_pin
  Path Type:              Hold (Min at Fast Process Corner)
  Requirement:            0.000ns  (sys_clk_pin rise@0.000ns - sys_clk_pin rise@0.000ns)
  Data Path Delay:        0.362ns  (logic 0.186ns (51.446%)  route 0.176ns (48.554%))
  Logic Levels:           1  (LUT3=1)
  Clock Path Skew:        0.013ns (DCD - SCD - CPR)
    Destination Clock Delay (DCD):    2.011ns
    Source Clock Delay      (SCD):    1.494ns
    Clock Pessimism Removal (CPR):    0.503ns

    Location             Delay type                Incr(ns)  Path(ns)    Netlist Resource(s)
  -------------------------------------------------------------------    -------------------
                         (clock sys_clk_pin rise edge)
                                                      0.000     0.000 r  
    E3                                                0.000     0.000 r  i_clk (IN)
                         net (fo=0)                   0.000     0.000    i_clk
    E3                   IBUF (Prop_ibuf_I_O)         0.250     0.250 r  i_clk_IBUF_inst/O
                         net (fo=1, routed)           0.644     0.894    i_clk_IBUF
    BUFGCTRL_X0Y16       BUFG (Prop_bufg_I_O)         0.026     0.920 r  i_clk_IBUF_BUFG_inst/O
                         net (fo=199, routed)         0.575     1.494    u_btnr/CLK
    SLICE_X11Y93         FDCE                                         r  u_btnr/r_sync_1_reg/C
  -------------------------------------------------------------------    -------------------
    SLICE_X11Y93         FDCE (Prop_fdce_C_Q)         0.141     1.635 r  u_btnr/r_sync_1_reg/Q
                         net (fo=22, routed)          0.176     1.811    u_btnr/r_sync_1_reg_n_0
    SLICE_X10Y93         LUT3 (Prop_lut3_I1_O)        0.045     1.856 r  u_btnr/r_deb_cnt[0]_i_1__2/O
                         net (fo=1, routed)           0.000     1.856    u_btnr/r_deb_cnt[0]_i_1__2_n_0
    SLICE_X10Y93         FDCE                                         r  u_btnr/r_deb_cnt_reg[0]/D
  -------------------------------------------------------------------    -------------------

                         (clock sys_clk_pin rise edge)
                                                      0.000     0.000 r  
    E3                                                0.000     0.000 r  i_clk (IN)
                         net (fo=0)                   0.000     0.000    i_clk
    E3                   IBUF (Prop_ibuf_I_O)         0.438     0.438 r  i_clk_IBUF_inst/O
                         net (fo=1, routed)           0.699     1.136    i_clk_IBUF
    BUFGCTRL_X0Y16       BUFG (Prop_bufg_I_O)         0.029     1.165 r  i_clk_IBUF_BUFG_inst/O
                         net (fo=199, routed)         0.846     2.011    u_btnr/CLK
    SLICE_X10Y93         FDCE                                         r  u_btnr/r_deb_cnt_reg[0]/C
                         clock pessimism             -0.503     1.507    
    SLICE_X10Y93         FDCE (Hold_fdce_C_D)         0.120     1.627    u_btnr/r_deb_cnt_reg[0]
  -------------------------------------------------------------------
                         required time                         -1.627    
                         arrival time                           1.856    
  -------------------------------------------------------------------
                         slack                                  0.229    





Pulse Width Checks
--------------------------------------------------------------------------------------
Clock Name:         sys_clk_pin
Waveform(ns):       { 0.000 5.000 }
Period(ns):         10.000
Sources:            { i_clk }

Check Type        Corner  Lib Pin  Reference Pin  Required(ns)  Actual(ns)  Slack(ns)  Location        Pin
Min Period        n/a     BUFG/I   n/a            2.155         10.000      7.845      BUFGCTRL_X0Y16  i_clk_IBUF_BUFG_inst/I
Min Period        n/a     FDCE/C   n/a            1.000         10.000      9.000      SLICE_X8Y87     u_btnc/r_btn_deb_prev_reg/C
Min Period        n/a     FDCE/C   n/a            1.000         10.000      9.000      SLICE_X13Y88    u_btnc/r_btn_deb_reg/C
Min Period        n/a     FDCE/C   n/a            1.000         10.000      9.000      SLICE_X14Y87    u_btnc/r_deb_cnt_reg[0]/C
Min Period        n/a     FDCE/C   n/a            1.000         10.000      9.000      SLICE_X14Y89    u_btnc/r_deb_cnt_reg[10]/C
Min Period        n/a     FDCE/C   n/a            1.000         10.000      9.000      SLICE_X14Y89    u_btnc/r_deb_cnt_reg[11]/C
Min Period        n/a     FDCE/C   n/a            1.000         10.000      9.000      SLICE_X14Y89    u_btnc/r_deb_cnt_reg[12]/C
Min Period        n/a     FDCE/C   n/a            1.000         10.000      9.000      SLICE_X14Y89    u_btnc/r_deb_cnt_reg[13]/C
Min Period        n/a     FDCE/C   n/a            1.000         10.000      9.000      SLICE_X14Y90    u_btnc/r_deb_cnt_reg[14]/C
Min Period        n/a     FDCE/C   n/a            1.000         10.000      9.000      SLICE_X14Y90    u_btnc/r_deb_cnt_reg[15]/C
Low Pulse Width   Slow    FDCE/C   n/a            0.500         5.000       4.500      SLICE_X8Y87     u_btnc/r_btn_deb_prev_reg/C
Low Pulse Width   Fast    FDCE/C   n/a            0.500         5.000       4.500      SLICE_X8Y87     u_btnc/r_btn_deb_prev_reg/C
Low Pulse Width   Slow    FDCE/C   n/a            0.500         5.000       4.500      SLICE_X13Y88    u_btnc/r_btn_deb_reg/C
Low Pulse Width   Fast    FDCE/C   n/a            0.500         5.000       4.500      SLICE_X13Y88    u_btnc/r_btn_deb_reg/C
Low Pulse Width   Slow    FDCE/C   n/a            0.500         5.000       4.500      SLICE_X14Y87    u_btnc/r_deb_cnt_reg[0]/C
Low Pulse Width   Fast    FDCE/C   n/a            0.500         5.000       4.500      SLICE_X14Y87    u_btnc/r_deb_cnt_reg[0]/C
Low Pulse Width   Slow    FDCE/C   n/a            0.500         5.000       4.500      SLICE_X14Y89    u_btnc/r_deb_cnt_reg[10]/C
Low Pulse Width   Fast    FDCE/C   n/a            0.500         5.000       4.500      SLICE_X14Y89    u_btnc/r_deb_cnt_reg[10]/C
Low Pulse Width   Slow    FDCE/C   n/a            0.500         5.000       4.500      SLICE_X14Y89    u_btnc/r_deb_cnt_reg[11]/C
Low Pulse Width   Fast    FDCE/C   n/a            0.500         5.000       4.500      SLICE_X14Y89    u_btnc/r_deb_cnt_reg[11]/C
High Pulse Width  Slow    FDCE/C   n/a            0.500         5.000       4.500      SLICE_X8Y87     u_btnc/r_btn_deb_prev_reg/C
High Pulse Width  Fast    FDCE/C   n/a            0.500         5.000       4.500      SLICE_X8Y87     u_btnc/r_btn_deb_prev_reg/C
High Pulse Width  Slow    FDCE/C   n/a            0.500         5.000       4.500      SLICE_X13Y88    u_btnc/r_btn_deb_reg/C
High Pulse Width  Fast    FDCE/C   n/a            0.500         5.000       4.500      SLICE_X13Y88    u_btnc/r_btn_deb_reg/C
High Pulse Width  Slow    FDCE/C   n/a            0.500         5.000       4.500      SLICE_X14Y87    u_btnc/r_deb_cnt_reg[0]/C
High Pulse Width  Fast    FDCE/C   n/a            0.500         5.000       4.500      SLICE_X14Y87    u_btnc/r_deb_cnt_reg[0]/C
High Pulse Width  Slow    FDCE/C   n/a            0.500         5.000       4.500      SLICE_X14Y89    u_btnc/r_deb_cnt_reg[10]/C
High Pulse Width  Fast    FDCE/C   n/a            0.500         5.000       4.500      SLICE_X14Y89    u_btnc/r_deb_cnt_reg[10]/C
High Pulse Width  Slow    FDCE/C   n/a            0.500         5.000       4.500      SLICE_X14Y89    u_btnc/r_deb_cnt_reg[11]/C
High Pulse Width  Fast    FDCE/C   n/a            0.500         5.000       4.500      SLICE_X14Y89    u_btnc/r_deb_cnt_reg[11]/C



--------------------------------------------------------------------------------------
Path Group:  (none)
From Clock:  sys_clk_pin
  To Clock:  

Max Delay            32 Endpoints
Min Delay            32 Endpoints
--------------------------------------------------------------------------------------


Max Delay Paths
--------------------------------------------------------------------------------------
Slack:                    inf
  Source:                 u_seg_driver/r_digit_idx_reg[0]/C
                            (rising edge-triggered cell FDCE clocked by sys_clk_pin  {rise@0.000ns fall@5.000ns period=10.000ns})
  Destination:            o_cn[1]
                            (output port)
  Path Group:             (none)
  Path Type:              Max at Slow Process Corner
  Data Path Delay:        10.319ns  (logic 4.495ns (43.566%)  route 5.823ns (56.434%))
  Logic Levels:           3  (LUT4=1 LUT6=1 OBUF=1)
  Clock Uncertainty:      0.025ns  ((TSJ^2 + TIJ^2)^1/2 + DJ) / 2 + PE
    Total System Jitter     (TSJ):    0.050ns
    Total Input Jitter      (TIJ):    0.000ns
    Discrete Jitter          (DJ):    0.000ns
    Phase Error              (PE):    0.000ns

    Location             Delay type                Incr(ns)  Path(ns)    Netlist Resource(s)
  -------------------------------------------------------------------    -------------------
                         (clock sys_clk_pin rise edge)
                                                      0.000     0.000 r  
    E3                                                0.000     0.000 r  i_clk (IN)
                         net (fo=0)                   0.000     0.000    i_clk
    E3                   IBUF (Prop_ibuf_I_O)         1.482     1.482 r  i_clk_IBUF_inst/O
                         net (fo=1, routed)           2.025     3.506    i_clk_IBUF
    BUFGCTRL_X0Y16       BUFG (Prop_bufg_I_O)         0.096     3.602 r  i_clk_IBUF_BUFG_inst/O
                         net (fo=199, routed)         1.723     5.326    u_seg_driver/CLK
    SLICE_X3Y89          FDCE                                         r  u_seg_driver/r_digit_idx_reg[0]/C
  -------------------------------------------------------------------    -------------------
    SLICE_X3Y89          FDCE (Prop_fdce_C_Q)         0.456     5.782 r  u_seg_driver/r_digit_idx_reg[0]/Q
                         net (fo=15, routed)          1.216     6.997    u_stopwatch_counter/r_digit_idx[0]
    SLICE_X6Y89          LUT6 (Prop_lut6_I4_O)        0.124     7.121 r  u_stopwatch_counter/o_cn_OBUF[6]_inst_i_3/O
                         net (fo=7, routed)           1.436     8.558    u_stopwatch_counter/o_cn_OBUF[6]_inst_i_3_n_0
    SLICE_X0Y92          LUT4 (Prop_lut4_I2_O)        0.152     8.710 r  u_stopwatch_counter/o_cn_OBUF[1]_inst_i_1/O
                         net (fo=1, routed)           3.171    11.881    o_cn_OBUF[1]
    R10                  OBUF (Prop_obuf_I_O)         3.763    15.644 r  o_cn_OBUF[1]_inst/O
                         net (fo=0)                   0.000    15.644    o_cn[1]
    R10                                                               r  o_cn[1] (OUT)
  -------------------------------------------------------------------    -------------------

Slack:                    inf
  Source:                 u_seg_driver/r_digit_idx_reg[0]/C
                            (rising edge-triggered cell FDCE clocked by sys_clk_pin  {rise@0.000ns fall@5.000ns period=10.000ns})
  Destination:            o_an[6]
                            (output port)
  Path Group:             (none)
  Path Type:              Max at Slow Process Corner
  Data Path Delay:        10.290ns  (logic 4.098ns (39.820%)  route 6.193ns (60.180%))
  Logic Levels:           2  (LUT3=1 OBUF=1)
  Clock Uncertainty:      0.025ns  ((TSJ^2 + TIJ^2)^1/2 + DJ) / 2 + PE
    Total System Jitter     (TSJ):    0.050ns
    Total Input Jitter      (TIJ):    0.000ns
    Discrete Jitter          (DJ):    0.000ns
    Phase Error              (PE):    0.000ns

    Location             Delay type                Incr(ns)  Path(ns)    Netlist Resource(s)
  -------------------------------------------------------------------    -------------------
                         (clock sys_clk_pin rise edge)
                                                      0.000     0.000 r  
    E3                                                0.000     0.000 r  i_clk (IN)
                         net (fo=0)                   0.000     0.000    i_clk
    E3                   IBUF (Prop_ibuf_I_O)         1.482     1.482 r  i_clk_IBUF_inst/O
                         net (fo=1, routed)           2.025     3.506    i_clk_IBUF
    BUFGCTRL_X0Y16       BUFG (Prop_bufg_I_O)         0.096     3.602 r  i_clk_IBUF_BUFG_inst/O
                         net (fo=199, routed)         1.723     5.326    u_seg_driver/CLK
    SLICE_X3Y89          FDCE                                         r  u_seg_driver/r_digit_idx_reg[0]/C
  -------------------------------------------------------------------    -------------------
    SLICE_X3Y89          FDCE (Prop_fdce_C_Q)         0.456     5.782 r  u_seg_driver/r_digit_idx_reg[0]/Q
                         net (fo=15, routed)          1.559     7.341    u_seg_driver/r_digit_idx[0]
    SLICE_X2Y93          LUT3 (Prop_lut3_I1_O)        0.124     7.465 r  u_seg_driver/o_an_OBUF[6]_inst_i_1/O
                         net (fo=1, routed)           4.633    12.098    o_an_OBUF[6]
    K2                   OBUF (Prop_obuf_I_O)         3.518    15.616 r  o_an_OBUF[6]_inst/O
                         net (fo=0)                   0.000    15.616    o_an[6]
    K2                                                                r  o_an[6] (OUT)
  -------------------------------------------------------------------    -------------------

Slack:                    inf
  Source:                 u_seg_driver/r_digit_idx_reg[0]/C
                            (rising edge-triggered cell FDCE clocked by sys_clk_pin  {rise@0.000ns fall@5.000ns period=10.000ns})
  Destination:            o_cn[5]
                            (output port)
  Path Group:             (none)
  Path Type:              Max at Slow Process Corner
  Data Path Delay:        9.478ns  (logic 4.265ns (44.996%)  route 5.213ns (55.004%))
  Logic Levels:           3  (LUT4=1 LUT6=1 OBUF=1)
  Clock Uncertainty:      0.025ns  ((TSJ^2 + TIJ^2)^1/2 + DJ) / 2 + PE
    Total System Jitter     (TSJ):    0.050ns
    Total Input Jitter      (TIJ):    0.000ns
    Discrete Jitter          (DJ):    0.000ns
    Phase Error              (PE):    0.000ns

    Location             Delay type                Incr(ns)  Path(ns)    Netlist Resource(s)
  -------------------------------------------------------------------    -------------------
                         (clock sys_clk_pin rise edge)
                                                      0.000     0.000 r  
    E3                                                0.000     0.000 r  i_clk (IN)
                         net (fo=0)                   0.000     0.000    i_clk
    E3                   IBUF (Prop_ibuf_I_O)         1.482     1.482 r  i_clk_IBUF_inst/O
                         net (fo=1, routed)           2.025     3.506    i_clk_IBUF
    BUFGCTRL_X0Y16       BUFG (Prop_bufg_I_O)         0.096     3.602 r  i_clk_IBUF_BUFG_inst/O
                         net (fo=199, routed)         1.723     5.326    u_seg_driver/CLK
    SLICE_X3Y89          FDCE                                         r  u_seg_driver/r_digit_idx_reg[0]/C
  -------------------------------------------------------------------    -------------------
    SLICE_X3Y89          FDCE (Prop_fdce_C_Q)         0.456     5.782 r  u_seg_driver/r_digit_idx_reg[0]/Q
                         net (fo=15, routed)          1.216     6.997    u_stopwatch_counter/r_digit_idx[0]
    SLICE_X6Y89          LUT6 (Prop_lut6_I4_O)        0.124     7.121 f  u_stopwatch_counter/o_cn_OBUF[6]_inst_i_3/O
                         net (fo=7, routed)           1.286     8.407    u_stopwatch_counter/o_cn_OBUF[6]_inst_i_3_n_0
    SLICE_X0Y90          LUT4 (Prop_lut4_I2_O)        0.124     8.531 r  u_stopwatch_counter/o_cn_OBUF[5]_inst_i_1/O
                         net (fo=1, routed)           2.711    11.243    o_cn_OBUF[5]
    T11                  OBUF (Prop_obuf_I_O)         3.561    14.804 r  o_cn_OBUF[5]_inst/O
                         net (fo=0)                   0.000    14.804    o_cn[5]
    T11                                                               r  o_cn[5] (OUT)
  -------------------------------------------------------------------    -------------------

Slack:                    inf
  Source:                 u_seg_driver/r_digit_idx_reg[1]/C
                            (rising edge-triggered cell FDCE clocked by sys_clk_pin  {rise@0.000ns fall@5.000ns period=10.000ns})
  Destination:            o_cn[0]
                            (output port)
  Path Group:             (none)
  Path Type:              Max at Slow Process Corner
  Data Path Delay:        9.365ns  (logic 4.419ns (47.186%)  route 4.946ns (52.814%))
  Logic Levels:           3  (LUT4=1 LUT6=1 OBUF=1)
  Clock Uncertainty:      0.025ns  ((TSJ^2 + TIJ^2)^1/2 + DJ) / 2 + PE
    Total System Jitter     (TSJ):    0.050ns
    Total Input Jitter      (TIJ):    0.000ns
    Discrete Jitter          (DJ):    0.000ns
    Phase Error              (PE):    0.000ns

    Location             Delay type                Incr(ns)  Path(ns)    Netlist Resource(s)
  -------------------------------------------------------------------    -------------------
                         (clock sys_clk_pin rise edge)
                                                      0.000     0.000 r  
    E3                                                0.000     0.000 r  i_clk (IN)
                         net (fo=0)                   0.000     0.000    i_clk
    E3                   IBUF (Prop_ibuf_I_O)         1.482     1.482 r  i_clk_IBUF_inst/O
                         net (fo=1, routed)           2.025     3.506    i_clk_IBUF
    BUFGCTRL_X0Y16       BUFG (Prop_bufg_I_O)         0.096     3.602 r  i_clk_IBUF_BUFG_inst/O
                         net (fo=199, routed)         1.723     5.326    u_seg_driver/CLK
    SLICE_X3Y89          FDCE                                         r  u_seg_driver/r_digit_idx_reg[1]/C
  -------------------------------------------------------------------    -------------------
    SLICE_X3Y89          FDCE (Prop_fdce_C_Q)         0.419     5.745 r  u_seg_driver/r_digit_idx_reg[1]/Q
                         net (fo=14, routed)          1.054     6.799    u_stopwatch_counter/r_digit_idx[1]
    SLICE_X4Y89          LUT6 (Prop_lut6_I3_O)        0.299     7.098 r  u_stopwatch_counter/o_cn_OBUF[6]_inst_i_2/O
                         net (fo=7, routed)           0.823     7.921    u_stopwatch_counter/o_cn_OBUF[6]_inst_i_2_n_0
    SLICE_X0Y89          LUT4 (Prop_lut4_I2_O)        0.124     8.045 r  u_stopwatch_counter/o_cn_OBUF[0]_inst_i_1/O
                         net (fo=1, routed)           3.069    11.114    o_cn_OBUF[0]
    T10                  OBUF (Prop_obuf_I_O)         3.577    14.691 r  o_cn_OBUF[0]_inst/O
                         net (fo=0)                   0.000    14.691    o_cn[0]
    T10                                                               r  o_cn[0] (OUT)
  -------------------------------------------------------------------    -------------------

Slack:                    inf
  Source:                 u_seg_driver/r_digit_idx_reg[1]/C
                            (rising edge-triggered cell FDCE clocked by sys_clk_pin  {rise@0.000ns fall@5.000ns period=10.000ns})
  Destination:            o_cn[4]
                            (output port)
  Path Group:             (none)
  Path Type:              Max at Slow Process Corner
  Data Path Delay:        9.292ns  (logic 4.606ns (49.562%)  route 4.687ns (50.438%))
  Logic Levels:           3  (LUT4=1 LUT6=1 OBUF=1)
  Clock Uncertainty:      0.025ns  ((TSJ^2 + TIJ^2)^1/2 + DJ) / 2 + PE
    Total System Jitter     (TSJ):    0.050ns
    Total Input Jitter      (TIJ):    0.000ns
    Discrete Jitter          (DJ):    0.000ns
    Phase Error              (PE):    0.000ns

    Location             Delay type                Incr(ns)  Path(ns)    Netlist Resource(s)
  -------------------------------------------------------------------    -------------------
                         (clock sys_clk_pin rise edge)
                                                      0.000     0.000 r  
    E3                                                0.000     0.000 r  i_clk (IN)
                         net (fo=0)                   0.000     0.000    i_clk
    E3                   IBUF (Prop_ibuf_I_O)         1.482     1.482 r  i_clk_IBUF_inst/O
                         net (fo=1, routed)           2.025     3.506    i_clk_IBUF
    BUFGCTRL_X0Y16       BUFG (Prop_bufg_I_O)         0.096     3.602 r  i_clk_IBUF_BUFG_inst/O
                         net (fo=199, routed)         1.723     5.326    u_seg_driver/CLK
    SLICE_X3Y89          FDCE                                         r  u_seg_driver/r_digit_idx_reg[1]/C
  -------------------------------------------------------------------    -------------------
    SLICE_X3Y89          FDCE (Prop_fdce_C_Q)         0.419     5.745 r  u_seg_driver/r_digit_idx_reg[1]/Q
                         net (fo=14, routed)          1.054     6.799    u_stopwatch_counter/r_digit_idx[1]
    SLICE_X4Y89          LUT6 (Prop_lut6_I3_O)        0.299     7.098 f  u_stopwatch_counter/o_cn_OBUF[6]_inst_i_2/O
                         net (fo=7, routed)           1.318     8.416    u_stopwatch_counter/o_cn_OBUF[6]_inst_i_2_n_0
    SLICE_X0Y92          LUT4 (Prop_lut4_I3_O)        0.152     8.568 r  u_stopwatch_counter/o_cn_OBUF[4]_inst_i_1/O
                         net (fo=1, routed)           2.315    10.883    o_cn_OBUF[4]
    P15                  OBUF (Prop_obuf_I_O)         3.736    14.618 r  o_cn_OBUF[4]_inst/O
                         net (fo=0)                   0.000    14.618    o_cn[4]
    P15                                                               r  o_cn[4] (OUT)
  -------------------------------------------------------------------    -------------------

Slack:                    inf
  Source:                 u_seg_driver/r_digit_idx_reg[0]/C
                            (rising edge-triggered cell FDCE clocked by sys_clk_pin  {rise@0.000ns fall@5.000ns period=10.000ns})
  Destination:            o_cn[3]
                            (output port)
  Path Group:             (none)
  Path Type:              Max at Slow Process Corner
  Data Path Delay:        9.221ns  (logic 4.254ns (46.137%)  route 4.967ns (53.863%))
  Logic Levels:           3  (LUT4=1 LUT6=1 OBUF=1)
  Clock Uncertainty:      0.025ns  ((TSJ^2 + TIJ^2)^1/2 + DJ) / 2 + PE
    Total System Jitter     (TSJ):    0.050ns
    Total Input Jitter      (TIJ):    0.000ns
    Discrete Jitter          (DJ):    0.000ns
    Phase Error              (PE):    0.000ns

    Location             Delay type                Incr(ns)  Path(ns)    Netlist Resource(s)
  -------------------------------------------------------------------    -------------------
                         (clock sys_clk_pin rise edge)
                                                      0.000     0.000 r  
    E3                                                0.000     0.000 r  i_clk (IN)
                         net (fo=0)                   0.000     0.000    i_clk
    E3                   IBUF (Prop_ibuf_I_O)         1.482     1.482 r  i_clk_IBUF_inst/O
                         net (fo=1, routed)           2.025     3.506    i_clk_IBUF
    BUFGCTRL_X0Y16       BUFG (Prop_bufg_I_O)         0.096     3.602 r  i_clk_IBUF_BUFG_inst/O
                         net (fo=199, routed)         1.723     5.326    u_seg_driver/CLK
    SLICE_X3Y89          FDCE                                         r  u_seg_driver/r_digit_idx_reg[0]/C
  -------------------------------------------------------------------    -------------------
    SLICE_X3Y89          FDCE (Prop_fdce_C_Q)         0.456     5.782 r  u_seg_driver/r_digit_idx_reg[0]/Q
                         net (fo=15, routed)          1.216     6.997    u_stopwatch_counter/r_digit_idx[0]
    SLICE_X6Y89          LUT6 (Prop_lut6_I4_O)        0.124     7.121 r  u_stopwatch_counter/o_cn_OBUF[6]_inst_i_3/O
                         net (fo=7, routed)           1.436     8.558    u_stopwatch_counter/o_cn_OBUF[6]_inst_i_3_n_0
    SLICE_X0Y92          LUT4 (Prop_lut4_I2_O)        0.124     8.682 r  u_stopwatch_counter/o_cn_OBUF[3]_inst_i_1/O
                         net (fo=1, routed)           2.314    10.996    o_cn_OBUF[3]
    K13                  OBUF (Prop_obuf_I_O)         3.550    14.547 r  o_cn_OBUF[3]_inst/O
                         net (fo=0)                   0.000    14.547    o_cn[3]
    K13                                                               r  o_cn[3] (OUT)
  -------------------------------------------------------------------    -------------------

Slack:                    inf
  Source:                 u_seg_driver/r_digit_idx_reg[0]/C
                            (rising edge-triggered cell FDCE clocked by sys_clk_pin  {rise@0.000ns fall@5.000ns period=10.000ns})
  Destination:            o_an[7]
                            (output port)
  Path Group:             (none)
  Path Type:              Max at Slow Process Corner
  Data Path Delay:        8.890ns  (logic 4.359ns (49.037%)  route 4.531ns (50.963%))
  Logic Levels:           2  (LUT3=1 OBUF=1)
  Clock Uncertainty:      0.025ns  ((TSJ^2 + TIJ^2)^1/2 + DJ) / 2 + PE
    Total System Jitter     (TSJ):    0.050ns
    Total Input Jitter      (TIJ):    0.000ns
    Discrete Jitter          (DJ):    0.000ns
    Phase Error              (PE):    0.000ns

    Location             Delay type                Incr(ns)  Path(ns)    Netlist Resource(s)
  -------------------------------------------------------------------    -------------------
                         (clock sys_clk_pin rise edge)
                                                      0.000     0.000 r  
    E3                                                0.000     0.000 r  i_clk (IN)
                         net (fo=0)                   0.000     0.000    i_clk
    E3                   IBUF (Prop_ibuf_I_O)         1.482     1.482 r  i_clk_IBUF_inst/O
                         net (fo=1, routed)           2.025     3.506    i_clk_IBUF
    BUFGCTRL_X0Y16       BUFG (Prop_bufg_I_O)         0.096     3.602 r  i_clk_IBUF_BUFG_inst/O
                         net (fo=199, routed)         1.723     5.326    u_seg_driver/CLK
    SLICE_X3Y89          FDCE                                         r  u_seg_driver/r_digit_idx_reg[0]/C
  -------------------------------------------------------------------    -------------------
    SLICE_X3Y89          FDCE (Prop_fdce_C_Q)         0.456     5.782 f  u_seg_driver/r_digit_idx_reg[0]/Q
                         net (fo=15, routed)          1.559     7.341    u_seg_driver/r_digit_idx[0]
    SLICE_X2Y93          LUT3 (Prop_lut3_I1_O)        0.146     7.487 r  u_seg_driver/o_an_OBUF[7]_inst_i_1/O
                         net (fo=1, routed)           2.971    10.458    o_an_OBUF[7]
    U13                  OBUF (Prop_obuf_I_O)         3.757    14.216 r  o_an_OBUF[7]_inst/O
                         net (fo=0)                   0.000    14.216    o_an[7]
    U13                                                               r  o_an[7] (OUT)
  -------------------------------------------------------------------    -------------------

Slack:                    inf
  Source:                 u_seg_driver/r_digit_idx_reg[0]/C
                            (rising edge-triggered cell FDCE clocked by sys_clk_pin  {rise@0.000ns fall@5.000ns period=10.000ns})
  Destination:            o_cn[6]
                            (output port)
  Path Group:             (none)
  Path Type:              Max at Slow Process Corner
  Data Path Delay:        8.803ns  (logic 4.477ns (50.863%)  route 4.325ns (49.137%))
  Logic Levels:           3  (LUT4=1 LUT6=1 OBUF=1)
  Clock Uncertainty:      0.025ns  ((TSJ^2 + TIJ^2)^1/2 + DJ) / 2 + PE
    Total System Jitter     (TSJ):    0.050ns
    Total Input Jitter      (TIJ):    0.000ns
    Discrete Jitter          (DJ):    0.000ns
    Phase Error              (PE):    0.000ns

    Location             Delay type                Incr(ns)  Path(ns)    Netlist Resource(s)
  -------------------------------------------------------------------    -------------------
                         (clock sys_clk_pin rise edge)
                                                      0.000     0.000 r  
    E3                                                0.000     0.000 r  i_clk (IN)
                         net (fo=0)                   0.000     0.000    i_clk
    E3                   IBUF (Prop_ibuf_I_O)         1.482     1.482 r  i_clk_IBUF_inst/O
                         net (fo=1, routed)           2.025     3.506    i_clk_IBUF
    BUFGCTRL_X0Y16       BUFG (Prop_bufg_I_O)         0.096     3.602 r  i_clk_IBUF_BUFG_inst/O
                         net (fo=199, routed)         1.723     5.326    u_seg_driver/CLK
    SLICE_X3Y89          FDCE                                         r  u_seg_driver/r_digit_idx_reg[0]/C
  -------------------------------------------------------------------    -------------------
    SLICE_X3Y89          FDCE (Prop_fdce_C_Q)         0.456     5.782 r  u_seg_driver/r_digit_idx_reg[0]/Q
                         net (fo=15, routed)          1.216     6.997    u_stopwatch_counter/r_digit_idx[0]
    SLICE_X6Y89          LUT6 (Prop_lut6_I4_O)        0.124     7.121 r  u_stopwatch_counter/o_cn_OBUF[6]_inst_i_3/O
                         net (fo=7, routed)           1.286     8.407    u_stopwatch_counter/o_cn_OBUF[6]_inst_i_3_n_0
    SLICE_X0Y90          LUT4 (Prop_lut4_I1_O)        0.152     8.559 r  u_stopwatch_counter/o_cn_OBUF[6]_inst_i_1/O
                         net (fo=1, routed)           1.824    10.383    o_cn_OBUF[6]
    L18                  OBUF (Prop_obuf_I_O)         3.745    14.128 r  o_cn_OBUF[6]_inst/O
                         net (fo=0)                   0.000    14.128    o_cn[6]
    L18                                                               r  o_cn[6] (OUT)
  -------------------------------------------------------------------    -------------------

Slack:                    inf
  Source:                 u_seg_driver/r_digit_idx_reg[1]/C
                            (rising edge-triggered cell FDCE clocked by sys_clk_pin  {rise@0.000ns fall@5.000ns period=10.000ns})
  Destination:            o_cn[2]
                            (output port)
  Path Group:             (none)
  Path Type:              Max at Slow Process Corner
  Data Path Delay:        8.576ns  (logic 4.335ns (50.551%)  route 4.241ns (49.449%))
  Logic Levels:           3  (LUT4=1 LUT6=1 OBUF=1)
  Clock Uncertainty:      0.025ns  ((TSJ^2 + TIJ^2)^1/2 + DJ) / 2 + PE
    Total System Jitter     (TSJ):    0.050ns
    Total Input Jitter      (TIJ):    0.000ns
    Discrete Jitter          (DJ):    0.000ns
    Phase Error              (PE):    0.000ns

    Location             Delay type                Incr(ns)  Path(ns)    Netlist Resource(s)
  -------------------------------------------------------------------    -------------------
                         (clock sys_clk_pin rise edge)
                                                      0.000     0.000 r  
    E3                                                0.000     0.000 r  i_clk (IN)
                         net (fo=0)                   0.000     0.000    i_clk
    E3                   IBUF (Prop_ibuf_I_O)         1.482     1.482 r  i_clk_IBUF_inst/O
                         net (fo=1, routed)           2.025     3.506    i_clk_IBUF
    BUFGCTRL_X0Y16       BUFG (Prop_bufg_I_O)         0.096     3.602 r  i_clk_IBUF_BUFG_inst/O
                         net (fo=199, routed)         1.723     5.326    u_seg_driver/CLK
    SLICE_X3Y89          FDCE                                         r  u_seg_driver/r_digit_idx_reg[1]/C
  -------------------------------------------------------------------    -------------------
    SLICE_X3Y89          FDCE (Prop_fdce_C_Q)         0.419     5.745 r  u_seg_driver/r_digit_idx_reg[1]/Q
                         net (fo=14, routed)          1.054     6.799    u_stopwatch_counter/r_digit_idx[1]
    SLICE_X4Y89          LUT6 (Prop_lut6_I3_O)        0.299     7.098 r  u_stopwatch_counter/o_cn_OBUF[6]_inst_i_2/O
                         net (fo=7, routed)           1.318     8.416    u_stopwatch_counter/o_cn_OBUF[6]_inst_i_2_n_0
    SLICE_X0Y92          LUT4 (Prop_lut4_I2_O)        0.124     8.540 r  u_stopwatch_counter/o_cn_OBUF[2]_inst_i_1/O
                         net (fo=1, routed)           1.868    10.408    o_cn_OBUF[2]
    K16                  OBUF (Prop_obuf_I_O)         3.493    13.901 r  o_cn_OBUF[2]_inst/O
                         net (fo=0)                   0.000    13.901    o_cn[2]
    K16                                                               r  o_cn[2] (OUT)
  -------------------------------------------------------------------    -------------------

Slack:                    inf
  Source:                 u_display_pos_ctrl/o_group_sel_reg/C
                            (rising edge-triggered cell FDCE clocked by sys_clk_pin  {rise@0.000ns fall@5.000ns period=10.000ns})
  Destination:            o_an[2]
                            (output port)
  Path Group:             (none)
  Path Type:              Max at Slow Process Corner
  Data Path Delay:        8.375ns  (logic 4.154ns (49.606%)  route 4.220ns (50.394%))
  Logic Levels:           2  (LUT3=1 OBUF=1)
  Clock Uncertainty:      0.025ns  ((TSJ^2 + TIJ^2)^1/2 + DJ) / 2 + PE
    Total System Jitter     (TSJ):    0.050ns
    Total Input Jitter      (TIJ):    0.000ns
    Discrete Jitter          (DJ):    0.000ns
    Phase Error              (PE):    0.000ns

    Location             Delay type                Incr(ns)  Path(ns)    Netlist Resource(s)
  -------------------------------------------------------------------    -------------------
                         (clock sys_clk_pin rise edge)
                                                      0.000     0.000 r  
    E3                                                0.000     0.000 r  i_clk (IN)
                         net (fo=0)                   0.000     0.000    i_clk
    E3                   IBUF (Prop_ibuf_I_O)         1.482     1.482 r  i_clk_IBUF_inst/O
                         net (fo=1, routed)           2.025     3.506    i_clk_IBUF
    BUFGCTRL_X0Y16       BUFG (Prop_bufg_I_O)         0.096     3.602 r  i_clk_IBUF_BUFG_inst/O
                         net (fo=199, routed)         1.725     5.328    u_display_pos_ctrl/CLK
    SLICE_X3Y93          FDCE                                         r  u_display_pos_ctrl/o_group_sel_reg/C
  -------------------------------------------------------------------    -------------------
    SLICE_X3Y93          FDCE (Prop_fdce_C_Q)         0.456     5.784 r  u_display_pos_ctrl/o_group_sel_reg/Q
                         net (fo=9, routed)           1.290     7.074    u_seg_driver/o_group_sel
    SLICE_X0Y90          LUT3 (Prop_lut3_I0_O)        0.124     7.198 r  u_seg_driver/o_an_OBUF[2]_inst_i_1/O
                         net (fo=1, routed)           2.930    10.128    o_an_OBUF[2]
    T9                   OBUF (Prop_obuf_I_O)         3.574    13.702 r  o_an_OBUF[2]_inst/O
                         net (fo=0)                   0.000    13.702    o_an[2]
    T9                                                                r  o_an[2] (OUT)
  -------------------------------------------------------------------    -------------------





Min Delay Paths
--------------------------------------------------------------------------------------
Slack:                    inf
  Source:                 u_led_runner/o_led_reg[3]/C
                            (rising edge-triggered cell FDCE clocked by sys_clk_pin  {rise@0.000ns fall@5.000ns period=10.000ns})
  Destination:            o_led[3]
                            (output port)
  Path Group:             (none)
  Path Type:              Min at Fast Process Corner
  Data Path Delay:        1.715ns  (logic 1.392ns (81.169%)  route 0.323ns (18.831%))
  Logic Levels:           1  (OBUF=1)
  Clock Uncertainty:      0.025ns  ((TSJ^2 + TIJ^2)^1/2 + DJ) / 2 + PE
    Total System Jitter     (TSJ):    0.050ns
    Total Input Jitter      (TIJ):    0.000ns
    Discrete Jitter          (DJ):    0.000ns
    Phase Error              (PE):    0.000ns

    Location             Delay type                Incr(ns)  Path(ns)    Netlist Resource(s)
  -------------------------------------------------------------------    -------------------
                         (clock sys_clk_pin rise edge)
                                                      0.000     0.000 r  
    E3                                                0.000     0.000 r  i_clk (IN)
                         net (fo=0)                   0.000     0.000    i_clk
    E3                   IBUF (Prop_ibuf_I_O)         0.250     0.250 r  i_clk_IBUF_inst/O
                         net (fo=1, routed)           0.644     0.894    i_clk_IBUF
    BUFGCTRL_X0Y16       BUFG (Prop_bufg_I_O)         0.026     0.920 r  i_clk_IBUF_BUFG_inst/O
                         net (fo=199, routed)         0.599     1.518    u_led_runner/CLK
    SLICE_X0Y83          FDCE                                         r  u_led_runner/o_led_reg[3]/C
  -------------------------------------------------------------------    -------------------
    SLICE_X0Y83          FDCE (Prop_fdce_C_Q)         0.141     1.659 r  u_led_runner/o_led_reg[3]/Q
                         net (fo=1, routed)           0.323     1.982    o_led_OBUF[3]
    N14                  OBUF (Prop_obuf_I_O)         1.251     3.234 r  o_led_OBUF[3]_inst/O
                         net (fo=0)                   0.000     3.234    o_led[3]
    N14                                                               r  o_led[3] (OUT)
  -------------------------------------------------------------------    -------------------

Slack:                    inf
  Source:                 u_led_runner/o_led_reg[4]/C
                            (rising edge-triggered cell FDCE clocked by sys_clk_pin  {rise@0.000ns fall@5.000ns period=10.000ns})
  Destination:            o_led[4]
                            (output port)
  Path Group:             (none)
  Path Type:              Min at Fast Process Corner
  Data Path Delay:        1.716ns  (logic 1.393ns (81.182%)  route 0.323ns (18.818%))
  Logic Levels:           1  (OBUF=1)
  Clock Uncertainty:      0.025ns  ((TSJ^2 + TIJ^2)^1/2 + DJ) / 2 + PE
    Total System Jitter     (TSJ):    0.050ns
    Total Input Jitter      (TIJ):    0.000ns
    Discrete Jitter          (DJ):    0.000ns
    Phase Error              (PE):    0.000ns

    Location             Delay type                Incr(ns)  Path(ns)    Netlist Resource(s)
  -------------------------------------------------------------------    -------------------
                         (clock sys_clk_pin rise edge)
                                                      0.000     0.000 r  
    E3                                                0.000     0.000 r  i_clk (IN)
                         net (fo=0)                   0.000     0.000    i_clk
    E3                   IBUF (Prop_ibuf_I_O)         0.250     0.250 r  i_clk_IBUF_inst/O
                         net (fo=1, routed)           0.644     0.894    i_clk_IBUF
    BUFGCTRL_X0Y16       BUFG (Prop_bufg_I_O)         0.026     0.920 r  i_clk_IBUF_BUFG_inst/O
                         net (fo=199, routed)         0.600     1.519    u_led_runner/CLK
    SLICE_X0Y85          FDCE                                         r  u_led_runner/o_led_reg[4]/C
  -------------------------------------------------------------------    -------------------
    SLICE_X0Y85          FDCE (Prop_fdce_C_Q)         0.141     1.660 r  u_led_runner/o_led_reg[4]/Q
                         net (fo=1, routed)           0.323     1.983    o_led_OBUF[4]
    R18                  OBUF (Prop_obuf_I_O)         1.252     3.236 r  o_led_OBUF[4]_inst/O
                         net (fo=0)                   0.000     3.236    o_led[4]
    R18                                                               r  o_led[4] (OUT)
  -------------------------------------------------------------------    -------------------

Slack:                    inf
  Source:                 u_led_runner/o_led_reg[9]/C
                            (rising edge-triggered cell FDCE clocked by sys_clk_pin  {rise@0.000ns fall@5.000ns period=10.000ns})
  Destination:            o_led[9]
                            (output port)
  Path Group:             (none)
  Path Type:              Min at Fast Process Corner
  Data Path Delay:        1.791ns  (logic 1.396ns (77.925%)  route 0.395ns (22.075%))
  Logic Levels:           1  (OBUF=1)
  Clock Uncertainty:      0.025ns  ((TSJ^2 + TIJ^2)^1/2 + DJ) / 2 + PE
    Total System Jitter     (TSJ):    0.050ns
    Total Input Jitter      (TIJ):    0.000ns
    Discrete Jitter          (DJ):    0.000ns
    Phase Error              (PE):    0.000ns

    Location             Delay type                Incr(ns)  Path(ns)    Netlist Resource(s)
  -------------------------------------------------------------------    -------------------
                         (clock sys_clk_pin rise edge)
                                                      0.000     0.000 r  
    E3                                                0.000     0.000 r  i_clk (IN)
                         net (fo=0)                   0.000     0.000    i_clk
    E3                   IBUF (Prop_ibuf_I_O)         0.250     0.250 r  i_clk_IBUF_inst/O
                         net (fo=1, routed)           0.644     0.894    i_clk_IBUF
    BUFGCTRL_X0Y16       BUFG (Prop_bufg_I_O)         0.026     0.920 r  i_clk_IBUF_BUFG_inst/O
                         net (fo=199, routed)         0.594     1.513    u_led_runner/CLK
    SLICE_X0Y72          FDCE                                         r  u_led_runner/o_led_reg[9]/C
  -------------------------------------------------------------------    -------------------
    SLICE_X0Y72          FDCE (Prop_fdce_C_Q)         0.141     1.654 r  u_led_runner/o_led_reg[9]/Q
                         net (fo=1, routed)           0.395     2.050    o_led_OBUF[9]
    T15                  OBUF (Prop_obuf_I_O)         1.255     3.305 r  o_led_OBUF[9]_inst/O
                         net (fo=0)                   0.000     3.305    o_led[9]
    T15                                                               r  o_led[9] (OUT)
  -------------------------------------------------------------------    -------------------

Slack:                    inf
  Source:                 u_led_runner/o_led_reg[11]/C
                            (rising edge-triggered cell FDCE clocked by sys_clk_pin  {rise@0.000ns fall@5.000ns period=10.000ns})
  Destination:            o_led[11]
                            (output port)
  Path Group:             (none)
  Path Type:              Min at Fast Process Corner
  Data Path Delay:        1.795ns  (logic 1.373ns (76.513%)  route 0.422ns (23.487%))
  Logic Levels:           1  (OBUF=1)
  Clock Uncertainty:      0.025ns  ((TSJ^2 + TIJ^2)^1/2 + DJ) / 2 + PE
    Total System Jitter     (TSJ):    0.050ns
    Total Input Jitter      (TIJ):    0.000ns
    Discrete Jitter          (DJ):    0.000ns
    Phase Error              (PE):    0.000ns

    Location             Delay type                Incr(ns)  Path(ns)    Netlist Resource(s)
  -------------------------------------------------------------------    -------------------
                         (clock sys_clk_pin rise edge)
                                                      0.000     0.000 r  
    E3                                                0.000     0.000 r  i_clk (IN)
                         net (fo=0)                   0.000     0.000    i_clk
    E3                   IBUF (Prop_ibuf_I_O)         0.250     0.250 r  i_clk_IBUF_inst/O
                         net (fo=1, routed)           0.644     0.894    i_clk_IBUF
    BUFGCTRL_X0Y16       BUFG (Prop_bufg_I_O)         0.026     0.920 r  i_clk_IBUF_BUFG_inst/O
                         net (fo=199, routed)         0.591     1.510    u_led_runner/CLK
    SLICE_X0Y74          FDCE                                         r  u_led_runner/o_led_reg[11]/C
  -------------------------------------------------------------------    -------------------
    SLICE_X0Y74          FDCE (Prop_fdce_C_Q)         0.141     1.651 r  u_led_runner/o_led_reg[11]/Q
                         net (fo=1, routed)           0.422     2.073    o_led_OBUF[11]
    T16                  OBUF (Prop_obuf_I_O)         1.232     3.305 r  o_led_OBUF[11]_inst/O
                         net (fo=0)                   0.000     3.305    o_led[11]
    T16                                                               r  o_led[11] (OUT)
  -------------------------------------------------------------------    -------------------

Slack:                    inf
  Source:                 u_led_runner/o_led_reg[12]/C
                            (rising edge-triggered cell FDCE clocked by sys_clk_pin  {rise@0.000ns fall@5.000ns period=10.000ns})
  Destination:            o_led[12]
                            (output port)
  Path Group:             (none)
  Path Type:              Min at Fast Process Corner
  Data Path Delay:        1.803ns  (logic 1.393ns (77.263%)  route 0.410ns (22.737%))
  Logic Levels:           1  (OBUF=1)
  Clock Uncertainty:      0.025ns  ((TSJ^2 + TIJ^2)^1/2 + DJ) / 2 + PE
    Total System Jitter     (TSJ):    0.050ns
    Total Input Jitter      (TIJ):    0.000ns
    Discrete Jitter          (DJ):    0.000ns
    Phase Error              (PE):    0.000ns

    Location             Delay type                Incr(ns)  Path(ns)    Netlist Resource(s)
  -------------------------------------------------------------------    -------------------
                         (clock sys_clk_pin rise edge)
                                                      0.000     0.000 r  
    E3                                                0.000     0.000 r  i_clk (IN)
                         net (fo=0)                   0.000     0.000    i_clk
    E3                   IBUF (Prop_ibuf_I_O)         0.250     0.250 r  i_clk_IBUF_inst/O
                         net (fo=1, routed)           0.644     0.894    i_clk_IBUF
    BUFGCTRL_X0Y16       BUFG (Prop_bufg_I_O)         0.026     0.920 r  i_clk_IBUF_BUFG_inst/O
                         net (fo=199, routed)         0.594     1.513    u_led_runner/CLK
    SLICE_X0Y72          FDCE                                         r  u_led_runner/o_led_reg[12]/C
  -------------------------------------------------------------------    -------------------
    SLICE_X0Y72          FDCE (Prop_fdce_C_Q)         0.141     1.654 r  u_led_runner/o_led_reg[12]/Q
                         net (fo=1, routed)           0.410     2.064    o_led_OBUF[12]
    V15                  OBUF (Prop_obuf_I_O)         1.252     3.317 r  o_led_OBUF[12]_inst/O
                         net (fo=0)                   0.000     3.317    o_led[12]
    V15                                                               r  o_led[12] (OUT)
  -------------------------------------------------------------------    -------------------

Slack:                    inf
  Source:                 u_led_runner/o_led_reg[8]/C
                            (rising edge-triggered cell FDCE clocked by sys_clk_pin  {rise@0.000ns fall@5.000ns period=10.000ns})
  Destination:            o_led[8]
                            (output port)
  Path Group:             (none)
  Path Type:              Min at Fast Process Corner
  Data Path Delay:        1.810ns  (logic 1.389ns (76.772%)  route 0.420ns (23.228%))
  Logic Levels:           1  (OBUF=1)
  Clock Uncertainty:      0.025ns  ((TSJ^2 + TIJ^2)^1/2 + DJ) / 2 + PE
    Total System Jitter     (TSJ):    0.050ns
    Total Input Jitter      (TIJ):    0.000ns
    Discrete Jitter          (DJ):    0.000ns
    Phase Error              (PE):    0.000ns

    Location             Delay type                Incr(ns)  Path(ns)    Netlist Resource(s)
  -------------------------------------------------------------------    -------------------
                         (clock sys_clk_pin rise edge)
                                                      0.000     0.000 r  
    E3                                                0.000     0.000 r  i_clk (IN)
                         net (fo=0)                   0.000     0.000    i_clk
    E3                   IBUF (Prop_ibuf_I_O)         0.250     0.250 r  i_clk_IBUF_inst/O
                         net (fo=1, routed)           0.644     0.894    i_clk_IBUF
    BUFGCTRL_X0Y16       BUFG (Prop_bufg_I_O)         0.026     0.920 r  i_clk_IBUF_BUFG_inst/O
                         net (fo=199, routed)         0.594     1.513    u_led_runner/CLK
    SLICE_X0Y72          FDCE                                         r  u_led_runner/o_led_reg[8]/C
  -------------------------------------------------------------------    -------------------
    SLICE_X0Y72          FDCE (Prop_fdce_C_Q)         0.141     1.654 r  u_led_runner/o_led_reg[8]/Q
                         net (fo=1, routed)           0.420     2.075    o_led_OBUF[8]
    V16                  OBUF (Prop_obuf_I_O)         1.248     3.323 r  o_led_OBUF[8]_inst/O
                         net (fo=0)                   0.000     3.323    o_led[8]
    V16                                                               r  o_led[8] (OUT)
  -------------------------------------------------------------------    -------------------

Slack:                    inf
  Source:                 u_led_runner/o_led_reg[5]/C
                            (rising edge-triggered cell FDCE clocked by sys_clk_pin  {rise@0.000ns fall@5.000ns period=10.000ns})
  Destination:            o_led[5]
                            (output port)
  Path Group:             (none)
  Path Type:              Min at Fast Process Corner
  Data Path Delay:        1.837ns  (logic 1.393ns (75.838%)  route 0.444ns (24.162%))
  Logic Levels:           1  (OBUF=1)
  Clock Uncertainty:      0.025ns  ((TSJ^2 + TIJ^2)^1/2 + DJ) / 2 + PE
    Total System Jitter     (TSJ):    0.050ns
    Total Input Jitter      (TIJ):    0.000ns
    Discrete Jitter          (DJ):    0.000ns
    Phase Error              (PE):    0.000ns

    Location             Delay type                Incr(ns)  Path(ns)    Netlist Resource(s)
  -------------------------------------------------------------------    -------------------
                         (clock sys_clk_pin rise edge)
                                                      0.000     0.000 r  
    E3                                                0.000     0.000 r  i_clk (IN)
                         net (fo=0)                   0.000     0.000    i_clk
    E3                   IBUF (Prop_ibuf_I_O)         0.250     0.250 r  i_clk_IBUF_inst/O
                         net (fo=1, routed)           0.644     0.894    i_clk_IBUF
    BUFGCTRL_X0Y16       BUFG (Prop_bufg_I_O)         0.026     0.920 r  i_clk_IBUF_BUFG_inst/O
                         net (fo=199, routed)         0.592     1.511    u_led_runner/CLK
    SLICE_X0Y73          FDCE                                         r  u_led_runner/o_led_reg[5]/C
  -------------------------------------------------------------------    -------------------
    SLICE_X0Y73          FDCE (Prop_fdce_C_Q)         0.141     1.652 r  u_led_runner/o_led_reg[5]/Q
                         net (fo=1, routed)           0.444     2.096    o_led_OBUF[5]
    V17                  OBUF (Prop_obuf_I_O)         1.252     3.349 r  o_led_OBUF[5]_inst/O
                         net (fo=0)                   0.000     3.349    o_led[5]
    V17                                                               r  o_led[5] (OUT)
  -------------------------------------------------------------------    -------------------

Slack:                    inf
  Source:                 u_led_runner/o_led_reg[7]/C
                            (rising edge-triggered cell FDCE clocked by sys_clk_pin  {rise@0.000ns fall@5.000ns period=10.000ns})
  Destination:            o_led[7]
                            (output port)
  Path Group:             (none)
  Path Type:              Min at Fast Process Corner
  Data Path Delay:        1.841ns  (logic 1.397ns (75.883%)  route 0.444ns (24.117%))
  Logic Levels:           1  (OBUF=1)
  Clock Uncertainty:      0.025ns  ((TSJ^2 + TIJ^2)^1/2 + DJ) / 2 + PE
    Total System Jitter     (TSJ):    0.050ns
    Total Input Jitter      (TIJ):    0.000ns
    Discrete Jitter          (DJ):    0.000ns
    Phase Error              (PE):    0.000ns

    Location             Delay type                Incr(ns)  Path(ns)    Netlist Resource(s)
  -------------------------------------------------------------------    -------------------
                         (clock sys_clk_pin rise edge)
                                                      0.000     0.000 r  
    E3                                                0.000     0.000 r  i_clk (IN)
                         net (fo=0)                   0.000     0.000    i_clk
    E3                   IBUF (Prop_ibuf_I_O)         0.250     0.250 r  i_clk_IBUF_inst/O
                         net (fo=1, routed)           0.644     0.894    i_clk_IBUF
    BUFGCTRL_X0Y16       BUFG (Prop_bufg_I_O)         0.026     0.920 r  i_clk_IBUF_BUFG_inst/O
                         net (fo=199, routed)         0.591     1.510    u_led_runner/CLK
    SLICE_X0Y74          FDCE                                         r  u_led_runner/o_led_reg[7]/C
  -------------------------------------------------------------------    -------------------
    SLICE_X0Y74          FDCE (Prop_fdce_C_Q)         0.141     1.651 r  u_led_runner/o_led_reg[7]/Q
                         net (fo=1, routed)           0.444     2.095    o_led_OBUF[7]
    U16                  OBUF (Prop_obuf_I_O)         1.256     3.351 r  o_led_OBUF[7]_inst/O
                         net (fo=0)                   0.000     3.351    o_led[7]
    U16                                                               r  o_led[7] (OUT)
  -------------------------------------------------------------------    -------------------

Slack:                    inf
  Source:                 u_led_runner/o_led_reg[6]/C
                            (rising edge-triggered cell FDCE clocked by sys_clk_pin  {rise@0.000ns fall@5.000ns period=10.000ns})
  Destination:            o_led[6]
                            (output port)
  Path Group:             (none)
  Path Type:              Min at Fast Process Corner
  Data Path Delay:        1.879ns  (logic 1.397ns (74.338%)  route 0.482ns (25.662%))
  Logic Levels:           1  (OBUF=1)
  Clock Uncertainty:      0.025ns  ((TSJ^2 + TIJ^2)^1/2 + DJ) / 2 + PE
    Total System Jitter     (TSJ):    0.050ns
    Total Input Jitter      (TIJ):    0.000ns
    Discrete Jitter          (DJ):    0.000ns
    Phase Error              (PE):    0.000ns

    Location             Delay type                Incr(ns)  Path(ns)    Netlist Resource(s)
  -------------------------------------------------------------------    -------------------
                         (clock sys_clk_pin rise edge)
                                                      0.000     0.000 r  
    E3                                                0.000     0.000 r  i_clk (IN)
                         net (fo=0)                   0.000     0.000    i_clk
    E3                   IBUF (Prop_ibuf_I_O)         0.250     0.250 r  i_clk_IBUF_inst/O
                         net (fo=1, routed)           0.644     0.894    i_clk_IBUF
    BUFGCTRL_X0Y16       BUFG (Prop_bufg_I_O)         0.026     0.920 r  i_clk_IBUF_BUFG_inst/O
                         net (fo=199, routed)         0.592     1.511    u_led_runner/CLK
    SLICE_X0Y73          FDCE                                         r  u_led_runner/o_led_reg[6]/C
  -------------------------------------------------------------------    -------------------
    SLICE_X0Y73          FDCE (Prop_fdce_C_Q)         0.141     1.652 r  u_led_runner/o_led_reg[6]/Q
                         net (fo=1, routed)           0.482     2.134    o_led_OBUF[6]
    U17                  OBUF (Prop_obuf_I_O)         1.256     3.390 r  o_led_OBUF[6]_inst/O
                         net (fo=0)                   0.000     3.390    o_led[6]
    U17                                                               r  o_led[6] (OUT)
  -------------------------------------------------------------------    -------------------

Slack:                    inf
  Source:                 u_led_runner/o_led_reg[1]/C
                            (rising edge-triggered cell FDCE clocked by sys_clk_pin  {rise@0.000ns fall@5.000ns period=10.000ns})
  Destination:            o_led[1]
                            (output port)
  Path Group:             (none)
  Path Type:              Min at Fast Process Corner
  Data Path Delay:        1.898ns  (logic 1.377ns (72.558%)  route 0.521ns (27.442%))
  Logic Levels:           1  (OBUF=1)
  Clock Uncertainty:      0.025ns  ((TSJ^2 + TIJ^2)^1/2 + DJ) / 2 + PE
    Total System Jitter     (TSJ):    0.050ns
    Total Input Jitter      (TIJ):    0.000ns
    Discrete Jitter          (DJ):    0.000ns
    Phase Error              (PE):    0.000ns

    Location             Delay type                Incr(ns)  Path(ns)    Netlist Resource(s)
  -------------------------------------------------------------------    -------------------
                         (clock sys_clk_pin rise edge)
                                                      0.000     0.000 r  
    E3                                                0.000     0.000 r  i_clk (IN)
                         net (fo=0)                   0.000     0.000    i_clk
    E3                   IBUF (Prop_ibuf_I_O)         0.250     0.250 r  i_clk_IBUF_inst/O
                         net (fo=1, routed)           0.644     0.894    i_clk_IBUF
    BUFGCTRL_X0Y16       BUFG (Prop_bufg_I_O)         0.026     0.920 r  i_clk_IBUF_BUFG_inst/O
                         net (fo=199, routed)         0.602     1.521    u_led_runner/CLK
    SLICE_X0Y88          FDCE                                         r  u_led_runner/o_led_reg[1]/C
  -------------------------------------------------------------------    -------------------
    SLICE_X0Y88          FDCE (Prop_fdce_C_Q)         0.141     1.662 r  u_led_runner/o_led_reg[1]/Q
                         net (fo=1, routed)           0.521     2.183    o_led_OBUF[1]
    K15                  OBUF (Prop_obuf_I_O)         1.236     3.419 r  o_led_OBUF[1]_inst/O
                         net (fo=0)                   0.000     3.419    o_led[1]
    K15                                                               r  o_led[1] (OUT)
  -------------------------------------------------------------------    -------------------





--------------------------------------------------------------------------------------
Path Group:  (none)
From Clock:  
  To Clock:  sys_clk_pin

Max Delay           203 Endpoints
Min Delay           203 Endpoints
--------------------------------------------------------------------------------------


Max Delay Paths
--------------------------------------------------------------------------------------
Slack:                    inf
  Source:                 i_rst_n
                            (input port)
  Destination:            u_led_runner/o_led_reg[10]/CLR
                            (recovery check against rising-edge clock sys_clk_pin  {rise@0.000ns fall@5.000ns period=10.000ns})
  Path Group:             (none)
  Path Type:              Recovery (Max at Slow Process Corner)
  Data Path Delay:        7.613ns  (logic 1.631ns (21.424%)  route 5.982ns (78.576%))
  Logic Levels:           2  (IBUF=1 LUT1=1)
  Clock Path Skew:        5.013ns (DCD - SCD + CPR)
    Destination Clock Delay (DCD):    5.013ns
    Source Clock Delay      (SCD):    0.000ns
    Clock Pessimism Removal (CPR):    0.000ns
  Clock Uncertainty:      0.025ns  ((TSJ^2 + TIJ^2)^1/2 + DJ) / 2 + PE
    Total System Jitter     (TSJ):    0.050ns
    Total Input Jitter      (TIJ):    0.000ns
    Discrete Jitter          (DJ):    0.000ns
    Phase Error              (PE):    0.000ns

    Location             Delay type                Incr(ns)  Path(ns)    Netlist Resource(s)
  -------------------------------------------------------------------    -------------------
    C12                                               0.000     0.000 r  i_rst_n (IN)
                         net (fo=0)                   0.000     0.000    i_rst_n
    C12                  IBUF (Prop_ibuf_I_O)         1.507     1.507 r  i_rst_n_IBUF_inst/O
                         net (fo=1, routed)           2.724     4.231    u_led_runner/i_rst_n_IBUF
    SLICE_X0Y97          LUT1 (Prop_lut1_I0_O)        0.124     4.355 f  u_led_runner/r_deb_cnt[19]_i_3__2/O
                         net (fo=199, routed)         3.258     7.613    u_led_runner/i_rst_n
    SLICE_X0Y73          FDCE                                         f  u_led_runner/o_led_reg[10]/CLR
  -------------------------------------------------------------------    -------------------

                         (clock sys_clk_pin rise edge)
                                                      0.000     0.000 r  
    E3                                                0.000     0.000 r  i_clk (IN)
                         net (fo=0)                   0.000     0.000    i_clk
    E3                   IBUF (Prop_ibuf_I_O)         1.411     1.411 r  i_clk_IBUF_inst/O
                         net (fo=1, routed)           1.920     3.331    i_clk_IBUF
    BUFGCTRL_X0Y16       BUFG (Prop_bufg_I_O)         0.091     3.422 r  i_clk_IBUF_BUFG_inst/O
                         net (fo=199, routed)         1.590     5.013    u_led_runner/CLK
    SLICE_X0Y73          FDCE                                         r  u_led_runner/o_led_reg[10]/C

Slack:                    inf
  Source:                 i_rst_n
                            (input port)
  Destination:            u_led_runner/o_led_reg[13]/CLR
                            (recovery check against rising-edge clock sys_clk_pin  {rise@0.000ns fall@5.000ns period=10.000ns})
  Path Group:             (none)
  Path Type:              Recovery (Max at Slow Process Corner)
  Data Path Delay:        7.613ns  (logic 1.631ns (21.424%)  route 5.982ns (78.576%))
  Logic Levels:           2  (IBUF=1 LUT1=1)
  Clock Path Skew:        5.013ns (DCD - SCD + CPR)
    Destination Clock Delay (DCD):    5.013ns
    Source Clock Delay      (SCD):    0.000ns
    Clock Pessimism Removal (CPR):    0.000ns
  Clock Uncertainty:      0.025ns  ((TSJ^2 + TIJ^2)^1/2 + DJ) / 2 + PE
    Total System Jitter     (TSJ):    0.050ns
    Total Input Jitter      (TIJ):    0.000ns
    Discrete Jitter          (DJ):    0.000ns
    Phase Error              (PE):    0.000ns

    Location             Delay type                Incr(ns)  Path(ns)    Netlist Resource(s)
  -------------------------------------------------------------------    -------------------
    C12                                               0.000     0.000 r  i_rst_n (IN)
                         net (fo=0)                   0.000     0.000    i_rst_n
    C12                  IBUF (Prop_ibuf_I_O)         1.507     1.507 r  i_rst_n_IBUF_inst/O
                         net (fo=1, routed)           2.724     4.231    u_led_runner/i_rst_n_IBUF
    SLICE_X0Y97          LUT1 (Prop_lut1_I0_O)        0.124     4.355 f  u_led_runner/r_deb_cnt[19]_i_3__2/O
                         net (fo=199, routed)         3.258     7.613    u_led_runner/i_rst_n
    SLICE_X0Y73          FDCE                                         f  u_led_runner/o_led_reg[13]/CLR
  -------------------------------------------------------------------    -------------------

                         (clock sys_clk_pin rise edge)
                                                      0.000     0.000 r  
    E3                                                0.000     0.000 r  i_clk (IN)
                         net (fo=0)                   0.000     0.000    i_clk
    E3                   IBUF (Prop_ibuf_I_O)         1.411     1.411 r  i_clk_IBUF_inst/O
                         net (fo=1, routed)           1.920     3.331    i_clk_IBUF
    BUFGCTRL_X0Y16       BUFG (Prop_bufg_I_O)         0.091     3.422 r  i_clk_IBUF_BUFG_inst/O
                         net (fo=199, routed)         1.590     5.013    u_led_runner/CLK
    SLICE_X0Y73          FDCE                                         r  u_led_runner/o_led_reg[13]/C

Slack:                    inf
  Source:                 i_rst_n
                            (input port)
  Destination:            u_led_runner/o_led_reg[5]/CLR
                            (recovery check against rising-edge clock sys_clk_pin  {rise@0.000ns fall@5.000ns period=10.000ns})
  Path Group:             (none)
  Path Type:              Recovery (Max at Slow Process Corner)
  Data Path Delay:        7.613ns  (logic 1.631ns (21.424%)  route 5.982ns (78.576%))
  Logic Levels:           2  (IBUF=1 LUT1=1)
  Clock Path Skew:        5.013ns (DCD - SCD + CPR)
    Destination Clock Delay (DCD):    5.013ns
    Source Clock Delay      (SCD):    0.000ns
    Clock Pessimism Removal (CPR):    0.000ns
  Clock Uncertainty:      0.025ns  ((TSJ^2 + TIJ^2)^1/2 + DJ) / 2 + PE
    Total System Jitter     (TSJ):    0.050ns
    Total Input Jitter      (TIJ):    0.000ns
    Discrete Jitter          (DJ):    0.000ns
    Phase Error              (PE):    0.000ns

    Location             Delay type                Incr(ns)  Path(ns)    Netlist Resource(s)
  -------------------------------------------------------------------    -------------------
    C12                                               0.000     0.000 r  i_rst_n (IN)
                         net (fo=0)                   0.000     0.000    i_rst_n
    C12                  IBUF (Prop_ibuf_I_O)         1.507     1.507 r  i_rst_n_IBUF_inst/O
                         net (fo=1, routed)           2.724     4.231    u_led_runner/i_rst_n_IBUF
    SLICE_X0Y97          LUT1 (Prop_lut1_I0_O)        0.124     4.355 f  u_led_runner/r_deb_cnt[19]_i_3__2/O
                         net (fo=199, routed)         3.258     7.613    u_led_runner/i_rst_n
    SLICE_X0Y73          FDCE                                         f  u_led_runner/o_led_reg[5]/CLR
  -------------------------------------------------------------------    -------------------

                         (clock sys_clk_pin rise edge)
                                                      0.000     0.000 r  
    E3                                                0.000     0.000 r  i_clk (IN)
                         net (fo=0)                   0.000     0.000    i_clk
    E3                   IBUF (Prop_ibuf_I_O)         1.411     1.411 r  i_clk_IBUF_inst/O
                         net (fo=1, routed)           1.920     3.331    i_clk_IBUF
    BUFGCTRL_X0Y16       BUFG (Prop_bufg_I_O)         0.091     3.422 r  i_clk_IBUF_BUFG_inst/O
                         net (fo=199, routed)         1.590     5.013    u_led_runner/CLK
    SLICE_X0Y73          FDCE                                         r  u_led_runner/o_led_reg[5]/C

Slack:                    inf
  Source:                 i_rst_n
                            (input port)
  Destination:            u_led_runner/o_led_reg[6]/CLR
                            (recovery check against rising-edge clock sys_clk_pin  {rise@0.000ns fall@5.000ns period=10.000ns})
  Path Group:             (none)
  Path Type:              Recovery (Max at Slow Process Corner)
  Data Path Delay:        7.613ns  (logic 1.631ns (21.424%)  route 5.982ns (78.576%))
  Logic Levels:           2  (IBUF=1 LUT1=1)
  Clock Path Skew:        5.013ns (DCD - SCD + CPR)
    Destination Clock Delay (DCD):    5.013ns
    Source Clock Delay      (SCD):    0.000ns
    Clock Pessimism Removal (CPR):    0.000ns
  Clock Uncertainty:      0.025ns  ((TSJ^2 + TIJ^2)^1/2 + DJ) / 2 + PE
    Total System Jitter     (TSJ):    0.050ns
    Total Input Jitter      (TIJ):    0.000ns
    Discrete Jitter          (DJ):    0.000ns
    Phase Error              (PE):    0.000ns

    Location             Delay type                Incr(ns)  Path(ns)    Netlist Resource(s)
  -------------------------------------------------------------------    -------------------
    C12                                               0.000     0.000 r  i_rst_n (IN)
                         net (fo=0)                   0.000     0.000    i_rst_n
    C12                  IBUF (Prop_ibuf_I_O)         1.507     1.507 r  i_rst_n_IBUF_inst/O
                         net (fo=1, routed)           2.724     4.231    u_led_runner/i_rst_n_IBUF
    SLICE_X0Y97          LUT1 (Prop_lut1_I0_O)        0.124     4.355 f  u_led_runner/r_deb_cnt[19]_i_3__2/O
                         net (fo=199, routed)         3.258     7.613    u_led_runner/i_rst_n
    SLICE_X0Y73          FDCE                                         f  u_led_runner/o_led_reg[6]/CLR
  -------------------------------------------------------------------    -------------------

                         (clock sys_clk_pin rise edge)
                                                      0.000     0.000 r  
    E3                                                0.000     0.000 r  i_clk (IN)
                         net (fo=0)                   0.000     0.000    i_clk
    E3                   IBUF (Prop_ibuf_I_O)         1.411     1.411 r  i_clk_IBUF_inst/O
                         net (fo=1, routed)           1.920     3.331    i_clk_IBUF
    BUFGCTRL_X0Y16       BUFG (Prop_bufg_I_O)         0.091     3.422 r  i_clk_IBUF_BUFG_inst/O
                         net (fo=199, routed)         1.590     5.013    u_led_runner/CLK
    SLICE_X0Y73          FDCE                                         r  u_led_runner/o_led_reg[6]/C

Slack:                    inf
  Source:                 i_rst_n
                            (input port)
  Destination:            u_led_runner/o_led_reg[12]/CLR
                            (recovery check against rising-edge clock sys_clk_pin  {rise@0.000ns fall@5.000ns period=10.000ns})
  Path Group:             (none)
  Path Type:              Recovery (Max at Slow Process Corner)
  Data Path Delay:        7.573ns  (logic 1.631ns (21.538%)  route 5.942ns (78.462%))
  Logic Levels:           2  (IBUF=1 LUT1=1)
  Clock Path Skew:        5.014ns (DCD - SCD + CPR)
    Destination Clock Delay (DCD):    5.014ns
    Source Clock Delay      (SCD):    0.000ns
    Clock Pessimism Removal (CPR):    0.000ns
  Clock Uncertainty:      0.025ns  ((TSJ^2 + TIJ^2)^1/2 + DJ) / 2 + PE
    Total System Jitter     (TSJ):    0.050ns
    Total Input Jitter      (TIJ):    0.000ns
    Discrete Jitter          (DJ):    0.000ns
    Phase Error              (PE):    0.000ns

    Location             Delay type                Incr(ns)  Path(ns)    Netlist Resource(s)
  -------------------------------------------------------------------    -------------------
    C12                                               0.000     0.000 r  i_rst_n (IN)
                         net (fo=0)                   0.000     0.000    i_rst_n
    C12                  IBUF (Prop_ibuf_I_O)         1.507     1.507 r  i_rst_n_IBUF_inst/O
                         net (fo=1, routed)           2.724     4.231    u_led_runner/i_rst_n_IBUF
    SLICE_X0Y97          LUT1 (Prop_lut1_I0_O)        0.124     4.355 f  u_led_runner/r_deb_cnt[19]_i_3__2/O
                         net (fo=199, routed)         3.218     7.573    u_led_runner/i_rst_n
    SLICE_X0Y72          FDCE                                         f  u_led_runner/o_led_reg[12]/CLR
  -------------------------------------------------------------------    -------------------

                         (clock sys_clk_pin rise edge)
                                                      0.000     0.000 r  
    E3                                                0.000     0.000 r  i_clk (IN)
                         net (fo=0)                   0.000     0.000    i_clk
    E3                   IBUF (Prop_ibuf_I_O)         1.411     1.411 r  i_clk_IBUF_inst/O
                         net (fo=1, routed)           1.920     3.331    i_clk_IBUF
    BUFGCTRL_X0Y16       BUFG (Prop_bufg_I_O)         0.091     3.422 r  i_clk_IBUF_BUFG_inst/O
                         net (fo=199, routed)         1.591     5.014    u_led_runner/CLK
    SLICE_X0Y72          FDCE                                         r  u_led_runner/o_led_reg[12]/C

Slack:                    inf
  Source:                 i_rst_n
                            (input port)
  Destination:            u_led_runner/o_led_reg[14]/CLR
                            (recovery check against rising-edge clock sys_clk_pin  {rise@0.000ns fall@5.000ns period=10.000ns})
  Path Group:             (none)
  Path Type:              Recovery (Max at Slow Process Corner)
  Data Path Delay:        7.573ns  (logic 1.631ns (21.538%)  route 5.942ns (78.462%))
  Logic Levels:           2  (IBUF=1 LUT1=1)
  Clock Path Skew:        5.014ns (DCD - SCD + CPR)
    Destination Clock Delay (DCD):    5.014ns
    Source Clock Delay      (SCD):    0.000ns
    Clock Pessimism Removal (CPR):    0.000ns
  Clock Uncertainty:      0.025ns  ((TSJ^2 + TIJ^2)^1/2 + DJ) / 2 + PE
    Total System Jitter     (TSJ):    0.050ns
    Total Input Jitter      (TIJ):    0.000ns
    Discrete Jitter          (DJ):    0.000ns
    Phase Error              (PE):    0.000ns

    Location             Delay type                Incr(ns)  Path(ns)    Netlist Resource(s)
  -------------------------------------------------------------------    -------------------
    C12                                               0.000     0.000 r  i_rst_n (IN)
                         net (fo=0)                   0.000     0.000    i_rst_n
    C12                  IBUF (Prop_ibuf_I_O)         1.507     1.507 r  i_rst_n_IBUF_inst/O
                         net (fo=1, routed)           2.724     4.231    u_led_runner/i_rst_n_IBUF
    SLICE_X0Y97          LUT1 (Prop_lut1_I0_O)        0.124     4.355 f  u_led_runner/r_deb_cnt[19]_i_3__2/O
                         net (fo=199, routed)         3.218     7.573    u_led_runner/i_rst_n
    SLICE_X0Y72          FDCE                                         f  u_led_runner/o_led_reg[14]/CLR
  -------------------------------------------------------------------    -------------------

                         (clock sys_clk_pin rise edge)
                                                      0.000     0.000 r  
    E3                                                0.000     0.000 r  i_clk (IN)
                         net (fo=0)                   0.000     0.000    i_clk
    E3                   IBUF (Prop_ibuf_I_O)         1.411     1.411 r  i_clk_IBUF_inst/O
                         net (fo=1, routed)           1.920     3.331    i_clk_IBUF
    BUFGCTRL_X0Y16       BUFG (Prop_bufg_I_O)         0.091     3.422 r  i_clk_IBUF_BUFG_inst/O
                         net (fo=199, routed)         1.591     5.014    u_led_runner/CLK
    SLICE_X0Y72          FDCE                                         r  u_led_runner/o_led_reg[14]/C

Slack:                    inf
  Source:                 i_rst_n
                            (input port)
  Destination:            u_led_runner/o_led_reg[8]/CLR
                            (recovery check against rising-edge clock sys_clk_pin  {rise@0.000ns fall@5.000ns period=10.000ns})
  Path Group:             (none)
  Path Type:              Recovery (Max at Slow Process Corner)
  Data Path Delay:        7.573ns  (logic 1.631ns (21.538%)  route 5.942ns (78.462%))
  Logic Levels:           2  (IBUF=1 LUT1=1)
  Clock Path Skew:        5.014ns (DCD - SCD + CPR)
    Destination Clock Delay (DCD):    5.014ns
    Source Clock Delay      (SCD):    0.000ns
    Clock Pessimism Removal (CPR):    0.000ns
  Clock Uncertainty:      0.025ns  ((TSJ^2 + TIJ^2)^1/2 + DJ) / 2 + PE
    Total System Jitter     (TSJ):    0.050ns
    Total Input Jitter      (TIJ):    0.000ns
    Discrete Jitter          (DJ):    0.000ns
    Phase Error              (PE):    0.000ns

    Location             Delay type                Incr(ns)  Path(ns)    Netlist Resource(s)
  -------------------------------------------------------------------    -------------------
    C12                                               0.000     0.000 r  i_rst_n (IN)
                         net (fo=0)                   0.000     0.000    i_rst_n
    C12                  IBUF (Prop_ibuf_I_O)         1.507     1.507 r  i_rst_n_IBUF_inst/O
                         net (fo=1, routed)           2.724     4.231    u_led_runner/i_rst_n_IBUF
    SLICE_X0Y97          LUT1 (Prop_lut1_I0_O)        0.124     4.355 f  u_led_runner/r_deb_cnt[19]_i_3__2/O
                         net (fo=199, routed)         3.218     7.573    u_led_runner/i_rst_n
    SLICE_X0Y72          FDCE                                         f  u_led_runner/o_led_reg[8]/CLR
  -------------------------------------------------------------------    -------------------

                         (clock sys_clk_pin rise edge)
                                                      0.000     0.000 r  
    E3                                                0.000     0.000 r  i_clk (IN)
                         net (fo=0)                   0.000     0.000    i_clk
    E3                   IBUF (Prop_ibuf_I_O)         1.411     1.411 r  i_clk_IBUF_inst/O
                         net (fo=1, routed)           1.920     3.331    i_clk_IBUF
    BUFGCTRL_X0Y16       BUFG (Prop_bufg_I_O)         0.091     3.422 r  i_clk_IBUF_BUFG_inst/O
                         net (fo=199, routed)         1.591     5.014    u_led_runner/CLK
    SLICE_X0Y72          FDCE                                         r  u_led_runner/o_led_reg[8]/C

Slack:                    inf
  Source:                 i_rst_n
                            (input port)
  Destination:            u_led_runner/o_led_reg[9]/CLR
                            (recovery check against rising-edge clock sys_clk_pin  {rise@0.000ns fall@5.000ns period=10.000ns})
  Path Group:             (none)
  Path Type:              Recovery (Max at Slow Process Corner)
  Data Path Delay:        7.573ns  (logic 1.631ns (21.538%)  route 5.942ns (78.462%))
  Logic Levels:           2  (IBUF=1 LUT1=1)
  Clock Path Skew:        5.014ns (DCD - SCD + CPR)
    Destination Clock Delay (DCD):    5.014ns
    Source Clock Delay      (SCD):    0.000ns
    Clock Pessimism Removal (CPR):    0.000ns
  Clock Uncertainty:      0.025ns  ((TSJ^2 + TIJ^2)^1/2 + DJ) / 2 + PE
    Total System Jitter     (TSJ):    0.050ns
    Total Input Jitter      (TIJ):    0.000ns
    Discrete Jitter          (DJ):    0.000ns
    Phase Error              (PE):    0.000ns

    Location             Delay type                Incr(ns)  Path(ns)    Netlist Resource(s)
  -------------------------------------------------------------------    -------------------
    C12                                               0.000     0.000 r  i_rst_n (IN)
                         net (fo=0)                   0.000     0.000    i_rst_n
    C12                  IBUF (Prop_ibuf_I_O)         1.507     1.507 r  i_rst_n_IBUF_inst/O
                         net (fo=1, routed)           2.724     4.231    u_led_runner/i_rst_n_IBUF
    SLICE_X0Y97          LUT1 (Prop_lut1_I0_O)        0.124     4.355 f  u_led_runner/r_deb_cnt[19]_i_3__2/O
                         net (fo=199, routed)         3.218     7.573    u_led_runner/i_rst_n
    SLICE_X0Y72          FDCE                                         f  u_led_runner/o_led_reg[9]/CLR
  -------------------------------------------------------------------    -------------------

                         (clock sys_clk_pin rise edge)
                                                      0.000     0.000 r  
    E3                                                0.000     0.000 r  i_clk (IN)
                         net (fo=0)                   0.000     0.000    i_clk
    E3                   IBUF (Prop_ibuf_I_O)         1.411     1.411 r  i_clk_IBUF_inst/O
                         net (fo=1, routed)           1.920     3.331    i_clk_IBUF
    BUFGCTRL_X0Y16       BUFG (Prop_bufg_I_O)         0.091     3.422 r  i_clk_IBUF_BUFG_inst/O
                         net (fo=199, routed)         1.591     5.014    u_led_runner/CLK
    SLICE_X0Y72          FDCE                                         r  u_led_runner/o_led_reg[9]/C

Slack:                    inf
  Source:                 i_rst_n
                            (input port)
  Destination:            u_led_runner/o_led_reg[11]/CLR
                            (recovery check against rising-edge clock sys_clk_pin  {rise@0.000ns fall@5.000ns period=10.000ns})
  Path Group:             (none)
  Path Type:              Recovery (Max at Slow Process Corner)
  Data Path Delay:        7.416ns  (logic 1.631ns (21.992%)  route 5.785ns (78.008%))
  Logic Levels:           2  (IBUF=1 LUT1=1)
  Clock Path Skew:        5.011ns (DCD - SCD + CPR)
    Destination Clock Delay (DCD):    5.011ns
    Source Clock Delay      (SCD):    0.000ns
    Clock Pessimism Removal (CPR):    0.000ns
  Clock Uncertainty:      0.025ns  ((TSJ^2 + TIJ^2)^1/2 + DJ) / 2 + PE
    Total System Jitter     (TSJ):    0.050ns
    Total Input Jitter      (TIJ):    0.000ns
    Discrete Jitter          (DJ):    0.000ns
    Phase Error              (PE):    0.000ns

    Location             Delay type                Incr(ns)  Path(ns)    Netlist Resource(s)
  -------------------------------------------------------------------    -------------------
    C12                                               0.000     0.000 r  i_rst_n (IN)
                         net (fo=0)                   0.000     0.000    i_rst_n
    C12                  IBUF (Prop_ibuf_I_O)         1.507     1.507 r  i_rst_n_IBUF_inst/O
                         net (fo=1, routed)           2.724     4.231    u_led_runner/i_rst_n_IBUF
    SLICE_X0Y97          LUT1 (Prop_lut1_I0_O)        0.124     4.355 f  u_led_runner/r_deb_cnt[19]_i_3__2/O
                         net (fo=199, routed)         3.062     7.416    u_led_runner/i_rst_n
    SLICE_X0Y74          FDCE                                         f  u_led_runner/o_led_reg[11]/CLR
  -------------------------------------------------------------------    -------------------

                         (clock sys_clk_pin rise edge)
                                                      0.000     0.000 r  
    E3                                                0.000     0.000 r  i_clk (IN)
                         net (fo=0)                   0.000     0.000    i_clk
    E3                   IBUF (Prop_ibuf_I_O)         1.411     1.411 r  i_clk_IBUF_inst/O
                         net (fo=1, routed)           1.920     3.331    i_clk_IBUF
    BUFGCTRL_X0Y16       BUFG (Prop_bufg_I_O)         0.091     3.422 r  i_clk_IBUF_BUFG_inst/O
                         net (fo=199, routed)         1.588     5.011    u_led_runner/CLK
    SLICE_X0Y74          FDCE                                         r  u_led_runner/o_led_reg[11]/C

Slack:                    inf
  Source:                 i_rst_n
                            (input port)
  Destination:            u_led_runner/o_led_reg[15]/CLR
                            (recovery check against rising-edge clock sys_clk_pin  {rise@0.000ns fall@5.000ns period=10.000ns})
  Path Group:             (none)
  Path Type:              Recovery (Max at Slow Process Corner)
  Data Path Delay:        7.416ns  (logic 1.631ns (21.992%)  route 5.785ns (78.008%))
  Logic Levels:           2  (IBUF=1 LUT1=1)
  Clock Path Skew:        5.011ns (DCD - SCD + CPR)
    Destination Clock Delay (DCD):    5.011ns
    Source Clock Delay      (SCD):    0.000ns
    Clock Pessimism Removal (CPR):    0.000ns
  Clock Uncertainty:      0.025ns  ((TSJ^2 + TIJ^2)^1/2 + DJ) / 2 + PE
    Total System Jitter     (TSJ):    0.050ns
    Total Input Jitter      (TIJ):    0.000ns
    Discrete Jitter          (DJ):    0.000ns
    Phase Error              (PE):    0.000ns

    Location             Delay type                Incr(ns)  Path(ns)    Netlist Resource(s)
  -------------------------------------------------------------------    -------------------
    C12                                               0.000     0.000 r  i_rst_n (IN)
                         net (fo=0)                   0.000     0.000    i_rst_n
    C12                  IBUF (Prop_ibuf_I_O)         1.507     1.507 r  i_rst_n_IBUF_inst/O
                         net (fo=1, routed)           2.724     4.231    u_led_runner/i_rst_n_IBUF
    SLICE_X0Y97          LUT1 (Prop_lut1_I0_O)        0.124     4.355 f  u_led_runner/r_deb_cnt[19]_i_3__2/O
                         net (fo=199, routed)         3.062     7.416    u_led_runner/i_rst_n
    SLICE_X0Y74          FDCE                                         f  u_led_runner/o_led_reg[15]/CLR
  -------------------------------------------------------------------    -------------------

                         (clock sys_clk_pin rise edge)
                                                      0.000     0.000 r  
    E3                                                0.000     0.000 r  i_clk (IN)
                         net (fo=0)                   0.000     0.000    i_clk
    E3                   IBUF (Prop_ibuf_I_O)         1.411     1.411 r  i_clk_IBUF_inst/O
                         net (fo=1, routed)           1.920     3.331    i_clk_IBUF
    BUFGCTRL_X0Y16       BUFG (Prop_bufg_I_O)         0.091     3.422 r  i_clk_IBUF_BUFG_inst/O
                         net (fo=199, routed)         1.588     5.011    u_led_runner/CLK
    SLICE_X0Y74          FDCE                                         r  u_led_runner/o_led_reg[15]/C





Min Delay Paths
--------------------------------------------------------------------------------------
Slack:                    inf
  Source:                 BTNC
                            (input port)
  Destination:            u_btnc/r_sync_0_reg/D
                            (rising edge-triggered cell FDCE clocked by sys_clk_pin  {rise@0.000ns fall@5.000ns period=10.000ns})
  Path Group:             (none)
  Path Type:              Hold (Min at Fast Process Corner)
  Data Path Delay:        0.766ns  (logic 0.244ns (31.924%)  route 0.521ns (68.076%))
  Logic Levels:           1  (IBUF=1)
  Clock Path Skew:        2.006ns (DCD - SCD - CPR)
    Destination Clock Delay (DCD):    2.006ns
    Source Clock Delay      (SCD):    0.000ns
    Clock Pessimism Removal (CPR):    -0.000ns

    Location             Delay type                Incr(ns)  Path(ns)    Netlist Resource(s)
  -------------------------------------------------------------------    -------------------
    N17                                               0.000     0.000 r  BTNC (IN)
                         net (fo=0)                   0.000     0.000    BTNC
    N17                  IBUF (Prop_ibuf_I_O)         0.244     0.244 r  BTNC_IBUF_inst/O
                         net (fo=1, routed)           0.521     0.766    u_btnc/BTNC_IBUF
    SLICE_X8Y86          FDCE                                         r  u_btnc/r_sync_0_reg/D
  -------------------------------------------------------------------    -------------------

                         (clock sys_clk_pin rise edge)
                                                      0.000     0.000 r  
    E3                                                0.000     0.000 r  i_clk (IN)
                         net (fo=0)                   0.000     0.000    i_clk
    E3                   IBUF (Prop_ibuf_I_O)         0.438     0.438 r  i_clk_IBUF_inst/O
                         net (fo=1, routed)           0.699     1.136    i_clk_IBUF
    BUFGCTRL_X0Y16       BUFG (Prop_bufg_I_O)         0.029     1.165 r  i_clk_IBUF_BUFG_inst/O
                         net (fo=199, routed)         0.841     2.006    u_btnc/CLK
    SLICE_X8Y86          FDCE                                         r  u_btnc/r_sync_0_reg/C

Slack:                    inf
  Source:                 BTND
                            (input port)
  Destination:            u_btnd/r_sync_0_reg/D
                            (rising edge-triggered cell FDCE clocked by sys_clk_pin  {rise@0.000ns fall@5.000ns period=10.000ns})
  Path Group:             (none)
  Path Type:              Hold (Min at Fast Process Corner)
  Data Path Delay:        0.816ns  (logic 0.248ns (30.376%)  route 0.568ns (69.624%))
  Logic Levels:           1  (IBUF=1)
  Clock Path Skew:        2.006ns (DCD - SCD - CPR)
    Destination Clock Delay (DCD):    2.006ns
    Source Clock Delay      (SCD):    0.000ns
    Clock Pessimism Removal (CPR):    -0.000ns

    Location             Delay type                Incr(ns)  Path(ns)    Netlist Resource(s)
  -------------------------------------------------------------------    -------------------
    P18                                               0.000     0.000 r  BTND (IN)
                         net (fo=0)                   0.000     0.000    BTND
    P18                  IBUF (Prop_ibuf_I_O)         0.248     0.248 r  BTND_IBUF_inst/O
                         net (fo=1, routed)           0.568     0.816    u_btnd/BTND_IBUF
    SLICE_X8Y86          FDCE                                         r  u_btnd/r_sync_0_reg/D
  -------------------------------------------------------------------    -------------------

                         (clock sys_clk_pin rise edge)
                                                      0.000     0.000 r  
    E3                                                0.000     0.000 r  i_clk (IN)
                         net (fo=0)                   0.000     0.000    i_clk
    E3                   IBUF (Prop_ibuf_I_O)         0.438     0.438 r  i_clk_IBUF_inst/O
                         net (fo=1, routed)           0.699     1.136    i_clk_IBUF
    BUFGCTRL_X0Y16       BUFG (Prop_bufg_I_O)         0.029     1.165 r  i_clk_IBUF_BUFG_inst/O
                         net (fo=199, routed)         0.841     2.006    u_btnd/CLK
    SLICE_X8Y86          FDCE                                         r  u_btnd/r_sync_0_reg/C

Slack:                    inf
  Source:                 BTNL
                            (input port)
  Destination:            u_btnl/r_sync_0_reg/D
                            (rising edge-triggered cell FDCE clocked by sys_clk_pin  {rise@0.000ns fall@5.000ns period=10.000ns})
  Path Group:             (none)
  Path Type:              Hold (Min at Fast Process Corner)
  Data Path Delay:        0.856ns  (logic 0.256ns (29.851%)  route 0.601ns (70.149%))
  Logic Levels:           1  (IBUF=1)
  Clock Path Skew:        2.042ns (DCD - SCD - CPR)
    Destination Clock Delay (DCD):    2.042ns
    Source Clock Delay      (SCD):    0.000ns
    Clock Pessimism Removal (CPR):    -0.000ns

    Location             Delay type                Incr(ns)  Path(ns)    Netlist Resource(s)
  -------------------------------------------------------------------    -------------------
    P17                                               0.000     0.000 r  BTNL (IN)
                         net (fo=0)                   0.000     0.000    BTNL
    P17                  IBUF (Prop_ibuf_I_O)         0.256     0.256 r  BTNL_IBUF_inst/O
                         net (fo=1, routed)           0.601     0.856    u_btnl/BTNL_IBUF
    SLICE_X2Y93          FDCE                                         r  u_btnl/r_sync_0_reg/D
  -------------------------------------------------------------------    -------------------

                         (clock sys_clk_pin rise edge)
                                                      0.000     0.000 r  
    E3                                                0.000     0.000 r  i_clk (IN)
                         net (fo=0)                   0.000     0.000    i_clk
    E3                   IBUF (Prop_ibuf_I_O)         0.438     0.438 r  i_clk_IBUF_inst/O
                         net (fo=1, routed)           0.699     1.136    i_clk_IBUF
    BUFGCTRL_X0Y16       BUFG (Prop_bufg_I_O)         0.029     1.165 r  i_clk_IBUF_BUFG_inst/O
                         net (fo=199, routed)         0.877     2.042    u_btnl/CLK
    SLICE_X2Y93          FDCE                                         r  u_btnl/r_sync_0_reg/C

Slack:                    inf
  Source:                 BTNR
                            (input port)
  Destination:            u_btnr/r_sync_0_reg/D
                            (rising edge-triggered cell FDCE clocked by sys_clk_pin  {rise@0.000ns fall@5.000ns period=10.000ns})
  Path Group:             (none)
  Path Type:              Hold (Min at Fast Process Corner)
  Data Path Delay:        0.955ns  (logic 0.235ns (24.650%)  route 0.720ns (75.350%))
  Logic Levels:           1  (IBUF=1)
  Clock Path Skew:        2.011ns (DCD - SCD - CPR)
    Destination Clock Delay (DCD):    2.011ns
    Source Clock Delay      (SCD):    0.000ns
    Clock Pessimism Removal (CPR):    -0.000ns

    Location             Delay type                Incr(ns)  Path(ns)    Netlist Resource(s)
  -------------------------------------------------------------------    -------------------
    M17                                               0.000     0.000 r  BTNR (IN)
                         net (fo=0)                   0.000     0.000    BTNR
    M17                  IBUF (Prop_ibuf_I_O)         0.235     0.235 r  BTNR_IBUF_inst/O
                         net (fo=1, routed)           0.720     0.955    u_btnr/BTNR_IBUF
    SLICE_X11Y93         FDCE                                         r  u_btnr/r_sync_0_reg/D
  -------------------------------------------------------------------    -------------------

                         (clock sys_clk_pin rise edge)
                                                      0.000     0.000 r  
    E3                                                0.000     0.000 r  i_clk (IN)
                         net (fo=0)                   0.000     0.000    i_clk
    E3                   IBUF (Prop_ibuf_I_O)         0.438     0.438 r  i_clk_IBUF_inst/O
                         net (fo=1, routed)           0.699     1.136    i_clk_IBUF
    BUFGCTRL_X0Y16       BUFG (Prop_bufg_I_O)         0.029     1.165 r  i_clk_IBUF_BUFG_inst/O
                         net (fo=199, routed)         0.846     2.011    u_btnr/CLK
    SLICE_X11Y93         FDCE                                         r  u_btnr/r_sync_0_reg/C

Slack:                    inf
  Source:                 i_rst_n
                            (input port)
  Destination:            u_led_runner/r_tick_cnt_reg[23]/CLR
                            (removal check against rising-edge clock sys_clk_pin  {rise@0.000ns fall@5.000ns period=10.000ns})
  Path Group:             (none)
  Path Type:              Removal (Min at Fast Process Corner)
  Data Path Delay:        1.750ns  (logic 0.320ns (18.258%)  route 1.431ns (81.742%))
  Logic Levels:           2  (IBUF=1 LUT1=1)
  Clock Path Skew:        2.041ns (DCD - SCD - CPR)
    Destination Clock Delay (DCD):    2.041ns
    Source Clock Delay      (SCD):    0.000ns
    Clock Pessimism Removal (CPR):    -0.000ns

    Location             Delay type                Incr(ns)  Path(ns)    Netlist Resource(s)
  -------------------------------------------------------------------    -------------------
    C12                                               0.000     0.000 r  i_rst_n (IN)
                         net (fo=0)                   0.000     0.000    i_rst_n
    C12                  IBUF (Prop_ibuf_I_O)         0.275     0.275 r  i_rst_n_IBUF_inst/O
                         net (fo=1, routed)           1.116     1.390    u_led_runner/i_rst_n_IBUF
    SLICE_X0Y97          LUT1 (Prop_lut1_I0_O)        0.045     1.435 f  u_led_runner/r_deb_cnt[19]_i_3__2/O
                         net (fo=199, routed)         0.315     1.750    u_led_runner/i_rst_n
    SLICE_X1Y92          FDCE                                         f  u_led_runner/r_tick_cnt_reg[23]/CLR
  -------------------------------------------------------------------    -------------------

                         (clock sys_clk_pin rise edge)
                                                      0.000     0.000 r  
    E3                                                0.000     0.000 r  i_clk (IN)
                         net (fo=0)                   0.000     0.000    i_clk
    E3                   IBUF (Prop_ibuf_I_O)         0.438     0.438 r  i_clk_IBUF_inst/O
                         net (fo=1, routed)           0.699     1.136    i_clk_IBUF
    BUFGCTRL_X0Y16       BUFG (Prop_bufg_I_O)         0.029     1.165 r  i_clk_IBUF_BUFG_inst/O
                         net (fo=199, routed)         0.876     2.041    u_led_runner/CLK
    SLICE_X1Y92          FDCE                                         r  u_led_runner/r_tick_cnt_reg[23]/C

Slack:                    inf
  Source:                 i_rst_n
                            (input port)
  Destination:            u_btnl/r_btn_deb_prev_reg/CLR
                            (removal check against rising-edge clock sys_clk_pin  {rise@0.000ns fall@5.000ns period=10.000ns})
  Path Group:             (none)
  Path Type:              Removal (Min at Fast Process Corner)
  Data Path Delay:        1.757ns  (logic 0.320ns (18.192%)  route 1.437ns (81.808%))
  Logic Levels:           2  (IBUF=1 LUT1=1)
  Clock Path Skew:        2.042ns (DCD - SCD - CPR)
    Destination Clock Delay (DCD):    2.042ns
    Source Clock Delay      (SCD):    0.000ns
    Clock Pessimism Removal (CPR):    -0.000ns

    Location             Delay type                Incr(ns)  Path(ns)    Netlist Resource(s)
  -------------------------------------------------------------------    -------------------
    C12                                               0.000     0.000 r  i_rst_n (IN)
                         net (fo=0)                   0.000     0.000    i_rst_n
    C12                  IBUF (Prop_ibuf_I_O)         0.275     0.275 r  i_rst_n_IBUF_inst/O
                         net (fo=1, routed)           1.116     1.390    u_led_runner/i_rst_n_IBUF
    SLICE_X0Y97          LUT1 (Prop_lut1_I0_O)        0.045     1.435 f  u_led_runner/r_deb_cnt[19]_i_3__2/O
                         net (fo=199, routed)         0.322     1.757    u_btnl/r_btn_deb_prev_reg_0
    SLICE_X3Y93          FDCE                                         f  u_btnl/r_btn_deb_prev_reg/CLR
  -------------------------------------------------------------------    -------------------

                         (clock sys_clk_pin rise edge)
                                                      0.000     0.000 r  
    E3                                                0.000     0.000 r  i_clk (IN)
                         net (fo=0)                   0.000     0.000    i_clk
    E3                   IBUF (Prop_ibuf_I_O)         0.438     0.438 r  i_clk_IBUF_inst/O
                         net (fo=1, routed)           0.699     1.136    i_clk_IBUF
    BUFGCTRL_X0Y16       BUFG (Prop_bufg_I_O)         0.029     1.165 r  i_clk_IBUF_BUFG_inst/O
                         net (fo=199, routed)         0.877     2.042    u_btnl/CLK
    SLICE_X3Y93          FDCE                                         r  u_btnl/r_btn_deb_prev_reg/C

Slack:                    inf
  Source:                 i_rst_n
                            (input port)
  Destination:            u_btnl/r_btn_deb_reg/CLR
                            (removal check against rising-edge clock sys_clk_pin  {rise@0.000ns fall@5.000ns period=10.000ns})
  Path Group:             (none)
  Path Type:              Removal (Min at Fast Process Corner)
  Data Path Delay:        1.757ns  (logic 0.320ns (18.192%)  route 1.437ns (81.808%))
  Logic Levels:           2  (IBUF=1 LUT1=1)
  Clock Path Skew:        2.042ns (DCD - SCD - CPR)
    Destination Clock Delay (DCD):    2.042ns
    Source Clock Delay      (SCD):    0.000ns
    Clock Pessimism Removal (CPR):    -0.000ns

    Location             Delay type                Incr(ns)  Path(ns)    Netlist Resource(s)
  -------------------------------------------------------------------    -------------------
    C12                                               0.000     0.000 r  i_rst_n (IN)
                         net (fo=0)                   0.000     0.000    i_rst_n
    C12                  IBUF (Prop_ibuf_I_O)         0.275     0.275 r  i_rst_n_IBUF_inst/O
                         net (fo=1, routed)           1.116     1.390    u_led_runner/i_rst_n_IBUF
    SLICE_X0Y97          LUT1 (Prop_lut1_I0_O)        0.045     1.435 f  u_led_runner/r_deb_cnt[19]_i_3__2/O
                         net (fo=199, routed)         0.322     1.757    u_btnl/r_btn_deb_prev_reg_0
    SLICE_X3Y93          FDCE                                         f  u_btnl/r_btn_deb_reg/CLR
  -------------------------------------------------------------------    -------------------

                         (clock sys_clk_pin rise edge)
                                                      0.000     0.000 r  
    E3                                                0.000     0.000 r  i_clk (IN)
                         net (fo=0)                   0.000     0.000    i_clk
    E3                   IBUF (Prop_ibuf_I_O)         0.438     0.438 r  i_clk_IBUF_inst/O
                         net (fo=1, routed)           0.699     1.136    i_clk_IBUF
    BUFGCTRL_X0Y16       BUFG (Prop_bufg_I_O)         0.029     1.165 r  i_clk_IBUF_BUFG_inst/O
                         net (fo=199, routed)         0.877     2.042    u_btnl/CLK
    SLICE_X3Y93          FDCE                                         r  u_btnl/r_btn_deb_reg/C

Slack:                    inf
  Source:                 i_rst_n
                            (input port)
  Destination:            u_btnl/r_sync_0_reg/CLR
                            (removal check against rising-edge clock sys_clk_pin  {rise@0.000ns fall@5.000ns period=10.000ns})
  Path Group:             (none)
  Path Type:              Removal (Min at Fast Process Corner)
  Data Path Delay:        1.757ns  (logic 0.320ns (18.192%)  route 1.437ns (81.808%))
  Logic Levels:           2  (IBUF=1 LUT1=1)
  Clock Path Skew:        2.042ns (DCD - SCD - CPR)
    Destination Clock Delay (DCD):    2.042ns
    Source Clock Delay      (SCD):    0.000ns
    Clock Pessimism Removal (CPR):    -0.000ns

    Location             Delay type                Incr(ns)  Path(ns)    Netlist Resource(s)
  -------------------------------------------------------------------    -------------------
    C12                                               0.000     0.000 r  i_rst_n (IN)
                         net (fo=0)                   0.000     0.000    i_rst_n
    C12                  IBUF (Prop_ibuf_I_O)         0.275     0.275 r  i_rst_n_IBUF_inst/O
                         net (fo=1, routed)           1.116     1.390    u_led_runner/i_rst_n_IBUF
    SLICE_X0Y97          LUT1 (Prop_lut1_I0_O)        0.045     1.435 f  u_led_runner/r_deb_cnt[19]_i_3__2/O
                         net (fo=199, routed)         0.322     1.757    u_btnl/r_btn_deb_prev_reg_0
    SLICE_X2Y93          FDCE                                         f  u_btnl/r_sync_0_reg/CLR
  -------------------------------------------------------------------    -------------------

                         (clock sys_clk_pin rise edge)
                                                      0.000     0.000 r  
    E3                                                0.000     0.000 r  i_clk (IN)
                         net (fo=0)                   0.000     0.000    i_clk
    E3                   IBUF (Prop_ibuf_I_O)         0.438     0.438 r  i_clk_IBUF_inst/O
                         net (fo=1, routed)           0.699     1.136    i_clk_IBUF
    BUFGCTRL_X0Y16       BUFG (Prop_bufg_I_O)         0.029     1.165 r  i_clk_IBUF_BUFG_inst/O
                         net (fo=199, routed)         0.877     2.042    u_btnl/CLK
    SLICE_X2Y93          FDCE                                         r  u_btnl/r_sync_0_reg/C

Slack:                    inf
  Source:                 i_rst_n
                            (input port)
  Destination:            u_btnl/r_sync_1_reg/CLR
                            (removal check against rising-edge clock sys_clk_pin  {rise@0.000ns fall@5.000ns period=10.000ns})
  Path Group:             (none)
  Path Type:              Removal (Min at Fast Process Corner)
  Data Path Delay:        1.757ns  (logic 0.320ns (18.192%)  route 1.437ns (81.808%))
  Logic Levels:           2  (IBUF=1 LUT1=1)
  Clock Path Skew:        2.042ns (DCD - SCD - CPR)
    Destination Clock Delay (DCD):    2.042ns
    Source Clock Delay      (SCD):    0.000ns
    Clock Pessimism Removal (CPR):    -0.000ns

    Location             Delay type                Incr(ns)  Path(ns)    Netlist Resource(s)
  -------------------------------------------------------------------    -------------------
    C12                                               0.000     0.000 r  i_rst_n (IN)
                         net (fo=0)                   0.000     0.000    i_rst_n
    C12                  IBUF (Prop_ibuf_I_O)         0.275     0.275 r  i_rst_n_IBUF_inst/O
                         net (fo=1, routed)           1.116     1.390    u_led_runner/i_rst_n_IBUF
    SLICE_X0Y97          LUT1 (Prop_lut1_I0_O)        0.045     1.435 f  u_led_runner/r_deb_cnt[19]_i_3__2/O
                         net (fo=199, routed)         0.322     1.757    u_btnl/r_btn_deb_prev_reg_0
    SLICE_X2Y93          FDCE                                         f  u_btnl/r_sync_1_reg/CLR
  -------------------------------------------------------------------    -------------------

                         (clock sys_clk_pin rise edge)
                                                      0.000     0.000 r  
    E3                                                0.000     0.000 r  i_clk (IN)
                         net (fo=0)                   0.000     0.000    i_clk
    E3                   IBUF (Prop_ibuf_I_O)         0.438     0.438 r  i_clk_IBUF_inst/O
                         net (fo=1, routed)           0.699     1.136    i_clk_IBUF
    BUFGCTRL_X0Y16       BUFG (Prop_bufg_I_O)         0.029     1.165 r  i_clk_IBUF_BUFG_inst/O
                         net (fo=199, routed)         0.877     2.042    u_btnl/CLK
    SLICE_X2Y93          FDCE                                         r  u_btnl/r_sync_1_reg/C

Slack:                    inf
  Source:                 i_rst_n
                            (input port)
  Destination:            u_btnr/r_btn_deb_prev_reg/CLR
                            (removal check against rising-edge clock sys_clk_pin  {rise@0.000ns fall@5.000ns period=10.000ns})
  Path Group:             (none)
  Path Type:              Removal (Min at Fast Process Corner)
  Data Path Delay:        1.757ns  (logic 0.320ns (18.192%)  route 1.437ns (81.808%))
  Logic Levels:           2  (IBUF=1 LUT1=1)
  Clock Path Skew:        2.042ns (DCD - SCD - CPR)
    Destination Clock Delay (DCD):    2.042ns
    Source Clock Delay      (SCD):    0.000ns
    Clock Pessimism Removal (CPR):    -0.000ns

    Location             Delay type                Incr(ns)  Path(ns)    Netlist Resource(s)
  -------------------------------------------------------------------    -------------------
    C12                                               0.000     0.000 r  i_rst_n (IN)
                         net (fo=0)                   0.000     0.000    i_rst_n
    C12                  IBUF (Prop_ibuf_I_O)         0.275     0.275 r  i_rst_n_IBUF_inst/O
                         net (fo=1, routed)           1.116     1.390    u_led_runner/i_rst_n_IBUF
    SLICE_X0Y97          LUT1 (Prop_lut1_I0_O)        0.045     1.435 f  u_led_runner/r_deb_cnt[19]_i_3__2/O
                         net (fo=199, routed)         0.322     1.757    u_btnr/r_btn_deb_reg_0
    SLICE_X3Y93          FDCE                                         f  u_btnr/r_btn_deb_prev_reg/CLR
  -------------------------------------------------------------------    -------------------

                         (clock sys_clk_pin rise edge)
                                                      0.000     0.000 r  
    E3                                                0.000     0.000 r  i_clk (IN)
                         net (fo=0)                   0.000     0.000    i_clk
    E3                   IBUF (Prop_ibuf_I_O)         0.438     0.438 r  i_clk_IBUF_inst/O
                         net (fo=1, routed)           0.699     1.136    i_clk_IBUF
    BUFGCTRL_X0Y16       BUFG (Prop_bufg_I_O)         0.029     1.165 r  i_clk_IBUF_BUFG_inst/O
                         net (fo=199, routed)         0.877     2.042    u_btnr/CLK
    SLICE_X3Y93          FDCE                                         r  u_btnr/r_btn_deb_prev_reg/C





