Copyright 1986-2022 Xilinx, Inc. All Rights Reserved.
---------------------------------------------------------------------------------------------------------------------------------------------------------------------------------------------------------------------
| Tool Version : Vivado v.2022.1 (win64) Build 3526262 Mon Apr 18 15:48:16 MDT 2022
| Date         : Sun Dec 21 21:38:34 2025
| Host         : BOOK-PI4T4K8H7V running 64-bit major release  (build 9200)
| Command      : report_timing_summary -max_paths 10 -report_unconstrained -file uart_top_timing_summary_routed.rpt -pb uart_top_timing_summary_routed.pb -rpx uart_top_timing_summary_routed.rpx -warn_on_violation
| Design       : uart_top
| Device       : 7a50t-csg324
| Speed File   : -1  PRODUCTION 1.23 2018-06-13
---------------------------------------------------------------------------------------------------------------------------------------------------------------------------------------------------------------------

Timing Summary Report

------------------------------------------------------------------------------------------------
| Timer Settings
| --------------
------------------------------------------------------------------------------------------------

  Enable Multi Corner Analysis               :  Yes
  Enable Pessimism Removal                   :  Yes
  Pessimism Removal Resolution               :  Nearest Common Node
  Enable Input Delay Default Clock           :  No
  Enable Preset / Clear Arcs                 :  No
  Disable Flight Delays                      :  No
  Ignore I/O Paths                           :  No
  Timing Early Launch at Borrowing Latches   :  No
  Borrow Time for Max Delay Exceptions       :  Yes
  Merge Timing Exceptions                    :  Yes

  Corner  Analyze    Analyze    
  Name    Max Paths  Min Paths  
  ------  ---------  ---------  
  Slow    Yes        Yes        
  Fast    Yes        Yes        


------------------------------------------------------------------------------------------------
| Report Methodology
| ------------------
------------------------------------------------------------------------------------------------

Rule       Severity  Description                     Violations  
---------  --------  ------------------------------  ----------  
LUTAR-1    Warning   LUT drives async reset alert    6           
TIMING-18  Warning   Missing input or output delay   20          
TIMING-20  Warning   Non-clocked latch               3           
LATCH-1    Advisory  Existing latches in the design  1           

Note: This report is based on the most recent report_methodology run and may not be up-to-date. Run report_methodology on the current design for the latest report.



check_timing report

Table of Contents
-----------------
1. checking no_clock (7)
2. checking constant_clock (0)
3. checking pulse_width_clock (0)
4. checking unconstrained_internal_endpoints (3)
5. checking no_input_delay (4)
6. checking no_output_delay (10)
7. checking multiple_clock (0)
8. checking generated_clocks (0)
9. checking loops (0)
10. checking partial_input_delay (0)
11. checking partial_output_delay (0)
12. checking latch_loops (0)

1. checking no_clock (7)
------------------------
 There are 3 register/latch pins with no clock driven by root clock pin: rst_n (HIGH)

 There are 2 register/latch pins with no clock driven by root clock pin: sw[0] (HIGH)

 There are 2 register/latch pins with no clock driven by root clock pin: sw[1] (HIGH)


2. checking constant_clock (0)
------------------------------
 There are 0 register/latch pins with constant_clock.


3. checking pulse_width_clock (0)
---------------------------------
 There are 0 register/latch pins which need pulse_width check


4. checking unconstrained_internal_endpoints (3)
------------------------------------------------
 There are 3 pins that are not constrained for maximum delay. (HIGH)

 There are 0 pins that are not constrained for maximum delay due to constant clock.


5. checking no_input_delay (4)
------------------------------
 There are 4 input ports with no input delay specified. (HIGH)

 There are 0 input ports with no input delay but user has a false path constraint.


6. checking no_output_delay (10)
--------------------------------
 There are 10 ports with no output delay specified. (HIGH)

 There are 0 ports with no output delay but user has a false path constraint

 There are 0 ports with no output delay but with a timing clock defined on it or propagating through it


7. checking multiple_clock (0)
------------------------------
 There are 0 register/latch pins with multiple clocks.


8. checking generated_clocks (0)
--------------------------------
 There are 0 generated clocks that are not connected to a clock source.


9. checking loops (0)
---------------------
 There are 0 combinational loops in the design.


10. checking partial_input_delay (0)
------------------------------------
 There are 0 input ports with partial input delay specified.


11. checking partial_output_delay (0)
-------------------------------------
 There are 0 ports with partial output delay specified.


12. checking latch_loops (0)
----------------------------
 There are 0 combinational latch loops in the design through latch input



------------------------------------------------------------------------------------------------
| Design Timing Summary
| ---------------------
------------------------------------------------------------------------------------------------

    WNS(ns)      TNS(ns)  TNS Failing Endpoints  TNS Total Endpoints      WHS(ns)      THS(ns)  THS Failing Endpoints  THS Total Endpoints     WPWS(ns)     TPWS(ns)  TPWS Failing Endpoints  TPWS Total Endpoints  
    -------      -------  ---------------------  -------------------      -------      -------  ---------------------  -------------------     --------     --------  ----------------------  --------------------  
      5.624        0.000                      0                  158        0.164        0.000                      0                  158        4.500        0.000                       0                   122  


All user specified timing constraints are met.


------------------------------------------------------------------------------------------------
| Clock Summary
| -------------
------------------------------------------------------------------------------------------------

Clock    Waveform(ns)       Period(ns)      Frequency(MHz)
-----    ------------       ----------      --------------
sys_clk  {0.000 5.000}      10.000          100.000         


------------------------------------------------------------------------------------------------
| Intra Clock Table
| -----------------
------------------------------------------------------------------------------------------------

Clock             WNS(ns)      TNS(ns)  TNS Failing Endpoints  TNS Total Endpoints      WHS(ns)      THS(ns)  THS Failing Endpoints  THS Total Endpoints     WPWS(ns)     TPWS(ns)  TPWS Failing Endpoints  TPWS Total Endpoints  
-----             -------      -------  ---------------------  -------------------      -------      -------  ---------------------  -------------------     --------     --------  ----------------------  --------------------  
sys_clk             5.624        0.000                      0                  158        0.164        0.000                      0                  158        4.500        0.000                       0                   122  


------------------------------------------------------------------------------------------------
| Inter Clock Table
| -----------------
------------------------------------------------------------------------------------------------

From Clock    To Clock          WNS(ns)      TNS(ns)  TNS Failing Endpoints  TNS Total Endpoints      WHS(ns)      THS(ns)  THS Failing Endpoints  THS Total Endpoints  
----------    --------          -------      -------  ---------------------  -------------------      -------      -------  ---------------------  -------------------  


------------------------------------------------------------------------------------------------
| Other Path Groups Table
| -----------------------
------------------------------------------------------------------------------------------------

Path Group    From Clock    To Clock          WNS(ns)      TNS(ns)  TNS Failing Endpoints  TNS Total Endpoints      WHS(ns)      THS(ns)  THS Failing Endpoints  THS Total Endpoints  
----------    ----------    --------          -------      -------  ---------------------  -------------------      -------      -------  ---------------------  -------------------  


------------------------------------------------------------------------------------------------
| User Ignored Path Table
| -----------------------
------------------------------------------------------------------------------------------------

Path Group    From Clock    To Clock    
----------    ----------    --------    


------------------------------------------------------------------------------------------------
| Unconstrained Path Table
| ------------------------
------------------------------------------------------------------------------------------------

Path Group    From Clock    To Clock    
----------    ----------    --------    
(none)                                    
(none)        sys_clk                     
(none)                      sys_clk       


------------------------------------------------------------------------------------------------
| Timing Details
| --------------
------------------------------------------------------------------------------------------------


---------------------------------------------------------------------------------------------------
From Clock:  sys_clk
  To Clock:  sys_clk

Setup :            0  Failing Endpoints,  Worst Slack        5.624ns,  Total Violation        0.000ns
Hold  :            0  Failing Endpoints,  Worst Slack        0.164ns,  Total Violation        0.000ns
PW    :            0  Failing Endpoints,  Worst Slack        4.500ns,  Total Violation        0.000ns
---------------------------------------------------------------------------------------------------


Max Delay Paths
--------------------------------------------------------------------------------------
Slack (MET) :             5.624ns  (required time - arrival time)
  Source:                 u_rx/cnt_reg[4]/C
                            (rising edge-triggered cell FDCE clocked by sys_clk  {rise@0.000ns fall@5.000ns period=10.000ns})
  Destination:            u_rx/shift_reg_reg[2]/CE
                            (rising edge-triggered cell FDRE clocked by sys_clk  {rise@0.000ns fall@5.000ns period=10.000ns})
  Path Group:             sys_clk
  Path Type:              Setup (Max at Slow Process Corner)
  Requirement:            10.000ns  (sys_clk rise@10.000ns - sys_clk rise@0.000ns)
  Data Path Delay:        4.109ns  (logic 1.064ns (25.895%)  route 3.045ns (74.105%))
  Logic Levels:           3  (LUT2=1 LUT4=1 LUT6=1)
  Clock Path Skew:        -0.027ns (DCD - SCD + CPR)
    Destination Clock Delay (DCD):    4.872ns = ( 14.872 - 10.000 ) 
    Source Clock Delay      (SCD):    5.171ns
    Clock Pessimism Removal (CPR):    0.272ns
  Clock Uncertainty:      0.035ns  ((TSJ^2 + TIJ^2)^1/2 + DJ) / 2 + PE
    Total System Jitter     (TSJ):    0.071ns
    Total Input Jitter      (TIJ):    0.000ns
    Discrete Jitter          (DJ):    0.000ns
    Phase Error              (PE):    0.000ns

    Location             Delay type                Incr(ns)  Path(ns)    Netlist Resource(s)
  -------------------------------------------------------------------    -------------------
                         (clock sys_clk rise edge)    0.000     0.000 r  
    E3                                                0.000     0.000 r  clk (IN)
                         net (fo=0)                   0.000     0.000    clk
    E3                   IBUF (Prop_ibuf_I_O)         1.489     1.489 r  clk_IBUF_inst/O
                         net (fo=1, routed)           1.967     3.455    clk_IBUF
    BUFGCTRL_X0Y16       BUFG (Prop_bufg_I_O)         0.096     3.551 r  clk_IBUF_BUFG_inst/O
                         net (fo=121, routed)         1.620     5.171    u_rx/CLK
    SLICE_X4Y57          FDCE                                         r  u_rx/cnt_reg[4]/C
  -------------------------------------------------------------------    -------------------
    SLICE_X4Y57          FDCE (Prop_fdce_C_Q)         0.456     5.627 f  u_rx/cnt_reg[4]/Q
                         net (fo=3, routed)           0.987     6.615    u_rx/cnt_reg_n_0_[4]
    SLICE_X3Y59          LUT4 (Prop_lut4_I3_O)        0.152     6.767 f  u_rx/FSM_sequential_state[1]_i_10/O
                         net (fo=3, routed)           0.986     7.753    u_rx/FSM_sequential_state[1]_i_10_n_0
    SLICE_X6Y59          LUT6 (Prop_lut6_I3_O)        0.332     8.085 r  u_rx/shift_reg[7]_i_2/O
                         net (fo=4, routed)           0.595     8.680    u_rx/shift_reg[7]_i_2_n_0
    SLICE_X4Y60          LUT2 (Prop_lut2_I0_O)        0.124     8.804 r  u_rx/shift_reg[7]_i_1/O
                         net (fo=8, routed)           0.477     9.280    u_rx/shift_reg[7]_i_1_n_0
    SLICE_X7Y61          FDRE                                         r  u_rx/shift_reg_reg[2]/CE
  -------------------------------------------------------------------    -------------------

                         (clock sys_clk rise edge)   10.000    10.000 r  
    E3                                                0.000    10.000 r  clk (IN)
                         net (fo=0)                   0.000    10.000    clk
    E3                   IBUF (Prop_ibuf_I_O)         1.418    11.418 r  clk_IBUF_inst/O
                         net (fo=1, routed)           1.862    13.280    clk_IBUF
    BUFGCTRL_X0Y16       BUFG (Prop_bufg_I_O)         0.091    13.371 r  clk_IBUF_BUFG_inst/O
                         net (fo=121, routed)         1.501    14.872    u_rx/CLK
    SLICE_X7Y61          FDRE                                         r  u_rx/shift_reg_reg[2]/C
                         clock pessimism              0.272    15.144    
                         clock uncertainty           -0.035    15.109    
    SLICE_X7Y61          FDRE (Setup_fdre_C_CE)      -0.205    14.904    u_rx/shift_reg_reg[2]
  -------------------------------------------------------------------
                         required time                         14.904    
                         arrival time                          -9.280    
  -------------------------------------------------------------------
                         slack                                  5.624    

Slack (MET) :             5.624ns  (required time - arrival time)
  Source:                 u_rx/cnt_reg[4]/C
                            (rising edge-triggered cell FDCE clocked by sys_clk  {rise@0.000ns fall@5.000ns period=10.000ns})
  Destination:            u_rx/shift_reg_reg[3]/CE
                            (rising edge-triggered cell FDRE clocked by sys_clk  {rise@0.000ns fall@5.000ns period=10.000ns})
  Path Group:             sys_clk
  Path Type:              Setup (Max at Slow Process Corner)
  Requirement:            10.000ns  (sys_clk rise@10.000ns - sys_clk rise@0.000ns)
  Data Path Delay:        4.109ns  (logic 1.064ns (25.895%)  route 3.045ns (74.105%))
  Logic Levels:           3  (LUT2=1 LUT4=1 LUT6=1)
  Clock Path Skew:        -0.027ns (DCD - SCD + CPR)
    Destination Clock Delay (DCD):    4.872ns = ( 14.872 - 10.000 ) 
    Source Clock Delay      (SCD):    5.171ns
    Clock Pessimism Removal (CPR):    0.272ns
  Clock Uncertainty:      0.035ns  ((TSJ^2 + TIJ^2)^1/2 + DJ) / 2 + PE
    Total System Jitter     (TSJ):    0.071ns
    Total Input Jitter      (TIJ):    0.000ns
    Discrete Jitter          (DJ):    0.000ns
    Phase Error              (PE):    0.000ns

    Location             Delay type                Incr(ns)  Path(ns)    Netlist Resource(s)
  -------------------------------------------------------------------    -------------------
                         (clock sys_clk rise edge)    0.000     0.000 r  
    E3                                                0.000     0.000 r  clk (IN)
                         net (fo=0)                   0.000     0.000    clk
    E3                   IBUF (Prop_ibuf_I_O)         1.489     1.489 r  clk_IBUF_inst/O
                         net (fo=1, routed)           1.967     3.455    clk_IBUF
    BUFGCTRL_X0Y16       BUFG (Prop_bufg_I_O)         0.096     3.551 r  clk_IBUF_BUFG_inst/O
                         net (fo=121, routed)         1.620     5.171    u_rx/CLK
    SLICE_X4Y57          FDCE                                         r  u_rx/cnt_reg[4]/C
  -------------------------------------------------------------------    -------------------
    SLICE_X4Y57          FDCE (Prop_fdce_C_Q)         0.456     5.627 f  u_rx/cnt_reg[4]/Q
                         net (fo=3, routed)           0.987     6.615    u_rx/cnt_reg_n_0_[4]
    SLICE_X3Y59          LUT4 (Prop_lut4_I3_O)        0.152     6.767 f  u_rx/FSM_sequential_state[1]_i_10/O
                         net (fo=3, routed)           0.986     7.753    u_rx/FSM_sequential_state[1]_i_10_n_0
    SLICE_X6Y59          LUT6 (Prop_lut6_I3_O)        0.332     8.085 r  u_rx/shift_reg[7]_i_2/O
                         net (fo=4, routed)           0.595     8.680    u_rx/shift_reg[7]_i_2_n_0
    SLICE_X4Y60          LUT2 (Prop_lut2_I0_O)        0.124     8.804 r  u_rx/shift_reg[7]_i_1/O
                         net (fo=8, routed)           0.477     9.280    u_rx/shift_reg[7]_i_1_n_0
    SLICE_X7Y61          FDRE                                         r  u_rx/shift_reg_reg[3]/CE
  -------------------------------------------------------------------    -------------------

                         (clock sys_clk rise edge)   10.000    10.000 r  
    E3                                                0.000    10.000 r  clk (IN)
                         net (fo=0)                   0.000    10.000    clk
    E3                   IBUF (Prop_ibuf_I_O)         1.418    11.418 r  clk_IBUF_inst/O
                         net (fo=1, routed)           1.862    13.280    clk_IBUF
    BUFGCTRL_X0Y16       BUFG (Prop_bufg_I_O)         0.091    13.371 r  clk_IBUF_BUFG_inst/O
                         net (fo=121, routed)         1.501    14.872    u_rx/CLK
    SLICE_X7Y61          FDRE                                         r  u_rx/shift_reg_reg[3]/C
                         clock pessimism              0.272    15.144    
                         clock uncertainty           -0.035    15.109    
    SLICE_X7Y61          FDRE (Setup_fdre_C_CE)      -0.205    14.904    u_rx/shift_reg_reg[3]
  -------------------------------------------------------------------
                         required time                         14.904    
                         arrival time                          -9.280    
  -------------------------------------------------------------------
                         slack                                  5.624    

Slack (MET) :             5.624ns  (required time - arrival time)
  Source:                 u_rx/cnt_reg[4]/C
                            (rising edge-triggered cell FDCE clocked by sys_clk  {rise@0.000ns fall@5.000ns period=10.000ns})
  Destination:            u_rx/shift_reg_reg[4]/CE
                            (rising edge-triggered cell FDRE clocked by sys_clk  {rise@0.000ns fall@5.000ns period=10.000ns})
  Path Group:             sys_clk
  Path Type:              Setup (Max at Slow Process Corner)
  Requirement:            10.000ns  (sys_clk rise@10.000ns - sys_clk rise@0.000ns)
  Data Path Delay:        4.109ns  (logic 1.064ns (25.895%)  route 3.045ns (74.105%))
  Logic Levels:           3  (LUT2=1 LUT4=1 LUT6=1)
  Clock Path Skew:        -0.027ns (DCD - SCD + CPR)
    Destination Clock Delay (DCD):    4.872ns = ( 14.872 - 10.000 ) 
    Source Clock Delay      (SCD):    5.171ns
    Clock Pessimism Removal (CPR):    0.272ns
  Clock Uncertainty:      0.035ns  ((TSJ^2 + TIJ^2)^1/2 + DJ) / 2 + PE
    Total System Jitter     (TSJ):    0.071ns
    Total Input Jitter      (TIJ):    0.000ns
    Discrete Jitter          (DJ):    0.000ns
    Phase Error              (PE):    0.000ns

    Location             Delay type                Incr(ns)  Path(ns)    Netlist Resource(s)
  -------------------------------------------------------------------    -------------------
                         (clock sys_clk rise edge)    0.000     0.000 r  
    E3                                                0.000     0.000 r  clk (IN)
                         net (fo=0)                   0.000     0.000    clk
    E3                   IBUF (Prop_ibuf_I_O)         1.489     1.489 r  clk_IBUF_inst/O
                         net (fo=1, routed)           1.967     3.455    clk_IBUF
    BUFGCTRL_X0Y16       BUFG (Prop_bufg_I_O)         0.096     3.551 r  clk_IBUF_BUFG_inst/O
                         net (fo=121, routed)         1.620     5.171    u_rx/CLK
    SLICE_X4Y57          FDCE                                         r  u_rx/cnt_reg[4]/C
  -------------------------------------------------------------------    -------------------
    SLICE_X4Y57          FDCE (Prop_fdce_C_Q)         0.456     5.627 f  u_rx/cnt_reg[4]/Q
                         net (fo=3, routed)           0.987     6.615    u_rx/cnt_reg_n_0_[4]
    SLICE_X3Y59          LUT4 (Prop_lut4_I3_O)        0.152     6.767 f  u_rx/FSM_sequential_state[1]_i_10/O
                         net (fo=3, routed)           0.986     7.753    u_rx/FSM_sequential_state[1]_i_10_n_0
    SLICE_X6Y59          LUT6 (Prop_lut6_I3_O)        0.332     8.085 r  u_rx/shift_reg[7]_i_2/O
                         net (fo=4, routed)           0.595     8.680    u_rx/shift_reg[7]_i_2_n_0
    SLICE_X4Y60          LUT2 (Prop_lut2_I0_O)        0.124     8.804 r  u_rx/shift_reg[7]_i_1/O
                         net (fo=8, routed)           0.477     9.280    u_rx/shift_reg[7]_i_1_n_0
    SLICE_X7Y61          FDRE                                         r  u_rx/shift_reg_reg[4]/CE
  -------------------------------------------------------------------    -------------------

                         (clock sys_clk rise edge)   10.000    10.000 r  
    E3                                                0.000    10.000 r  clk (IN)
                         net (fo=0)                   0.000    10.000    clk
    E3                   IBUF (Prop_ibuf_I_O)         1.418    11.418 r  clk_IBUF_inst/O
                         net (fo=1, routed)           1.862    13.280    clk_IBUF
    BUFGCTRL_X0Y16       BUFG (Prop_bufg_I_O)         0.091    13.371 r  clk_IBUF_BUFG_inst/O
                         net (fo=121, routed)         1.501    14.872    u_rx/CLK
    SLICE_X7Y61          FDRE                                         r  u_rx/shift_reg_reg[4]/C
                         clock pessimism              0.272    15.144    
                         clock uncertainty           -0.035    15.109    
    SLICE_X7Y61          FDRE (Setup_fdre_C_CE)      -0.205    14.904    u_rx/shift_reg_reg[4]
  -------------------------------------------------------------------
                         required time                         14.904    
                         arrival time                          -9.280    
  -------------------------------------------------------------------
                         slack                                  5.624    

Slack (MET) :             5.624ns  (required time - arrival time)
  Source:                 u_rx/cnt_reg[4]/C
                            (rising edge-triggered cell FDCE clocked by sys_clk  {rise@0.000ns fall@5.000ns period=10.000ns})
  Destination:            u_rx/shift_reg_reg[5]/CE
                            (rising edge-triggered cell FDRE clocked by sys_clk  {rise@0.000ns fall@5.000ns period=10.000ns})
  Path Group:             sys_clk
  Path Type:              Setup (Max at Slow Process Corner)
  Requirement:            10.000ns  (sys_clk rise@10.000ns - sys_clk rise@0.000ns)
  Data Path Delay:        4.109ns  (logic 1.064ns (25.895%)  route 3.045ns (74.105%))
  Logic Levels:           3  (LUT2=1 LUT4=1 LUT6=1)
  Clock Path Skew:        -0.027ns (DCD - SCD + CPR)
    Destination Clock Delay (DCD):    4.872ns = ( 14.872 - 10.000 ) 
    Source Clock Delay      (SCD):    5.171ns
    Clock Pessimism Removal (CPR):    0.272ns
  Clock Uncertainty:      0.035ns  ((TSJ^2 + TIJ^2)^1/2 + DJ) / 2 + PE
    Total System Jitter     (TSJ):    0.071ns
    Total Input Jitter      (TIJ):    0.000ns
    Discrete Jitter          (DJ):    0.000ns
    Phase Error              (PE):    0.000ns

    Location             Delay type                Incr(ns)  Path(ns)    Netlist Resource(s)
  -------------------------------------------------------------------    -------------------
                         (clock sys_clk rise edge)    0.000     0.000 r  
    E3                                                0.000     0.000 r  clk (IN)
                         net (fo=0)                   0.000     0.000    clk
    E3                   IBUF (Prop_ibuf_I_O)         1.489     1.489 r  clk_IBUF_inst/O
                         net (fo=1, routed)           1.967     3.455    clk_IBUF
    BUFGCTRL_X0Y16       BUFG (Prop_bufg_I_O)         0.096     3.551 r  clk_IBUF_BUFG_inst/O
                         net (fo=121, routed)         1.620     5.171    u_rx/CLK
    SLICE_X4Y57          FDCE                                         r  u_rx/cnt_reg[4]/C
  -------------------------------------------------------------------    -------------------
    SLICE_X4Y57          FDCE (Prop_fdce_C_Q)         0.456     5.627 f  u_rx/cnt_reg[4]/Q
                         net (fo=3, routed)           0.987     6.615    u_rx/cnt_reg_n_0_[4]
    SLICE_X3Y59          LUT4 (Prop_lut4_I3_O)        0.152     6.767 f  u_rx/FSM_sequential_state[1]_i_10/O
                         net (fo=3, routed)           0.986     7.753    u_rx/FSM_sequential_state[1]_i_10_n_0
    SLICE_X6Y59          LUT6 (Prop_lut6_I3_O)        0.332     8.085 r  u_rx/shift_reg[7]_i_2/O
                         net (fo=4, routed)           0.595     8.680    u_rx/shift_reg[7]_i_2_n_0
    SLICE_X4Y60          LUT2 (Prop_lut2_I0_O)        0.124     8.804 r  u_rx/shift_reg[7]_i_1/O
                         net (fo=8, routed)           0.477     9.280    u_rx/shift_reg[7]_i_1_n_0
    SLICE_X7Y61          FDRE                                         r  u_rx/shift_reg_reg[5]/CE
  -------------------------------------------------------------------    -------------------

                         (clock sys_clk rise edge)   10.000    10.000 r  
    E3                                                0.000    10.000 r  clk (IN)
                         net (fo=0)                   0.000    10.000    clk
    E3                   IBUF (Prop_ibuf_I_O)         1.418    11.418 r  clk_IBUF_inst/O
                         net (fo=1, routed)           1.862    13.280    clk_IBUF
    BUFGCTRL_X0Y16       BUFG (Prop_bufg_I_O)         0.091    13.371 r  clk_IBUF_BUFG_inst/O
                         net (fo=121, routed)         1.501    14.872    u_rx/CLK
    SLICE_X7Y61          FDRE                                         r  u_rx/shift_reg_reg[5]/C
                         clock pessimism              0.272    15.144    
                         clock uncertainty           -0.035    15.109    
    SLICE_X7Y61          FDRE (Setup_fdre_C_CE)      -0.205    14.904    u_rx/shift_reg_reg[5]
  -------------------------------------------------------------------
                         required time                         14.904    
                         arrival time                          -9.280    
  -------------------------------------------------------------------
                         slack                                  5.624    

Slack (MET) :             5.624ns  (required time - arrival time)
  Source:                 u_rx/cnt_reg[4]/C
                            (rising edge-triggered cell FDCE clocked by sys_clk  {rise@0.000ns fall@5.000ns period=10.000ns})
  Destination:            u_rx/shift_reg_reg[6]/CE
                            (rising edge-triggered cell FDRE clocked by sys_clk  {rise@0.000ns fall@5.000ns period=10.000ns})
  Path Group:             sys_clk
  Path Type:              Setup (Max at Slow Process Corner)
  Requirement:            10.000ns  (sys_clk rise@10.000ns - sys_clk rise@0.000ns)
  Data Path Delay:        4.109ns  (logic 1.064ns (25.895%)  route 3.045ns (74.105%))
  Logic Levels:           3  (LUT2=1 LUT4=1 LUT6=1)
  Clock Path Skew:        -0.027ns (DCD - SCD + CPR)
    Destination Clock Delay (DCD):    4.872ns = ( 14.872 - 10.000 ) 
    Source Clock Delay      (SCD):    5.171ns
    Clock Pessimism Removal (CPR):    0.272ns
  Clock Uncertainty:      0.035ns  ((TSJ^2 + TIJ^2)^1/2 + DJ) / 2 + PE
    Total System Jitter     (TSJ):    0.071ns
    Total Input Jitter      (TIJ):    0.000ns
    Discrete Jitter          (DJ):    0.000ns
    Phase Error              (PE):    0.000ns

    Location             Delay type                Incr(ns)  Path(ns)    Netlist Resource(s)
  -------------------------------------------------------------------    -------------------
                         (clock sys_clk rise edge)    0.000     0.000 r  
    E3                                                0.000     0.000 r  clk (IN)
                         net (fo=0)                   0.000     0.000    clk
    E3                   IBUF (Prop_ibuf_I_O)         1.489     1.489 r  clk_IBUF_inst/O
                         net (fo=1, routed)           1.967     3.455    clk_IBUF
    BUFGCTRL_X0Y16       BUFG (Prop_bufg_I_O)         0.096     3.551 r  clk_IBUF_BUFG_inst/O
                         net (fo=121, routed)         1.620     5.171    u_rx/CLK
    SLICE_X4Y57          FDCE                                         r  u_rx/cnt_reg[4]/C
  -------------------------------------------------------------------    -------------------
    SLICE_X4Y57          FDCE (Prop_fdce_C_Q)         0.456     5.627 f  u_rx/cnt_reg[4]/Q
                         net (fo=3, routed)           0.987     6.615    u_rx/cnt_reg_n_0_[4]
    SLICE_X3Y59          LUT4 (Prop_lut4_I3_O)        0.152     6.767 f  u_rx/FSM_sequential_state[1]_i_10/O
                         net (fo=3, routed)           0.986     7.753    u_rx/FSM_sequential_state[1]_i_10_n_0
    SLICE_X6Y59          LUT6 (Prop_lut6_I3_O)        0.332     8.085 r  u_rx/shift_reg[7]_i_2/O
                         net (fo=4, routed)           0.595     8.680    u_rx/shift_reg[7]_i_2_n_0
    SLICE_X4Y60          LUT2 (Prop_lut2_I0_O)        0.124     8.804 r  u_rx/shift_reg[7]_i_1/O
                         net (fo=8, routed)           0.477     9.280    u_rx/shift_reg[7]_i_1_n_0
    SLICE_X7Y61          FDRE                                         r  u_rx/shift_reg_reg[6]/CE
  -------------------------------------------------------------------    -------------------

                         (clock sys_clk rise edge)   10.000    10.000 r  
    E3                                                0.000    10.000 r  clk (IN)
                         net (fo=0)                   0.000    10.000    clk
    E3                   IBUF (Prop_ibuf_I_O)         1.418    11.418 r  clk_IBUF_inst/O
                         net (fo=1, routed)           1.862    13.280    clk_IBUF
    BUFGCTRL_X0Y16       BUFG (Prop_bufg_I_O)         0.091    13.371 r  clk_IBUF_BUFG_inst/O
                         net (fo=121, routed)         1.501    14.872    u_rx/CLK
    SLICE_X7Y61          FDRE                                         r  u_rx/shift_reg_reg[6]/C
                         clock pessimism              0.272    15.144    
                         clock uncertainty           -0.035    15.109    
    SLICE_X7Y61          FDRE (Setup_fdre_C_CE)      -0.205    14.904    u_rx/shift_reg_reg[6]
  -------------------------------------------------------------------
                         required time                         14.904    
                         arrival time                          -9.280    
  -------------------------------------------------------------------
                         slack                                  5.624    

Slack (MET) :             5.624ns  (required time - arrival time)
  Source:                 u_rx/cnt_reg[4]/C
                            (rising edge-triggered cell FDCE clocked by sys_clk  {rise@0.000ns fall@5.000ns period=10.000ns})
  Destination:            u_rx/shift_reg_reg[7]/CE
                            (rising edge-triggered cell FDRE clocked by sys_clk  {rise@0.000ns fall@5.000ns period=10.000ns})
  Path Group:             sys_clk
  Path Type:              Setup (Max at Slow Process Corner)
  Requirement:            10.000ns  (sys_clk rise@10.000ns - sys_clk rise@0.000ns)
  Data Path Delay:        4.109ns  (logic 1.064ns (25.895%)  route 3.045ns (74.105%))
  Logic Levels:           3  (LUT2=1 LUT4=1 LUT6=1)
  Clock Path Skew:        -0.027ns (DCD - SCD + CPR)
    Destination Clock Delay (DCD):    4.872ns = ( 14.872 - 10.000 ) 
    Source Clock Delay      (SCD):    5.171ns
    Clock Pessimism Removal (CPR):    0.272ns
  Clock Uncertainty:      0.035ns  ((TSJ^2 + TIJ^2)^1/2 + DJ) / 2 + PE
    Total System Jitter     (TSJ):    0.071ns
    Total Input Jitter      (TIJ):    0.000ns
    Discrete Jitter          (DJ):    0.000ns
    Phase Error              (PE):    0.000ns

    Location             Delay type                Incr(ns)  Path(ns)    Netlist Resource(s)
  -------------------------------------------------------------------    -------------------
                         (clock sys_clk rise edge)    0.000     0.000 r  
    E3                                                0.000     0.000 r  clk (IN)
                         net (fo=0)                   0.000     0.000    clk
    E3                   IBUF (Prop_ibuf_I_O)         1.489     1.489 r  clk_IBUF_inst/O
                         net (fo=1, routed)           1.967     3.455    clk_IBUF
    BUFGCTRL_X0Y16       BUFG (Prop_bufg_I_O)         0.096     3.551 r  clk_IBUF_BUFG_inst/O
                         net (fo=121, routed)         1.620     5.171    u_rx/CLK
    SLICE_X4Y57          FDCE                                         r  u_rx/cnt_reg[4]/C
  -------------------------------------------------------------------    -------------------
    SLICE_X4Y57          FDCE (Prop_fdce_C_Q)         0.456     5.627 f  u_rx/cnt_reg[4]/Q
                         net (fo=3, routed)           0.987     6.615    u_rx/cnt_reg_n_0_[4]
    SLICE_X3Y59          LUT4 (Prop_lut4_I3_O)        0.152     6.767 f  u_rx/FSM_sequential_state[1]_i_10/O
                         net (fo=3, routed)           0.986     7.753    u_rx/FSM_sequential_state[1]_i_10_n_0
    SLICE_X6Y59          LUT6 (Prop_lut6_I3_O)        0.332     8.085 r  u_rx/shift_reg[7]_i_2/O
                         net (fo=4, routed)           0.595     8.680    u_rx/shift_reg[7]_i_2_n_0
    SLICE_X4Y60          LUT2 (Prop_lut2_I0_O)        0.124     8.804 r  u_rx/shift_reg[7]_i_1/O
                         net (fo=8, routed)           0.477     9.280    u_rx/shift_reg[7]_i_1_n_0
    SLICE_X7Y61          FDRE                                         r  u_rx/shift_reg_reg[7]/CE
  -------------------------------------------------------------------    -------------------

                         (clock sys_clk rise edge)   10.000    10.000 r  
    E3                                                0.000    10.000 r  clk (IN)
                         net (fo=0)                   0.000    10.000    clk
    E3                   IBUF (Prop_ibuf_I_O)         1.418    11.418 r  clk_IBUF_inst/O
                         net (fo=1, routed)           1.862    13.280    clk_IBUF
    BUFGCTRL_X0Y16       BUFG (Prop_bufg_I_O)         0.091    13.371 r  clk_IBUF_BUFG_inst/O
                         net (fo=121, routed)         1.501    14.872    u_rx/CLK
    SLICE_X7Y61          FDRE                                         r  u_rx/shift_reg_reg[7]/C
                         clock pessimism              0.272    15.144    
                         clock uncertainty           -0.035    15.109    
    SLICE_X7Y61          FDRE (Setup_fdre_C_CE)      -0.205    14.904    u_rx/shift_reg_reg[7]
  -------------------------------------------------------------------
                         required time                         14.904    
                         arrival time                          -9.280    
  -------------------------------------------------------------------
                         slack                                  5.624    

Slack (MET) :             5.803ns  (required time - arrival time)
  Source:                 u_rx/cnt_reg[4]/C
                            (rising edge-triggered cell FDCE clocked by sys_clk  {rise@0.000ns fall@5.000ns period=10.000ns})
  Destination:            u_rx/shift_reg_reg[0]/CE
                            (rising edge-triggered cell FDRE clocked by sys_clk  {rise@0.000ns fall@5.000ns period=10.000ns})
  Path Group:             sys_clk
  Path Type:              Setup (Max at Slow Process Corner)
  Requirement:            10.000ns  (sys_clk rise@10.000ns - sys_clk rise@0.000ns)
  Data Path Delay:        3.967ns  (logic 1.064ns (26.821%)  route 2.903ns (73.179%))
  Logic Levels:           3  (LUT2=1 LUT4=1 LUT6=1)
  Clock Path Skew:        -0.026ns (DCD - SCD + CPR)
    Destination Clock Delay (DCD):    4.873ns = ( 14.873 - 10.000 ) 
    Source Clock Delay      (SCD):    5.171ns
    Clock Pessimism Removal (CPR):    0.272ns
  Clock Uncertainty:      0.035ns  ((TSJ^2 + TIJ^2)^1/2 + DJ) / 2 + PE
    Total System Jitter     (TSJ):    0.071ns
    Total Input Jitter      (TIJ):    0.000ns
    Discrete Jitter          (DJ):    0.000ns
    Phase Error              (PE):    0.000ns

    Location             Delay type                Incr(ns)  Path(ns)    Netlist Resource(s)
  -------------------------------------------------------------------    -------------------
                         (clock sys_clk rise edge)    0.000     0.000 r  
    E3                                                0.000     0.000 r  clk (IN)
                         net (fo=0)                   0.000     0.000    clk
    E3                   IBUF (Prop_ibuf_I_O)         1.489     1.489 r  clk_IBUF_inst/O
                         net (fo=1, routed)           1.967     3.455    clk_IBUF
    BUFGCTRL_X0Y16       BUFG (Prop_bufg_I_O)         0.096     3.551 r  clk_IBUF_BUFG_inst/O
                         net (fo=121, routed)         1.620     5.171    u_rx/CLK
    SLICE_X4Y57          FDCE                                         r  u_rx/cnt_reg[4]/C
  -------------------------------------------------------------------    -------------------
    SLICE_X4Y57          FDCE (Prop_fdce_C_Q)         0.456     5.627 f  u_rx/cnt_reg[4]/Q
                         net (fo=3, routed)           0.987     6.615    u_rx/cnt_reg_n_0_[4]
    SLICE_X3Y59          LUT4 (Prop_lut4_I3_O)        0.152     6.767 f  u_rx/FSM_sequential_state[1]_i_10/O
                         net (fo=3, routed)           0.986     7.753    u_rx/FSM_sequential_state[1]_i_10_n_0
    SLICE_X6Y59          LUT6 (Prop_lut6_I3_O)        0.332     8.085 r  u_rx/shift_reg[7]_i_2/O
                         net (fo=4, routed)           0.595     8.680    u_rx/shift_reg[7]_i_2_n_0
    SLICE_X4Y60          LUT2 (Prop_lut2_I0_O)        0.124     8.804 r  u_rx/shift_reg[7]_i_1/O
                         net (fo=8, routed)           0.335     9.139    u_rx/shift_reg[7]_i_1_n_0
    SLICE_X6Y60          FDRE                                         r  u_rx/shift_reg_reg[0]/CE
  -------------------------------------------------------------------    -------------------

                         (clock sys_clk rise edge)   10.000    10.000 r  
    E3                                                0.000    10.000 r  clk (IN)
                         net (fo=0)                   0.000    10.000    clk
    E3                   IBUF (Prop_ibuf_I_O)         1.418    11.418 r  clk_IBUF_inst/O
                         net (fo=1, routed)           1.862    13.280    clk_IBUF
    BUFGCTRL_X0Y16       BUFG (Prop_bufg_I_O)         0.091    13.371 r  clk_IBUF_BUFG_inst/O
                         net (fo=121, routed)         1.502    14.873    u_rx/CLK
    SLICE_X6Y60          FDRE                                         r  u_rx/shift_reg_reg[0]/C
                         clock pessimism              0.272    15.145    
                         clock uncertainty           -0.035    15.110    
    SLICE_X6Y60          FDRE (Setup_fdre_C_CE)      -0.169    14.941    u_rx/shift_reg_reg[0]
  -------------------------------------------------------------------
                         required time                         14.941    
                         arrival time                          -9.139    
  -------------------------------------------------------------------
                         slack                                  5.803    

Slack (MET) :             5.803ns  (required time - arrival time)
  Source:                 u_rx/cnt_reg[4]/C
                            (rising edge-triggered cell FDCE clocked by sys_clk  {rise@0.000ns fall@5.000ns period=10.000ns})
  Destination:            u_rx/shift_reg_reg[1]/CE
                            (rising edge-triggered cell FDRE clocked by sys_clk  {rise@0.000ns fall@5.000ns period=10.000ns})
  Path Group:             sys_clk
  Path Type:              Setup (Max at Slow Process Corner)
  Requirement:            10.000ns  (sys_clk rise@10.000ns - sys_clk rise@0.000ns)
  Data Path Delay:        3.967ns  (logic 1.064ns (26.821%)  route 2.903ns (73.179%))
  Logic Levels:           3  (LUT2=1 LUT4=1 LUT6=1)
  Clock Path Skew:        -0.026ns (DCD - SCD + CPR)
    Destination Clock Delay (DCD):    4.873ns = ( 14.873 - 10.000 ) 
    Source Clock Delay      (SCD):    5.171ns
    Clock Pessimism Removal (CPR):    0.272ns
  Clock Uncertainty:      0.035ns  ((TSJ^2 + TIJ^2)^1/2 + DJ) / 2 + PE
    Total System Jitter     (TSJ):    0.071ns
    Total Input Jitter      (TIJ):    0.000ns
    Discrete Jitter          (DJ):    0.000ns
    Phase Error              (PE):    0.000ns

    Location             Delay type                Incr(ns)  Path(ns)    Netlist Resource(s)
  -------------------------------------------------------------------    -------------------
                         (clock sys_clk rise edge)    0.000     0.000 r  
    E3                                                0.000     0.000 r  clk (IN)
                         net (fo=0)                   0.000     0.000    clk
    E3                   IBUF (Prop_ibuf_I_O)         1.489     1.489 r  clk_IBUF_inst/O
                         net (fo=1, routed)           1.967     3.455    clk_IBUF
    BUFGCTRL_X0Y16       BUFG (Prop_bufg_I_O)         0.096     3.551 r  clk_IBUF_BUFG_inst/O
                         net (fo=121, routed)         1.620     5.171    u_rx/CLK
    SLICE_X4Y57          FDCE                                         r  u_rx/cnt_reg[4]/C
  -------------------------------------------------------------------    -------------------
    SLICE_X4Y57          FDCE (Prop_fdce_C_Q)         0.456     5.627 f  u_rx/cnt_reg[4]/Q
                         net (fo=3, routed)           0.987     6.615    u_rx/cnt_reg_n_0_[4]
    SLICE_X3Y59          LUT4 (Prop_lut4_I3_O)        0.152     6.767 f  u_rx/FSM_sequential_state[1]_i_10/O
                         net (fo=3, routed)           0.986     7.753    u_rx/FSM_sequential_state[1]_i_10_n_0
    SLICE_X6Y59          LUT6 (Prop_lut6_I3_O)        0.332     8.085 r  u_rx/shift_reg[7]_i_2/O
                         net (fo=4, routed)           0.595     8.680    u_rx/shift_reg[7]_i_2_n_0
    SLICE_X4Y60          LUT2 (Prop_lut2_I0_O)        0.124     8.804 r  u_rx/shift_reg[7]_i_1/O
                         net (fo=8, routed)           0.335     9.139    u_rx/shift_reg[7]_i_1_n_0
    SLICE_X6Y60          FDRE                                         r  u_rx/shift_reg_reg[1]/CE
  -------------------------------------------------------------------    -------------------

                         (clock sys_clk rise edge)   10.000    10.000 r  
    E3                                                0.000    10.000 r  clk (IN)
                         net (fo=0)                   0.000    10.000    clk
    E3                   IBUF (Prop_ibuf_I_O)         1.418    11.418 r  clk_IBUF_inst/O
                         net (fo=1, routed)           1.862    13.280    clk_IBUF
    BUFGCTRL_X0Y16       BUFG (Prop_bufg_I_O)         0.091    13.371 r  clk_IBUF_BUFG_inst/O
                         net (fo=121, routed)         1.502    14.873    u_rx/CLK
    SLICE_X6Y60          FDRE                                         r  u_rx/shift_reg_reg[1]/C
                         clock pessimism              0.272    15.145    
                         clock uncertainty           -0.035    15.110    
    SLICE_X6Y60          FDRE (Setup_fdre_C_CE)      -0.169    14.941    u_rx/shift_reg_reg[1]
  -------------------------------------------------------------------
                         required time                         14.941    
                         arrival time                          -9.139    
  -------------------------------------------------------------------
                         slack                                  5.803    

Slack (MET) :             5.812ns  (required time - arrival time)
  Source:                 u_rx/cnt_reg[5]/C
                            (rising edge-triggered cell FDCE clocked by sys_clk  {rise@0.000ns fall@5.000ns period=10.000ns})
  Destination:            u_rx/data_out_reg[3]/CE
                            (rising edge-triggered cell FDCE clocked by sys_clk  {rise@0.000ns fall@5.000ns period=10.000ns})
  Path Group:             sys_clk
  Path Type:              Setup (Max at Slow Process Corner)
  Requirement:            10.000ns  (sys_clk rise@10.000ns - sys_clk rise@0.000ns)
  Data Path Delay:        3.957ns  (logic 0.828ns (20.926%)  route 3.129ns (79.074%))
  Logic Levels:           3  (LUT3=1 LUT4=1 LUT5=1)
  Clock Path Skew:        -0.027ns (DCD - SCD + CPR)
    Destination Clock Delay (DCD):    4.872ns = ( 14.872 - 10.000 ) 
    Source Clock Delay      (SCD):    5.171ns
    Clock Pessimism Removal (CPR):    0.272ns
  Clock Uncertainty:      0.035ns  ((TSJ^2 + TIJ^2)^1/2 + DJ) / 2 + PE
    Total System Jitter     (TSJ):    0.071ns
    Total Input Jitter      (TIJ):    0.000ns
    Discrete Jitter          (DJ):    0.000ns
    Phase Error              (PE):    0.000ns

    Location             Delay type                Incr(ns)  Path(ns)    Netlist Resource(s)
  -------------------------------------------------------------------    -------------------
                         (clock sys_clk rise edge)    0.000     0.000 r  
    E3                                                0.000     0.000 r  clk (IN)
                         net (fo=0)                   0.000     0.000    clk
    E3                   IBUF (Prop_ibuf_I_O)         1.489     1.489 r  clk_IBUF_inst/O
                         net (fo=1, routed)           1.967     3.455    clk_IBUF
    BUFGCTRL_X0Y16       BUFG (Prop_bufg_I_O)         0.096     3.551 r  clk_IBUF_BUFG_inst/O
                         net (fo=121, routed)         1.620     5.171    u_rx/CLK
    SLICE_X4Y58          FDCE                                         r  u_rx/cnt_reg[5]/C
  -------------------------------------------------------------------    -------------------
    SLICE_X4Y58          FDCE (Prop_fdce_C_Q)         0.456     5.627 r  u_rx/cnt_reg[5]/Q
                         net (fo=5, routed)           0.996     6.624    u_rx/cnt_reg_n_0_[5]
    SLICE_X3Y59          LUT3 (Prop_lut3_I0_O)        0.124     6.748 r  u_rx/FSM_sequential_state[1]_i_11/O
                         net (fo=2, routed)           0.847     7.595    u_rx/FSM_sequential_state[1]_i_11_n_0
    SLICE_X6Y59          LUT5 (Prop_lut5_I2_O)        0.124     7.719 r  u_rx/FSM_sequential_state[1]_i_3/O
                         net (fo=3, routed)           0.662     8.381    u_rx/FSM_sequential_state[1]_i_3_n_0
    SLICE_X6Y59          LUT4 (Prop_lut4_I3_O)        0.124     8.505 r  u_rx/data_out[7]_i_1/O
                         net (fo=9, routed)           0.624     9.128    u_rx/data_out[7]_i_1_n_0
    SLICE_X6Y61          FDCE                                         r  u_rx/data_out_reg[3]/CE
  -------------------------------------------------------------------    -------------------

                         (clock sys_clk rise edge)   10.000    10.000 r  
    E3                                                0.000    10.000 r  clk (IN)
                         net (fo=0)                   0.000    10.000    clk
    E3                   IBUF (Prop_ibuf_I_O)         1.418    11.418 r  clk_IBUF_inst/O
                         net (fo=1, routed)           1.862    13.280    clk_IBUF
    BUFGCTRL_X0Y16       BUFG (Prop_bufg_I_O)         0.091    13.371 r  clk_IBUF_BUFG_inst/O
                         net (fo=121, routed)         1.501    14.872    u_rx/CLK
    SLICE_X6Y61          FDCE                                         r  u_rx/data_out_reg[3]/C
                         clock pessimism              0.272    15.144    
                         clock uncertainty           -0.035    15.109    
    SLICE_X6Y61          FDCE (Setup_fdce_C_CE)      -0.169    14.940    u_rx/data_out_reg[3]
  -------------------------------------------------------------------
                         required time                         14.940    
                         arrival time                          -9.128    
  -------------------------------------------------------------------
                         slack                                  5.812    

Slack (MET) :             5.812ns  (required time - arrival time)
  Source:                 u_rx/cnt_reg[5]/C
                            (rising edge-triggered cell FDCE clocked by sys_clk  {rise@0.000ns fall@5.000ns period=10.000ns})
  Destination:            u_rx/data_out_reg[4]/CE
                            (rising edge-triggered cell FDCE clocked by sys_clk  {rise@0.000ns fall@5.000ns period=10.000ns})
  Path Group:             sys_clk
  Path Type:              Setup (Max at Slow Process Corner)
  Requirement:            10.000ns  (sys_clk rise@10.000ns - sys_clk rise@0.000ns)
  Data Path Delay:        3.957ns  (logic 0.828ns (20.926%)  route 3.129ns (79.074%))
  Logic Levels:           3  (LUT3=1 LUT4=1 LUT5=1)
  Clock Path Skew:        -0.027ns (DCD - SCD + CPR)
    Destination Clock Delay (DCD):    4.872ns = ( 14.872 - 10.000 ) 
    Source Clock Delay      (SCD):    5.171ns
    Clock Pessimism Removal (CPR):    0.272ns
  Clock Uncertainty:      0.035ns  ((TSJ^2 + TIJ^2)^1/2 + DJ) / 2 + PE
    Total System Jitter     (TSJ):    0.071ns
    Total Input Jitter      (TIJ):    0.000ns
    Discrete Jitter          (DJ):    0.000ns
    Phase Error              (PE):    0.000ns

    Location             Delay type                Incr(ns)  Path(ns)    Netlist Resource(s)
  -------------------------------------------------------------------    -------------------
                         (clock sys_clk rise edge)    0.000     0.000 r  
    E3                                                0.000     0.000 r  clk (IN)
                         net (fo=0)                   0.000     0.000    clk
    E3                   IBUF (Prop_ibuf_I_O)         1.489     1.489 r  clk_IBUF_inst/O
                         net (fo=1, routed)           1.967     3.455    clk_IBUF
    BUFGCTRL_X0Y16       BUFG (Prop_bufg_I_O)         0.096     3.551 r  clk_IBUF_BUFG_inst/O
                         net (fo=121, routed)         1.620     5.171    u_rx/CLK
    SLICE_X4Y58          FDCE                                         r  u_rx/cnt_reg[5]/C
  -------------------------------------------------------------------    -------------------
    SLICE_X4Y58          FDCE (Prop_fdce_C_Q)         0.456     5.627 r  u_rx/cnt_reg[5]/Q
                         net (fo=5, routed)           0.996     6.624    u_rx/cnt_reg_n_0_[5]
    SLICE_X3Y59          LUT3 (Prop_lut3_I0_O)        0.124     6.748 r  u_rx/FSM_sequential_state[1]_i_11/O
                         net (fo=2, routed)           0.847     7.595    u_rx/FSM_sequential_state[1]_i_11_n_0
    SLICE_X6Y59          LUT5 (Prop_lut5_I2_O)        0.124     7.719 r  u_rx/FSM_sequential_state[1]_i_3/O
                         net (fo=3, routed)           0.662     8.381    u_rx/FSM_sequential_state[1]_i_3_n_0
    SLICE_X6Y59          LUT4 (Prop_lut4_I3_O)        0.124     8.505 r  u_rx/data_out[7]_i_1/O
                         net (fo=9, routed)           0.624     9.128    u_rx/data_out[7]_i_1_n_0
    SLICE_X6Y61          FDCE                                         r  u_rx/data_out_reg[4]/CE
  -------------------------------------------------------------------    -------------------

                         (clock sys_clk rise edge)   10.000    10.000 r  
    E3                                                0.000    10.000 r  clk (IN)
                         net (fo=0)                   0.000    10.000    clk
    E3                   IBUF (Prop_ibuf_I_O)         1.418    11.418 r  clk_IBUF_inst/O
                         net (fo=1, routed)           1.862    13.280    clk_IBUF
    BUFGCTRL_X0Y16       BUFG (Prop_bufg_I_O)         0.091    13.371 r  clk_IBUF_BUFG_inst/O
                         net (fo=121, routed)         1.501    14.872    u_rx/CLK
    SLICE_X6Y61          FDCE                                         r  u_rx/data_out_reg[4]/C
                         clock pessimism              0.272    15.144    
                         clock uncertainty           -0.035    15.109    
    SLICE_X6Y61          FDCE (Setup_fdce_C_CE)      -0.169    14.940    u_rx/data_out_reg[4]
  -------------------------------------------------------------------
                         required time                         14.940    
                         arrival time                          -9.128    
  -------------------------------------------------------------------
                         slack                                  5.812    





Min Delay Paths
--------------------------------------------------------------------------------------
Slack (MET) :             0.164ns  (arrival time - required time)
  Source:                 u_rx/data_out_reg[5]/C
                            (rising edge-triggered cell FDCE clocked by sys_clk  {rise@0.000ns fall@5.000ns period=10.000ns})
  Destination:            u_fsm/last_rx_reg[5]/D
                            (rising edge-triggered cell FDCE clocked by sys_clk  {rise@0.000ns fall@5.000ns period=10.000ns})
  Path Group:             sys_clk
  Path Type:              Hold (Min at Fast Process Corner)
  Requirement:            0.000ns  (sys_clk rise@0.000ns - sys_clk rise@0.000ns)
  Data Path Delay:        0.266ns  (logic 0.141ns (53.030%)  route 0.125ns (46.970%))
  Logic Levels:           0  
  Clock Path Skew:        0.039ns (DCD - SCD - CPR)
    Destination Clock Delay (DCD):    2.018ns
    Source Clock Delay      (SCD):    1.500ns
    Clock Pessimism Removal (CPR):    0.478ns

    Location             Delay type                Incr(ns)  Path(ns)    Netlist Resource(s)
  -------------------------------------------------------------------    -------------------
                         (clock sys_clk rise edge)    0.000     0.000 r  
    E3                                                0.000     0.000 r  clk (IN)
                         net (fo=0)                   0.000     0.000    clk
    E3                   IBUF (Prop_ibuf_I_O)         0.257     0.257 r  clk_IBUF_inst/O
                         net (fo=1, routed)           0.631     0.888    clk_IBUF
    BUFGCTRL_X0Y16       BUFG (Prop_bufg_I_O)         0.026     0.914 r  clk_IBUF_BUFG_inst/O
                         net (fo=121, routed)         0.587     1.500    u_rx/CLK
    SLICE_X5Y60          FDCE                                         r  u_rx/data_out_reg[5]/C
  -------------------------------------------------------------------    -------------------
    SLICE_X5Y60          FDCE (Prop_fdce_C_Q)         0.141     1.641 r  u_rx/data_out_reg[5]/Q
                         net (fo=2, routed)           0.125     1.766    u_fsm/last_rx_reg[7]_0[5]
    SLICE_X2Y60          FDCE                                         r  u_fsm/last_rx_reg[5]/D
  -------------------------------------------------------------------    -------------------

                         (clock sys_clk rise edge)    0.000     0.000 r  
    E3                                                0.000     0.000 r  clk (IN)
                         net (fo=0)                   0.000     0.000    clk
    E3                   IBUF (Prop_ibuf_I_O)         0.445     0.445 r  clk_IBUF_inst/O
                         net (fo=1, routed)           0.685     1.129    clk_IBUF
    BUFGCTRL_X0Y16       BUFG (Prop_bufg_I_O)         0.029     1.158 r  clk_IBUF_BUFG_inst/O
                         net (fo=121, routed)         0.860     2.018    u_fsm/CLK
    SLICE_X2Y60          FDCE                                         r  u_fsm/last_rx_reg[5]/C
                         clock pessimism             -0.478     1.539    
    SLICE_X2Y60          FDCE (Hold_fdce_C_D)         0.063     1.602    u_fsm/last_rx_reg[5]
  -------------------------------------------------------------------
                         required time                         -1.602    
                         arrival time                           1.766    
  -------------------------------------------------------------------
                         slack                                  0.164    

Slack (MET) :             0.167ns  (arrival time - required time)
  Source:                 u_fsm/tx_data_reg[6]/C
                            (rising edge-triggered cell FDCE clocked by sys_clk  {rise@0.000ns fall@5.000ns period=10.000ns})
  Destination:            u_tx/tx_shifter_reg[6]/D
                            (rising edge-triggered cell FDCE clocked by sys_clk  {rise@0.000ns fall@5.000ns period=10.000ns})
  Path Group:             sys_clk
  Path Type:              Hold (Min at Fast Process Corner)
  Requirement:            0.000ns  (sys_clk rise@0.000ns - sys_clk rise@0.000ns)
  Data Path Delay:        0.295ns  (logic 0.186ns (63.017%)  route 0.109ns (36.983%))
  Logic Levels:           1  (LUT3=1)
  Clock Path Skew:        0.036ns (DCD - SCD - CPR)
    Destination Clock Delay (DCD):    2.016ns
    Source Clock Delay      (SCD):    1.501ns
    Clock Pessimism Removal (CPR):    0.478ns

    Location             Delay type                Incr(ns)  Path(ns)    Netlist Resource(s)
  -------------------------------------------------------------------    -------------------
                         (clock sys_clk rise edge)    0.000     0.000 r  
    E3                                                0.000     0.000 r  clk (IN)
                         net (fo=0)                   0.000     0.000    clk
    E3                   IBUF (Prop_ibuf_I_O)         0.257     0.257 r  clk_IBUF_inst/O
                         net (fo=1, routed)           0.631     0.888    clk_IBUF
    BUFGCTRL_X0Y16       BUFG (Prop_bufg_I_O)         0.026     0.914 r  clk_IBUF_BUFG_inst/O
                         net (fo=121, routed)         0.588     1.501    u_fsm/CLK
    SLICE_X3Y62          FDCE                                         r  u_fsm/tx_data_reg[6]/C
  -------------------------------------------------------------------    -------------------
    SLICE_X3Y62          FDCE (Prop_fdce_C_Q)         0.141     1.642 r  u_fsm/tx_data_reg[6]/Q
                         net (fo=1, routed)           0.109     1.752    u_tx/Q[6]
    SLICE_X5Y61          LUT3 (Prop_lut3_I2_O)        0.045     1.797 r  u_tx/tx_shifter[6]_i_1/O
                         net (fo=1, routed)           0.000     1.797    u_tx/tx_shifter[6]
    SLICE_X5Y61          FDCE                                         r  u_tx/tx_shifter_reg[6]/D
  -------------------------------------------------------------------    -------------------

                         (clock sys_clk rise edge)    0.000     0.000 r  
    E3                                                0.000     0.000 r  clk (IN)
                         net (fo=0)                   0.000     0.000    clk
    E3                   IBUF (Prop_ibuf_I_O)         0.445     0.445 r  clk_IBUF_inst/O
                         net (fo=1, routed)           0.685     1.129    clk_IBUF
    BUFGCTRL_X0Y16       BUFG (Prop_bufg_I_O)         0.029     1.158 r  clk_IBUF_BUFG_inst/O
                         net (fo=121, routed)         0.858     2.016    u_tx/CLK
    SLICE_X5Y61          FDCE                                         r  u_tx/tx_shifter_reg[6]/C
                         clock pessimism             -0.478     1.537    
    SLICE_X5Y61          FDCE (Hold_fdce_C_D)         0.092     1.629    u_tx/tx_shifter_reg[6]
  -------------------------------------------------------------------
                         required time                         -1.629    
                         arrival time                           1.797    
  -------------------------------------------------------------------
                         slack                                  0.167    

Slack (MET) :             0.168ns  (arrival time - required time)
  Source:                 u_fsm/tx_data_reg[2]/C
                            (rising edge-triggered cell FDCE clocked by sys_clk  {rise@0.000ns fall@5.000ns period=10.000ns})
  Destination:            u_tx/tx_shifter_reg[2]/D
                            (rising edge-triggered cell FDCE clocked by sys_clk  {rise@0.000ns fall@5.000ns period=10.000ns})
  Path Group:             sys_clk
  Path Type:              Hold (Min at Fast Process Corner)
  Requirement:            0.000ns  (sys_clk rise@0.000ns - sys_clk rise@0.000ns)
  Data Path Delay:        0.273ns  (logic 0.186ns (68.212%)  route 0.087ns (31.788%))
  Logic Levels:           1  (LUT3=1)
  Clock Path Skew:        0.013ns (DCD - SCD - CPR)
    Destination Clock Delay (DCD):    2.016ns
    Source Clock Delay      (SCD):    1.500ns
    Clock Pessimism Removal (CPR):    0.502ns

    Location             Delay type                Incr(ns)  Path(ns)    Netlist Resource(s)
  -------------------------------------------------------------------    -------------------
                         (clock sys_clk rise edge)    0.000     0.000 r  
    E3                                                0.000     0.000 r  clk (IN)
                         net (fo=0)                   0.000     0.000    clk
    E3                   IBUF (Prop_ibuf_I_O)         0.257     0.257 r  clk_IBUF_inst/O
                         net (fo=1, routed)           0.631     0.888    clk_IBUF
    BUFGCTRL_X0Y16       BUFG (Prop_bufg_I_O)         0.026     0.914 r  clk_IBUF_BUFG_inst/O
                         net (fo=121, routed)         0.587     1.500    u_fsm/CLK
    SLICE_X4Y61          FDCE                                         r  u_fsm/tx_data_reg[2]/C
  -------------------------------------------------------------------    -------------------
    SLICE_X4Y61          FDCE (Prop_fdce_C_Q)         0.141     1.641 r  u_fsm/tx_data_reg[2]/Q
                         net (fo=1, routed)           0.087     1.728    u_tx/Q[2]
    SLICE_X5Y61          LUT3 (Prop_lut3_I2_O)        0.045     1.773 r  u_tx/tx_shifter[2]_i_1/O
                         net (fo=1, routed)           0.000     1.773    u_tx/tx_shifter[2]
    SLICE_X5Y61          FDCE                                         r  u_tx/tx_shifter_reg[2]/D
  -------------------------------------------------------------------    -------------------

                         (clock sys_clk rise edge)    0.000     0.000 r  
    E3                                                0.000     0.000 r  clk (IN)
                         net (fo=0)                   0.000     0.000    clk
    E3                   IBUF (Prop_ibuf_I_O)         0.445     0.445 r  clk_IBUF_inst/O
                         net (fo=1, routed)           0.685     1.129    clk_IBUF
    BUFGCTRL_X0Y16       BUFG (Prop_bufg_I_O)         0.029     1.158 r  clk_IBUF_BUFG_inst/O
                         net (fo=121, routed)         0.858     2.016    u_tx/CLK
    SLICE_X5Y61          FDCE                                         r  u_tx/tx_shifter_reg[2]/C
                         clock pessimism             -0.502     1.513    
    SLICE_X5Y61          FDCE (Hold_fdce_C_D)         0.092     1.605    u_tx/tx_shifter_reg[2]
  -------------------------------------------------------------------
                         required time                         -1.605    
                         arrival time                           1.773    
  -------------------------------------------------------------------
                         slack                                  0.168    

Slack (MET) :             0.177ns  (arrival time - required time)
  Source:                 u_rx/FSM_sequential_state_reg[0]/C
                            (rising edge-triggered cell FDCE clocked by sys_clk  {rise@0.000ns fall@5.000ns period=10.000ns})
  Destination:            u_rx/FSM_sequential_state_reg[1]/D
                            (rising edge-triggered cell FDCE clocked by sys_clk  {rise@0.000ns fall@5.000ns period=10.000ns})
  Path Group:             sys_clk
  Path Type:              Hold (Min at Fast Process Corner)
  Requirement:            0.000ns  (sys_clk rise@0.000ns - sys_clk rise@0.000ns)
  Data Path Delay:        0.323ns  (logic 0.189ns (58.590%)  route 0.134ns (41.410%))
  Logic Levels:           1  (LUT5=1)
  Clock Path Skew:        0.013ns (DCD - SCD - CPR)
    Destination Clock Delay (DCD):    2.017ns
    Source Clock Delay      (SCD):    1.501ns
    Clock Pessimism Removal (CPR):    0.502ns

    Location             Delay type                Incr(ns)  Path(ns)    Netlist Resource(s)
  -------------------------------------------------------------------    -------------------
                         (clock sys_clk rise edge)    0.000     0.000 r  
    E3                                                0.000     0.000 r  clk (IN)
                         net (fo=0)                   0.000     0.000    clk
    E3                   IBUF (Prop_ibuf_I_O)         0.257     0.257 r  clk_IBUF_inst/O
                         net (fo=1, routed)           0.631     0.888    clk_IBUF
    BUFGCTRL_X0Y16       BUFG (Prop_bufg_I_O)         0.026     0.914 r  clk_IBUF_BUFG_inst/O
                         net (fo=121, routed)         0.588     1.501    u_rx/CLK
    SLICE_X7Y59          FDCE                                         r  u_rx/FSM_sequential_state_reg[0]/C
  -------------------------------------------------------------------    -------------------
    SLICE_X7Y59          FDCE (Prop_fdce_C_Q)         0.141     1.642 r  u_rx/FSM_sequential_state_reg[0]/Q
                         net (fo=21, routed)          0.134     1.776    u_rx/state__0[0]
    SLICE_X6Y59          LUT5 (Prop_lut5_I3_O)        0.048     1.824 r  u_rx/FSM_sequential_state[1]_i_1__0/O
                         net (fo=1, routed)           0.000     1.824    u_rx/FSM_sequential_state[1]_i_1__0_n_0
    SLICE_X6Y59          FDCE                                         r  u_rx/FSM_sequential_state_reg[1]/D
  -------------------------------------------------------------------    -------------------

                         (clock sys_clk rise edge)    0.000     0.000 r  
    E3                                                0.000     0.000 r  clk (IN)
                         net (fo=0)                   0.000     0.000    clk
    E3                   IBUF (Prop_ibuf_I_O)         0.445     0.445 r  clk_IBUF_inst/O
                         net (fo=1, routed)           0.685     1.129    clk_IBUF
    BUFGCTRL_X0Y16       BUFG (Prop_bufg_I_O)         0.029     1.158 r  clk_IBUF_BUFG_inst/O
                         net (fo=121, routed)         0.859     2.017    u_rx/CLK
    SLICE_X6Y59          FDCE                                         r  u_rx/FSM_sequential_state_reg[1]/C
                         clock pessimism             -0.502     1.514    
    SLICE_X6Y59          FDCE (Hold_fdce_C_D)         0.133     1.647    u_rx/FSM_sequential_state_reg[1]
  -------------------------------------------------------------------
                         required time                         -1.647    
                         arrival time                           1.824    
  -------------------------------------------------------------------
                         slack                                  0.177    

Slack (MET) :             0.180ns  (arrival time - required time)
  Source:                 u_rx/shift_reg_reg[7]/C
                            (rising edge-triggered cell FDRE clocked by sys_clk  {rise@0.000ns fall@5.000ns period=10.000ns})
  Destination:            u_rx/data_out_reg[7]/D
                            (rising edge-triggered cell FDCE clocked by sys_clk  {rise@0.000ns fall@5.000ns period=10.000ns})
  Path Group:             sys_clk
  Path Type:              Hold (Min at Fast Process Corner)
  Requirement:            0.000ns  (sys_clk rise@0.000ns - sys_clk rise@0.000ns)
  Data Path Delay:        0.203ns  (logic 0.128ns (62.981%)  route 0.075ns (37.019%))
  Logic Levels:           0  
  Clock Path Skew:        0.013ns (DCD - SCD - CPR)
    Destination Clock Delay (DCD):    2.016ns
    Source Clock Delay      (SCD):    1.500ns
    Clock Pessimism Removal (CPR):    0.502ns

    Location             Delay type                Incr(ns)  Path(ns)    Netlist Resource(s)
  -------------------------------------------------------------------    -------------------
                         (clock sys_clk rise edge)    0.000     0.000 r  
    E3                                                0.000     0.000 r  clk (IN)
                         net (fo=0)                   0.000     0.000    clk
    E3                   IBUF (Prop_ibuf_I_O)         0.257     0.257 r  clk_IBUF_inst/O
                         net (fo=1, routed)           0.631     0.888    clk_IBUF
    BUFGCTRL_X0Y16       BUFG (Prop_bufg_I_O)         0.026     0.914 r  clk_IBUF_BUFG_inst/O
                         net (fo=121, routed)         0.587     1.500    u_rx/CLK
    SLICE_X7Y61          FDRE                                         r  u_rx/shift_reg_reg[7]/C
  -------------------------------------------------------------------    -------------------
    SLICE_X7Y61          FDRE (Prop_fdre_C_Q)         0.128     1.628 r  u_rx/shift_reg_reg[7]/Q
                         net (fo=2, routed)           0.075     1.704    u_rx/shift_reg[7]
    SLICE_X6Y61          FDCE                                         r  u_rx/data_out_reg[7]/D
  -------------------------------------------------------------------    -------------------

                         (clock sys_clk rise edge)    0.000     0.000 r  
    E3                                                0.000     0.000 r  clk (IN)
                         net (fo=0)                   0.000     0.000    clk
    E3                   IBUF (Prop_ibuf_I_O)         0.445     0.445 r  clk_IBUF_inst/O
                         net (fo=1, routed)           0.685     1.129    clk_IBUF
    BUFGCTRL_X0Y16       BUFG (Prop_bufg_I_O)         0.029     1.158 r  clk_IBUF_BUFG_inst/O
                         net (fo=121, routed)         0.858     2.016    u_rx/CLK
    SLICE_X6Y61          FDCE                                         r  u_rx/data_out_reg[7]/C
                         clock pessimism             -0.502     1.513    
    SLICE_X6Y61          FDCE (Hold_fdce_C_D)         0.010     1.523    u_rx/data_out_reg[7]
  -------------------------------------------------------------------
                         required time                         -1.523    
                         arrival time                           1.704    
  -------------------------------------------------------------------
                         slack                                  0.180    

Slack (MET) :             0.181ns  (arrival time - required time)
  Source:                 u_rx/shift_reg_reg[6]/C
                            (rising edge-triggered cell FDRE clocked by sys_clk  {rise@0.000ns fall@5.000ns period=10.000ns})
  Destination:            u_rx/data_out_reg[6]/D
                            (rising edge-triggered cell FDCE clocked by sys_clk  {rise@0.000ns fall@5.000ns period=10.000ns})
  Path Group:             sys_clk
  Path Type:              Hold (Min at Fast Process Corner)
  Requirement:            0.000ns  (sys_clk rise@0.000ns - sys_clk rise@0.000ns)
  Data Path Delay:        0.203ns  (logic 0.128ns (63.063%)  route 0.075ns (36.937%))
  Logic Levels:           0  
  Clock Path Skew:        0.013ns (DCD - SCD - CPR)
    Destination Clock Delay (DCD):    2.016ns
    Source Clock Delay      (SCD):    1.500ns
    Clock Pessimism Removal (CPR):    0.502ns

    Location             Delay type                Incr(ns)  Path(ns)    Netlist Resource(s)
  -------------------------------------------------------------------    -------------------
                         (clock sys_clk rise edge)    0.000     0.000 r  
    E3                                                0.000     0.000 r  clk (IN)
                         net (fo=0)                   0.000     0.000    clk
    E3                   IBUF (Prop_ibuf_I_O)         0.257     0.257 r  clk_IBUF_inst/O
                         net (fo=1, routed)           0.631     0.888    clk_IBUF
    BUFGCTRL_X0Y16       BUFG (Prop_bufg_I_O)         0.026     0.914 r  clk_IBUF_BUFG_inst/O
                         net (fo=121, routed)         0.587     1.500    u_rx/CLK
    SLICE_X7Y61          FDRE                                         r  u_rx/shift_reg_reg[6]/C
  -------------------------------------------------------------------    -------------------
    SLICE_X7Y61          FDRE (Prop_fdre_C_Q)         0.128     1.628 r  u_rx/shift_reg_reg[6]/Q
                         net (fo=2, routed)           0.075     1.703    u_rx/shift_reg[6]
    SLICE_X6Y61          FDCE                                         r  u_rx/data_out_reg[6]/D
  -------------------------------------------------------------------    -------------------

                         (clock sys_clk rise edge)    0.000     0.000 r  
    E3                                                0.000     0.000 r  clk (IN)
                         net (fo=0)                   0.000     0.000    clk
    E3                   IBUF (Prop_ibuf_I_O)         0.445     0.445 r  clk_IBUF_inst/O
                         net (fo=1, routed)           0.685     1.129    clk_IBUF
    BUFGCTRL_X0Y16       BUFG (Prop_bufg_I_O)         0.029     1.158 r  clk_IBUF_BUFG_inst/O
                         net (fo=121, routed)         0.858     2.016    u_rx/CLK
    SLICE_X6Y61          FDCE                                         r  u_rx/data_out_reg[6]/C
                         clock pessimism             -0.502     1.513    
    SLICE_X6Y61          FDCE (Hold_fdce_C_D)         0.009     1.522    u_rx/data_out_reg[6]
  -------------------------------------------------------------------
                         required time                         -1.522    
                         arrival time                           1.703    
  -------------------------------------------------------------------
                         slack                                  0.181    

Slack (MET) :             0.191ns  (arrival time - required time)
  Source:                 u_tx/FSM_sequential_state_reg[0]/C
                            (rising edge-triggered cell FDCE clocked by sys_clk  {rise@0.000ns fall@5.000ns period=10.000ns})
  Destination:            u_tx/bit_idx_reg[1]/D
                            (rising edge-triggered cell FDCE clocked by sys_clk  {rise@0.000ns fall@5.000ns period=10.000ns})
  Path Group:             sys_clk
  Path Type:              Hold (Min at Fast Process Corner)
  Requirement:            0.000ns  (sys_clk rise@0.000ns - sys_clk rise@0.000ns)
  Data Path Delay:        0.296ns  (logic 0.186ns (62.943%)  route 0.110ns (37.057%))
  Logic Levels:           1  (LUT6=1)
  Clock Path Skew:        0.013ns (DCD - SCD - CPR)
    Destination Clock Delay (DCD):    2.014ns
    Source Clock Delay      (SCD):    1.499ns
    Clock Pessimism Removal (CPR):    0.501ns

    Location             Delay type                Incr(ns)  Path(ns)    Netlist Resource(s)
  -------------------------------------------------------------------    -------------------
                         (clock sys_clk rise edge)    0.000     0.000 r  
    E3                                                0.000     0.000 r  clk (IN)
                         net (fo=0)                   0.000     0.000    clk
    E3                   IBUF (Prop_ibuf_I_O)         0.257     0.257 r  clk_IBUF_inst/O
                         net (fo=1, routed)           0.631     0.888    clk_IBUF
    BUFGCTRL_X0Y16       BUFG (Prop_bufg_I_O)         0.026     0.914 r  clk_IBUF_BUFG_inst/O
                         net (fo=121, routed)         0.586     1.499    u_tx/CLK
    SLICE_X4Y62          FDCE                                         r  u_tx/FSM_sequential_state_reg[0]/C
  -------------------------------------------------------------------    -------------------
    SLICE_X4Y62          FDCE (Prop_fdce_C_Q)         0.141     1.640 r  u_tx/FSM_sequential_state_reg[0]/Q
                         net (fo=9, routed)           0.110     1.750    u_tx/state__0[0]
    SLICE_X5Y62          LUT6 (Prop_lut6_I0_O)        0.045     1.795 r  u_tx/bit_idx[1]_i_1/O
                         net (fo=1, routed)           0.000     1.795    u_tx/bit_idx[1]_i_1_n_0
    SLICE_X5Y62          FDCE                                         r  u_tx/bit_idx_reg[1]/D
  -------------------------------------------------------------------    -------------------

                         (clock sys_clk rise edge)    0.000     0.000 r  
    E3                                                0.000     0.000 r  clk (IN)
                         net (fo=0)                   0.000     0.000    clk
    E3                   IBUF (Prop_ibuf_I_O)         0.445     0.445 r  clk_IBUF_inst/O
                         net (fo=1, routed)           0.685     1.129    clk_IBUF
    BUFGCTRL_X0Y16       BUFG (Prop_bufg_I_O)         0.029     1.158 r  clk_IBUF_BUFG_inst/O
                         net (fo=121, routed)         0.856     2.014    u_tx/CLK
    SLICE_X5Y62          FDCE                                         r  u_tx/bit_idx_reg[1]/C
                         clock pessimism             -0.501     1.512    
    SLICE_X5Y62          FDCE (Hold_fdce_C_D)         0.092     1.604    u_tx/bit_idx_reg[1]
  -------------------------------------------------------------------
                         required time                         -1.604    
                         arrival time                           1.795    
  -------------------------------------------------------------------
                         slack                                  0.191    

Slack (MET) :             0.193ns  (arrival time - required time)
  Source:                 u_tx/FSM_sequential_state_reg[0]/C
                            (rising edge-triggered cell FDCE clocked by sys_clk  {rise@0.000ns fall@5.000ns period=10.000ns})
  Destination:            u_tx/bit_idx_reg[0]/D
                            (rising edge-triggered cell FDCE clocked by sys_clk  {rise@0.000ns fall@5.000ns period=10.000ns})
  Path Group:             sys_clk
  Path Type:              Hold (Min at Fast Process Corner)
  Requirement:            0.000ns  (sys_clk rise@0.000ns - sys_clk rise@0.000ns)
  Data Path Delay:        0.297ns  (logic 0.186ns (62.731%)  route 0.111ns (37.269%))
  Logic Levels:           1  (LUT6=1)
  Clock Path Skew:        0.013ns (DCD - SCD - CPR)
    Destination Clock Delay (DCD):    2.014ns
    Source Clock Delay      (SCD):    1.499ns
    Clock Pessimism Removal (CPR):    0.501ns

    Location             Delay type                Incr(ns)  Path(ns)    Netlist Resource(s)
  -------------------------------------------------------------------    -------------------
                         (clock sys_clk rise edge)    0.000     0.000 r  
    E3                                                0.000     0.000 r  clk (IN)
                         net (fo=0)                   0.000     0.000    clk
    E3                   IBUF (Prop_ibuf_I_O)         0.257     0.257 r  clk_IBUF_inst/O
                         net (fo=1, routed)           0.631     0.888    clk_IBUF
    BUFGCTRL_X0Y16       BUFG (Prop_bufg_I_O)         0.026     0.914 r  clk_IBUF_BUFG_inst/O
                         net (fo=121, routed)         0.586     1.499    u_tx/CLK
    SLICE_X4Y62          FDCE                                         r  u_tx/FSM_sequential_state_reg[0]/C
  -------------------------------------------------------------------    -------------------
    SLICE_X4Y62          FDCE (Prop_fdce_C_Q)         0.141     1.640 r  u_tx/FSM_sequential_state_reg[0]/Q
                         net (fo=9, routed)           0.111     1.751    u_tx/state__0[0]
    SLICE_X5Y62          LUT6 (Prop_lut6_I0_O)        0.045     1.796 r  u_tx/bit_idx[0]_i_1/O
                         net (fo=1, routed)           0.000     1.796    u_tx/bit_idx[0]_i_1_n_0
    SLICE_X5Y62          FDCE                                         r  u_tx/bit_idx_reg[0]/D
  -------------------------------------------------------------------    -------------------

                         (clock sys_clk rise edge)    0.000     0.000 r  
    E3                                                0.000     0.000 r  clk (IN)
                         net (fo=0)                   0.000     0.000    clk
    E3                   IBUF (Prop_ibuf_I_O)         0.445     0.445 r  clk_IBUF_inst/O
                         net (fo=1, routed)           0.685     1.129    clk_IBUF
    BUFGCTRL_X0Y16       BUFG (Prop_bufg_I_O)         0.029     1.158 r  clk_IBUF_BUFG_inst/O
                         net (fo=121, routed)         0.856     2.014    u_tx/CLK
    SLICE_X5Y62          FDCE                                         r  u_tx/bit_idx_reg[0]/C
                         clock pessimism             -0.501     1.512    
    SLICE_X5Y62          FDCE (Hold_fdce_C_D)         0.091     1.603    u_tx/bit_idx_reg[0]
  -------------------------------------------------------------------
                         required time                         -1.603    
                         arrival time                           1.796    
  -------------------------------------------------------------------
                         slack                                  0.193    

Slack (MET) :             0.193ns  (arrival time - required time)
  Source:                 u_fsm/tx_data_reg[7]/C
                            (rising edge-triggered cell FDCE clocked by sys_clk  {rise@0.000ns fall@5.000ns period=10.000ns})
  Destination:            u_tx/tx_shifter_reg[7]/D
                            (rising edge-triggered cell FDCE clocked by sys_clk  {rise@0.000ns fall@5.000ns period=10.000ns})
  Path Group:             sys_clk
  Path Type:              Hold (Min at Fast Process Corner)
  Requirement:            0.000ns  (sys_clk rise@0.000ns - sys_clk rise@0.000ns)
  Data Path Delay:        0.347ns  (logic 0.227ns (65.409%)  route 0.120ns (34.591%))
  Logic Levels:           1  (LUT2=1)
  Clock Path Skew:        0.034ns (DCD - SCD - CPR)
    Destination Clock Delay (DCD):    2.014ns
    Source Clock Delay      (SCD):    1.501ns
    Clock Pessimism Removal (CPR):    0.478ns

    Location             Delay type                Incr(ns)  Path(ns)    Netlist Resource(s)
  -------------------------------------------------------------------    -------------------
                         (clock sys_clk rise edge)    0.000     0.000 r  
    E3                                                0.000     0.000 r  clk (IN)
                         net (fo=0)                   0.000     0.000    clk
    E3                   IBUF (Prop_ibuf_I_O)         0.257     0.257 r  clk_IBUF_inst/O
                         net (fo=1, routed)           0.631     0.888    clk_IBUF
    BUFGCTRL_X0Y16       BUFG (Prop_bufg_I_O)         0.026     0.914 r  clk_IBUF_BUFG_inst/O
                         net (fo=121, routed)         0.588     1.501    u_fsm/CLK
    SLICE_X3Y62          FDCE                                         r  u_fsm/tx_data_reg[7]/C
  -------------------------------------------------------------------    -------------------
    SLICE_X3Y62          FDCE (Prop_fdce_C_Q)         0.128     1.629 r  u_fsm/tx_data_reg[7]/Q
                         net (fo=1, routed)           0.120     1.750    u_fsm/tx_data[7]
    SLICE_X6Y62          LUT2 (Prop_lut2_I0_O)        0.099     1.849 r  u_fsm/tx_shifter[7]_i_2/O
                         net (fo=1, routed)           0.000     1.849    u_tx/D[0]
    SLICE_X6Y62          FDCE                                         r  u_tx/tx_shifter_reg[7]/D
  -------------------------------------------------------------------    -------------------

                         (clock sys_clk rise edge)    0.000     0.000 r  
    E3                                                0.000     0.000 r  clk (IN)
                         net (fo=0)                   0.000     0.000    clk
    E3                   IBUF (Prop_ibuf_I_O)         0.445     0.445 r  clk_IBUF_inst/O
                         net (fo=1, routed)           0.685     1.129    clk_IBUF
    BUFGCTRL_X0Y16       BUFG (Prop_bufg_I_O)         0.029     1.158 r  clk_IBUF_BUFG_inst/O
                         net (fo=121, routed)         0.856     2.014    u_tx/CLK
    SLICE_X6Y62          FDCE                                         r  u_tx/tx_shifter_reg[7]/C
                         clock pessimism             -0.478     1.535    
    SLICE_X6Y62          FDCE (Hold_fdce_C_D)         0.120     1.655    u_tx/tx_shifter_reg[7]
  -------------------------------------------------------------------
                         required time                         -1.655    
                         arrival time                           1.849    
  -------------------------------------------------------------------
                         slack                                  0.193    

Slack (MET) :             0.197ns  (arrival time - required time)
  Source:                 u_fsm/tx_data_reg[4]/C
                            (rising edge-triggered cell FDCE clocked by sys_clk  {rise@0.000ns fall@5.000ns period=10.000ns})
  Destination:            u_tx/tx_shifter_reg[4]/D
                            (rising edge-triggered cell FDCE clocked by sys_clk  {rise@0.000ns fall@5.000ns period=10.000ns})
  Path Group:             sys_clk
  Path Type:              Hold (Min at Fast Process Corner)
  Requirement:            0.000ns  (sys_clk rise@0.000ns - sys_clk rise@0.000ns)
  Data Path Delay:        0.325ns  (logic 0.186ns (57.217%)  route 0.139ns (42.783%))
  Logic Levels:           1  (LUT3=1)
  Clock Path Skew:        0.036ns (DCD - SCD - CPR)
    Destination Clock Delay (DCD):    2.016ns
    Source Clock Delay      (SCD):    1.501ns
    Clock Pessimism Removal (CPR):    0.478ns

    Location             Delay type                Incr(ns)  Path(ns)    Netlist Resource(s)
  -------------------------------------------------------------------    -------------------
                         (clock sys_clk rise edge)    0.000     0.000 r  
    E3                                                0.000     0.000 r  clk (IN)
                         net (fo=0)                   0.000     0.000    clk
    E3                   IBUF (Prop_ibuf_I_O)         0.257     0.257 r  clk_IBUF_inst/O
                         net (fo=1, routed)           0.631     0.888    clk_IBUF
    BUFGCTRL_X0Y16       BUFG (Prop_bufg_I_O)         0.026     0.914 r  clk_IBUF_BUFG_inst/O
                         net (fo=121, routed)         0.588     1.501    u_fsm/CLK
    SLICE_X3Y62          FDCE                                         r  u_fsm/tx_data_reg[4]/C
  -------------------------------------------------------------------    -------------------
    SLICE_X3Y62          FDCE (Prop_fdce_C_Q)         0.141     1.642 r  u_fsm/tx_data_reg[4]/Q
                         net (fo=1, routed)           0.139     1.782    u_tx/Q[4]
    SLICE_X5Y61          LUT3 (Prop_lut3_I2_O)        0.045     1.827 r  u_tx/tx_shifter[4]_i_1/O
                         net (fo=1, routed)           0.000     1.827    u_tx/tx_shifter[4]
    SLICE_X5Y61          FDCE                                         r  u_tx/tx_shifter_reg[4]/D
  -------------------------------------------------------------------    -------------------

                         (clock sys_clk rise edge)    0.000     0.000 r  
    E3                                                0.000     0.000 r  clk (IN)
                         net (fo=0)                   0.000     0.000    clk
    E3                   IBUF (Prop_ibuf_I_O)         0.445     0.445 r  clk_IBUF_inst/O
                         net (fo=1, routed)           0.685     1.129    clk_IBUF
    BUFGCTRL_X0Y16       BUFG (Prop_bufg_I_O)         0.029     1.158 r  clk_IBUF_BUFG_inst/O
                         net (fo=121, routed)         0.858     2.016    u_tx/CLK
    SLICE_X5Y61          FDCE                                         r  u_tx/tx_shifter_reg[4]/C
                         clock pessimism             -0.478     1.537    
    SLICE_X5Y61          FDCE (Hold_fdce_C_D)         0.092     1.629    u_tx/tx_shifter_reg[4]
  -------------------------------------------------------------------
                         required time                         -1.629    
                         arrival time                           1.827    
  -------------------------------------------------------------------
                         slack                                  0.197    





Pulse Width Checks
--------------------------------------------------------------------------------------
Clock Name:         sys_clk
Waveform(ns):       { 0.000 5.000 }
Period(ns):         10.000
Sources:            { clk }

Check Type        Corner  Lib Pin  Reference Pin  Required(ns)  Actual(ns)  Slack(ns)  Location        Pin
Min Period        n/a     BUFG/I   n/a            2.155         10.000      7.845      BUFGCTRL_X0Y16  clk_IBUF_BUFG_inst/I
Min Period        n/a     FDCE/C   n/a            1.000         10.000      9.000      SLICE_X3Y53     refresh_cnt_reg[0]/C
Min Period        n/a     FDCE/C   n/a            1.000         10.000      9.000      SLICE_X3Y55     refresh_cnt_reg[10]/C
Min Period        n/a     FDCE/C   n/a            1.000         10.000      9.000      SLICE_X3Y55     refresh_cnt_reg[11]/C
Min Period        n/a     FDCE/C   n/a            1.000         10.000      9.000      SLICE_X3Y56     refresh_cnt_reg[12]/C
Min Period        n/a     FDCE/C   n/a            1.000         10.000      9.000      SLICE_X3Y56     refresh_cnt_reg[13]/C
Min Period        n/a     FDCE/C   n/a            1.000         10.000      9.000      SLICE_X3Y56     refresh_cnt_reg[14]/C
Min Period        n/a     FDCE/C   n/a            1.000         10.000      9.000      SLICE_X3Y56     refresh_cnt_reg[15]/C
Min Period        n/a     FDCE/C   n/a            1.000         10.000      9.000      SLICE_X3Y57     refresh_cnt_reg[16]/C
Min Period        n/a     FDCE/C   n/a            1.000         10.000      9.000      SLICE_X3Y53     refresh_cnt_reg[1]/C
Low Pulse Width   Slow    FDCE/C   n/a            0.500         5.000       4.500      SLICE_X3Y53     refresh_cnt_reg[0]/C
Low Pulse Width   Fast    FDCE/C   n/a            0.500         5.000       4.500      SLICE_X3Y53     refresh_cnt_reg[0]/C
Low Pulse Width   Slow    FDCE/C   n/a            0.500         5.000       4.500      SLICE_X3Y55     refresh_cnt_reg[10]/C
Low Pulse Width   Fast    FDCE/C   n/a            0.500         5.000       4.500      SLICE_X3Y55     refresh_cnt_reg[10]/C
Low Pulse Width   Slow    FDCE/C   n/a            0.500         5.000       4.500      SLICE_X3Y55     refresh_cnt_reg[11]/C
Low Pulse Width   Fast    FDCE/C   n/a            0.500         5.000       4.500      SLICE_X3Y55     refresh_cnt_reg[11]/C
Low Pulse Width   Slow    FDCE/C   n/a            0.500         5.000       4.500      SLICE_X3Y56     refresh_cnt_reg[12]/C
Low Pulse Width   Fast    FDCE/C   n/a            0.500         5.000       4.500      SLICE_X3Y56     refresh_cnt_reg[12]/C
Low Pulse Width   Slow    FDCE/C   n/a            0.500         5.000       4.500      SLICE_X3Y56     refresh_cnt_reg[13]/C
Low Pulse Width   Fast    FDCE/C   n/a            0.500         5.000       4.500      SLICE_X3Y56     refresh_cnt_reg[13]/C
High Pulse Width  Slow    FDCE/C   n/a            0.500         5.000       4.500      SLICE_X3Y53     refresh_cnt_reg[0]/C
High Pulse Width  Fast    FDCE/C   n/a            0.500         5.000       4.500      SLICE_X3Y53     refresh_cnt_reg[0]/C
High Pulse Width  Slow    FDCE/C   n/a            0.500         5.000       4.500      SLICE_X3Y55     refresh_cnt_reg[10]/C
High Pulse Width  Fast    FDCE/C   n/a            0.500         5.000       4.500      SLICE_X3Y55     refresh_cnt_reg[10]/C
High Pulse Width  Slow    FDCE/C   n/a            0.500         5.000       4.500      SLICE_X3Y55     refresh_cnt_reg[11]/C
High Pulse Width  Fast    FDCE/C   n/a            0.500         5.000       4.500      SLICE_X3Y55     refresh_cnt_reg[11]/C
High Pulse Width  Slow    FDCE/C   n/a            0.500         5.000       4.500      SLICE_X3Y56     refresh_cnt_reg[12]/C
High Pulse Width  Fast    FDCE/C   n/a            0.500         5.000       4.500      SLICE_X3Y56     refresh_cnt_reg[12]/C
High Pulse Width  Slow    FDCE/C   n/a            0.500         5.000       4.500      SLICE_X3Y56     refresh_cnt_reg[13]/C
High Pulse Width  Fast    FDCE/C   n/a            0.500         5.000       4.500      SLICE_X3Y56     refresh_cnt_reg[13]/C



--------------------------------------------------------------------------------------
Path Group:  (none)
From Clock:  
  To Clock:  

Max Delay             3 Endpoints
Min Delay             3 Endpoints
--------------------------------------------------------------------------------------


Max Delay Paths
--------------------------------------------------------------------------------------
Slack:                    inf
  Source:                 rst_n
                            (input port)
  Destination:            u_fsm/state_reg[2]_LDC/CLR
  Path Group:             (none)
  Path Type:              Max at Slow Process Corner
  Data Path Delay:        4.639ns  (logic 1.630ns (35.135%)  route 3.009ns (64.865%))
  Logic Levels:           2  (IBUF=1 LUT3=1)

    Location             Delay type                Incr(ns)  Path(ns)    Netlist Resource(s)
  -------------------------------------------------------------------    -------------------
    C12                                               0.000     0.000 r  rst_n (IN)
                         net (fo=0)                   0.000     0.000    rst_n
    C12                  IBUF (Prop_ibuf_I_O)         1.506     1.506 r  rst_n_IBUF_inst/O
                         net (fo=8, routed)           2.196     3.701    u_fsm/rst_n_IBUF
    SLICE_X1Y60          LUT3 (Prop_lut3_I2_O)        0.124     3.825 f  u_fsm/state_reg[2]_LDC_i_2/O
                         net (fo=2, routed)           0.813     4.639    u_fsm/state_reg[2]_LDC_i_2_n_0
    SLICE_X3Y63          LDCE                                         f  u_fsm/state_reg[2]_LDC/CLR
  -------------------------------------------------------------------    -------------------

Slack:                    inf
  Source:                 rst_n
                            (input port)
  Destination:            u_fsm/sw_sync_reg[1]_LDC/CLR
  Path Group:             (none)
  Path Type:              Max at Slow Process Corner
  Data Path Delay:        4.620ns  (logic 1.630ns (35.280%)  route 2.990ns (64.720%))
  Logic Levels:           2  (IBUF=1 LUT2=1)

    Location             Delay type                Incr(ns)  Path(ns)    Netlist Resource(s)
  -------------------------------------------------------------------    -------------------
    C12                                               0.000     0.000 r  rst_n (IN)
                         net (fo=0)                   0.000     0.000    rst_n
    C12                  IBUF (Prop_ibuf_I_O)         1.506     1.506 r  rst_n_IBUF_inst/O
                         net (fo=8, routed)           2.205     3.711    u_fsm/rst_n_IBUF
    SLICE_X1Y62          LUT2 (Prop_lut2_I0_O)        0.124     3.835 f  u_fsm/sw_sync_reg[1]_LDC_i_2/O
                         net (fo=3, routed)           0.785     4.620    u_fsm/sw_sync_reg[1]_LDC_i_2_n_0
    SLICE_X1Y62          LDCE                                         f  u_fsm/sw_sync_reg[1]_LDC/CLR
  -------------------------------------------------------------------    -------------------

Slack:                    inf
  Source:                 rst_n
                            (input port)
  Destination:            u_fsm/sw_sync_reg[0]_LDC/CLR
  Path Group:             (none)
  Path Type:              Max at Slow Process Corner
  Data Path Delay:        4.233ns  (logic 1.625ns (38.386%)  route 2.608ns (61.614%))
  Logic Levels:           2  (IBUF=1 LUT2=1)

    Location             Delay type                Incr(ns)  Path(ns)    Netlist Resource(s)
  -------------------------------------------------------------------    -------------------
    C12                                               0.000     0.000 r  rst_n (IN)
                         net (fo=0)                   0.000     0.000    rst_n
    C12                  IBUF (Prop_ibuf_I_O)         1.506     1.506 r  rst_n_IBUF_inst/O
                         net (fo=8, routed)           2.200     3.705    u_fsm/rst_n_IBUF
    SLICE_X1Y60          LUT2 (Prop_lut2_I1_O)        0.119     3.824 f  u_fsm/sw_sync_reg[0]_LDC_i_2/O
                         net (fo=3, routed)           0.408     4.233    u_fsm/sw_sync_reg[0]_LDC_i_2_n_0
    SLICE_X1Y60          LDCE                                         f  u_fsm/sw_sync_reg[0]_LDC/CLR
  -------------------------------------------------------------------    -------------------





Min Delay Paths
--------------------------------------------------------------------------------------
Slack:                    inf
  Source:                 sw[0]
                            (input port)
  Destination:            u_fsm/sw_sync_reg[0]_LDC/CLR
  Path Group:             (none)
  Path Type:              Min at Fast Process Corner
  Data Path Delay:        1.123ns  (logic 0.304ns (27.028%)  route 0.820ns (72.972%))
  Logic Levels:           2  (IBUF=1 LUT2=1)

    Location             Delay type                Incr(ns)  Path(ns)    Netlist Resource(s)
  -------------------------------------------------------------------    -------------------
    J15                                               0.000     0.000 r  sw[0] (IN)
                         net (fo=0)                   0.000     0.000    sw[0]
    J15                  IBUF (Prop_ibuf_I_O)         0.259     0.259 r  sw_IBUF[0]_inst/O
                         net (fo=7, routed)           0.679     0.938    u_fsm/sw_IBUF[0]
    SLICE_X1Y60          LUT2 (Prop_lut2_I0_O)        0.045     0.983 f  u_fsm/sw_sync_reg[0]_LDC_i_2/O
                         net (fo=3, routed)           0.140     1.123    u_fsm/sw_sync_reg[0]_LDC_i_2_n_0
    SLICE_X1Y60          LDCE                                         f  u_fsm/sw_sync_reg[0]_LDC/CLR
  -------------------------------------------------------------------    -------------------

Slack:                    inf
  Source:                 sw[0]
                            (input port)
  Destination:            u_fsm/state_reg[2]_LDC/CLR
  Path Group:             (none)
  Path Type:              Min at Fast Process Corner
  Data Path Delay:        1.273ns  (logic 0.304ns (23.846%)  route 0.970ns (76.154%))
  Logic Levels:           2  (IBUF=1 LUT3=1)

    Location             Delay type                Incr(ns)  Path(ns)    Netlist Resource(s)
  -------------------------------------------------------------------    -------------------
    J15                                               0.000     0.000 r  sw[0] (IN)
                         net (fo=0)                   0.000     0.000    sw[0]
    J15                  IBUF (Prop_ibuf_I_O)         0.259     0.259 r  sw_IBUF[0]_inst/O
                         net (fo=7, routed)           0.680     0.939    u_fsm/sw_IBUF[0]
    SLICE_X1Y60          LUT3 (Prop_lut3_I1_O)        0.045     0.984 f  u_fsm/state_reg[2]_LDC_i_2/O
                         net (fo=2, routed)           0.289     1.273    u_fsm/state_reg[2]_LDC_i_2_n_0
    SLICE_X3Y63          LDCE                                         f  u_fsm/state_reg[2]_LDC/CLR
  -------------------------------------------------------------------    -------------------

Slack:                    inf
  Source:                 sw[1]
                            (input port)
  Destination:            u_fsm/sw_sync_reg[1]_LDC/CLR
  Path Group:             (none)
  Path Type:              Min at Fast Process Corner
  Data Path Delay:        1.510ns  (logic 0.297ns (19.678%)  route 1.213ns (80.322%))
  Logic Levels:           2  (IBUF=1 LUT2=1)

    Location             Delay type                Incr(ns)  Path(ns)    Netlist Resource(s)
  -------------------------------------------------------------------    -------------------
    L16                                               0.000     0.000 r  sw[1] (IN)
                         net (fo=0)                   0.000     0.000    sw[1]
    L16                  IBUF (Prop_ibuf_I_O)         0.252     0.252 r  sw_IBUF[1]_inst/O
                         net (fo=7, routed)           0.832     1.084    u_fsm/sw_IBUF[1]
    SLICE_X1Y62          LUT2 (Prop_lut2_I1_O)        0.045     1.129 f  u_fsm/sw_sync_reg[1]_LDC_i_2/O
                         net (fo=3, routed)           0.381     1.510    u_fsm/sw_sync_reg[1]_LDC_i_2_n_0
    SLICE_X1Y62          LDCE                                         f  u_fsm/sw_sync_reg[1]_LDC/CLR
  -------------------------------------------------------------------    -------------------





--------------------------------------------------------------------------------------
Path Group:  (none)
From Clock:  sys_clk
  To Clock:  

Max Delay            10 Endpoints
Min Delay            10 Endpoints
--------------------------------------------------------------------------------------


Max Delay Paths
--------------------------------------------------------------------------------------
Slack:                    inf
  Source:                 u_fsm/last_rx_reg[3]/C
                            (rising edge-triggered cell FDCE clocked by sys_clk  {rise@0.000ns fall@5.000ns period=10.000ns})
  Destination:            seg[0]
                            (output port)
  Path Group:             (none)
  Path Type:              Max at Slow Process Corner
  Data Path Delay:        10.786ns  (logic 4.471ns (41.456%)  route 6.314ns (58.544%))
  Logic Levels:           3  (LUT3=1 LUT6=1 OBUF=1)
  Clock Uncertainty:      0.025ns  ((TSJ^2 + TIJ^2)^1/2 + DJ) / 2 + PE
    Total System Jitter     (TSJ):    0.050ns
    Total Input Jitter      (TIJ):    0.000ns
    Discrete Jitter          (DJ):    0.000ns
    Phase Error              (PE):    0.000ns

    Location             Delay type                Incr(ns)  Path(ns)    Netlist Resource(s)
  -------------------------------------------------------------------    -------------------
                         (clock sys_clk rise edge)    0.000     0.000 r  
    E3                                                0.000     0.000 r  clk (IN)
                         net (fo=0)                   0.000     0.000    clk
    E3                   IBUF (Prop_ibuf_I_O)         1.489     1.489 r  clk_IBUF_inst/O
                         net (fo=1, routed)           1.967     3.455    clk_IBUF
    BUFGCTRL_X0Y16       BUFG (Prop_bufg_I_O)         0.096     3.551 r  clk_IBUF_BUFG_inst/O
                         net (fo=121, routed)         1.621     5.172    u_fsm/CLK
    SLICE_X0Y61          FDCE                                         r  u_fsm/last_rx_reg[3]/C
  -------------------------------------------------------------------    -------------------
    SLICE_X0Y61          FDCE (Prop_fdce_C_Q)         0.456     5.628 r  u_fsm/last_rx_reg[3]/Q
                         net (fo=1, routed)           0.915     6.543    u_fsm/last_rx_reg_n_0_[3]
    SLICE_X0Y61          LUT3 (Prop_lut3_I2_O)        0.150     6.693 r  u_fsm/seg_OBUF[6]_inst_i_2/O
                         net (fo=7, routed)           2.071     8.764    u_fsm/seg_OBUF[6]_inst_i_2_n_0
    SLICE_X0Y47          LUT6 (Prop_lut6_I0_O)        0.326     9.090 r  u_fsm/seg_OBUF[0]_inst_i_1/O
                         net (fo=1, routed)           3.329    12.419    seg_OBUF[0]
    T10                  OBUF (Prop_obuf_I_O)         3.539    15.958 r  seg_OBUF[0]_inst/O
                         net (fo=0)                   0.000    15.958    seg[0]
    T10                                                               r  seg[0] (OUT)
  -------------------------------------------------------------------    -------------------

Slack:                    inf
  Source:                 u_fsm/last_rx_reg[3]/C
                            (rising edge-triggered cell FDCE clocked by sys_clk  {rise@0.000ns fall@5.000ns period=10.000ns})
  Destination:            seg[1]
                            (output port)
  Path Group:             (none)
  Path Type:              Max at Slow Process Corner
  Data Path Delay:        10.522ns  (logic 4.468ns (42.457%)  route 6.055ns (57.543%))
  Logic Levels:           3  (LUT3=1 LUT6=1 OBUF=1)
  Clock Uncertainty:      0.025ns  ((TSJ^2 + TIJ^2)^1/2 + DJ) / 2 + PE
    Total System Jitter     (TSJ):    0.050ns
    Total Input Jitter      (TIJ):    0.000ns
    Discrete Jitter          (DJ):    0.000ns
    Phase Error              (PE):    0.000ns

    Location             Delay type                Incr(ns)  Path(ns)    Netlist Resource(s)
  -------------------------------------------------------------------    -------------------
                         (clock sys_clk rise edge)    0.000     0.000 r  
    E3                                                0.000     0.000 r  clk (IN)
                         net (fo=0)                   0.000     0.000    clk
    E3                   IBUF (Prop_ibuf_I_O)         1.489     1.489 r  clk_IBUF_inst/O
                         net (fo=1, routed)           1.967     3.455    clk_IBUF
    BUFGCTRL_X0Y16       BUFG (Prop_bufg_I_O)         0.096     3.551 r  clk_IBUF_BUFG_inst/O
                         net (fo=121, routed)         1.621     5.172    u_fsm/CLK
    SLICE_X0Y61          FDCE                                         r  u_fsm/last_rx_reg[3]/C
  -------------------------------------------------------------------    -------------------
    SLICE_X0Y61          FDCE (Prop_fdce_C_Q)         0.456     5.628 r  u_fsm/last_rx_reg[3]/Q
                         net (fo=1, routed)           0.915     6.543    u_fsm/last_rx_reg_n_0_[3]
    SLICE_X0Y61          LUT3 (Prop_lut3_I2_O)        0.150     6.693 r  u_fsm/seg_OBUF[6]_inst_i_2/O
                         net (fo=7, routed)           1.964     8.657    u_fsm/seg_OBUF[6]_inst_i_2_n_0
    SLICE_X0Y47          LUT6 (Prop_lut6_I0_O)        0.326     8.983 r  u_fsm/seg_OBUF[1]_inst_i_1/O
                         net (fo=1, routed)           3.177    12.159    seg_OBUF[1]
    R10                  OBUF (Prop_obuf_I_O)         3.536    15.695 r  seg_OBUF[1]_inst/O
                         net (fo=0)                   0.000    15.695    seg[1]
    R10                                                               r  seg[1] (OUT)
  -------------------------------------------------------------------    -------------------

Slack:                    inf
  Source:                 u_fsm/last_rx_reg[3]/C
                            (rising edge-triggered cell FDCE clocked by sys_clk  {rise@0.000ns fall@5.000ns period=10.000ns})
  Destination:            seg[5]
                            (output port)
  Path Group:             (none)
  Path Type:              Max at Slow Process Corner
  Data Path Delay:        10.244ns  (logic 4.468ns (43.622%)  route 5.775ns (56.378%))
  Logic Levels:           3  (LUT3=1 LUT6=1 OBUF=1)
  Clock Uncertainty:      0.025ns  ((TSJ^2 + TIJ^2)^1/2 + DJ) / 2 + PE
    Total System Jitter     (TSJ):    0.050ns
    Total Input Jitter      (TIJ):    0.000ns
    Discrete Jitter          (DJ):    0.000ns
    Phase Error              (PE):    0.000ns

    Location             Delay type                Incr(ns)  Path(ns)    Netlist Resource(s)
  -------------------------------------------------------------------    -------------------
                         (clock sys_clk rise edge)    0.000     0.000 r  
    E3                                                0.000     0.000 r  clk (IN)
                         net (fo=0)                   0.000     0.000    clk
    E3                   IBUF (Prop_ibuf_I_O)         1.489     1.489 r  clk_IBUF_inst/O
                         net (fo=1, routed)           1.967     3.455    clk_IBUF
    BUFGCTRL_X0Y16       BUFG (Prop_bufg_I_O)         0.096     3.551 r  clk_IBUF_BUFG_inst/O
                         net (fo=121, routed)         1.621     5.172    u_fsm/CLK
    SLICE_X0Y61          FDCE                                         r  u_fsm/last_rx_reg[3]/C
  -------------------------------------------------------------------    -------------------
    SLICE_X0Y61          FDCE (Prop_fdce_C_Q)         0.456     5.628 r  u_fsm/last_rx_reg[3]/Q
                         net (fo=1, routed)           0.915     6.543    u_fsm/last_rx_reg_n_0_[3]
    SLICE_X0Y61          LUT3 (Prop_lut3_I2_O)        0.150     6.693 r  u_fsm/seg_OBUF[6]_inst_i_2/O
                         net (fo=7, routed)           1.939     8.632    u_fsm/seg_OBUF[6]_inst_i_2_n_0
    SLICE_X0Y47          LUT6 (Prop_lut6_I5_O)        0.326     8.958 r  u_fsm/seg_OBUF[5]_inst_i_1/O
                         net (fo=1, routed)           2.921    11.880    seg_OBUF[5]
    T11                  OBUF (Prop_obuf_I_O)         3.536    15.416 r  seg_OBUF[5]_inst/O
                         net (fo=0)                   0.000    15.416    seg[5]
    T11                                                               r  seg[5] (OUT)
  -------------------------------------------------------------------    -------------------

Slack:                    inf
  Source:                 u_fsm/last_rx_reg[3]/C
                            (rising edge-triggered cell FDCE clocked by sys_clk  {rise@0.000ns fall@5.000ns period=10.000ns})
  Destination:            seg[4]
                            (output port)
  Path Group:             (none)
  Path Type:              Max at Slow Process Corner
  Data Path Delay:        9.563ns  (logic 4.450ns (46.533%)  route 5.113ns (53.467%))
  Logic Levels:           3  (LUT3=1 LUT6=1 OBUF=1)
  Clock Uncertainty:      0.025ns  ((TSJ^2 + TIJ^2)^1/2 + DJ) / 2 + PE
    Total System Jitter     (TSJ):    0.050ns
    Total Input Jitter      (TIJ):    0.000ns
    Discrete Jitter          (DJ):    0.000ns
    Phase Error              (PE):    0.000ns

    Location             Delay type                Incr(ns)  Path(ns)    Netlist Resource(s)
  -------------------------------------------------------------------    -------------------
                         (clock sys_clk rise edge)    0.000     0.000 r  
    E3                                                0.000     0.000 r  clk (IN)
                         net (fo=0)                   0.000     0.000    clk
    E3                   IBUF (Prop_ibuf_I_O)         1.489     1.489 r  clk_IBUF_inst/O
                         net (fo=1, routed)           1.967     3.455    clk_IBUF
    BUFGCTRL_X0Y16       BUFG (Prop_bufg_I_O)         0.096     3.551 r  clk_IBUF_BUFG_inst/O
                         net (fo=121, routed)         1.621     5.172    u_fsm/CLK
    SLICE_X0Y61          FDCE                                         r  u_fsm/last_rx_reg[3]/C
  -------------------------------------------------------------------    -------------------
    SLICE_X0Y61          FDCE (Prop_fdce_C_Q)         0.456     5.628 f  u_fsm/last_rx_reg[3]/Q
                         net (fo=1, routed)           0.915     6.543    u_fsm/last_rx_reg_n_0_[3]
    SLICE_X0Y61          LUT3 (Prop_lut3_I2_O)        0.150     6.693 f  u_fsm/seg_OBUF[6]_inst_i_2/O
                         net (fo=7, routed)           1.822     8.515    u_fsm/seg_OBUF[6]_inst_i_2_n_0
    SLICE_X0Y48          LUT6 (Prop_lut6_I5_O)        0.326     8.841 r  u_fsm/seg_OBUF[4]_inst_i_1/O
                         net (fo=1, routed)           2.377    11.217    seg_OBUF[4]
    P15                  OBUF (Prop_obuf_I_O)         3.518    14.735 r  seg_OBUF[4]_inst/O
                         net (fo=0)                   0.000    14.735    seg[4]
    P15                                                               r  seg[4] (OUT)
  -------------------------------------------------------------------    -------------------

Slack:                    inf
  Source:                 u_fsm/last_rx_reg[3]/C
                            (rising edge-triggered cell FDCE clocked by sys_clk  {rise@0.000ns fall@5.000ns period=10.000ns})
  Destination:            seg[6]
                            (output port)
  Path Group:             (none)
  Path Type:              Max at Slow Process Corner
  Data Path Delay:        8.815ns  (logic 4.470ns (50.715%)  route 4.344ns (49.285%))
  Logic Levels:           3  (LUT3=1 LUT6=1 OBUF=1)
  Clock Uncertainty:      0.025ns  ((TSJ^2 + TIJ^2)^1/2 + DJ) / 2 + PE
    Total System Jitter     (TSJ):    0.050ns
    Total Input Jitter      (TIJ):    0.000ns
    Discrete Jitter          (DJ):    0.000ns
    Phase Error              (PE):    0.000ns

    Location             Delay type                Incr(ns)  Path(ns)    Netlist Resource(s)
  -------------------------------------------------------------------    -------------------
                         (clock sys_clk rise edge)    0.000     0.000 r  
    E3                                                0.000     0.000 r  clk (IN)
                         net (fo=0)                   0.000     0.000    clk
    E3                   IBUF (Prop_ibuf_I_O)         1.489     1.489 r  clk_IBUF_inst/O
                         net (fo=1, routed)           1.967     3.455    clk_IBUF
    BUFGCTRL_X0Y16       BUFG (Prop_bufg_I_O)         0.096     3.551 r  clk_IBUF_BUFG_inst/O
                         net (fo=121, routed)         1.621     5.172    u_fsm/CLK
    SLICE_X0Y61          FDCE                                         r  u_fsm/last_rx_reg[3]/C
  -------------------------------------------------------------------    -------------------
    SLICE_X0Y61          FDCE (Prop_fdce_C_Q)         0.456     5.628 r  u_fsm/last_rx_reg[3]/Q
                         net (fo=1, routed)           0.915     6.543    u_fsm/last_rx_reg_n_0_[3]
    SLICE_X0Y61          LUT3 (Prop_lut3_I2_O)        0.150     6.693 r  u_fsm/seg_OBUF[6]_inst_i_2/O
                         net (fo=7, routed)           1.571     8.265    u_fsm/seg_OBUF[6]_inst_i_2_n_0
    SLICE_X0Y47          LUT6 (Prop_lut6_I0_O)        0.326     8.591 r  u_fsm/seg_OBUF[6]_inst_i_1/O
                         net (fo=1, routed)           1.858    10.449    seg_OBUF[6]
    L18                  OBUF (Prop_obuf_I_O)         3.538    13.987 r  seg_OBUF[6]_inst/O
                         net (fo=0)                   0.000    13.987    seg[6]
    L18                                                               r  seg[6] (OUT)
  -------------------------------------------------------------------    -------------------

Slack:                    inf
  Source:                 u_fsm/last_rx_reg[3]/C
                            (rising edge-triggered cell FDCE clocked by sys_clk  {rise@0.000ns fall@5.000ns period=10.000ns})
  Destination:            seg[2]
                            (output port)
  Path Group:             (none)
  Path Type:              Max at Slow Process Corner
  Data Path Delay:        8.338ns  (logic 4.438ns (53.219%)  route 3.901ns (46.781%))
  Logic Levels:           3  (LUT3=1 LUT6=1 OBUF=1)
  Clock Uncertainty:      0.025ns  ((TSJ^2 + TIJ^2)^1/2 + DJ) / 2 + PE
    Total System Jitter     (TSJ):    0.050ns
    Total Input Jitter      (TIJ):    0.000ns
    Discrete Jitter          (DJ):    0.000ns
    Phase Error              (PE):    0.000ns

    Location             Delay type                Incr(ns)  Path(ns)    Netlist Resource(s)
  -------------------------------------------------------------------    -------------------
                         (clock sys_clk rise edge)    0.000     0.000 r  
    E3                                                0.000     0.000 r  clk (IN)
                         net (fo=0)                   0.000     0.000    clk
    E3                   IBUF (Prop_ibuf_I_O)         1.489     1.489 r  clk_IBUF_inst/O
                         net (fo=1, routed)           1.967     3.455    clk_IBUF
    BUFGCTRL_X0Y16       BUFG (Prop_bufg_I_O)         0.096     3.551 r  clk_IBUF_BUFG_inst/O
                         net (fo=121, routed)         1.621     5.172    u_fsm/CLK
    SLICE_X0Y61          FDCE                                         r  u_fsm/last_rx_reg[3]/C
  -------------------------------------------------------------------    -------------------
    SLICE_X0Y61          FDCE (Prop_fdce_C_Q)         0.456     5.628 r  u_fsm/last_rx_reg[3]/Q
                         net (fo=1, routed)           0.915     6.543    u_fsm/last_rx_reg_n_0_[3]
    SLICE_X0Y61          LUT3 (Prop_lut3_I2_O)        0.150     6.693 r  u_fsm/seg_OBUF[6]_inst_i_2/O
                         net (fo=7, routed)           1.457     8.150    u_fsm/seg_OBUF[6]_inst_i_2_n_0
    SLICE_X0Y50          LUT6 (Prop_lut6_I0_O)        0.326     8.476 r  u_fsm/seg_OBUF[2]_inst_i_1/O
                         net (fo=1, routed)           1.529    10.005    seg_OBUF[2]
    K16                  OBUF (Prop_obuf_I_O)         3.506    13.511 r  seg_OBUF[2]_inst/O
                         net (fo=0)                   0.000    13.511    seg[2]
    K16                                                               r  seg[2] (OUT)
  -------------------------------------------------------------------    -------------------

Slack:                    inf
  Source:                 u_fsm/last_rx_reg[3]/C
                            (rising edge-triggered cell FDCE clocked by sys_clk  {rise@0.000ns fall@5.000ns period=10.000ns})
  Destination:            seg[3]
                            (output port)
  Path Group:             (none)
  Path Type:              Max at Slow Process Corner
  Data Path Delay:        8.071ns  (logic 4.468ns (55.350%)  route 3.604ns (44.650%))
  Logic Levels:           3  (LUT3=1 LUT6=1 OBUF=1)
  Clock Uncertainty:      0.025ns  ((TSJ^2 + TIJ^2)^1/2 + DJ) / 2 + PE
    Total System Jitter     (TSJ):    0.050ns
    Total Input Jitter      (TIJ):    0.000ns
    Discrete Jitter          (DJ):    0.000ns
    Phase Error              (PE):    0.000ns

    Location             Delay type                Incr(ns)  Path(ns)    Netlist Resource(s)
  -------------------------------------------------------------------    -------------------
                         (clock sys_clk rise edge)    0.000     0.000 r  
    E3                                                0.000     0.000 r  clk (IN)
                         net (fo=0)                   0.000     0.000    clk
    E3                   IBUF (Prop_ibuf_I_O)         1.489     1.489 r  clk_IBUF_inst/O
                         net (fo=1, routed)           1.967     3.455    clk_IBUF
    BUFGCTRL_X0Y16       BUFG (Prop_bufg_I_O)         0.096     3.551 r  clk_IBUF_BUFG_inst/O
                         net (fo=121, routed)         1.621     5.172    u_fsm/CLK
    SLICE_X0Y61          FDCE                                         r  u_fsm/last_rx_reg[3]/C
  -------------------------------------------------------------------    -------------------
    SLICE_X0Y61          FDCE (Prop_fdce_C_Q)         0.456     5.628 r  u_fsm/last_rx_reg[3]/Q
                         net (fo=1, routed)           0.915     6.543    u_fsm/last_rx_reg_n_0_[3]
    SLICE_X0Y61          LUT3 (Prop_lut3_I2_O)        0.150     6.693 r  u_fsm/seg_OBUF[6]_inst_i_2/O
                         net (fo=7, routed)           0.838     7.531    u_fsm/seg_OBUF[6]_inst_i_2_n_0
    SLICE_X0Y60          LUT6 (Prop_lut6_I0_O)        0.326     7.857 r  u_fsm/seg_OBUF[3]_inst_i_1/O
                         net (fo=1, routed)           1.851     9.708    seg_OBUF[3]
    K13                  OBUF (Prop_obuf_I_O)         3.536    13.244 r  seg_OBUF[3]_inst/O
                         net (fo=0)                   0.000    13.244    seg[3]
    K13                                                               r  seg[3] (OUT)
  -------------------------------------------------------------------    -------------------

Slack:                    inf
  Source:                 u_tx/tx_reg/C
                            (rising edge-triggered cell FDPE clocked by sys_clk  {rise@0.000ns fall@5.000ns period=10.000ns})
  Destination:            uart_tx
                            (output port)
  Path Group:             (none)
  Path Type:              Max at Slow Process Corner
  Data Path Delay:        7.834ns  (logic 4.002ns (51.090%)  route 3.831ns (48.910%))
  Logic Levels:           1  (OBUF=1)
  Clock Uncertainty:      0.025ns  ((TSJ^2 + TIJ^2)^1/2 + DJ) / 2 + PE
    Total System Jitter     (TSJ):    0.050ns
    Total Input Jitter      (TIJ):    0.000ns
    Discrete Jitter          (DJ):    0.000ns
    Phase Error              (PE):    0.000ns

    Location             Delay type                Incr(ns)  Path(ns)    Netlist Resource(s)
  -------------------------------------------------------------------    -------------------
                         (clock sys_clk rise edge)    0.000     0.000 r  
    E3                                                0.000     0.000 r  clk (IN)
                         net (fo=0)                   0.000     0.000    clk
    E3                   IBUF (Prop_ibuf_I_O)         1.489     1.489 r  clk_IBUF_inst/O
                         net (fo=1, routed)           1.967     3.455    clk_IBUF
    BUFGCTRL_X0Y16       BUFG (Prop_bufg_I_O)         0.096     3.551 r  clk_IBUF_BUFG_inst/O
                         net (fo=121, routed)         1.617     5.168    u_tx/CLK
    SLICE_X7Y62          FDPE                                         r  u_tx/tx_reg/C
  -------------------------------------------------------------------    -------------------
    SLICE_X7Y62          FDPE (Prop_fdpe_C_Q)         0.456     5.624 r  u_tx/tx_reg/Q
                         net (fo=1, routed)           3.831     9.456    uart_tx_OBUF
    D4                   OBUF (Prop_obuf_I_O)         3.546    13.002 r  uart_tx_OBUF_inst/O
                         net (fo=0)                   0.000    13.002    uart_tx
    D4                                                                r  uart_tx (OUT)
  -------------------------------------------------------------------    -------------------

Slack:                    inf
  Source:                 refresh_cnt_reg[16]/C
                            (rising edge-triggered cell FDCE clocked by sys_clk  {rise@0.000ns fall@5.000ns period=10.000ns})
  Destination:            an[1]
                            (output port)
  Path Group:             (none)
  Path Type:              Max at Slow Process Corner
  Data Path Delay:        6.960ns  (logic 4.331ns (62.230%)  route 2.629ns (37.770%))
  Logic Levels:           2  (LUT1=1 OBUF=1)
  Clock Uncertainty:      0.025ns  ((TSJ^2 + TIJ^2)^1/2 + DJ) / 2 + PE
    Total System Jitter     (TSJ):    0.050ns
    Total Input Jitter      (TIJ):    0.000ns
    Discrete Jitter          (DJ):    0.000ns
    Phase Error              (PE):    0.000ns

    Location             Delay type                Incr(ns)  Path(ns)    Netlist Resource(s)
  -------------------------------------------------------------------    -------------------
                         (clock sys_clk rise edge)    0.000     0.000 r  
    E3                                                0.000     0.000 r  clk (IN)
                         net (fo=0)                   0.000     0.000    clk
    E3                   IBUF (Prop_ibuf_I_O)         1.489     1.489 r  clk_IBUF_inst/O
                         net (fo=1, routed)           1.967     3.455    clk_IBUF
    BUFGCTRL_X0Y16       BUFG (Prop_bufg_I_O)         0.096     3.551 r  clk_IBUF_BUFG_inst/O
                         net (fo=121, routed)         1.623     5.174    clk_IBUF_BUFG
    SLICE_X3Y57          FDCE                                         r  refresh_cnt_reg[16]/C
  -------------------------------------------------------------------    -------------------
    SLICE_X3Y57          FDCE (Prop_fdce_C_Q)         0.456     5.630 f  refresh_cnt_reg[16]/Q
                         net (fo=13, routed)          0.606     6.236    an_OBUF[0]
    SLICE_X2Y60          LUT1 (Prop_lut1_I0_O)        0.116     6.352 r  an_OBUF[1]_inst_i_1/O
                         net (fo=1, routed)           2.023     8.375    an_OBUF[1]
    J18                  OBUF (Prop_obuf_I_O)         3.759    12.135 r  an_OBUF[1]_inst/O
                         net (fo=0)                   0.000    12.135    an[1]
    J18                                                               r  an[1] (OUT)
  -------------------------------------------------------------------    -------------------

Slack:                    inf
  Source:                 refresh_cnt_reg[16]/C
                            (rising edge-triggered cell FDCE clocked by sys_clk  {rise@0.000ns fall@5.000ns period=10.000ns})
  Destination:            an[0]
                            (output port)
  Path Group:             (none)
  Path Type:              Max at Slow Process Corner
  Data Path Delay:        5.764ns  (logic 4.003ns (69.439%)  route 1.762ns (30.561%))
  Logic Levels:           1  (OBUF=1)
  Clock Uncertainty:      0.025ns  ((TSJ^2 + TIJ^2)^1/2 + DJ) / 2 + PE
    Total System Jitter     (TSJ):    0.050ns
    Total Input Jitter      (TIJ):    0.000ns
    Discrete Jitter          (DJ):    0.000ns
    Phase Error              (PE):    0.000ns

    Location             Delay type                Incr(ns)  Path(ns)    Netlist Resource(s)
  -------------------------------------------------------------------    -------------------
                         (clock sys_clk rise edge)    0.000     0.000 r  
    E3                                                0.000     0.000 r  clk (IN)
                         net (fo=0)                   0.000     0.000    clk
    E3                   IBUF (Prop_ibuf_I_O)         1.489     1.489 r  clk_IBUF_inst/O
                         net (fo=1, routed)           1.967     3.455    clk_IBUF
    BUFGCTRL_X0Y16       BUFG (Prop_bufg_I_O)         0.096     3.551 r  clk_IBUF_BUFG_inst/O
                         net (fo=121, routed)         1.623     5.174    clk_IBUF_BUFG
    SLICE_X3Y57          FDCE                                         r  refresh_cnt_reg[16]/C
  -------------------------------------------------------------------    -------------------
    SLICE_X3Y57          FDCE (Prop_fdce_C_Q)         0.456     5.630 r  refresh_cnt_reg[16]/Q
                         net (fo=13, routed)          1.762     7.392    an_OBUF[0]
    J17                  OBUF (Prop_obuf_I_O)         3.547    10.939 r  an_OBUF[0]_inst/O
                         net (fo=0)                   0.000    10.939    an[0]
    J17                                                               r  an[0] (OUT)
  -------------------------------------------------------------------    -------------------





Min Delay Paths
--------------------------------------------------------------------------------------
Slack:                    inf
  Source:                 refresh_cnt_reg[16]/C
                            (rising edge-triggered cell FDCE clocked by sys_clk  {rise@0.000ns fall@5.000ns period=10.000ns})
  Destination:            an[0]
                            (output port)
  Path Group:             (none)
  Path Type:              Min at Fast Process Corner
  Data Path Delay:        1.777ns  (logic 1.388ns (78.132%)  route 0.389ns (21.868%))
  Logic Levels:           1  (OBUF=1)
  Clock Uncertainty:      0.025ns  ((TSJ^2 + TIJ^2)^1/2 + DJ) / 2 + PE
    Total System Jitter     (TSJ):    0.050ns
    Total Input Jitter      (TIJ):    0.000ns
    Discrete Jitter          (DJ):    0.000ns
    Phase Error              (PE):    0.000ns

    Location             Delay type                Incr(ns)  Path(ns)    Netlist Resource(s)
  -------------------------------------------------------------------    -------------------
                         (clock sys_clk rise edge)    0.000     0.000 r  
    E3                                                0.000     0.000 r  clk (IN)
                         net (fo=0)                   0.000     0.000    clk
    E3                   IBUF (Prop_ibuf_I_O)         0.257     0.257 r  clk_IBUF_inst/O
                         net (fo=1, routed)           0.631     0.888    clk_IBUF
    BUFGCTRL_X0Y16       BUFG (Prop_bufg_I_O)         0.026     0.914 r  clk_IBUF_BUFG_inst/O
                         net (fo=121, routed)         0.590     1.503    clk_IBUF_BUFG
    SLICE_X3Y57          FDCE                                         r  refresh_cnt_reg[16]/C
  -------------------------------------------------------------------    -------------------
    SLICE_X3Y57          FDCE (Prop_fdce_C_Q)         0.141     1.644 r  refresh_cnt_reg[16]/Q
                         net (fo=13, routed)          0.389     2.033    an_OBUF[0]
    J17                  OBUF (Prop_obuf_I_O)         1.247     3.280 r  an_OBUF[0]_inst/O
                         net (fo=0)                   0.000     3.280    an[0]
    J17                                                               r  an[0] (OUT)
  -------------------------------------------------------------------    -------------------

Slack:                    inf
  Source:                 u_fsm/last_rx_reg[5]/C
                            (rising edge-triggered cell FDCE clocked by sys_clk  {rise@0.000ns fall@5.000ns period=10.000ns})
  Destination:            seg[3]
                            (output port)
  Path Group:             (none)
  Path Type:              Min at Fast Process Corner
  Data Path Delay:        2.061ns  (logic 1.445ns (70.121%)  route 0.616ns (29.879%))
  Logic Levels:           2  (LUT6=1 OBUF=1)
  Clock Uncertainty:      0.025ns  ((TSJ^2 + TIJ^2)^1/2 + DJ) / 2 + PE
    Total System Jitter     (TSJ):    0.050ns
    Total Input Jitter      (TIJ):    0.000ns
    Discrete Jitter          (DJ):    0.000ns
    Phase Error              (PE):    0.000ns

    Location             Delay type                Incr(ns)  Path(ns)    Netlist Resource(s)
  -------------------------------------------------------------------    -------------------
                         (clock sys_clk rise edge)    0.000     0.000 r  
    E3                                                0.000     0.000 r  clk (IN)
                         net (fo=0)                   0.000     0.000    clk
    E3                   IBUF (Prop_ibuf_I_O)         0.257     0.257 r  clk_IBUF_inst/O
                         net (fo=1, routed)           0.631     0.888    clk_IBUF
    BUFGCTRL_X0Y16       BUFG (Prop_bufg_I_O)         0.026     0.914 r  clk_IBUF_BUFG_inst/O
                         net (fo=121, routed)         0.589     1.502    u_fsm/CLK
    SLICE_X2Y60          FDCE                                         r  u_fsm/last_rx_reg[5]/C
  -------------------------------------------------------------------    -------------------
    SLICE_X2Y60          FDCE (Prop_fdce_C_Q)         0.164     1.666 r  u_fsm/last_rx_reg[5]/Q
                         net (fo=7, routed)           0.205     1.871    u_fsm/last_rx_reg_n_0_[5]
    SLICE_X0Y60          LUT6 (Prop_lut6_I4_O)        0.045     1.916 r  u_fsm/seg_OBUF[3]_inst_i_1/O
                         net (fo=1, routed)           0.411     2.327    seg_OBUF[3]
    K13                  OBUF (Prop_obuf_I_O)         1.236     3.564 r  seg_OBUF[3]_inst/O
                         net (fo=0)                   0.000     3.564    seg[3]
    K13                                                               r  seg[3] (OUT)
  -------------------------------------------------------------------    -------------------

Slack:                    inf
  Source:                 u_fsm/last_rx_reg[1]/C
                            (rising edge-triggered cell FDCE clocked by sys_clk  {rise@0.000ns fall@5.000ns period=10.000ns})
  Destination:            seg[2]
                            (output port)
  Path Group:             (none)
  Path Type:              Min at Fast Process Corner
  Data Path Delay:        2.126ns  (logic 1.393ns (65.515%)  route 0.733ns (34.485%))
  Logic Levels:           2  (LUT6=1 OBUF=1)
  Clock Uncertainty:      0.025ns  ((TSJ^2 + TIJ^2)^1/2 + DJ) / 2 + PE
    Total System Jitter     (TSJ):    0.050ns
    Total Input Jitter      (TIJ):    0.000ns
    Discrete Jitter          (DJ):    0.000ns
    Phase Error              (PE):    0.000ns

    Location             Delay type                Incr(ns)  Path(ns)    Netlist Resource(s)
  -------------------------------------------------------------------    -------------------
                         (clock sys_clk rise edge)    0.000     0.000 r  
    E3                                                0.000     0.000 r  clk (IN)
                         net (fo=0)                   0.000     0.000    clk
    E3                   IBUF (Prop_ibuf_I_O)         0.257     0.257 r  clk_IBUF_inst/O
                         net (fo=1, routed)           0.631     0.888    clk_IBUF
    BUFGCTRL_X0Y16       BUFG (Prop_bufg_I_O)         0.026     0.914 r  clk_IBUF_BUFG_inst/O
                         net (fo=121, routed)         0.589     1.502    u_fsm/CLK
    SLICE_X0Y61          FDCE                                         r  u_fsm/last_rx_reg[1]/C
  -------------------------------------------------------------------    -------------------
    SLICE_X0Y61          FDCE (Prop_fdce_C_Q)         0.141     1.643 r  u_fsm/last_rx_reg[1]/Q
                         net (fo=7, routed)           0.451     2.095    u_fsm/last_rx_reg_n_0_[1]
    SLICE_X0Y50          LUT6 (Prop_lut6_I4_O)        0.045     2.140 r  u_fsm/seg_OBUF[2]_inst_i_1/O
                         net (fo=1, routed)           0.282     2.422    seg_OBUF[2]
    K16                  OBUF (Prop_obuf_I_O)         1.207     3.628 r  seg_OBUF[2]_inst/O
                         net (fo=0)                   0.000     3.628    seg[2]
    K16                                                               r  seg[2] (OUT)
  -------------------------------------------------------------------    -------------------

Slack:                    inf
  Source:                 refresh_cnt_reg[16]/C
                            (rising edge-triggered cell FDCE clocked by sys_clk  {rise@0.000ns fall@5.000ns period=10.000ns})
  Destination:            an[1]
                            (output port)
  Path Group:             (none)
  Path Type:              Min at Fast Process Corner
  Data Path Delay:        2.227ns  (logic 1.511ns (67.854%)  route 0.716ns (32.146%))
  Logic Levels:           2  (LUT1=1 OBUF=1)
  Clock Uncertainty:      0.025ns  ((TSJ^2 + TIJ^2)^1/2 + DJ) / 2 + PE
    Total System Jitter     (TSJ):    0.050ns
    Total Input Jitter      (TIJ):    0.000ns
    Discrete Jitter          (DJ):    0.000ns
    Phase Error              (PE):    0.000ns

    Location             Delay type                Incr(ns)  Path(ns)    Netlist Resource(s)
  -------------------------------------------------------------------    -------------------
                         (clock sys_clk rise edge)    0.000     0.000 r  
    E3                                                0.000     0.000 r  clk (IN)
                         net (fo=0)                   0.000     0.000    clk
    E3                   IBUF (Prop_ibuf_I_O)         0.257     0.257 r  clk_IBUF_inst/O
                         net (fo=1, routed)           0.631     0.888    clk_IBUF
    BUFGCTRL_X0Y16       BUFG (Prop_bufg_I_O)         0.026     0.914 r  clk_IBUF_BUFG_inst/O
                         net (fo=121, routed)         0.590     1.503    clk_IBUF_BUFG
    SLICE_X3Y57          FDCE                                         r  refresh_cnt_reg[16]/C
  -------------------------------------------------------------------    -------------------
    SLICE_X3Y57          FDCE (Prop_fdce_C_Q)         0.141     1.644 f  refresh_cnt_reg[16]/Q
                         net (fo=13, routed)          0.250     1.894    an_OBUF[0]
    SLICE_X2Y60          LUT1 (Prop_lut1_I0_O)        0.048     1.942 r  an_OBUF[1]_inst_i_1/O
                         net (fo=1, routed)           0.466     2.408    an_OBUF[1]
    J18                  OBUF (Prop_obuf_I_O)         1.322     3.730 r  an_OBUF[1]_inst/O
                         net (fo=0)                   0.000     3.730    an[1]
    J18                                                               r  an[1] (OUT)
  -------------------------------------------------------------------    -------------------

Slack:                    inf
  Source:                 refresh_cnt_reg[16]/C
                            (rising edge-triggered cell FDCE clocked by sys_clk  {rise@0.000ns fall@5.000ns period=10.000ns})
  Destination:            seg[6]
                            (output port)
  Path Group:             (none)
  Path Type:              Min at Fast Process Corner
  Data Path Delay:        2.471ns  (logic 1.425ns (57.691%)  route 1.045ns (42.309%))
  Logic Levels:           2  (LUT6=1 OBUF=1)
  Clock Uncertainty:      0.025ns  ((TSJ^2 + TIJ^2)^1/2 + DJ) / 2 + PE
    Total System Jitter     (TSJ):    0.050ns
    Total Input Jitter      (TIJ):    0.000ns
    Discrete Jitter          (DJ):    0.000ns
    Phase Error              (PE):    0.000ns

    Location             Delay type                Incr(ns)  Path(ns)    Netlist Resource(s)
  -------------------------------------------------------------------    -------------------
                         (clock sys_clk rise edge)    0.000     0.000 r  
    E3                                                0.000     0.000 r  clk (IN)
                         net (fo=0)                   0.000     0.000    clk
    E3                   IBUF (Prop_ibuf_I_O)         0.257     0.257 r  clk_IBUF_inst/O
                         net (fo=1, routed)           0.631     0.888    clk_IBUF
    BUFGCTRL_X0Y16       BUFG (Prop_bufg_I_O)         0.026     0.914 r  clk_IBUF_BUFG_inst/O
                         net (fo=121, routed)         0.590     1.503    clk_IBUF_BUFG
    SLICE_X3Y57          FDCE                                         r  refresh_cnt_reg[16]/C
  -------------------------------------------------------------------    -------------------
    SLICE_X3Y57          FDCE (Prop_fdce_C_Q)         0.141     1.644 r  refresh_cnt_reg[16]/Q
                         net (fo=13, routed)          0.631     2.275    u_fsm/an_OBUF[0]
    SLICE_X0Y47          LUT6 (Prop_lut6_I3_O)        0.045     2.320 r  u_fsm/seg_OBUF[6]_inst_i_1/O
                         net (fo=1, routed)           0.414     2.735    seg_OBUF[6]
    L18                  OBUF (Prop_obuf_I_O)         1.239     3.974 r  seg_OBUF[6]_inst/O
                         net (fo=0)                   0.000     3.974    seg[6]
    L18                                                               r  seg[6] (OUT)
  -------------------------------------------------------------------    -------------------

Slack:                    inf
  Source:                 u_fsm/last_rx_reg[1]/C
                            (rising edge-triggered cell FDCE clocked by sys_clk  {rise@0.000ns fall@5.000ns period=10.000ns})
  Destination:            seg[4]
                            (output port)
  Path Group:             (none)
  Path Type:              Min at Fast Process Corner
  Data Path Delay:        2.580ns  (logic 1.405ns (54.442%)  route 1.176ns (45.558%))
  Logic Levels:           2  (LUT6=1 OBUF=1)
  Clock Uncertainty:      0.025ns  ((TSJ^2 + TIJ^2)^1/2 + DJ) / 2 + PE
    Total System Jitter     (TSJ):    0.050ns
    Total Input Jitter      (TIJ):    0.000ns
    Discrete Jitter          (DJ):    0.000ns
    Phase Error              (PE):    0.000ns

    Location             Delay type                Incr(ns)  Path(ns)    Netlist Resource(s)
  -------------------------------------------------------------------    -------------------
                         (clock sys_clk rise edge)    0.000     0.000 r  
    E3                                                0.000     0.000 r  clk (IN)
                         net (fo=0)                   0.000     0.000    clk
    E3                   IBUF (Prop_ibuf_I_O)         0.257     0.257 r  clk_IBUF_inst/O
                         net (fo=1, routed)           0.631     0.888    clk_IBUF
    BUFGCTRL_X0Y16       BUFG (Prop_bufg_I_O)         0.026     0.914 r  clk_IBUF_BUFG_inst/O
                         net (fo=121, routed)         0.589     1.502    u_fsm/CLK
    SLICE_X0Y61          FDCE                                         r  u_fsm/last_rx_reg[1]/C
  -------------------------------------------------------------------    -------------------
    SLICE_X0Y61          FDCE (Prop_fdce_C_Q)         0.141     1.643 f  u_fsm/last_rx_reg[1]/Q
                         net (fo=7, routed)           0.522     2.165    u_fsm/last_rx_reg_n_0_[1]
    SLICE_X0Y48          LUT6 (Prop_lut6_I2_O)        0.045     2.210 r  u_fsm/seg_OBUF[4]_inst_i_1/O
                         net (fo=1, routed)           0.654     2.864    seg_OBUF[4]
    P15                  OBUF (Prop_obuf_I_O)         1.219     4.083 r  seg_OBUF[4]_inst/O
                         net (fo=0)                   0.000     4.083    seg[4]
    P15                                                               r  seg[4] (OUT)
  -------------------------------------------------------------------    -------------------

Slack:                    inf
  Source:                 u_tx/tx_reg/C
                            (rising edge-triggered cell FDPE clocked by sys_clk  {rise@0.000ns fall@5.000ns period=10.000ns})
  Destination:            uart_tx
                            (output port)
  Path Group:             (none)
  Path Type:              Min at Fast Process Corner
  Data Path Delay:        2.784ns  (logic 1.388ns (49.849%)  route 1.396ns (50.151%))
  Logic Levels:           1  (OBUF=1)
  Clock Uncertainty:      0.025ns  ((TSJ^2 + TIJ^2)^1/2 + DJ) / 2 + PE
    Total System Jitter     (TSJ):    0.050ns
    Total Input Jitter      (TIJ):    0.000ns
    Discrete Jitter          (DJ):    0.000ns
    Phase Error              (PE):    0.000ns

    Location             Delay type                Incr(ns)  Path(ns)    Netlist Resource(s)
  -------------------------------------------------------------------    -------------------
                         (clock sys_clk rise edge)    0.000     0.000 r  
    E3                                                0.000     0.000 r  clk (IN)
                         net (fo=0)                   0.000     0.000    clk
    E3                   IBUF (Prop_ibuf_I_O)         0.257     0.257 r  clk_IBUF_inst/O
                         net (fo=1, routed)           0.631     0.888    clk_IBUF
    BUFGCTRL_X0Y16       BUFG (Prop_bufg_I_O)         0.026     0.914 r  clk_IBUF_BUFG_inst/O
                         net (fo=121, routed)         0.586     1.499    u_tx/CLK
    SLICE_X7Y62          FDPE                                         r  u_tx/tx_reg/C
  -------------------------------------------------------------------    -------------------
    SLICE_X7Y62          FDPE (Prop_fdpe_C_Q)         0.141     1.640 r  u_tx/tx_reg/Q
                         net (fo=1, routed)           1.396     3.037    uart_tx_OBUF
    D4                   OBUF (Prop_obuf_I_O)         1.247     4.284 r  uart_tx_OBUF_inst/O
                         net (fo=0)                   0.000     4.284    uart_tx
    D4                                                                r  uart_tx (OUT)
  -------------------------------------------------------------------    -------------------

Slack:                    inf
  Source:                 u_fsm/last_rx_reg[1]/C
                            (rising edge-triggered cell FDCE clocked by sys_clk  {rise@0.000ns fall@5.000ns period=10.000ns})
  Destination:            seg[1]
                            (output port)
  Path Group:             (none)
  Path Type:              Min at Fast Process Corner
  Data Path Delay:        2.932ns  (logic 1.422ns (48.515%)  route 1.509ns (51.485%))
  Logic Levels:           2  (LUT6=1 OBUF=1)
  Clock Uncertainty:      0.025ns  ((TSJ^2 + TIJ^2)^1/2 + DJ) / 2 + PE
    Total System Jitter     (TSJ):    0.050ns
    Total Input Jitter      (TIJ):    0.000ns
    Discrete Jitter          (DJ):    0.000ns
    Phase Error              (PE):    0.000ns

    Location             Delay type                Incr(ns)  Path(ns)    Netlist Resource(s)
  -------------------------------------------------------------------    -------------------
                         (clock sys_clk rise edge)    0.000     0.000 r  
    E3                                                0.000     0.000 r  clk (IN)
                         net (fo=0)                   0.000     0.000    clk
    E3                   IBUF (Prop_ibuf_I_O)         0.257     0.257 r  clk_IBUF_inst/O
                         net (fo=1, routed)           0.631     0.888    clk_IBUF
    BUFGCTRL_X0Y16       BUFG (Prop_bufg_I_O)         0.026     0.914 r  clk_IBUF_BUFG_inst/O
                         net (fo=121, routed)         0.589     1.502    u_fsm/CLK
    SLICE_X0Y61          FDCE                                         r  u_fsm/last_rx_reg[1]/C
  -------------------------------------------------------------------    -------------------
    SLICE_X0Y61          FDCE (Prop_fdce_C_Q)         0.141     1.643 r  u_fsm/last_rx_reg[1]/Q
                         net (fo=7, routed)           0.522     2.165    u_fsm/last_rx_reg_n_0_[1]
    SLICE_X0Y47          LUT6 (Prop_lut6_I4_O)        0.045     2.210 r  u_fsm/seg_OBUF[1]_inst_i_1/O
                         net (fo=1, routed)           0.988     3.198    seg_OBUF[1]
    R10                  OBUF (Prop_obuf_I_O)         1.236     4.434 r  seg_OBUF[1]_inst/O
                         net (fo=0)                   0.000     4.434    seg[1]
    R10                                                               r  seg[1] (OUT)
  -------------------------------------------------------------------    -------------------

Slack:                    inf
  Source:                 refresh_cnt_reg[16]/C
                            (rising edge-triggered cell FDCE clocked by sys_clk  {rise@0.000ns fall@5.000ns period=10.000ns})
  Destination:            seg[5]
                            (output port)
  Path Group:             (none)
  Path Type:              Min at Fast Process Corner
  Data Path Delay:        2.934ns  (logic 1.423ns (48.505%)  route 1.511ns (51.495%))
  Logic Levels:           2  (LUT6=1 OBUF=1)
  Clock Uncertainty:      0.025ns  ((TSJ^2 + TIJ^2)^1/2 + DJ) / 2 + PE
    Total System Jitter     (TSJ):    0.050ns
    Total Input Jitter      (TIJ):    0.000ns
    Discrete Jitter          (DJ):    0.000ns
    Phase Error              (PE):    0.000ns

    Location             Delay type                Incr(ns)  Path(ns)    Netlist Resource(s)
  -------------------------------------------------------------------    -------------------
                         (clock sys_clk rise edge)    0.000     0.000 r  
    E3                                                0.000     0.000 r  clk (IN)
                         net (fo=0)                   0.000     0.000    clk
    E3                   IBUF (Prop_ibuf_I_O)         0.257     0.257 r  clk_IBUF_inst/O
                         net (fo=1, routed)           0.631     0.888    clk_IBUF
    BUFGCTRL_X0Y16       BUFG (Prop_bufg_I_O)         0.026     0.914 r  clk_IBUF_BUFG_inst/O
                         net (fo=121, routed)         0.590     1.503    clk_IBUF_BUFG
    SLICE_X3Y57          FDCE                                         r  refresh_cnt_reg[16]/C
  -------------------------------------------------------------------    -------------------
    SLICE_X3Y57          FDCE (Prop_fdce_C_Q)         0.141     1.644 r  refresh_cnt_reg[16]/Q
                         net (fo=13, routed)          0.630     2.274    u_fsm/an_OBUF[0]
    SLICE_X0Y47          LUT6 (Prop_lut6_I3_O)        0.045     2.319 r  u_fsm/seg_OBUF[5]_inst_i_1/O
                         net (fo=1, routed)           0.881     3.201    seg_OBUF[5]
    T11                  OBUF (Prop_obuf_I_O)         1.237     4.438 r  seg_OBUF[5]_inst/O
                         net (fo=0)                   0.000     4.438    seg[5]
    T11                                                               r  seg[5] (OUT)
  -------------------------------------------------------------------    -------------------

Slack:                    inf
  Source:                 u_fsm/last_rx_reg[1]/C
                            (rising edge-triggered cell FDCE clocked by sys_clk  {rise@0.000ns fall@5.000ns period=10.000ns})
  Destination:            seg[0]
                            (output port)
  Path Group:             (none)
  Path Type:              Min at Fast Process Corner
  Data Path Delay:        2.983ns  (logic 1.426ns (47.816%)  route 1.557ns (52.184%))
  Logic Levels:           2  (LUT6=1 OBUF=1)
  Clock Uncertainty:      0.025ns  ((TSJ^2 + TIJ^2)^1/2 + DJ) / 2 + PE
    Total System Jitter     (TSJ):    0.050ns
    Total Input Jitter      (TIJ):    0.000ns
    Discrete Jitter          (DJ):    0.000ns
    Phase Error              (PE):    0.000ns

    Location             Delay type                Incr(ns)  Path(ns)    Netlist Resource(s)
  -------------------------------------------------------------------    -------------------
                         (clock sys_clk rise edge)    0.000     0.000 r  
    E3                                                0.000     0.000 r  clk (IN)
                         net (fo=0)                   0.000     0.000    clk
    E3                   IBUF (Prop_ibuf_I_O)         0.257     0.257 r  clk_IBUF_inst/O
                         net (fo=1, routed)           0.631     0.888    clk_IBUF
    BUFGCTRL_X0Y16       BUFG (Prop_bufg_I_O)         0.026     0.914 r  clk_IBUF_BUFG_inst/O
                         net (fo=121, routed)         0.589     1.502    u_fsm/CLK
    SLICE_X0Y61          FDCE                                         r  u_fsm/last_rx_reg[1]/C
  -------------------------------------------------------------------    -------------------
    SLICE_X0Y61          FDCE (Prop_fdce_C_Q)         0.141     1.643 r  u_fsm/last_rx_reg[1]/Q
                         net (fo=7, routed)           0.521     2.164    u_fsm/last_rx_reg_n_0_[1]
    SLICE_X0Y47          LUT6 (Prop_lut6_I3_O)        0.045     2.209 r  u_fsm/seg_OBUF[0]_inst_i_1/O
                         net (fo=1, routed)           1.036     3.245    seg_OBUF[0]
    T10                  OBUF (Prop_obuf_I_O)         1.240     4.485 r  seg_OBUF[0]_inst/O
                         net (fo=0)                   0.000     4.485    seg[0]
    T10                                                               r  seg[0] (OUT)
  -------------------------------------------------------------------    -------------------





--------------------------------------------------------------------------------------
Path Group:  (none)
From Clock:  
  To Clock:  sys_clk

Max Delay           155 Endpoints
Min Delay           155 Endpoints
--------------------------------------------------------------------------------------


Max Delay Paths
--------------------------------------------------------------------------------------
Slack:                    inf
  Source:                 rst_n
                            (input port)
  Destination:            u_baud/cnt_reg[0]/CLR
                            (recovery check against rising-edge clock sys_clk  {rise@0.000ns fall@5.000ns period=10.000ns})
  Path Group:             (none)
  Path Type:              Recovery (Max at Slow Process Corner)
  Data Path Delay:        6.363ns  (logic 1.655ns (26.008%)  route 4.708ns (73.992%))
  Logic Levels:           2  (IBUF=1 LUT1=1)
  Clock Path Skew:        4.877ns (DCD - SCD + CPR)
    Destination Clock Delay (DCD):    4.877ns
    Source Clock Delay      (SCD):    0.000ns
    Clock Pessimism Removal (CPR):    0.000ns
  Clock Uncertainty:      0.025ns  ((TSJ^2 + TIJ^2)^1/2 + DJ) / 2 + PE
    Total System Jitter     (TSJ):    0.050ns
    Total Input Jitter      (TIJ):    0.000ns
    Discrete Jitter          (DJ):    0.000ns
    Phase Error              (PE):    0.000ns

    Location             Delay type                Incr(ns)  Path(ns)    Netlist Resource(s)
  -------------------------------------------------------------------    -------------------
    C12                                               0.000     0.000 r  rst_n (IN)
                         net (fo=0)                   0.000     0.000    rst_n
    C12                  IBUF (Prop_ibuf_I_O)         1.506     1.506 r  rst_n_IBUF_inst/O
                         net (fo=8, routed)           2.754     4.260    u_rx/rst_n_IBUF
    SLICE_X4Y60          LUT1 (Prop_lut1_I0_O)        0.149     4.409 f  u_rx/FSM_sequential_state[1]_i_2/O
                         net (fo=101, routed)         1.954     6.363    u_baud/rst
    SLICE_X0Y53          FDCE                                         f  u_baud/cnt_reg[0]/CLR
  -------------------------------------------------------------------    -------------------

                         (clock sys_clk rise edge)    0.000     0.000 r  
    E3                                                0.000     0.000 r  clk (IN)
                         net (fo=0)                   0.000     0.000    clk
    E3                   IBUF (Prop_ibuf_I_O)         1.418     1.418 r  clk_IBUF_inst/O
                         net (fo=1, routed)           1.862     3.280    clk_IBUF
    BUFGCTRL_X0Y16       BUFG (Prop_bufg_I_O)         0.091     3.371 r  clk_IBUF_BUFG_inst/O
                         net (fo=121, routed)         1.506     4.877    u_baud/CLK
    SLICE_X0Y53          FDCE                                         r  u_baud/cnt_reg[0]/C

Slack:                    inf
  Source:                 rst_n
                            (input port)
  Destination:            u_baud/cnt_reg[1]/CLR
                            (recovery check against rising-edge clock sys_clk  {rise@0.000ns fall@5.000ns period=10.000ns})
  Path Group:             (none)
  Path Type:              Recovery (Max at Slow Process Corner)
  Data Path Delay:        6.363ns  (logic 1.655ns (26.008%)  route 4.708ns (73.992%))
  Logic Levels:           2  (IBUF=1 LUT1=1)
  Clock Path Skew:        4.877ns (DCD - SCD + CPR)
    Destination Clock Delay (DCD):    4.877ns
    Source Clock Delay      (SCD):    0.000ns
    Clock Pessimism Removal (CPR):    0.000ns
  Clock Uncertainty:      0.025ns  ((TSJ^2 + TIJ^2)^1/2 + DJ) / 2 + PE
    Total System Jitter     (TSJ):    0.050ns
    Total Input Jitter      (TIJ):    0.000ns
    Discrete Jitter          (DJ):    0.000ns
    Phase Error              (PE):    0.000ns

    Location             Delay type                Incr(ns)  Path(ns)    Netlist Resource(s)
  -------------------------------------------------------------------    -------------------
    C12                                               0.000     0.000 r  rst_n (IN)
                         net (fo=0)                   0.000     0.000    rst_n
    C12                  IBUF (Prop_ibuf_I_O)         1.506     1.506 r  rst_n_IBUF_inst/O
                         net (fo=8, routed)           2.754     4.260    u_rx/rst_n_IBUF
    SLICE_X4Y60          LUT1 (Prop_lut1_I0_O)        0.149     4.409 f  u_rx/FSM_sequential_state[1]_i_2/O
                         net (fo=101, routed)         1.954     6.363    u_baud/rst
    SLICE_X0Y53          FDCE                                         f  u_baud/cnt_reg[1]/CLR
  -------------------------------------------------------------------    -------------------

                         (clock sys_clk rise edge)    0.000     0.000 r  
    E3                                                0.000     0.000 r  clk (IN)
                         net (fo=0)                   0.000     0.000    clk
    E3                   IBUF (Prop_ibuf_I_O)         1.418     1.418 r  clk_IBUF_inst/O
                         net (fo=1, routed)           1.862     3.280    clk_IBUF
    BUFGCTRL_X0Y16       BUFG (Prop_bufg_I_O)         0.091     3.371 r  clk_IBUF_BUFG_inst/O
                         net (fo=121, routed)         1.506     4.877    u_baud/CLK
    SLICE_X0Y53          FDCE                                         r  u_baud/cnt_reg[1]/C

Slack:                    inf
  Source:                 rst_n
                            (input port)
  Destination:            u_baud/cnt_reg[2]/CLR
                            (recovery check against rising-edge clock sys_clk  {rise@0.000ns fall@5.000ns period=10.000ns})
  Path Group:             (none)
  Path Type:              Recovery (Max at Slow Process Corner)
  Data Path Delay:        6.363ns  (logic 1.655ns (26.008%)  route 4.708ns (73.992%))
  Logic Levels:           2  (IBUF=1 LUT1=1)
  Clock Path Skew:        4.877ns (DCD - SCD + CPR)
    Destination Clock Delay (DCD):    4.877ns
    Source Clock Delay      (SCD):    0.000ns
    Clock Pessimism Removal (CPR):    0.000ns
  Clock Uncertainty:      0.025ns  ((TSJ^2 + TIJ^2)^1/2 + DJ) / 2 + PE
    Total System Jitter     (TSJ):    0.050ns
    Total Input Jitter      (TIJ):    0.000ns
    Discrete Jitter          (DJ):    0.000ns
    Phase Error              (PE):    0.000ns

    Location             Delay type                Incr(ns)  Path(ns)    Netlist Resource(s)
  -------------------------------------------------------------------    -------------------
    C12                                               0.000     0.000 r  rst_n (IN)
                         net (fo=0)                   0.000     0.000    rst_n
    C12                  IBUF (Prop_ibuf_I_O)         1.506     1.506 r  rst_n_IBUF_inst/O
                         net (fo=8, routed)           2.754     4.260    u_rx/rst_n_IBUF
    SLICE_X4Y60          LUT1 (Prop_lut1_I0_O)        0.149     4.409 f  u_rx/FSM_sequential_state[1]_i_2/O
                         net (fo=101, routed)         1.954     6.363    u_baud/rst
    SLICE_X0Y53          FDCE                                         f  u_baud/cnt_reg[2]/CLR
  -------------------------------------------------------------------    -------------------

                         (clock sys_clk rise edge)    0.000     0.000 r  
    E3                                                0.000     0.000 r  clk (IN)
                         net (fo=0)                   0.000     0.000    clk
    E3                   IBUF (Prop_ibuf_I_O)         1.418     1.418 r  clk_IBUF_inst/O
                         net (fo=1, routed)           1.862     3.280    clk_IBUF
    BUFGCTRL_X0Y16       BUFG (Prop_bufg_I_O)         0.091     3.371 r  clk_IBUF_BUFG_inst/O
                         net (fo=121, routed)         1.506     4.877    u_baud/CLK
    SLICE_X0Y53          FDCE                                         r  u_baud/cnt_reg[2]/C

Slack:                    inf
  Source:                 rst_n
                            (input port)
  Destination:            u_baud/cnt_reg[3]/CLR
                            (recovery check against rising-edge clock sys_clk  {rise@0.000ns fall@5.000ns period=10.000ns})
  Path Group:             (none)
  Path Type:              Recovery (Max at Slow Process Corner)
  Data Path Delay:        6.363ns  (logic 1.655ns (26.008%)  route 4.708ns (73.992%))
  Logic Levels:           2  (IBUF=1 LUT1=1)
  Clock Path Skew:        4.877ns (DCD - SCD + CPR)
    Destination Clock Delay (DCD):    4.877ns
    Source Clock Delay      (SCD):    0.000ns
    Clock Pessimism Removal (CPR):    0.000ns
  Clock Uncertainty:      0.025ns  ((TSJ^2 + TIJ^2)^1/2 + DJ) / 2 + PE
    Total System Jitter     (TSJ):    0.050ns
    Total Input Jitter      (TIJ):    0.000ns
    Discrete Jitter          (DJ):    0.000ns
    Phase Error              (PE):    0.000ns

    Location             Delay type                Incr(ns)  Path(ns)    Netlist Resource(s)
  -------------------------------------------------------------------    -------------------
    C12                                               0.000     0.000 r  rst_n (IN)
                         net (fo=0)                   0.000     0.000    rst_n
    C12                  IBUF (Prop_ibuf_I_O)         1.506     1.506 r  rst_n_IBUF_inst/O
                         net (fo=8, routed)           2.754     4.260    u_rx/rst_n_IBUF
    SLICE_X4Y60          LUT1 (Prop_lut1_I0_O)        0.149     4.409 f  u_rx/FSM_sequential_state[1]_i_2/O
                         net (fo=101, routed)         1.954     6.363    u_baud/rst
    SLICE_X0Y53          FDCE                                         f  u_baud/cnt_reg[3]/CLR
  -------------------------------------------------------------------    -------------------

                         (clock sys_clk rise edge)    0.000     0.000 r  
    E3                                                0.000     0.000 r  clk (IN)
                         net (fo=0)                   0.000     0.000    clk
    E3                   IBUF (Prop_ibuf_I_O)         1.418     1.418 r  clk_IBUF_inst/O
                         net (fo=1, routed)           1.862     3.280    clk_IBUF
    BUFGCTRL_X0Y16       BUFG (Prop_bufg_I_O)         0.091     3.371 r  clk_IBUF_BUFG_inst/O
                         net (fo=121, routed)         1.506     4.877    u_baud/CLK
    SLICE_X0Y53          FDCE                                         r  u_baud/cnt_reg[3]/C

Slack:                    inf
  Source:                 rst_n
                            (input port)
  Destination:            u_baud/baud_tick_reg/CLR
                            (recovery check against rising-edge clock sys_clk  {rise@0.000ns fall@5.000ns period=10.000ns})
  Path Group:             (none)
  Path Type:              Recovery (Max at Slow Process Corner)
  Data Path Delay:        6.198ns  (logic 1.655ns (26.700%)  route 4.543ns (73.300%))
  Logic Levels:           2  (IBUF=1 LUT1=1)
  Clock Path Skew:        4.877ns (DCD - SCD + CPR)
    Destination Clock Delay (DCD):    4.877ns
    Source Clock Delay      (SCD):    0.000ns
    Clock Pessimism Removal (CPR):    0.000ns
  Clock Uncertainty:      0.025ns  ((TSJ^2 + TIJ^2)^1/2 + DJ) / 2 + PE
    Total System Jitter     (TSJ):    0.050ns
    Total Input Jitter      (TIJ):    0.000ns
    Discrete Jitter          (DJ):    0.000ns
    Phase Error              (PE):    0.000ns

    Location             Delay type                Incr(ns)  Path(ns)    Netlist Resource(s)
  -------------------------------------------------------------------    -------------------
    C12                                               0.000     0.000 r  rst_n (IN)
                         net (fo=0)                   0.000     0.000    rst_n
    C12                  IBUF (Prop_ibuf_I_O)         1.506     1.506 r  rst_n_IBUF_inst/O
                         net (fo=8, routed)           2.754     4.260    u_rx/rst_n_IBUF
    SLICE_X4Y60          LUT1 (Prop_lut1_I0_O)        0.149     4.409 f  u_rx/FSM_sequential_state[1]_i_2/O
                         net (fo=101, routed)         1.789     6.198    u_baud/rst
    SLICE_X0Y56          FDCE                                         f  u_baud/baud_tick_reg/CLR
  -------------------------------------------------------------------    -------------------

                         (clock sys_clk rise edge)    0.000     0.000 r  
    E3                                                0.000     0.000 r  clk (IN)
                         net (fo=0)                   0.000     0.000    clk
    E3                   IBUF (Prop_ibuf_I_O)         1.418     1.418 r  clk_IBUF_inst/O
                         net (fo=1, routed)           1.862     3.280    clk_IBUF
    BUFGCTRL_X0Y16       BUFG (Prop_bufg_I_O)         0.091     3.371 r  clk_IBUF_BUFG_inst/O
                         net (fo=121, routed)         1.506     4.877    u_baud/CLK
    SLICE_X0Y56          FDCE                                         r  u_baud/baud_tick_reg/C

Slack:                    inf
  Source:                 rst_n
                            (input port)
  Destination:            u_baud/cnt_reg[13]/CLR
                            (recovery check against rising-edge clock sys_clk  {rise@0.000ns fall@5.000ns period=10.000ns})
  Path Group:             (none)
  Path Type:              Recovery (Max at Slow Process Corner)
  Data Path Delay:        6.198ns  (logic 1.655ns (26.700%)  route 4.543ns (73.300%))
  Logic Levels:           2  (IBUF=1 LUT1=1)
  Clock Path Skew:        4.877ns (DCD - SCD + CPR)
    Destination Clock Delay (DCD):    4.877ns
    Source Clock Delay      (SCD):    0.000ns
    Clock Pessimism Removal (CPR):    0.000ns
  Clock Uncertainty:      0.025ns  ((TSJ^2 + TIJ^2)^1/2 + DJ) / 2 + PE
    Total System Jitter     (TSJ):    0.050ns
    Total Input Jitter      (TIJ):    0.000ns
    Discrete Jitter          (DJ):    0.000ns
    Phase Error              (PE):    0.000ns

    Location             Delay type                Incr(ns)  Path(ns)    Netlist Resource(s)
  -------------------------------------------------------------------    -------------------
    C12                                               0.000     0.000 r  rst_n (IN)
                         net (fo=0)                   0.000     0.000    rst_n
    C12                  IBUF (Prop_ibuf_I_O)         1.506     1.506 r  rst_n_IBUF_inst/O
                         net (fo=8, routed)           2.754     4.260    u_rx/rst_n_IBUF
    SLICE_X4Y60          LUT1 (Prop_lut1_I0_O)        0.149     4.409 f  u_rx/FSM_sequential_state[1]_i_2/O
                         net (fo=101, routed)         1.789     6.198    u_baud/rst
    SLICE_X0Y56          FDCE                                         f  u_baud/cnt_reg[13]/CLR
  -------------------------------------------------------------------    -------------------

                         (clock sys_clk rise edge)    0.000     0.000 r  
    E3                                                0.000     0.000 r  clk (IN)
                         net (fo=0)                   0.000     0.000    clk
    E3                   IBUF (Prop_ibuf_I_O)         1.418     1.418 r  clk_IBUF_inst/O
                         net (fo=1, routed)           1.862     3.280    clk_IBUF
    BUFGCTRL_X0Y16       BUFG (Prop_bufg_I_O)         0.091     3.371 r  clk_IBUF_BUFG_inst/O
                         net (fo=121, routed)         1.506     4.877    u_baud/CLK
    SLICE_X0Y56          FDCE                                         r  u_baud/cnt_reg[13]/C

Slack:                    inf
  Source:                 rst_n
                            (input port)
  Destination:            u_baud/cnt_reg[14]/CLR
                            (recovery check against rising-edge clock sys_clk  {rise@0.000ns fall@5.000ns period=10.000ns})
  Path Group:             (none)
  Path Type:              Recovery (Max at Slow Process Corner)
  Data Path Delay:        6.198ns  (logic 1.655ns (26.700%)  route 4.543ns (73.300%))
  Logic Levels:           2  (IBUF=1 LUT1=1)
  Clock Path Skew:        4.877ns (DCD - SCD + CPR)
    Destination Clock Delay (DCD):    4.877ns
    Source Clock Delay      (SCD):    0.000ns
    Clock Pessimism Removal (CPR):    0.000ns
  Clock Uncertainty:      0.025ns  ((TSJ^2 + TIJ^2)^1/2 + DJ) / 2 + PE
    Total System Jitter     (TSJ):    0.050ns
    Total Input Jitter      (TIJ):    0.000ns
    Discrete Jitter          (DJ):    0.000ns
    Phase Error              (PE):    0.000ns

    Location             Delay type                Incr(ns)  Path(ns)    Netlist Resource(s)
  -------------------------------------------------------------------    -------------------
    C12                                               0.000     0.000 r  rst_n (IN)
                         net (fo=0)                   0.000     0.000    rst_n
    C12                  IBUF (Prop_ibuf_I_O)         1.506     1.506 r  rst_n_IBUF_inst/O
                         net (fo=8, routed)           2.754     4.260    u_rx/rst_n_IBUF
    SLICE_X4Y60          LUT1 (Prop_lut1_I0_O)        0.149     4.409 f  u_rx/FSM_sequential_state[1]_i_2/O
                         net (fo=101, routed)         1.789     6.198    u_baud/rst
    SLICE_X0Y56          FDCE                                         f  u_baud/cnt_reg[14]/CLR
  -------------------------------------------------------------------    -------------------

                         (clock sys_clk rise edge)    0.000     0.000 r  
    E3                                                0.000     0.000 r  clk (IN)
                         net (fo=0)                   0.000     0.000    clk
    E3                   IBUF (Prop_ibuf_I_O)         1.418     1.418 r  clk_IBUF_inst/O
                         net (fo=1, routed)           1.862     3.280    clk_IBUF
    BUFGCTRL_X0Y16       BUFG (Prop_bufg_I_O)         0.091     3.371 r  clk_IBUF_BUFG_inst/O
                         net (fo=121, routed)         1.506     4.877    u_baud/CLK
    SLICE_X0Y56          FDCE                                         r  u_baud/cnt_reg[14]/C

Slack:                    inf
  Source:                 rst_n
                            (input port)
  Destination:            u_baud/cnt_reg[15]/CLR
                            (recovery check against rising-edge clock sys_clk  {rise@0.000ns fall@5.000ns period=10.000ns})
  Path Group:             (none)
  Path Type:              Recovery (Max at Slow Process Corner)
  Data Path Delay:        6.198ns  (logic 1.655ns (26.700%)  route 4.543ns (73.300%))
  Logic Levels:           2  (IBUF=1 LUT1=1)
  Clock Path Skew:        4.877ns (DCD - SCD + CPR)
    Destination Clock Delay (DCD):    4.877ns
    Source Clock Delay      (SCD):    0.000ns
    Clock Pessimism Removal (CPR):    0.000ns
  Clock Uncertainty:      0.025ns  ((TSJ^2 + TIJ^2)^1/2 + DJ) / 2 + PE
    Total System Jitter     (TSJ):    0.050ns
    Total Input Jitter      (TIJ):    0.000ns
    Discrete Jitter          (DJ):    0.000ns
    Phase Error              (PE):    0.000ns

    Location             Delay type                Incr(ns)  Path(ns)    Netlist Resource(s)
  -------------------------------------------------------------------    -------------------
    C12                                               0.000     0.000 r  rst_n (IN)
                         net (fo=0)                   0.000     0.000    rst_n
    C12                  IBUF (Prop_ibuf_I_O)         1.506     1.506 r  rst_n_IBUF_inst/O
                         net (fo=8, routed)           2.754     4.260    u_rx/rst_n_IBUF
    SLICE_X4Y60          LUT1 (Prop_lut1_I0_O)        0.149     4.409 f  u_rx/FSM_sequential_state[1]_i_2/O
                         net (fo=101, routed)         1.789     6.198    u_baud/rst
    SLICE_X0Y56          FDCE                                         f  u_baud/cnt_reg[15]/CLR
  -------------------------------------------------------------------    -------------------

                         (clock sys_clk rise edge)    0.000     0.000 r  
    E3                                                0.000     0.000 r  clk (IN)
                         net (fo=0)                   0.000     0.000    clk
    E3                   IBUF (Prop_ibuf_I_O)         1.418     1.418 r  clk_IBUF_inst/O
                         net (fo=1, routed)           1.862     3.280    clk_IBUF
    BUFGCTRL_X0Y16       BUFG (Prop_bufg_I_O)         0.091     3.371 r  clk_IBUF_BUFG_inst/O
                         net (fo=121, routed)         1.506     4.877    u_baud/CLK
    SLICE_X0Y56          FDCE                                         r  u_baud/cnt_reg[15]/C

Slack:                    inf
  Source:                 rst_n
                            (input port)
  Destination:            u_baud/cnt_reg[5]/CLR
                            (recovery check against rising-edge clock sys_clk  {rise@0.000ns fall@5.000ns period=10.000ns})
  Path Group:             (none)
  Path Type:              Recovery (Max at Slow Process Corner)
  Data Path Delay:        6.083ns  (logic 1.655ns (27.203%)  route 4.428ns (72.797%))
  Logic Levels:           2  (IBUF=1 LUT1=1)
  Clock Path Skew:        4.877ns (DCD - SCD + CPR)
    Destination Clock Delay (DCD):    4.877ns
    Source Clock Delay      (SCD):    0.000ns
    Clock Pessimism Removal (CPR):    0.000ns
  Clock Uncertainty:      0.025ns  ((TSJ^2 + TIJ^2)^1/2 + DJ) / 2 + PE
    Total System Jitter     (TSJ):    0.050ns
    Total Input Jitter      (TIJ):    0.000ns
    Discrete Jitter          (DJ):    0.000ns
    Phase Error              (PE):    0.000ns

    Location             Delay type                Incr(ns)  Path(ns)    Netlist Resource(s)
  -------------------------------------------------------------------    -------------------
    C12                                               0.000     0.000 r  rst_n (IN)
                         net (fo=0)                   0.000     0.000    rst_n
    C12                  IBUF (Prop_ibuf_I_O)         1.506     1.506 r  rst_n_IBUF_inst/O
                         net (fo=8, routed)           2.754     4.260    u_rx/rst_n_IBUF
    SLICE_X4Y60          LUT1 (Prop_lut1_I0_O)        0.149     4.409 f  u_rx/FSM_sequential_state[1]_i_2/O
                         net (fo=101, routed)         1.675     6.083    u_baud/rst
    SLICE_X0Y54          FDCE                                         f  u_baud/cnt_reg[5]/CLR
  -------------------------------------------------------------------    -------------------

                         (clock sys_clk rise edge)    0.000     0.000 r  
    E3                                                0.000     0.000 r  clk (IN)
                         net (fo=0)                   0.000     0.000    clk
    E3                   IBUF (Prop_ibuf_I_O)         1.418     1.418 r  clk_IBUF_inst/O
                         net (fo=1, routed)           1.862     3.280    clk_IBUF
    BUFGCTRL_X0Y16       BUFG (Prop_bufg_I_O)         0.091     3.371 r  clk_IBUF_BUFG_inst/O
                         net (fo=121, routed)         1.506     4.877    u_baud/CLK
    SLICE_X0Y54          FDCE                                         r  u_baud/cnt_reg[5]/C

Slack:                    inf
  Source:                 rst_n
                            (input port)
  Destination:            u_baud/cnt_reg[7]/CLR
                            (recovery check against rising-edge clock sys_clk  {rise@0.000ns fall@5.000ns period=10.000ns})
  Path Group:             (none)
  Path Type:              Recovery (Max at Slow Process Corner)
  Data Path Delay:        6.083ns  (logic 1.655ns (27.203%)  route 4.428ns (72.797%))
  Logic Levels:           2  (IBUF=1 LUT1=1)
  Clock Path Skew:        4.877ns (DCD - SCD + CPR)
    Destination Clock Delay (DCD):    4.877ns
    Source Clock Delay      (SCD):    0.000ns
    Clock Pessimism Removal (CPR):    0.000ns
  Clock Uncertainty:      0.025ns  ((TSJ^2 + TIJ^2)^1/2 + DJ) / 2 + PE
    Total System Jitter     (TSJ):    0.050ns
    Total Input Jitter      (TIJ):    0.000ns
    Discrete Jitter          (DJ):    0.000ns
    Phase Error              (PE):    0.000ns

    Location             Delay type                Incr(ns)  Path(ns)    Netlist Resource(s)
  -------------------------------------------------------------------    -------------------
    C12                                               0.000     0.000 r  rst_n (IN)
                         net (fo=0)                   0.000     0.000    rst_n
    C12                  IBUF (Prop_ibuf_I_O)         1.506     1.506 r  rst_n_IBUF_inst/O
                         net (fo=8, routed)           2.754     4.260    u_rx/rst_n_IBUF
    SLICE_X4Y60          LUT1 (Prop_lut1_I0_O)        0.149     4.409 f  u_rx/FSM_sequential_state[1]_i_2/O
                         net (fo=101, routed)         1.675     6.083    u_baud/rst
    SLICE_X0Y54          FDCE                                         f  u_baud/cnt_reg[7]/CLR
  -------------------------------------------------------------------    -------------------

                         (clock sys_clk rise edge)    0.000     0.000 r  
    E3                                                0.000     0.000 r  clk (IN)
                         net (fo=0)                   0.000     0.000    clk
    E3                   IBUF (Prop_ibuf_I_O)         1.418     1.418 r  clk_IBUF_inst/O
                         net (fo=1, routed)           1.862     3.280    clk_IBUF
    BUFGCTRL_X0Y16       BUFG (Prop_bufg_I_O)         0.091     3.371 r  clk_IBUF_BUFG_inst/O
                         net (fo=121, routed)         1.506     4.877    u_baud/CLK
    SLICE_X0Y54          FDCE                                         r  u_baud/cnt_reg[7]/C





Min Delay Paths
--------------------------------------------------------------------------------------
Slack:                    inf
  Source:                 u_fsm/state_reg[2]_LDC/G
                            (positive level-sensitive latch)
  Destination:            u_fsm/tx_data_reg[4]/D
                            (rising edge-triggered cell FDCE clocked by sys_clk  {rise@0.000ns fall@5.000ns period=10.000ns})
  Path Group:             (none)
  Path Type:              Hold (Min at Fast Process Corner)
  Data Path Delay:        0.419ns  (logic 0.265ns (63.209%)  route 0.154ns (36.791%))
  Logic Levels:           2  (LDCE=1 LUT4=1)
  Clock Uncertainty:      0.025ns  ((TSJ^2 + TIJ^2)^1/2 + DJ) / 2 + PE
    Total System Jitter     (TSJ):    0.050ns
    Total Input Jitter      (TIJ):    0.000ns
    Discrete Jitter          (DJ):    0.000ns
    Phase Error              (PE):    0.000ns

    Location             Delay type                Incr(ns)  Path(ns)    Netlist Resource(s)
  -------------------------------------------------------------------    -------------------
    SLICE_X3Y63          LDCE                         0.000     0.000 r  u_fsm/state_reg[2]_LDC/G
    SLICE_X3Y63          LDCE (EnToQ_ldce_G_Q)        0.220     0.220 r  u_fsm/state_reg[2]_LDC/Q
                         net (fo=4, routed)           0.154     0.374    u_fsm/state_reg[2]_LDC_n_0
    SLICE_X3Y62          LUT4 (Prop_lut4_I1_O)        0.045     0.419 r  u_fsm/tx_data[4]_i_1/O
                         net (fo=1, routed)           0.000     0.419    u_fsm/tx_data[4]_i_1_n_0
    SLICE_X3Y62          FDCE                                         r  u_fsm/tx_data_reg[4]/D
  -------------------------------------------------------------------    -------------------

                         (clock sys_clk rise edge)    0.000     0.000 r  
    E3                                                0.000     0.000 r  clk (IN)
                         net (fo=0)                   0.000     0.000    clk
    E3                   IBUF (Prop_ibuf_I_O)         0.445     0.445 r  clk_IBUF_inst/O
                         net (fo=1, routed)           0.685     1.129    clk_IBUF
    BUFGCTRL_X0Y16       BUFG (Prop_bufg_I_O)         0.029     1.158 r  clk_IBUF_BUFG_inst/O
                         net (fo=121, routed)         0.858     2.016    u_fsm/CLK
    SLICE_X3Y62          FDCE                                         r  u_fsm/tx_data_reg[4]/C

Slack:                    inf
  Source:                 u_fsm/sw_sync_reg[0]_LDC/G
                            (positive level-sensitive latch)
  Destination:            u_fsm/sw_prev_reg[0]_C/D
                            (rising edge-triggered cell FDCE clocked by sys_clk  {rise@0.000ns fall@5.000ns period=10.000ns})
  Path Group:             (none)
  Path Type:              Hold (Min at Fast Process Corner)
  Data Path Delay:        0.578ns  (logic 0.202ns (34.926%)  route 0.376ns (65.074%))
  Logic Levels:           2  (LDCE=1 LUT3=1)
  Clock Uncertainty:      0.025ns  ((TSJ^2 + TIJ^2)^1/2 + DJ) / 2 + PE
    Total System Jitter     (TSJ):    0.050ns
    Total Input Jitter      (TIJ):    0.000ns
    Discrete Jitter          (DJ):    0.000ns
    Phase Error              (PE):    0.000ns

    Location             Delay type                Incr(ns)  Path(ns)    Netlist Resource(s)
  -------------------------------------------------------------------    -------------------
    SLICE_X1Y60          LDCE                         0.000     0.000 r  u_fsm/sw_sync_reg[0]_LDC/G
    SLICE_X1Y60          LDCE (EnToQ_ldce_G_Q)        0.158     0.158 r  u_fsm/sw_sync_reg[0]_LDC/Q
                         net (fo=3, routed)           0.376     0.534    u_fsm/sw_sync_reg[0]_LDC_n_0
    SLICE_X1Y61          LUT3 (Prop_lut3_I1_O)        0.044     0.578 r  u_fsm/sw_prev[0]_C_i_1/O
                         net (fo=7, routed)           0.000     0.578    u_fsm/sw_sync[0]
    SLICE_X1Y61          FDCE                                         r  u_fsm/sw_prev_reg[0]_C/D
  -------------------------------------------------------------------    -------------------

                         (clock sys_clk rise edge)    0.000     0.000 r  
    E3                                                0.000     0.000 r  clk (IN)
                         net (fo=0)                   0.000     0.000    clk
    E3                   IBUF (Prop_ibuf_I_O)         0.445     0.445 r  clk_IBUF_inst/O
                         net (fo=1, routed)           0.685     1.129    clk_IBUF
    BUFGCTRL_X0Y16       BUFG (Prop_bufg_I_O)         0.029     1.158 r  clk_IBUF_BUFG_inst/O
                         net (fo=121, routed)         0.860     2.018    u_fsm/CLK
    SLICE_X1Y61          FDCE                                         r  u_fsm/sw_prev_reg[0]_C/C

Slack:                    inf
  Source:                 u_fsm/sw_sync_reg[1]_LDC/G
                            (positive level-sensitive latch)
  Destination:            u_fsm/state_reg[2]_C/D
                            (rising edge-triggered cell FDCE clocked by sys_clk  {rise@0.000ns fall@5.000ns period=10.000ns})
  Path Group:             (none)
  Path Type:              Hold (Min at Fast Process Corner)
  Data Path Delay:        0.690ns  (logic 0.310ns (44.904%)  route 0.380ns (55.096%))
  Logic Levels:           3  (LDCE=1 LUT6=2)
  Clock Uncertainty:      0.025ns  ((TSJ^2 + TIJ^2)^1/2 + DJ) / 2 + PE
    Total System Jitter     (TSJ):    0.050ns
    Total Input Jitter      (TIJ):    0.000ns
    Discrete Jitter          (DJ):    0.000ns
    Phase Error              (PE):    0.000ns

    Location             Delay type                Incr(ns)  Path(ns)    Netlist Resource(s)
  -------------------------------------------------------------------    -------------------
    SLICE_X1Y62          LDCE                         0.000     0.000 r  u_fsm/sw_sync_reg[1]_LDC/G
    SLICE_X1Y62          LDCE (EnToQ_ldce_G_Q)        0.220     0.220 r  u_fsm/sw_sync_reg[1]_LDC/Q
                         net (fo=3, routed)           0.170     0.390    u_fsm/sw_sync_reg[1]_LDC_n_0
    SLICE_X1Y62          LUT6 (Prop_lut6_I1_O)        0.045     0.435 r  u_fsm/idx[2]_i_2/O
                         net (fo=10, routed)          0.210     0.645    u_fsm/idx[2]_i_2_n_0
    SLICE_X3Y61          LUT6 (Prop_lut6_I3_O)        0.045     0.690 r  u_fsm/state[2]_C_i_1/O
                         net (fo=1, routed)           0.000     0.690    u_fsm/state[2]_C_i_1_n_0
    SLICE_X3Y61          FDCE                                         r  u_fsm/state_reg[2]_C/D
  -------------------------------------------------------------------    -------------------

                         (clock sys_clk rise edge)    0.000     0.000 r  
    E3                                                0.000     0.000 r  clk (IN)
                         net (fo=0)                   0.000     0.000    clk
    E3                   IBUF (Prop_ibuf_I_O)         0.445     0.445 r  clk_IBUF_inst/O
                         net (fo=1, routed)           0.685     1.129    clk_IBUF
    BUFGCTRL_X0Y16       BUFG (Prop_bufg_I_O)         0.029     1.158 r  clk_IBUF_BUFG_inst/O
                         net (fo=121, routed)         0.860     2.018    u_fsm/CLK
    SLICE_X3Y61          FDCE                                         r  u_fsm/state_reg[2]_C/C

Slack:                    inf
  Source:                 u_fsm/sw_sync_reg[1]_LDC/G
                            (positive level-sensitive latch)
  Destination:            u_fsm/state_reg[0]/D
                            (rising edge-triggered cell FDCE clocked by sys_clk  {rise@0.000ns fall@5.000ns period=10.000ns})
  Path Group:             (none)
  Path Type:              Hold (Min at Fast Process Corner)
  Data Path Delay:        0.695ns  (logic 0.310ns (44.581%)  route 0.385ns (55.419%))
  Logic Levels:           3  (LDCE=1 LUT6=2)
  Clock Uncertainty:      0.025ns  ((TSJ^2 + TIJ^2)^1/2 + DJ) / 2 + PE
    Total System Jitter     (TSJ):    0.050ns
    Total Input Jitter      (TIJ):    0.000ns
    Discrete Jitter          (DJ):    0.000ns
    Phase Error              (PE):    0.000ns

    Location             Delay type                Incr(ns)  Path(ns)    Netlist Resource(s)
  -------------------------------------------------------------------    -------------------
    SLICE_X1Y62          LDCE                         0.000     0.000 r  u_fsm/sw_sync_reg[1]_LDC/G
    SLICE_X1Y62          LDCE (EnToQ_ldce_G_Q)        0.220     0.220 r  u_fsm/sw_sync_reg[1]_LDC/Q
                         net (fo=3, routed)           0.170     0.390    u_fsm/sw_sync_reg[1]_LDC_n_0
    SLICE_X1Y62          LUT6 (Prop_lut6_I1_O)        0.045     0.435 r  u_fsm/idx[2]_i_2/O
                         net (fo=10, routed)          0.215     0.650    u_fsm/idx[2]_i_2_n_0
    SLICE_X2Y61          LUT6 (Prop_lut6_I3_O)        0.045     0.695 r  u_fsm/state[0]_i_1/O
                         net (fo=1, routed)           0.000     0.695    u_fsm/state[0]_i_1_n_0
    SLICE_X2Y61          FDCE                                         r  u_fsm/state_reg[0]/D
  -------------------------------------------------------------------    -------------------

                         (clock sys_clk rise edge)    0.000     0.000 r  
    E3                                                0.000     0.000 r  clk (IN)
                         net (fo=0)                   0.000     0.000    clk
    E3                   IBUF (Prop_ibuf_I_O)         0.445     0.445 r  clk_IBUF_inst/O
                         net (fo=1, routed)           0.685     1.129    clk_IBUF
    BUFGCTRL_X0Y16       BUFG (Prop_bufg_I_O)         0.029     1.158 r  clk_IBUF_BUFG_inst/O
                         net (fo=121, routed)         0.860     2.018    u_fsm/CLK
    SLICE_X2Y61          FDCE                                         r  u_fsm/state_reg[0]/C

Slack:                    inf
  Source:                 u_fsm/sw_sync_reg[1]_LDC/G
                            (positive level-sensitive latch)
  Destination:            u_fsm/sw_prev_reg[1]_C/D
                            (rising edge-triggered cell FDCE clocked by sys_clk  {rise@0.000ns fall@5.000ns period=10.000ns})
  Path Group:             (none)
  Path Type:              Hold (Min at Fast Process Corner)
  Data Path Delay:        0.700ns  (logic 0.265ns (37.878%)  route 0.435ns (62.122%))
  Logic Levels:           2  (LDCE=1 LUT3=1)
  Clock Uncertainty:      0.025ns  ((TSJ^2 + TIJ^2)^1/2 + DJ) / 2 + PE
    Total System Jitter     (TSJ):    0.050ns
    Total Input Jitter      (TIJ):    0.000ns
    Discrete Jitter          (DJ):    0.000ns
    Phase Error              (PE):    0.000ns

    Location             Delay type                Incr(ns)  Path(ns)    Netlist Resource(s)
  -------------------------------------------------------------------    -------------------
    SLICE_X1Y62          LDCE                         0.000     0.000 r  u_fsm/sw_sync_reg[1]_LDC/G
    SLICE_X1Y62          LDCE (EnToQ_ldce_G_Q)        0.220     0.220 r  u_fsm/sw_sync_reg[1]_LDC/Q
                         net (fo=3, routed)           0.296     0.516    u_fsm/sw_sync_reg[1]_LDC_n_0
    SLICE_X1Y61          LUT3 (Prop_lut3_I1_O)        0.045     0.561 r  u_fsm/sw_prev[1]_C_i_1/O
                         net (fo=7, routed)           0.138     0.700    u_fsm/sw_sync[1]
    SLICE_X0Y62          FDCE                                         r  u_fsm/sw_prev_reg[1]_C/D
  -------------------------------------------------------------------    -------------------

                         (clock sys_clk rise edge)    0.000     0.000 r  
    E3                                                0.000     0.000 r  clk (IN)
                         net (fo=0)                   0.000     0.000    clk
    E3                   IBUF (Prop_ibuf_I_O)         0.445     0.445 r  clk_IBUF_inst/O
                         net (fo=1, routed)           0.685     1.129    clk_IBUF
    BUFGCTRL_X0Y16       BUFG (Prop_bufg_I_O)         0.029     1.158 r  clk_IBUF_BUFG_inst/O
                         net (fo=121, routed)         0.858     2.016    u_fsm/CLK
    SLICE_X0Y62          FDCE                                         r  u_fsm/sw_prev_reg[1]_C/C

Slack:                    inf
  Source:                 u_fsm/sw_sync_reg[1]_LDC/G
                            (positive level-sensitive latch)
  Destination:            u_fsm/tx_start_reg/D
                            (rising edge-triggered cell FDCE clocked by sys_clk  {rise@0.000ns fall@5.000ns period=10.000ns})
  Path Group:             (none)
  Path Type:              Hold (Min at Fast Process Corner)
  Data Path Delay:        0.722ns  (logic 0.310ns (42.913%)  route 0.412ns (57.087%))
  Logic Levels:           3  (LDCE=1 LUT6=2)
  Clock Uncertainty:      0.025ns  ((TSJ^2 + TIJ^2)^1/2 + DJ) / 2 + PE
    Total System Jitter     (TSJ):    0.050ns
    Total Input Jitter      (TIJ):    0.000ns
    Discrete Jitter          (DJ):    0.000ns
    Phase Error              (PE):    0.000ns

    Location             Delay type                Incr(ns)  Path(ns)    Netlist Resource(s)
  -------------------------------------------------------------------    -------------------
    SLICE_X1Y62          LDCE                         0.000     0.000 r  u_fsm/sw_sync_reg[1]_LDC/G
    SLICE_X1Y62          LDCE (EnToQ_ldce_G_Q)        0.220     0.220 r  u_fsm/sw_sync_reg[1]_LDC/Q
                         net (fo=3, routed)           0.170     0.390    u_fsm/sw_sync_reg[1]_LDC_n_0
    SLICE_X1Y62          LUT6 (Prop_lut6_I1_O)        0.045     0.435 f  u_fsm/idx[2]_i_2/O
                         net (fo=10, routed)          0.242     0.677    u_fsm/idx[2]_i_2_n_0
    SLICE_X4Y62          LUT6 (Prop_lut6_I0_O)        0.045     0.722 r  u_fsm/tx_start_i_1/O
                         net (fo=1, routed)           0.000     0.722    u_fsm/tx_start_i_1_n_0
    SLICE_X4Y62          FDCE                                         r  u_fsm/tx_start_reg/D
  -------------------------------------------------------------------    -------------------

                         (clock sys_clk rise edge)    0.000     0.000 r  
    E3                                                0.000     0.000 r  clk (IN)
                         net (fo=0)                   0.000     0.000    clk
    E3                   IBUF (Prop_ibuf_I_O)         0.445     0.445 r  clk_IBUF_inst/O
                         net (fo=1, routed)           0.685     1.129    clk_IBUF
    BUFGCTRL_X0Y16       BUFG (Prop_bufg_I_O)         0.029     1.158 r  clk_IBUF_BUFG_inst/O
                         net (fo=121, routed)         0.856     2.014    u_fsm/CLK
    SLICE_X4Y62          FDCE                                         r  u_fsm/tx_start_reg/C

Slack:                    inf
  Source:                 u_fsm/sw_sync_reg[1]_LDC/G
                            (positive level-sensitive latch)
  Destination:            u_fsm/idx_reg[1]/D
                            (rising edge-triggered cell FDCE clocked by sys_clk  {rise@0.000ns fall@5.000ns period=10.000ns})
  Path Group:             (none)
  Path Type:              Hold (Min at Fast Process Corner)
  Data Path Delay:        0.732ns  (logic 0.310ns (42.372%)  route 0.422ns (57.628%))
  Logic Levels:           3  (LDCE=1 LUT5=1 LUT6=1)
  Clock Uncertainty:      0.025ns  ((TSJ^2 + TIJ^2)^1/2 + DJ) / 2 + PE
    Total System Jitter     (TSJ):    0.050ns
    Total Input Jitter      (TIJ):    0.000ns
    Discrete Jitter          (DJ):    0.000ns
    Phase Error              (PE):    0.000ns

    Location             Delay type                Incr(ns)  Path(ns)    Netlist Resource(s)
  -------------------------------------------------------------------    -------------------
    SLICE_X1Y62          LDCE                         0.000     0.000 r  u_fsm/sw_sync_reg[1]_LDC/G
    SLICE_X1Y62          LDCE (EnToQ_ldce_G_Q)        0.220     0.220 r  u_fsm/sw_sync_reg[1]_LDC/Q
                         net (fo=3, routed)           0.170     0.390    u_fsm/sw_sync_reg[1]_LDC_n_0
    SLICE_X1Y62          LUT6 (Prop_lut6_I1_O)        0.045     0.435 f  u_fsm/idx[2]_i_2/O
                         net (fo=10, routed)          0.251     0.687    u_fsm/idx[2]_i_2_n_0
    SLICE_X4Y62          LUT5 (Prop_lut5_I2_O)        0.045     0.732 r  u_fsm/idx[1]_i_1/O
                         net (fo=1, routed)           0.000     0.732    u_fsm/idx[1]_i_1_n_0
    SLICE_X4Y62          FDCE                                         r  u_fsm/idx_reg[1]/D
  -------------------------------------------------------------------    -------------------

                         (clock sys_clk rise edge)    0.000     0.000 r  
    E3                                                0.000     0.000 r  clk (IN)
                         net (fo=0)                   0.000     0.000    clk
    E3                   IBUF (Prop_ibuf_I_O)         0.445     0.445 r  clk_IBUF_inst/O
                         net (fo=1, routed)           0.685     1.129    clk_IBUF
    BUFGCTRL_X0Y16       BUFG (Prop_bufg_I_O)         0.029     1.158 r  clk_IBUF_BUFG_inst/O
                         net (fo=121, routed)         0.856     2.014    u_fsm/CLK
    SLICE_X4Y62          FDCE                                         r  u_fsm/idx_reg[1]/C

Slack:                    inf
  Source:                 u_fsm/sw_sync_reg[1]_LDC/G
                            (positive level-sensitive latch)
  Destination:            u_fsm/idx_reg[2]/D
                            (rising edge-triggered cell FDCE clocked by sys_clk  {rise@0.000ns fall@5.000ns period=10.000ns})
  Path Group:             (none)
  Path Type:              Hold (Min at Fast Process Corner)
  Data Path Delay:        0.733ns  (logic 0.311ns (42.451%)  route 0.422ns (57.549%))
  Logic Levels:           3  (LDCE=1 LUT5=1 LUT6=1)
  Clock Uncertainty:      0.025ns  ((TSJ^2 + TIJ^2)^1/2 + DJ) / 2 + PE
    Total System Jitter     (TSJ):    0.050ns
    Total Input Jitter      (TIJ):    0.000ns
    Discrete Jitter          (DJ):    0.000ns
    Phase Error              (PE):    0.000ns

    Location             Delay type                Incr(ns)  Path(ns)    Netlist Resource(s)
  -------------------------------------------------------------------    -------------------
    SLICE_X1Y62          LDCE                         0.000     0.000 r  u_fsm/sw_sync_reg[1]_LDC/G
    SLICE_X1Y62          LDCE (EnToQ_ldce_G_Q)        0.220     0.220 r  u_fsm/sw_sync_reg[1]_LDC/Q
                         net (fo=3, routed)           0.170     0.390    u_fsm/sw_sync_reg[1]_LDC_n_0
    SLICE_X1Y62          LUT6 (Prop_lut6_I1_O)        0.045     0.435 f  u_fsm/idx[2]_i_2/O
                         net (fo=10, routed)          0.251     0.687    u_fsm/idx[2]_i_2_n_0
    SLICE_X4Y62          LUT5 (Prop_lut5_I2_O)        0.046     0.733 r  u_fsm/idx[2]_i_1/O
                         net (fo=1, routed)           0.000     0.733    u_fsm/idx[2]_i_1_n_0
    SLICE_X4Y62          FDCE                                         r  u_fsm/idx_reg[2]/D
  -------------------------------------------------------------------    -------------------

                         (clock sys_clk rise edge)    0.000     0.000 r  
    E3                                                0.000     0.000 r  clk (IN)
                         net (fo=0)                   0.000     0.000    clk
    E3                   IBUF (Prop_ibuf_I_O)         0.445     0.445 r  clk_IBUF_inst/O
                         net (fo=1, routed)           0.685     1.129    clk_IBUF
    BUFGCTRL_X0Y16       BUFG (Prop_bufg_I_O)         0.029     1.158 r  clk_IBUF_BUFG_inst/O
                         net (fo=121, routed)         0.856     2.014    u_fsm/CLK
    SLICE_X4Y62          FDCE                                         r  u_fsm/idx_reg[2]/C

Slack:                    inf
  Source:                 u_fsm/sw_sync_reg[1]_LDC/G
                            (positive level-sensitive latch)
  Destination:            u_fsm/state_reg[2]_P/CE
                            (rising edge-triggered cell FDPE clocked by sys_clk  {rise@0.000ns fall@5.000ns period=10.000ns})
  Path Group:             (none)
  Path Type:              Hold (Min at Fast Process Corner)
  Data Path Delay:        0.741ns  (logic 0.310ns (41.826%)  route 0.431ns (58.174%))
  Logic Levels:           3  (LDCE=1 LUT6=2)
  Clock Uncertainty:      0.025ns  ((TSJ^2 + TIJ^2)^1/2 + DJ) / 2 + PE
    Total System Jitter     (TSJ):    0.050ns
    Total Input Jitter      (TIJ):    0.000ns
    Discrete Jitter          (DJ):    0.000ns
    Phase Error              (PE):    0.000ns

    Location             Delay type                Incr(ns)  Path(ns)    Netlist Resource(s)
  -------------------------------------------------------------------    -------------------
    SLICE_X1Y62          LDCE                         0.000     0.000 r  u_fsm/sw_sync_reg[1]_LDC/G
    SLICE_X1Y62          LDCE (EnToQ_ldce_G_Q)        0.220     0.220 r  u_fsm/sw_sync_reg[1]_LDC/Q
                         net (fo=3, routed)           0.170     0.390    u_fsm/sw_sync_reg[1]_LDC_n_0
    SLICE_X1Y62          LUT6 (Prop_lut6_I1_O)        0.045     0.435 r  u_fsm/idx[2]_i_2/O
                         net (fo=10, routed)          0.205     0.640    u_fsm/idx[2]_i_2_n_0
    SLICE_X2Y62          LUT6 (Prop_lut6_I0_O)        0.045     0.685 r  u_fsm/state[2]_P_i_1/O
                         net (fo=1, routed)           0.056     0.741    u_fsm/state[2]_P_i_1_n_0
    SLICE_X2Y62          FDPE                                         r  u_fsm/state_reg[2]_P/CE
  -------------------------------------------------------------------    -------------------

                         (clock sys_clk rise edge)    0.000     0.000 r  
    E3                                                0.000     0.000 r  clk (IN)
                         net (fo=0)                   0.000     0.000    clk
    E3                   IBUF (Prop_ibuf_I_O)         0.445     0.445 r  clk_IBUF_inst/O
                         net (fo=1, routed)           0.685     1.129    clk_IBUF
    BUFGCTRL_X0Y16       BUFG (Prop_bufg_I_O)         0.029     1.158 r  clk_IBUF_BUFG_inst/O
                         net (fo=121, routed)         0.858     2.016    u_fsm/CLK
    SLICE_X2Y62          FDPE                                         r  u_fsm/state_reg[2]_P/C

Slack:                    inf
  Source:                 u_fsm/sw_sync_reg[1]_LDC/G
                            (positive level-sensitive latch)
  Destination:            u_fsm/state_reg[2]_P/D
                            (rising edge-triggered cell FDPE clocked by sys_clk  {rise@0.000ns fall@5.000ns period=10.000ns})
  Path Group:             (none)
  Path Type:              Hold (Min at Fast Process Corner)
  Data Path Delay:        0.742ns  (logic 0.310ns (41.785%)  route 0.432ns (58.215%))
  Logic Levels:           3  (LDCE=1 LUT6=2)
  Clock Uncertainty:      0.025ns  ((TSJ^2 + TIJ^2)^1/2 + DJ) / 2 + PE
    Total System Jitter     (TSJ):    0.050ns
    Total Input Jitter      (TIJ):    0.000ns
    Discrete Jitter          (DJ):    0.000ns
    Phase Error              (PE):    0.000ns

    Location             Delay type                Incr(ns)  Path(ns)    Netlist Resource(s)
  -------------------------------------------------------------------    -------------------
    SLICE_X1Y62          LDCE                         0.000     0.000 r  u_fsm/sw_sync_reg[1]_LDC/G
    SLICE_X1Y62          LDCE (EnToQ_ldce_G_Q)        0.220     0.220 r  u_fsm/sw_sync_reg[1]_LDC/Q
                         net (fo=3, routed)           0.170     0.390    u_fsm/sw_sync_reg[1]_LDC_n_0
    SLICE_X1Y62          LUT6 (Prop_lut6_I1_O)        0.045     0.435 r  u_fsm/idx[2]_i_2/O
                         net (fo=10, routed)          0.262     0.697    u_fsm/idx[2]_i_2_n_0
    SLICE_X2Y62          LUT6 (Prop_lut6_I5_O)        0.045     0.742 r  u_fsm/state[2]_P_i_2/O
                         net (fo=1, routed)           0.000     0.742    u_fsm/p_3_in[2]
    SLICE_X2Y62          FDPE                                         r  u_fsm/state_reg[2]_P/D
  -------------------------------------------------------------------    -------------------

                         (clock sys_clk rise edge)    0.000     0.000 r  
    E3                                                0.000     0.000 r  clk (IN)
                         net (fo=0)                   0.000     0.000    clk
    E3                   IBUF (Prop_ibuf_I_O)         0.445     0.445 r  clk_IBUF_inst/O
                         net (fo=1, routed)           0.685     1.129    clk_IBUF
    BUFGCTRL_X0Y16       BUFG (Prop_bufg_I_O)         0.029     1.158 r  clk_IBUF_BUFG_inst/O
                         net (fo=121, routed)         0.858     2.016    u_fsm/CLK
    SLICE_X2Y62          FDPE                                         r  u_fsm/state_reg[2]_P/C





