Copyright 1986-2022 Xilinx, Inc. All Rights Reserved.
------------------------------------------------------------------------------------------------------------------------------------------------------------------------------------------------------------------------------------
| Tool Version : Vivado v.2022.1 (win64) Build 3526262 Mon Apr 18 15:48:16 MDT 2022
| Date         : Fri Apr  3 15:59:22 2026
| Host         : BOOK-PI4T4K8H7V running 64-bit major release  (build 9200)
| Command      : report_timing_summary -max_paths 10 -report_unconstrained -file week5_wrapper_timing_summary_routed.rpt -pb week5_wrapper_timing_summary_routed.pb -rpx week5_wrapper_timing_summary_routed.rpx -warn_on_violation
| Design       : week5_wrapper
| Device       : 7z007s-clg400
| Speed File   : -1  PRODUCTION 1.12 2019-11-22
------------------------------------------------------------------------------------------------------------------------------------------------------------------------------------------------------------------------------------

Timing Summary Report

------------------------------------------------------------------------------------------------
| Timer Settings
| --------------
------------------------------------------------------------------------------------------------

  Enable Multi Corner Analysis               :  Yes
  Enable Pessimism Removal                   :  Yes
  Pessimism Removal Resolution               :  Nearest Common Node
  Enable Input Delay Default Clock           :  No
  Enable Preset / Clear Arcs                 :  No
  Disable Flight Delays                      :  No
  Ignore I/O Paths                           :  No
  Timing Early Launch at Borrowing Latches   :  No
  Borrow Time for Max Delay Exceptions       :  Yes
  Merge Timing Exceptions                    :  Yes

  Corner  Analyze    Analyze    
  Name    Max Paths  Min Paths  
  ------  ---------  ---------  
  Slow    Yes        Yes        
  Fast    Yes        Yes        


------------------------------------------------------------------------------------------------
| Report Methodology
| ------------------
------------------------------------------------------------------------------------------------

Rule       Severity  Description                    Violations  
---------  --------  -----------------------------  ----------  
TIMING-18  Warning   Missing input or output delay  1           

Note: This report is based on the most recent report_methodology run and may not be up-to-date. Run report_methodology on the current design for the latest report.



check_timing report

Table of Contents
-----------------
1. checking no_clock (0)
2. checking constant_clock (0)
3. checking pulse_width_clock (0)
4. checking unconstrained_internal_endpoints (0)
5. checking no_input_delay (0)
6. checking no_output_delay (1)
7. checking multiple_clock (0)
8. checking generated_clocks (0)
9. checking loops (0)
10. checking partial_input_delay (0)
11. checking partial_output_delay (0)
12. checking latch_loops (0)

1. checking no_clock (0)
------------------------
 There are 0 register/latch pins with no clock.


2. checking constant_clock (0)
------------------------------
 There are 0 register/latch pins with constant_clock.


3. checking pulse_width_clock (0)
---------------------------------
 There are 0 register/latch pins which need pulse_width check


4. checking unconstrained_internal_endpoints (0)
------------------------------------------------
 There are 0 pins that are not constrained for maximum delay.

 There are 0 pins that are not constrained for maximum delay due to constant clock.


5. checking no_input_delay (0)
------------------------------
 There are 0 input ports with no input delay specified.

 There are 0 input ports with no input delay but user has a false path constraint.


6. checking no_output_delay (1)
-------------------------------
 There is 1 port with no output delay specified. (HIGH)

 There are 0 ports with no output delay but user has a false path constraint

 There are 0 ports with no output delay but with a timing clock defined on it or propagating through it


7. checking multiple_clock (0)
------------------------------
 There are 0 register/latch pins with multiple clocks.


8. checking generated_clocks (0)
--------------------------------
 There are 0 generated clocks that are not connected to a clock source.


9. checking loops (0)
---------------------
 There are 0 combinational loops in the design.


10. checking partial_input_delay (0)
------------------------------------
 There are 0 input ports with partial input delay specified.


11. checking partial_output_delay (0)
-------------------------------------
 There are 0 ports with partial output delay specified.


12. checking latch_loops (0)
----------------------------
 There are 0 combinational latch loops in the design through latch input



------------------------------------------------------------------------------------------------
| Design Timing Summary
| ---------------------
------------------------------------------------------------------------------------------------

    WNS(ns)      TNS(ns)  TNS Failing Endpoints  TNS Total Endpoints      WHS(ns)      THS(ns)  THS Failing Endpoints  THS Total Endpoints     WPWS(ns)     TPWS(ns)  TPWS Failing Endpoints  TPWS Total Endpoints  
    -------      -------  ---------------------  -------------------      -------      -------  ---------------------  -------------------     --------     --------  ----------------------  --------------------  
      3.315        0.000                      0                 1273        0.043        0.000                      0                 1273        4.020        0.000                       0                   637  


All user specified timing constraints are met.


------------------------------------------------------------------------------------------------
| Clock Summary
| -------------
------------------------------------------------------------------------------------------------

Clock       Waveform(ns)         Period(ns)      Frequency(MHz)
-----       ------------         ----------      --------------
clk_fpga_0  {0.000 5.000}        10.000          100.000         
clk_fpga_1  {0.000 3.438}        6.875           145.455         


------------------------------------------------------------------------------------------------
| Intra Clock Table
| -----------------
------------------------------------------------------------------------------------------------

Clock             WNS(ns)      TNS(ns)  TNS Failing Endpoints  TNS Total Endpoints      WHS(ns)      THS(ns)  THS Failing Endpoints  THS Total Endpoints     WPWS(ns)     TPWS(ns)  TPWS Failing Endpoints  TPWS Total Endpoints  
-----             -------      -------  ---------------------  -------------------      -------      -------  ---------------------  -------------------     --------     --------  ----------------------  --------------------  
clk_fpga_0          3.315        0.000                      0                 1264        0.043        0.000                      0                 1264        4.020        0.000                       0                   637  


------------------------------------------------------------------------------------------------
| Inter Clock Table
| -----------------
------------------------------------------------------------------------------------------------

From Clock    To Clock          WNS(ns)      TNS(ns)  TNS Failing Endpoints  TNS Total Endpoints      WHS(ns)      THS(ns)  THS Failing Endpoints  THS Total Endpoints  
----------    --------          -------      -------  ---------------------  -------------------      -------      -------  ---------------------  -------------------  


------------------------------------------------------------------------------------------------
| Other Path Groups Table
| -----------------------
------------------------------------------------------------------------------------------------

Path Group         From Clock         To Clock               WNS(ns)      TNS(ns)  TNS Failing Endpoints  TNS Total Endpoints      WHS(ns)      THS(ns)  THS Failing Endpoints  THS Total Endpoints  
----------         ----------         --------               -------      -------  ---------------------  -------------------      -------      -------  ---------------------  -------------------  
**async_default**  clk_fpga_0         clk_fpga_0               6.237        0.000                      0                    9        1.148        0.000                      0                    9  


------------------------------------------------------------------------------------------------
| User Ignored Path Table
| -----------------------
------------------------------------------------------------------------------------------------

Path Group    From Clock    To Clock    
----------    ----------    --------    
(none)                      clk_fpga_0    


------------------------------------------------------------------------------------------------
| Unconstrained Path Table
| ------------------------
------------------------------------------------------------------------------------------------

Path Group    From Clock    To Clock    
----------    ----------    --------    
(none)        clk_fpga_0                  


------------------------------------------------------------------------------------------------
| Timing Details
| --------------
------------------------------------------------------------------------------------------------


---------------------------------------------------------------------------------------------------
From Clock:  clk_fpga_0
  To Clock:  clk_fpga_0

Setup :            0  Failing Endpoints,  Worst Slack        3.315ns,  Total Violation        0.000ns
Hold  :            0  Failing Endpoints,  Worst Slack        0.043ns,  Total Violation        0.000ns
PW    :            0  Failing Endpoints,  Worst Slack        4.020ns,  Total Violation        0.000ns
---------------------------------------------------------------------------------------------------


Max Delay Paths
--------------------------------------------------------------------------------------
Slack (MET) :             3.315ns  (required time - arrival time)
  Source:                 week5_i/ps7_0_axi_periph/s00_couplers/auto_pc/inst/gen_axilite.gen_b2s_conv.axilite_b2s/SI_REG/aw.aw_pipe/m_payload_i_reg[39]/C
                            (rising edge-triggered cell FDRE clocked by clk_fpga_0  {rise@0.000ns fall@5.000ns period=10.000ns})
  Destination:            week5_i/ps7_0_axi_periph/s00_couplers/auto_pc/inst/gen_axilite.gen_b2s_conv.axilite_b2s/WR.aw_channel_0/cmd_translator_0/incr_cmd_0/axaddr_incr_reg[8]/D
                            (rising edge-triggered cell FDRE clocked by clk_fpga_0  {rise@0.000ns fall@5.000ns period=10.000ns})
  Path Group:             clk_fpga_0
  Path Type:              Setup (Max at Slow Process Corner)
  Requirement:            10.000ns  (clk_fpga_0 rise@10.000ns - clk_fpga_0 rise@0.000ns)
  Data Path Delay:        6.498ns  (logic 2.499ns (38.456%)  route 3.999ns (61.544%))
  Logic Levels:           8  (CARRY4=3 LUT3=3 LUT4=1 LUT6=1)
  Clock Path Skew:        -0.108ns (DCD - SCD + CPR)
    Destination Clock Delay (DCD):    3.267ns = ( 13.267 - 10.000 ) 
    Source Clock Delay      (SCD):    3.771ns
    Clock Pessimism Removal (CPR):    0.397ns
  Clock Uncertainty:      0.154ns  ((TSJ^2 + TIJ^2)^1/2 + DJ) / 2 + PE
    Total System Jitter     (TSJ):    0.071ns
    Total Input Jitter      (TIJ):    0.300ns
    Discrete Jitter          (DJ):    0.000ns
    Phase Error              (PE):    0.000ns

    Location             Delay type                Incr(ns)  Path(ns)    Netlist Resource(s)
  -------------------------------------------------------------------    -------------------
                         (clock clk_fpga_0 rise edge)
                                                      0.000     0.000 r  
    PS7_X0Y0             PS7                          0.000     0.000 r  week5_i/processing_system7_0/inst/PS7_i/FCLKCLK[0]
                         net (fo=1, routed)           1.938     1.938    week5_i/processing_system7_0/inst/FCLK_CLK_unbuffered[0]
    BUFGCTRL_X0Y16       BUFG (Prop_bufg_I_O)         0.101     2.039 r  week5_i/processing_system7_0/inst/buffer_fclk_clk_0.FCLK_CLK_0_BUFG/O
                         net (fo=638, routed)         1.732     3.771    week5_i/ps7_0_axi_periph/s00_couplers/auto_pc/inst/gen_axilite.gen_b2s_conv.axilite_b2s/SI_REG/aw.aw_pipe/aclk
    SLICE_X5Y47          FDRE                                         r  week5_i/ps7_0_axi_periph/s00_couplers/auto_pc/inst/gen_axilite.gen_b2s_conv.axilite_b2s/SI_REG/aw.aw_pipe/m_payload_i_reg[39]/C
  -------------------------------------------------------------------    -------------------
    SLICE_X5Y47          FDRE (Prop_fdre_C_Q)         0.419     4.190 r  week5_i/ps7_0_axi_periph/s00_couplers/auto_pc/inst/gen_axilite.gen_b2s_conv.axilite_b2s/SI_REG/aw.aw_pipe/m_payload_i_reg[39]/Q
                         net (fo=7, routed)           1.105     5.295    week5_i/ps7_0_axi_periph/s00_couplers/auto_pc/inst/gen_axilite.gen_b2s_conv.axilite_b2s/WR.aw_channel_0/cmd_translator_0/axlen_cnt_reg[3][11]
    SLICE_X10Y45         LUT3 (Prop_lut3_I1_O)        0.299     5.594 f  week5_i/ps7_0_axi_periph/s00_couplers/auto_pc/inst/gen_axilite.gen_b2s_conv.axilite_b2s/WR.aw_channel_0/cmd_translator_0/FSM_sequential_state[1]_i_2/O
                         net (fo=3, routed)           0.499     6.093    week5_i/ps7_0_axi_periph/s00_couplers/auto_pc/inst/gen_axilite.gen_b2s_conv.axilite_b2s/WR.aw_channel_0/aw_cmd_fsm_0/FSM_sequential_state_reg[1]_0
    SLICE_X7Y46          LUT6 (Prop_lut6_I3_O)        0.124     6.217 r  week5_i/ps7_0_axi_periph/s00_couplers/auto_pc/inst/gen_axilite.gen_b2s_conv.axilite_b2s/WR.aw_channel_0/aw_cmd_fsm_0/memory_reg[3][0]_srl4_i_1/O
                         net (fo=30, routed)          0.650     6.868    week5_i/ps7_0_axi_periph/s00_couplers/auto_pc/inst/gen_axilite.gen_b2s_conv.axilite_b2s/WR.aw_channel_0/aw_cmd_fsm_0/m_axi_awready_0
    SLICE_X10Y46         LUT3 (Prop_lut3_I2_O)        0.117     6.985 r  week5_i/ps7_0_axi_periph/s00_couplers/auto_pc/inst/gen_axilite.gen_b2s_conv.axilite_b2s/WR.aw_channel_0/aw_cmd_fsm_0/next_pending_r_i_3/O
                         net (fo=23, routed)          0.888     7.872    week5_i/ps7_0_axi_periph/s00_couplers/auto_pc/inst/gen_axilite.gen_b2s_conv.axilite_b2s/WR.aw_channel_0/cmd_translator_0/incr_cmd_0/next
    SLICE_X6Y43          LUT4 (Prop_lut4_I3_O)        0.348     8.220 r  week5_i/ps7_0_axi_periph/s00_couplers/auto_pc/inst/gen_axilite.gen_b2s_conv.axilite_b2s/WR.aw_channel_0/cmd_translator_0/incr_cmd_0/axaddr_incr[3]_i_9/O
                         net (fo=1, routed)           0.000     8.220    week5_i/ps7_0_axi_periph/s00_couplers/auto_pc/inst/gen_axilite.gen_b2s_conv.axilite_b2s/SI_REG/aw.aw_pipe/axaddr_incr_reg[3][1]
    SLICE_X6Y43          CARRY4 (Prop_carry4_S[1]_CO[3])
                                                      0.533     8.753 r  week5_i/ps7_0_axi_periph/s00_couplers/auto_pc/inst/gen_axilite.gen_b2s_conv.axilite_b2s/SI_REG/aw.aw_pipe/axaddr_incr_reg[3]_i_2/CO[3]
                         net (fo=1, routed)           0.000     8.753    week5_i/ps7_0_axi_periph/s00_couplers/auto_pc/inst/gen_axilite.gen_b2s_conv.axilite_b2s/SI_REG/aw.aw_pipe/axaddr_incr_reg[3]_i_2_n_0
    SLICE_X6Y44          CARRY4 (Prop_carry4_CI_CO[3])
                                                      0.117     8.870 r  week5_i/ps7_0_axi_periph/s00_couplers/auto_pc/inst/gen_axilite.gen_b2s_conv.axilite_b2s/SI_REG/aw.aw_pipe/axaddr_incr_reg[7]_i_2/CO[3]
                         net (fo=1, routed)           0.000     8.870    week5_i/ps7_0_axi_periph/s00_couplers/auto_pc/inst/gen_axilite.gen_b2s_conv.axilite_b2s/SI_REG/aw.aw_pipe/axaddr_incr_reg[7]_i_2_n_0
    SLICE_X6Y45          CARRY4 (Prop_carry4_CI_O[0])
                                                      0.219     9.089 r  week5_i/ps7_0_axi_periph/s00_couplers/auto_pc/inst/gen_axilite.gen_b2s_conv.axilite_b2s/SI_REG/aw.aw_pipe/axaddr_incr_reg[11]_i_3/O[0]
                         net (fo=1, routed)           0.857     9.947    week5_i/ps7_0_axi_periph/s00_couplers/auto_pc/inst/gen_axilite.gen_b2s_conv.axilite_b2s/WR.aw_channel_0/cmd_translator_0/incr_cmd_0/axaddr_incr[8]
    SLICE_X7Y45          LUT3 (Prop_lut3_I0_O)        0.323    10.270 r  week5_i/ps7_0_axi_periph/s00_couplers/auto_pc/inst/gen_axilite.gen_b2s_conv.axilite_b2s/WR.aw_channel_0/cmd_translator_0/incr_cmd_0/axaddr_incr[8]_i_1/O
                         net (fo=1, routed)           0.000    10.270    week5_i/ps7_0_axi_periph/s00_couplers/auto_pc/inst/gen_axilite.gen_b2s_conv.axilite_b2s/WR.aw_channel_0/cmd_translator_0/incr_cmd_0/p_1_in[8]
    SLICE_X7Y45          FDRE                                         r  week5_i/ps7_0_axi_periph/s00_couplers/auto_pc/inst/gen_axilite.gen_b2s_conv.axilite_b2s/WR.aw_channel_0/cmd_translator_0/incr_cmd_0/axaddr_incr_reg[8]/D
  -------------------------------------------------------------------    -------------------

                         (clock clk_fpga_0 rise edge)
                                                     10.000    10.000 r  
    PS7_X0Y0             PS7                          0.000    10.000 r  week5_i/processing_system7_0/inst/PS7_i/FCLKCLK[0]
                         net (fo=1, routed)           1.666    11.666    week5_i/processing_system7_0/inst/FCLK_CLK_unbuffered[0]
    BUFGCTRL_X0Y16       BUFG (Prop_bufg_I_O)         0.091    11.757 r  week5_i/processing_system7_0/inst/buffer_fclk_clk_0.FCLK_CLK_0_BUFG/O
                         net (fo=638, routed)         1.509    13.267    week5_i/ps7_0_axi_periph/s00_couplers/auto_pc/inst/gen_axilite.gen_b2s_conv.axilite_b2s/WR.aw_channel_0/cmd_translator_0/incr_cmd_0/aclk
    SLICE_X7Y45          FDRE                                         r  week5_i/ps7_0_axi_periph/s00_couplers/auto_pc/inst/gen_axilite.gen_b2s_conv.axilite_b2s/WR.aw_channel_0/cmd_translator_0/incr_cmd_0/axaddr_incr_reg[8]/C
                         clock pessimism              0.397    13.663    
                         clock uncertainty           -0.154    13.509    
    SLICE_X7Y45          FDRE (Setup_fdre_C_D)        0.075    13.584    week5_i/ps7_0_axi_periph/s00_couplers/auto_pc/inst/gen_axilite.gen_b2s_conv.axilite_b2s/WR.aw_channel_0/cmd_translator_0/incr_cmd_0/axaddr_incr_reg[8]
  -------------------------------------------------------------------
                         required time                         13.584    
                         arrival time                         -10.270    
  -------------------------------------------------------------------
                         slack                                  3.315    

Slack (MET) :             3.390ns  (required time - arrival time)
  Source:                 week5_i/ps7_0_axi_periph/s00_couplers/auto_pc/inst/gen_axilite.gen_b2s_conv.axilite_b2s/SI_REG/aw.aw_pipe/m_payload_i_reg[39]/C
                            (rising edge-triggered cell FDRE clocked by clk_fpga_0  {rise@0.000ns fall@5.000ns period=10.000ns})
  Destination:            week5_i/ps7_0_axi_periph/s00_couplers/auto_pc/inst/gen_axilite.gen_b2s_conv.axilite_b2s/WR.aw_channel_0/cmd_translator_0/incr_cmd_0/axaddr_incr_reg[11]/D
                            (rising edge-triggered cell FDRE clocked by clk_fpga_0  {rise@0.000ns fall@5.000ns period=10.000ns})
  Path Group:             clk_fpga_0
  Path Type:              Setup (Max at Slow Process Corner)
  Requirement:            10.000ns  (clk_fpga_0 rise@10.000ns - clk_fpga_0 rise@0.000ns)
  Data Path Delay:        6.379ns  (logic 2.579ns (40.428%)  route 3.800ns (59.572%))
  Logic Levels:           8  (CARRY4=3 LUT3=3 LUT4=1 LUT6=1)
  Clock Path Skew:        -0.108ns (DCD - SCD + CPR)
    Destination Clock Delay (DCD):    3.267ns = ( 13.267 - 10.000 ) 
    Source Clock Delay      (SCD):    3.771ns
    Clock Pessimism Removal (CPR):    0.397ns
  Clock Uncertainty:      0.154ns  ((TSJ^2 + TIJ^2)^1/2 + DJ) / 2 + PE
    Total System Jitter     (TSJ):    0.071ns
    Total Input Jitter      (TIJ):    0.300ns
    Discrete Jitter          (DJ):    0.000ns
    Phase Error              (PE):    0.000ns

    Location             Delay type                Incr(ns)  Path(ns)    Netlist Resource(s)
  -------------------------------------------------------------------    -------------------
                         (clock clk_fpga_0 rise edge)
                                                      0.000     0.000 r  
    PS7_X0Y0             PS7                          0.000     0.000 r  week5_i/processing_system7_0/inst/PS7_i/FCLKCLK[0]
                         net (fo=1, routed)           1.938     1.938    week5_i/processing_system7_0/inst/FCLK_CLK_unbuffered[0]
    BUFGCTRL_X0Y16       BUFG (Prop_bufg_I_O)         0.101     2.039 r  week5_i/processing_system7_0/inst/buffer_fclk_clk_0.FCLK_CLK_0_BUFG/O
                         net (fo=638, routed)         1.732     3.771    week5_i/ps7_0_axi_periph/s00_couplers/auto_pc/inst/gen_axilite.gen_b2s_conv.axilite_b2s/SI_REG/aw.aw_pipe/aclk
    SLICE_X5Y47          FDRE                                         r  week5_i/ps7_0_axi_periph/s00_couplers/auto_pc/inst/gen_axilite.gen_b2s_conv.axilite_b2s/SI_REG/aw.aw_pipe/m_payload_i_reg[39]/C
  -------------------------------------------------------------------    -------------------
    SLICE_X5Y47          FDRE (Prop_fdre_C_Q)         0.419     4.190 r  week5_i/ps7_0_axi_periph/s00_couplers/auto_pc/inst/gen_axilite.gen_b2s_conv.axilite_b2s/SI_REG/aw.aw_pipe/m_payload_i_reg[39]/Q
                         net (fo=7, routed)           1.105     5.295    week5_i/ps7_0_axi_periph/s00_couplers/auto_pc/inst/gen_axilite.gen_b2s_conv.axilite_b2s/WR.aw_channel_0/cmd_translator_0/axlen_cnt_reg[3][11]
    SLICE_X10Y45         LUT3 (Prop_lut3_I1_O)        0.299     5.594 f  week5_i/ps7_0_axi_periph/s00_couplers/auto_pc/inst/gen_axilite.gen_b2s_conv.axilite_b2s/WR.aw_channel_0/cmd_translator_0/FSM_sequential_state[1]_i_2/O
                         net (fo=3, routed)           0.499     6.093    week5_i/ps7_0_axi_periph/s00_couplers/auto_pc/inst/gen_axilite.gen_b2s_conv.axilite_b2s/WR.aw_channel_0/aw_cmd_fsm_0/FSM_sequential_state_reg[1]_0
    SLICE_X7Y46          LUT6 (Prop_lut6_I3_O)        0.124     6.217 r  week5_i/ps7_0_axi_periph/s00_couplers/auto_pc/inst/gen_axilite.gen_b2s_conv.axilite_b2s/WR.aw_channel_0/aw_cmd_fsm_0/memory_reg[3][0]_srl4_i_1/O
                         net (fo=30, routed)          0.650     6.868    week5_i/ps7_0_axi_periph/s00_couplers/auto_pc/inst/gen_axilite.gen_b2s_conv.axilite_b2s/WR.aw_channel_0/aw_cmd_fsm_0/m_axi_awready_0
    SLICE_X10Y46         LUT3 (Prop_lut3_I2_O)        0.117     6.985 r  week5_i/ps7_0_axi_periph/s00_couplers/auto_pc/inst/gen_axilite.gen_b2s_conv.axilite_b2s/WR.aw_channel_0/aw_cmd_fsm_0/next_pending_r_i_3/O
                         net (fo=23, routed)          0.888     7.872    week5_i/ps7_0_axi_periph/s00_couplers/auto_pc/inst/gen_axilite.gen_b2s_conv.axilite_b2s/WR.aw_channel_0/cmd_translator_0/incr_cmd_0/next
    SLICE_X6Y43          LUT4 (Prop_lut4_I3_O)        0.348     8.220 r  week5_i/ps7_0_axi_periph/s00_couplers/auto_pc/inst/gen_axilite.gen_b2s_conv.axilite_b2s/WR.aw_channel_0/cmd_translator_0/incr_cmd_0/axaddr_incr[3]_i_9/O
                         net (fo=1, routed)           0.000     8.220    week5_i/ps7_0_axi_periph/s00_couplers/auto_pc/inst/gen_axilite.gen_b2s_conv.axilite_b2s/SI_REG/aw.aw_pipe/axaddr_incr_reg[3][1]
    SLICE_X6Y43          CARRY4 (Prop_carry4_S[1]_CO[3])
                                                      0.533     8.753 r  week5_i/ps7_0_axi_periph/s00_couplers/auto_pc/inst/gen_axilite.gen_b2s_conv.axilite_b2s/SI_REG/aw.aw_pipe/axaddr_incr_reg[3]_i_2/CO[3]
                         net (fo=1, routed)           0.000     8.753    week5_i/ps7_0_axi_periph/s00_couplers/auto_pc/inst/gen_axilite.gen_b2s_conv.axilite_b2s/SI_REG/aw.aw_pipe/axaddr_incr_reg[3]_i_2_n_0
    SLICE_X6Y44          CARRY4 (Prop_carry4_CI_CO[3])
                                                      0.117     8.870 r  week5_i/ps7_0_axi_periph/s00_couplers/auto_pc/inst/gen_axilite.gen_b2s_conv.axilite_b2s/SI_REG/aw.aw_pipe/axaddr_incr_reg[7]_i_2/CO[3]
                         net (fo=1, routed)           0.000     8.870    week5_i/ps7_0_axi_periph/s00_couplers/auto_pc/inst/gen_axilite.gen_b2s_conv.axilite_b2s/SI_REG/aw.aw_pipe/axaddr_incr_reg[7]_i_2_n_0
    SLICE_X6Y45          CARRY4 (Prop_carry4_CI_O[3])
                                                      0.315     9.185 r  week5_i/ps7_0_axi_periph/s00_couplers/auto_pc/inst/gen_axilite.gen_b2s_conv.axilite_b2s/SI_REG/aw.aw_pipe/axaddr_incr_reg[11]_i_3/O[3]
                         net (fo=1, routed)           0.658     9.844    week5_i/ps7_0_axi_periph/s00_couplers/auto_pc/inst/gen_axilite.gen_b2s_conv.axilite_b2s/WR.aw_channel_0/cmd_translator_0/incr_cmd_0/axaddr_incr[11]
    SLICE_X7Y45          LUT3 (Prop_lut3_I0_O)        0.307    10.151 r  week5_i/ps7_0_axi_periph/s00_couplers/auto_pc/inst/gen_axilite.gen_b2s_conv.axilite_b2s/WR.aw_channel_0/cmd_translator_0/incr_cmd_0/axaddr_incr[11]_i_2/O
                         net (fo=1, routed)           0.000    10.151    week5_i/ps7_0_axi_periph/s00_couplers/auto_pc/inst/gen_axilite.gen_b2s_conv.axilite_b2s/WR.aw_channel_0/cmd_translator_0/incr_cmd_0/p_1_in[11]
    SLICE_X7Y45          FDRE                                         r  week5_i/ps7_0_axi_periph/s00_couplers/auto_pc/inst/gen_axilite.gen_b2s_conv.axilite_b2s/WR.aw_channel_0/cmd_translator_0/incr_cmd_0/axaddr_incr_reg[11]/D
  -------------------------------------------------------------------    -------------------

                         (clock clk_fpga_0 rise edge)
                                                     10.000    10.000 r  
    PS7_X0Y0             PS7                          0.000    10.000 r  week5_i/processing_system7_0/inst/PS7_i/FCLKCLK[0]
                         net (fo=1, routed)           1.666    11.666    week5_i/processing_system7_0/inst/FCLK_CLK_unbuffered[0]
    BUFGCTRL_X0Y16       BUFG (Prop_bufg_I_O)         0.091    11.757 r  week5_i/processing_system7_0/inst/buffer_fclk_clk_0.FCLK_CLK_0_BUFG/O
                         net (fo=638, routed)         1.509    13.267    week5_i/ps7_0_axi_periph/s00_couplers/auto_pc/inst/gen_axilite.gen_b2s_conv.axilite_b2s/WR.aw_channel_0/cmd_translator_0/incr_cmd_0/aclk
    SLICE_X7Y45          FDRE                                         r  week5_i/ps7_0_axi_periph/s00_couplers/auto_pc/inst/gen_axilite.gen_b2s_conv.axilite_b2s/WR.aw_channel_0/cmd_translator_0/incr_cmd_0/axaddr_incr_reg[11]/C
                         clock pessimism              0.397    13.663    
                         clock uncertainty           -0.154    13.509    
    SLICE_X7Y45          FDRE (Setup_fdre_C_D)        0.031    13.540    week5_i/ps7_0_axi_periph/s00_couplers/auto_pc/inst/gen_axilite.gen_b2s_conv.axilite_b2s/WR.aw_channel_0/cmd_translator_0/incr_cmd_0/axaddr_incr_reg[11]
  -------------------------------------------------------------------
                         required time                         13.540    
                         arrival time                         -10.151    
  -------------------------------------------------------------------
                         slack                                  3.390    

Slack (MET) :             3.612ns  (required time - arrival time)
  Source:                 week5_i/ps7_0_axi_periph/s00_couplers/auto_pc/inst/gen_axilite.gen_b2s_conv.axilite_b2s/SI_REG/aw.aw_pipe/m_payload_i_reg[39]/C
                            (rising edge-triggered cell FDRE clocked by clk_fpga_0  {rise@0.000ns fall@5.000ns period=10.000ns})
  Destination:            week5_i/ps7_0_axi_periph/s00_couplers/auto_pc/inst/gen_axilite.gen_b2s_conv.axilite_b2s/WR.aw_channel_0/cmd_translator_0/incr_cmd_0/axaddr_incr_reg[7]/D
                            (rising edge-triggered cell FDRE clocked by clk_fpga_0  {rise@0.000ns fall@5.000ns period=10.000ns})
  Path Group:             clk_fpga_0
  Path Type:              Setup (Max at Slow Process Corner)
  Requirement:            10.000ns  (clk_fpga_0 rise@10.000ns - clk_fpga_0 rise@0.000ns)
  Data Path Delay:        6.245ns  (logic 2.488ns (39.842%)  route 3.757ns (60.158%))
  Logic Levels:           7  (CARRY4=2 LUT3=3 LUT4=1 LUT6=1)
  Clock Path Skew:        -0.107ns (DCD - SCD + CPR)
    Destination Clock Delay (DCD):    3.268ns = ( 13.268 - 10.000 ) 
    Source Clock Delay      (SCD):    3.771ns
    Clock Pessimism Removal (CPR):    0.397ns
  Clock Uncertainty:      0.154ns  ((TSJ^2 + TIJ^2)^1/2 + DJ) / 2 + PE
    Total System Jitter     (TSJ):    0.071ns
    Total Input Jitter      (TIJ):    0.300ns
    Discrete Jitter          (DJ):    0.000ns
    Phase Error              (PE):    0.000ns

    Location             Delay type                Incr(ns)  Path(ns)    Netlist Resource(s)
  -------------------------------------------------------------------    -------------------
                         (clock clk_fpga_0 rise edge)
                                                      0.000     0.000 r  
    PS7_X0Y0             PS7                          0.000     0.000 r  week5_i/processing_system7_0/inst/PS7_i/FCLKCLK[0]
                         net (fo=1, routed)           1.938     1.938    week5_i/processing_system7_0/inst/FCLK_CLK_unbuffered[0]
    BUFGCTRL_X0Y16       BUFG (Prop_bufg_I_O)         0.101     2.039 r  week5_i/processing_system7_0/inst/buffer_fclk_clk_0.FCLK_CLK_0_BUFG/O
                         net (fo=638, routed)         1.732     3.771    week5_i/ps7_0_axi_periph/s00_couplers/auto_pc/inst/gen_axilite.gen_b2s_conv.axilite_b2s/SI_REG/aw.aw_pipe/aclk
    SLICE_X5Y47          FDRE                                         r  week5_i/ps7_0_axi_periph/s00_couplers/auto_pc/inst/gen_axilite.gen_b2s_conv.axilite_b2s/SI_REG/aw.aw_pipe/m_payload_i_reg[39]/C
  -------------------------------------------------------------------    -------------------
    SLICE_X5Y47          FDRE (Prop_fdre_C_Q)         0.419     4.190 r  week5_i/ps7_0_axi_periph/s00_couplers/auto_pc/inst/gen_axilite.gen_b2s_conv.axilite_b2s/SI_REG/aw.aw_pipe/m_payload_i_reg[39]/Q
                         net (fo=7, routed)           1.105     5.295    week5_i/ps7_0_axi_periph/s00_couplers/auto_pc/inst/gen_axilite.gen_b2s_conv.axilite_b2s/WR.aw_channel_0/cmd_translator_0/axlen_cnt_reg[3][11]
    SLICE_X10Y45         LUT3 (Prop_lut3_I1_O)        0.299     5.594 f  week5_i/ps7_0_axi_periph/s00_couplers/auto_pc/inst/gen_axilite.gen_b2s_conv.axilite_b2s/WR.aw_channel_0/cmd_translator_0/FSM_sequential_state[1]_i_2/O
                         net (fo=3, routed)           0.499     6.093    week5_i/ps7_0_axi_periph/s00_couplers/auto_pc/inst/gen_axilite.gen_b2s_conv.axilite_b2s/WR.aw_channel_0/aw_cmd_fsm_0/FSM_sequential_state_reg[1]_0
    SLICE_X7Y46          LUT6 (Prop_lut6_I3_O)        0.124     6.217 r  week5_i/ps7_0_axi_periph/s00_couplers/auto_pc/inst/gen_axilite.gen_b2s_conv.axilite_b2s/WR.aw_channel_0/aw_cmd_fsm_0/memory_reg[3][0]_srl4_i_1/O
                         net (fo=30, routed)          0.650     6.868    week5_i/ps7_0_axi_periph/s00_couplers/auto_pc/inst/gen_axilite.gen_b2s_conv.axilite_b2s/WR.aw_channel_0/aw_cmd_fsm_0/m_axi_awready_0
    SLICE_X10Y46         LUT3 (Prop_lut3_I2_O)        0.117     6.985 r  week5_i/ps7_0_axi_periph/s00_couplers/auto_pc/inst/gen_axilite.gen_b2s_conv.axilite_b2s/WR.aw_channel_0/aw_cmd_fsm_0/next_pending_r_i_3/O
                         net (fo=23, routed)          0.888     7.872    week5_i/ps7_0_axi_periph/s00_couplers/auto_pc/inst/gen_axilite.gen_b2s_conv.axilite_b2s/WR.aw_channel_0/cmd_translator_0/incr_cmd_0/next
    SLICE_X6Y43          LUT4 (Prop_lut4_I3_O)        0.348     8.220 r  week5_i/ps7_0_axi_periph/s00_couplers/auto_pc/inst/gen_axilite.gen_b2s_conv.axilite_b2s/WR.aw_channel_0/cmd_translator_0/incr_cmd_0/axaddr_incr[3]_i_9/O
                         net (fo=1, routed)           0.000     8.220    week5_i/ps7_0_axi_periph/s00_couplers/auto_pc/inst/gen_axilite.gen_b2s_conv.axilite_b2s/SI_REG/aw.aw_pipe/axaddr_incr_reg[3][1]
    SLICE_X6Y43          CARRY4 (Prop_carry4_S[1]_CO[3])
                                                      0.533     8.753 r  week5_i/ps7_0_axi_periph/s00_couplers/auto_pc/inst/gen_axilite.gen_b2s_conv.axilite_b2s/SI_REG/aw.aw_pipe/axaddr_incr_reg[3]_i_2/CO[3]
                         net (fo=1, routed)           0.000     8.753    week5_i/ps7_0_axi_periph/s00_couplers/auto_pc/inst/gen_axilite.gen_b2s_conv.axilite_b2s/SI_REG/aw.aw_pipe/axaddr_incr_reg[3]_i_2_n_0
    SLICE_X6Y44          CARRY4 (Prop_carry4_CI_O[3])
                                                      0.315     9.068 r  week5_i/ps7_0_axi_periph/s00_couplers/auto_pc/inst/gen_axilite.gen_b2s_conv.axilite_b2s/SI_REG/aw.aw_pipe/axaddr_incr_reg[7]_i_2/O[3]
                         net (fo=1, routed)           0.615     9.683    week5_i/ps7_0_axi_periph/s00_couplers/auto_pc/inst/gen_axilite.gen_b2s_conv.axilite_b2s/WR.aw_channel_0/cmd_translator_0/incr_cmd_0/axaddr_incr[7]
    SLICE_X8Y43          LUT3 (Prop_lut3_I0_O)        0.333    10.016 r  week5_i/ps7_0_axi_periph/s00_couplers/auto_pc/inst/gen_axilite.gen_b2s_conv.axilite_b2s/WR.aw_channel_0/cmd_translator_0/incr_cmd_0/axaddr_incr[7]_i_1/O
                         net (fo=1, routed)           0.000    10.016    week5_i/ps7_0_axi_periph/s00_couplers/auto_pc/inst/gen_axilite.gen_b2s_conv.axilite_b2s/WR.aw_channel_0/cmd_translator_0/incr_cmd_0/p_1_in[7]
    SLICE_X8Y43          FDRE                                         r  week5_i/ps7_0_axi_periph/s00_couplers/auto_pc/inst/gen_axilite.gen_b2s_conv.axilite_b2s/WR.aw_channel_0/cmd_translator_0/incr_cmd_0/axaddr_incr_reg[7]/D
  -------------------------------------------------------------------    -------------------

                         (clock clk_fpga_0 rise edge)
                                                     10.000    10.000 r  
    PS7_X0Y0             PS7                          0.000    10.000 r  week5_i/processing_system7_0/inst/PS7_i/FCLKCLK[0]
                         net (fo=1, routed)           1.666    11.666    week5_i/processing_system7_0/inst/FCLK_CLK_unbuffered[0]
    BUFGCTRL_X0Y16       BUFG (Prop_bufg_I_O)         0.091    11.757 r  week5_i/processing_system7_0/inst/buffer_fclk_clk_0.FCLK_CLK_0_BUFG/O
                         net (fo=638, routed)         1.510    13.268    week5_i/ps7_0_axi_periph/s00_couplers/auto_pc/inst/gen_axilite.gen_b2s_conv.axilite_b2s/WR.aw_channel_0/cmd_translator_0/incr_cmd_0/aclk
    SLICE_X8Y43          FDRE                                         r  week5_i/ps7_0_axi_periph/s00_couplers/auto_pc/inst/gen_axilite.gen_b2s_conv.axilite_b2s/WR.aw_channel_0/cmd_translator_0/incr_cmd_0/axaddr_incr_reg[7]/C
                         clock pessimism              0.397    13.664    
                         clock uncertainty           -0.154    13.510    
    SLICE_X8Y43          FDRE (Setup_fdre_C_D)        0.118    13.628    week5_i/ps7_0_axi_periph/s00_couplers/auto_pc/inst/gen_axilite.gen_b2s_conv.axilite_b2s/WR.aw_channel_0/cmd_translator_0/incr_cmd_0/axaddr_incr_reg[7]
  -------------------------------------------------------------------
                         required time                         13.628    
                         arrival time                         -10.016    
  -------------------------------------------------------------------
                         slack                                  3.612    

Slack (MET) :             3.624ns  (required time - arrival time)
  Source:                 week5_i/ps7_0_axi_periph/s00_couplers/auto_pc/inst/gen_axilite.gen_b2s_conv.axilite_b2s/SI_REG/aw.aw_pipe/m_payload_i_reg[39]/C
                            (rising edge-triggered cell FDRE clocked by clk_fpga_0  {rise@0.000ns fall@5.000ns period=10.000ns})
  Destination:            week5_i/ps7_0_axi_periph/s00_couplers/auto_pc/inst/gen_axilite.gen_b2s_conv.axilite_b2s/WR.aw_channel_0/cmd_translator_0/incr_cmd_0/axaddr_incr_reg[6]/D
                            (rising edge-triggered cell FDRE clocked by clk_fpga_0  {rise@0.000ns fall@5.000ns period=10.000ns})
  Path Group:             clk_fpga_0
  Path Type:              Setup (Max at Slow Process Corner)
  Requirement:            10.000ns  (clk_fpga_0 rise@10.000ns - clk_fpga_0 rise@0.000ns)
  Data Path Delay:        6.233ns  (logic 2.404ns (38.572%)  route 3.829ns (61.428%))
  Logic Levels:           7  (CARRY4=2 LUT3=3 LUT4=1 LUT6=1)
  Clock Path Skew:        -0.107ns (DCD - SCD + CPR)
    Destination Clock Delay (DCD):    3.268ns = ( 13.268 - 10.000 ) 
    Source Clock Delay      (SCD):    3.771ns
    Clock Pessimism Removal (CPR):    0.397ns
  Clock Uncertainty:      0.154ns  ((TSJ^2 + TIJ^2)^1/2 + DJ) / 2 + PE
    Total System Jitter     (TSJ):    0.071ns
    Total Input Jitter      (TIJ):    0.300ns
    Discrete Jitter          (DJ):    0.000ns
    Phase Error              (PE):    0.000ns

    Location             Delay type                Incr(ns)  Path(ns)    Netlist Resource(s)
  -------------------------------------------------------------------    -------------------
                         (clock clk_fpga_0 rise edge)
                                                      0.000     0.000 r  
    PS7_X0Y0             PS7                          0.000     0.000 r  week5_i/processing_system7_0/inst/PS7_i/FCLKCLK[0]
                         net (fo=1, routed)           1.938     1.938    week5_i/processing_system7_0/inst/FCLK_CLK_unbuffered[0]
    BUFGCTRL_X0Y16       BUFG (Prop_bufg_I_O)         0.101     2.039 r  week5_i/processing_system7_0/inst/buffer_fclk_clk_0.FCLK_CLK_0_BUFG/O
                         net (fo=638, routed)         1.732     3.771    week5_i/ps7_0_axi_periph/s00_couplers/auto_pc/inst/gen_axilite.gen_b2s_conv.axilite_b2s/SI_REG/aw.aw_pipe/aclk
    SLICE_X5Y47          FDRE                                         r  week5_i/ps7_0_axi_periph/s00_couplers/auto_pc/inst/gen_axilite.gen_b2s_conv.axilite_b2s/SI_REG/aw.aw_pipe/m_payload_i_reg[39]/C
  -------------------------------------------------------------------    -------------------
    SLICE_X5Y47          FDRE (Prop_fdre_C_Q)         0.419     4.190 r  week5_i/ps7_0_axi_periph/s00_couplers/auto_pc/inst/gen_axilite.gen_b2s_conv.axilite_b2s/SI_REG/aw.aw_pipe/m_payload_i_reg[39]/Q
                         net (fo=7, routed)           1.105     5.295    week5_i/ps7_0_axi_periph/s00_couplers/auto_pc/inst/gen_axilite.gen_b2s_conv.axilite_b2s/WR.aw_channel_0/cmd_translator_0/axlen_cnt_reg[3][11]
    SLICE_X10Y45         LUT3 (Prop_lut3_I1_O)        0.299     5.594 f  week5_i/ps7_0_axi_periph/s00_couplers/auto_pc/inst/gen_axilite.gen_b2s_conv.axilite_b2s/WR.aw_channel_0/cmd_translator_0/FSM_sequential_state[1]_i_2/O
                         net (fo=3, routed)           0.499     6.093    week5_i/ps7_0_axi_periph/s00_couplers/auto_pc/inst/gen_axilite.gen_b2s_conv.axilite_b2s/WR.aw_channel_0/aw_cmd_fsm_0/FSM_sequential_state_reg[1]_0
    SLICE_X7Y46          LUT6 (Prop_lut6_I3_O)        0.124     6.217 r  week5_i/ps7_0_axi_periph/s00_couplers/auto_pc/inst/gen_axilite.gen_b2s_conv.axilite_b2s/WR.aw_channel_0/aw_cmd_fsm_0/memory_reg[3][0]_srl4_i_1/O
                         net (fo=30, routed)          0.650     6.868    week5_i/ps7_0_axi_periph/s00_couplers/auto_pc/inst/gen_axilite.gen_b2s_conv.axilite_b2s/WR.aw_channel_0/aw_cmd_fsm_0/m_axi_awready_0
    SLICE_X10Y46         LUT3 (Prop_lut3_I2_O)        0.117     6.985 r  week5_i/ps7_0_axi_periph/s00_couplers/auto_pc/inst/gen_axilite.gen_b2s_conv.axilite_b2s/WR.aw_channel_0/aw_cmd_fsm_0/next_pending_r_i_3/O
                         net (fo=23, routed)          0.888     7.872    week5_i/ps7_0_axi_periph/s00_couplers/auto_pc/inst/gen_axilite.gen_b2s_conv.axilite_b2s/WR.aw_channel_0/cmd_translator_0/incr_cmd_0/next
    SLICE_X6Y43          LUT4 (Prop_lut4_I3_O)        0.348     8.220 r  week5_i/ps7_0_axi_periph/s00_couplers/auto_pc/inst/gen_axilite.gen_b2s_conv.axilite_b2s/WR.aw_channel_0/cmd_translator_0/incr_cmd_0/axaddr_incr[3]_i_9/O
                         net (fo=1, routed)           0.000     8.220    week5_i/ps7_0_axi_periph/s00_couplers/auto_pc/inst/gen_axilite.gen_b2s_conv.axilite_b2s/SI_REG/aw.aw_pipe/axaddr_incr_reg[3][1]
    SLICE_X6Y43          CARRY4 (Prop_carry4_S[1]_CO[3])
                                                      0.533     8.753 r  week5_i/ps7_0_axi_periph/s00_couplers/auto_pc/inst/gen_axilite.gen_b2s_conv.axilite_b2s/SI_REG/aw.aw_pipe/axaddr_incr_reg[3]_i_2/CO[3]
                         net (fo=1, routed)           0.000     8.753    week5_i/ps7_0_axi_periph/s00_couplers/auto_pc/inst/gen_axilite.gen_b2s_conv.axilite_b2s/SI_REG/aw.aw_pipe/axaddr_incr_reg[3]_i_2_n_0
    SLICE_X6Y44          CARRY4 (Prop_carry4_CI_O[2])
                                                      0.239     8.992 r  week5_i/ps7_0_axi_periph/s00_couplers/auto_pc/inst/gen_axilite.gen_b2s_conv.axilite_b2s/SI_REG/aw.aw_pipe/axaddr_incr_reg[7]_i_2/O[2]
                         net (fo=1, routed)           0.687     9.679    week5_i/ps7_0_axi_periph/s00_couplers/auto_pc/inst/gen_axilite.gen_b2s_conv.axilite_b2s/WR.aw_channel_0/cmd_translator_0/incr_cmd_0/axaddr_incr[6]
    SLICE_X8Y43          LUT3 (Prop_lut3_I0_O)        0.325    10.004 r  week5_i/ps7_0_axi_periph/s00_couplers/auto_pc/inst/gen_axilite.gen_b2s_conv.axilite_b2s/WR.aw_channel_0/cmd_translator_0/incr_cmd_0/axaddr_incr[6]_i_1/O
                         net (fo=1, routed)           0.000    10.004    week5_i/ps7_0_axi_periph/s00_couplers/auto_pc/inst/gen_axilite.gen_b2s_conv.axilite_b2s/WR.aw_channel_0/cmd_translator_0/incr_cmd_0/p_1_in[6]
    SLICE_X8Y43          FDRE                                         r  week5_i/ps7_0_axi_periph/s00_couplers/auto_pc/inst/gen_axilite.gen_b2s_conv.axilite_b2s/WR.aw_channel_0/cmd_translator_0/incr_cmd_0/axaddr_incr_reg[6]/D
  -------------------------------------------------------------------    -------------------

                         (clock clk_fpga_0 rise edge)
                                                     10.000    10.000 r  
    PS7_X0Y0             PS7                          0.000    10.000 r  week5_i/processing_system7_0/inst/PS7_i/FCLKCLK[0]
                         net (fo=1, routed)           1.666    11.666    week5_i/processing_system7_0/inst/FCLK_CLK_unbuffered[0]
    BUFGCTRL_X0Y16       BUFG (Prop_bufg_I_O)         0.091    11.757 r  week5_i/processing_system7_0/inst/buffer_fclk_clk_0.FCLK_CLK_0_BUFG/O
                         net (fo=638, routed)         1.510    13.268    week5_i/ps7_0_axi_periph/s00_couplers/auto_pc/inst/gen_axilite.gen_b2s_conv.axilite_b2s/WR.aw_channel_0/cmd_translator_0/incr_cmd_0/aclk
    SLICE_X8Y43          FDRE                                         r  week5_i/ps7_0_axi_periph/s00_couplers/auto_pc/inst/gen_axilite.gen_b2s_conv.axilite_b2s/WR.aw_channel_0/cmd_translator_0/incr_cmd_0/axaddr_incr_reg[6]/C
                         clock pessimism              0.397    13.664    
                         clock uncertainty           -0.154    13.510    
    SLICE_X8Y43          FDRE (Setup_fdre_C_D)        0.118    13.628    week5_i/ps7_0_axi_periph/s00_couplers/auto_pc/inst/gen_axilite.gen_b2s_conv.axilite_b2s/WR.aw_channel_0/cmd_translator_0/incr_cmd_0/axaddr_incr_reg[6]
  -------------------------------------------------------------------
                         required time                         13.628    
                         arrival time                         -10.004    
  -------------------------------------------------------------------
                         slack                                  3.624    

Slack (MET) :             3.629ns  (required time - arrival time)
  Source:                 week5_i/ps7_0_axi_periph/s00_couplers/auto_pc/inst/gen_axilite.gen_b2s_conv.axilite_b2s/SI_REG/aw.aw_pipe/m_payload_i_reg[39]/C
                            (rising edge-triggered cell FDRE clocked by clk_fpga_0  {rise@0.000ns fall@5.000ns period=10.000ns})
  Destination:            week5_i/ps7_0_axi_periph/s00_couplers/auto_pc/inst/gen_axilite.gen_b2s_conv.axilite_b2s/WR.aw_channel_0/cmd_translator_0/incr_cmd_0/axaddr_incr_reg[5]/D
                            (rising edge-triggered cell FDRE clocked by clk_fpga_0  {rise@0.000ns fall@5.000ns period=10.000ns})
  Path Group:             clk_fpga_0
  Path Type:              Setup (Max at Slow Process Corner)
  Requirement:            10.000ns  (clk_fpga_0 rise@10.000ns - clk_fpga_0 rise@0.000ns)
  Data Path Delay:        6.191ns  (logic 2.469ns (39.881%)  route 3.722ns (60.119%))
  Logic Levels:           7  (CARRY4=2 LUT3=3 LUT4=1 LUT6=1)
  Clock Path Skew:        -0.107ns (DCD - SCD + CPR)
    Destination Clock Delay (DCD):    3.268ns = ( 13.268 - 10.000 ) 
    Source Clock Delay      (SCD):    3.771ns
    Clock Pessimism Removal (CPR):    0.397ns
  Clock Uncertainty:      0.154ns  ((TSJ^2 + TIJ^2)^1/2 + DJ) / 2 + PE
    Total System Jitter     (TSJ):    0.071ns
    Total Input Jitter      (TIJ):    0.300ns
    Discrete Jitter          (DJ):    0.000ns
    Phase Error              (PE):    0.000ns

    Location             Delay type                Incr(ns)  Path(ns)    Netlist Resource(s)
  -------------------------------------------------------------------    -------------------
                         (clock clk_fpga_0 rise edge)
                                                      0.000     0.000 r  
    PS7_X0Y0             PS7                          0.000     0.000 r  week5_i/processing_system7_0/inst/PS7_i/FCLKCLK[0]
                         net (fo=1, routed)           1.938     1.938    week5_i/processing_system7_0/inst/FCLK_CLK_unbuffered[0]
    BUFGCTRL_X0Y16       BUFG (Prop_bufg_I_O)         0.101     2.039 r  week5_i/processing_system7_0/inst/buffer_fclk_clk_0.FCLK_CLK_0_BUFG/O
                         net (fo=638, routed)         1.732     3.771    week5_i/ps7_0_axi_periph/s00_couplers/auto_pc/inst/gen_axilite.gen_b2s_conv.axilite_b2s/SI_REG/aw.aw_pipe/aclk
    SLICE_X5Y47          FDRE                                         r  week5_i/ps7_0_axi_periph/s00_couplers/auto_pc/inst/gen_axilite.gen_b2s_conv.axilite_b2s/SI_REG/aw.aw_pipe/m_payload_i_reg[39]/C
  -------------------------------------------------------------------    -------------------
    SLICE_X5Y47          FDRE (Prop_fdre_C_Q)         0.419     4.190 r  week5_i/ps7_0_axi_periph/s00_couplers/auto_pc/inst/gen_axilite.gen_b2s_conv.axilite_b2s/SI_REG/aw.aw_pipe/m_payload_i_reg[39]/Q
                         net (fo=7, routed)           1.105     5.295    week5_i/ps7_0_axi_periph/s00_couplers/auto_pc/inst/gen_axilite.gen_b2s_conv.axilite_b2s/WR.aw_channel_0/cmd_translator_0/axlen_cnt_reg[3][11]
    SLICE_X10Y45         LUT3 (Prop_lut3_I1_O)        0.299     5.594 f  week5_i/ps7_0_axi_periph/s00_couplers/auto_pc/inst/gen_axilite.gen_b2s_conv.axilite_b2s/WR.aw_channel_0/cmd_translator_0/FSM_sequential_state[1]_i_2/O
                         net (fo=3, routed)           0.499     6.093    week5_i/ps7_0_axi_periph/s00_couplers/auto_pc/inst/gen_axilite.gen_b2s_conv.axilite_b2s/WR.aw_channel_0/aw_cmd_fsm_0/FSM_sequential_state_reg[1]_0
    SLICE_X7Y46          LUT6 (Prop_lut6_I3_O)        0.124     6.217 r  week5_i/ps7_0_axi_periph/s00_couplers/auto_pc/inst/gen_axilite.gen_b2s_conv.axilite_b2s/WR.aw_channel_0/aw_cmd_fsm_0/memory_reg[3][0]_srl4_i_1/O
                         net (fo=30, routed)          0.650     6.868    week5_i/ps7_0_axi_periph/s00_couplers/auto_pc/inst/gen_axilite.gen_b2s_conv.axilite_b2s/WR.aw_channel_0/aw_cmd_fsm_0/m_axi_awready_0
    SLICE_X10Y46         LUT3 (Prop_lut3_I2_O)        0.117     6.985 r  week5_i/ps7_0_axi_periph/s00_couplers/auto_pc/inst/gen_axilite.gen_b2s_conv.axilite_b2s/WR.aw_channel_0/aw_cmd_fsm_0/next_pending_r_i_3/O
                         net (fo=23, routed)          0.888     7.872    week5_i/ps7_0_axi_periph/s00_couplers/auto_pc/inst/gen_axilite.gen_b2s_conv.axilite_b2s/WR.aw_channel_0/cmd_translator_0/incr_cmd_0/next
    SLICE_X6Y43          LUT4 (Prop_lut4_I3_O)        0.348     8.220 r  week5_i/ps7_0_axi_periph/s00_couplers/auto_pc/inst/gen_axilite.gen_b2s_conv.axilite_b2s/WR.aw_channel_0/cmd_translator_0/incr_cmd_0/axaddr_incr[3]_i_9/O
                         net (fo=1, routed)           0.000     8.220    week5_i/ps7_0_axi_periph/s00_couplers/auto_pc/inst/gen_axilite.gen_b2s_conv.axilite_b2s/SI_REG/aw.aw_pipe/axaddr_incr_reg[3][1]
    SLICE_X6Y43          CARRY4 (Prop_carry4_S[1]_CO[3])
                                                      0.533     8.753 r  week5_i/ps7_0_axi_periph/s00_couplers/auto_pc/inst/gen_axilite.gen_b2s_conv.axilite_b2s/SI_REG/aw.aw_pipe/axaddr_incr_reg[3]_i_2/CO[3]
                         net (fo=1, routed)           0.000     8.753    week5_i/ps7_0_axi_periph/s00_couplers/auto_pc/inst/gen_axilite.gen_b2s_conv.axilite_b2s/SI_REG/aw.aw_pipe/axaddr_incr_reg[3]_i_2_n_0
    SLICE_X6Y44          CARRY4 (Prop_carry4_CI_O[1])
                                                      0.323     9.076 r  week5_i/ps7_0_axi_periph/s00_couplers/auto_pc/inst/gen_axilite.gen_b2s_conv.axilite_b2s/SI_REG/aw.aw_pipe/axaddr_incr_reg[7]_i_2/O[1]
                         net (fo=1, routed)           0.580     9.656    week5_i/ps7_0_axi_periph/s00_couplers/auto_pc/inst/gen_axilite.gen_b2s_conv.axilite_b2s/WR.aw_channel_0/cmd_translator_0/incr_cmd_0/axaddr_incr[5]
    SLICE_X8Y43          LUT3 (Prop_lut3_I0_O)        0.306     9.962 r  week5_i/ps7_0_axi_periph/s00_couplers/auto_pc/inst/gen_axilite.gen_b2s_conv.axilite_b2s/WR.aw_channel_0/cmd_translator_0/incr_cmd_0/axaddr_incr[5]_i_1/O
                         net (fo=1, routed)           0.000     9.962    week5_i/ps7_0_axi_periph/s00_couplers/auto_pc/inst/gen_axilite.gen_b2s_conv.axilite_b2s/WR.aw_channel_0/cmd_translator_0/incr_cmd_0/p_1_in[5]
    SLICE_X8Y43          FDRE                                         r  week5_i/ps7_0_axi_periph/s00_couplers/auto_pc/inst/gen_axilite.gen_b2s_conv.axilite_b2s/WR.aw_channel_0/cmd_translator_0/incr_cmd_0/axaddr_incr_reg[5]/D
  -------------------------------------------------------------------    -------------------

                         (clock clk_fpga_0 rise edge)
                                                     10.000    10.000 r  
    PS7_X0Y0             PS7                          0.000    10.000 r  week5_i/processing_system7_0/inst/PS7_i/FCLKCLK[0]
                         net (fo=1, routed)           1.666    11.666    week5_i/processing_system7_0/inst/FCLK_CLK_unbuffered[0]
    BUFGCTRL_X0Y16       BUFG (Prop_bufg_I_O)         0.091    11.757 r  week5_i/processing_system7_0/inst/buffer_fclk_clk_0.FCLK_CLK_0_BUFG/O
                         net (fo=638, routed)         1.510    13.268    week5_i/ps7_0_axi_periph/s00_couplers/auto_pc/inst/gen_axilite.gen_b2s_conv.axilite_b2s/WR.aw_channel_0/cmd_translator_0/incr_cmd_0/aclk
    SLICE_X8Y43          FDRE                                         r  week5_i/ps7_0_axi_periph/s00_couplers/auto_pc/inst/gen_axilite.gen_b2s_conv.axilite_b2s/WR.aw_channel_0/cmd_translator_0/incr_cmd_0/axaddr_incr_reg[5]/C
                         clock pessimism              0.397    13.664    
                         clock uncertainty           -0.154    13.510    
    SLICE_X8Y43          FDRE (Setup_fdre_C_D)        0.081    13.591    week5_i/ps7_0_axi_periph/s00_couplers/auto_pc/inst/gen_axilite.gen_b2s_conv.axilite_b2s/WR.aw_channel_0/cmd_translator_0/incr_cmd_0/axaddr_incr_reg[5]
  -------------------------------------------------------------------
                         required time                         13.591    
                         arrival time                          -9.962    
  -------------------------------------------------------------------
                         slack                                  3.629    

Slack (MET) :             3.632ns  (required time - arrival time)
  Source:                 week5_i/ps7_0_axi_periph/s00_couplers/auto_pc/inst/gen_axilite.gen_b2s_conv.axilite_b2s/SI_REG/aw.aw_pipe/m_payload_i_reg[39]/C
                            (rising edge-triggered cell FDRE clocked by clk_fpga_0  {rise@0.000ns fall@5.000ns period=10.000ns})
  Destination:            week5_i/ps7_0_axi_periph/s00_couplers/auto_pc/inst/gen_axilite.gen_b2s_conv.axilite_b2s/WR.aw_channel_0/cmd_translator_0/incr_cmd_0/axaddr_incr_reg[10]/D
                            (rising edge-triggered cell FDRE clocked by clk_fpga_0  {rise@0.000ns fall@5.000ns period=10.000ns})
  Path Group:             clk_fpga_0
  Path Type:              Setup (Max at Slow Process Corner)
  Requirement:            10.000ns  (clk_fpga_0 rise@10.000ns - clk_fpga_0 rise@0.000ns)
  Data Path Delay:        6.135ns  (logic 2.497ns (40.700%)  route 3.638ns (59.300%))
  Logic Levels:           8  (CARRY4=3 LUT3=3 LUT4=1 LUT6=1)
  Clock Path Skew:        -0.108ns (DCD - SCD + CPR)
    Destination Clock Delay (DCD):    3.267ns = ( 13.267 - 10.000 ) 
    Source Clock Delay      (SCD):    3.771ns
    Clock Pessimism Removal (CPR):    0.397ns
  Clock Uncertainty:      0.154ns  ((TSJ^2 + TIJ^2)^1/2 + DJ) / 2 + PE
    Total System Jitter     (TSJ):    0.071ns
    Total Input Jitter      (TIJ):    0.300ns
    Discrete Jitter          (DJ):    0.000ns
    Phase Error              (PE):    0.000ns

    Location             Delay type                Incr(ns)  Path(ns)    Netlist Resource(s)
  -------------------------------------------------------------------    -------------------
                         (clock clk_fpga_0 rise edge)
                                                      0.000     0.000 r  
    PS7_X0Y0             PS7                          0.000     0.000 r  week5_i/processing_system7_0/inst/PS7_i/FCLKCLK[0]
                         net (fo=1, routed)           1.938     1.938    week5_i/processing_system7_0/inst/FCLK_CLK_unbuffered[0]
    BUFGCTRL_X0Y16       BUFG (Prop_bufg_I_O)         0.101     2.039 r  week5_i/processing_system7_0/inst/buffer_fclk_clk_0.FCLK_CLK_0_BUFG/O
                         net (fo=638, routed)         1.732     3.771    week5_i/ps7_0_axi_periph/s00_couplers/auto_pc/inst/gen_axilite.gen_b2s_conv.axilite_b2s/SI_REG/aw.aw_pipe/aclk
    SLICE_X5Y47          FDRE                                         r  week5_i/ps7_0_axi_periph/s00_couplers/auto_pc/inst/gen_axilite.gen_b2s_conv.axilite_b2s/SI_REG/aw.aw_pipe/m_payload_i_reg[39]/C
  -------------------------------------------------------------------    -------------------
    SLICE_X5Y47          FDRE (Prop_fdre_C_Q)         0.419     4.190 r  week5_i/ps7_0_axi_periph/s00_couplers/auto_pc/inst/gen_axilite.gen_b2s_conv.axilite_b2s/SI_REG/aw.aw_pipe/m_payload_i_reg[39]/Q
                         net (fo=7, routed)           1.105     5.295    week5_i/ps7_0_axi_periph/s00_couplers/auto_pc/inst/gen_axilite.gen_b2s_conv.axilite_b2s/WR.aw_channel_0/cmd_translator_0/axlen_cnt_reg[3][11]
    SLICE_X10Y45         LUT3 (Prop_lut3_I1_O)        0.299     5.594 f  week5_i/ps7_0_axi_periph/s00_couplers/auto_pc/inst/gen_axilite.gen_b2s_conv.axilite_b2s/WR.aw_channel_0/cmd_translator_0/FSM_sequential_state[1]_i_2/O
                         net (fo=3, routed)           0.499     6.093    week5_i/ps7_0_axi_periph/s00_couplers/auto_pc/inst/gen_axilite.gen_b2s_conv.axilite_b2s/WR.aw_channel_0/aw_cmd_fsm_0/FSM_sequential_state_reg[1]_0
    SLICE_X7Y46          LUT6 (Prop_lut6_I3_O)        0.124     6.217 r  week5_i/ps7_0_axi_periph/s00_couplers/auto_pc/inst/gen_axilite.gen_b2s_conv.axilite_b2s/WR.aw_channel_0/aw_cmd_fsm_0/memory_reg[3][0]_srl4_i_1/O
                         net (fo=30, routed)          0.650     6.868    week5_i/ps7_0_axi_periph/s00_couplers/auto_pc/inst/gen_axilite.gen_b2s_conv.axilite_b2s/WR.aw_channel_0/aw_cmd_fsm_0/m_axi_awready_0
    SLICE_X10Y46         LUT3 (Prop_lut3_I2_O)        0.117     6.985 r  week5_i/ps7_0_axi_periph/s00_couplers/auto_pc/inst/gen_axilite.gen_b2s_conv.axilite_b2s/WR.aw_channel_0/aw_cmd_fsm_0/next_pending_r_i_3/O
                         net (fo=23, routed)          0.888     7.872    week5_i/ps7_0_axi_periph/s00_couplers/auto_pc/inst/gen_axilite.gen_b2s_conv.axilite_b2s/WR.aw_channel_0/cmd_translator_0/incr_cmd_0/next
    SLICE_X6Y43          LUT4 (Prop_lut4_I3_O)        0.348     8.220 r  week5_i/ps7_0_axi_periph/s00_couplers/auto_pc/inst/gen_axilite.gen_b2s_conv.axilite_b2s/WR.aw_channel_0/cmd_translator_0/incr_cmd_0/axaddr_incr[3]_i_9/O
                         net (fo=1, routed)           0.000     8.220    week5_i/ps7_0_axi_periph/s00_couplers/auto_pc/inst/gen_axilite.gen_b2s_conv.axilite_b2s/SI_REG/aw.aw_pipe/axaddr_incr_reg[3][1]
    SLICE_X6Y43          CARRY4 (Prop_carry4_S[1]_CO[3])
                                                      0.533     8.753 r  week5_i/ps7_0_axi_periph/s00_couplers/auto_pc/inst/gen_axilite.gen_b2s_conv.axilite_b2s/SI_REG/aw.aw_pipe/axaddr_incr_reg[3]_i_2/CO[3]
                         net (fo=1, routed)           0.000     8.753    week5_i/ps7_0_axi_periph/s00_couplers/auto_pc/inst/gen_axilite.gen_b2s_conv.axilite_b2s/SI_REG/aw.aw_pipe/axaddr_incr_reg[3]_i_2_n_0
    SLICE_X6Y44          CARRY4 (Prop_carry4_CI_CO[3])
                                                      0.117     8.870 r  week5_i/ps7_0_axi_periph/s00_couplers/auto_pc/inst/gen_axilite.gen_b2s_conv.axilite_b2s/SI_REG/aw.aw_pipe/axaddr_incr_reg[7]_i_2/CO[3]
                         net (fo=1, routed)           0.000     8.870    week5_i/ps7_0_axi_periph/s00_couplers/auto_pc/inst/gen_axilite.gen_b2s_conv.axilite_b2s/SI_REG/aw.aw_pipe/axaddr_incr_reg[7]_i_2_n_0
    SLICE_X6Y45          CARRY4 (Prop_carry4_CI_O[2])
                                                      0.239     9.109 r  week5_i/ps7_0_axi_periph/s00_couplers/auto_pc/inst/gen_axilite.gen_b2s_conv.axilite_b2s/SI_REG/aw.aw_pipe/axaddr_incr_reg[11]_i_3/O[2]
                         net (fo=1, routed)           0.496     9.605    week5_i/ps7_0_axi_periph/s00_couplers/auto_pc/inst/gen_axilite.gen_b2s_conv.axilite_b2s/WR.aw_channel_0/cmd_translator_0/incr_cmd_0/axaddr_incr[10]
    SLICE_X7Y45          LUT3 (Prop_lut3_I0_O)        0.301     9.906 r  week5_i/ps7_0_axi_periph/s00_couplers/auto_pc/inst/gen_axilite.gen_b2s_conv.axilite_b2s/WR.aw_channel_0/cmd_translator_0/incr_cmd_0/axaddr_incr[10]_i_1/O
                         net (fo=1, routed)           0.000     9.906    week5_i/ps7_0_axi_periph/s00_couplers/auto_pc/inst/gen_axilite.gen_b2s_conv.axilite_b2s/WR.aw_channel_0/cmd_translator_0/incr_cmd_0/p_1_in[10]
    SLICE_X7Y45          FDRE                                         r  week5_i/ps7_0_axi_periph/s00_couplers/auto_pc/inst/gen_axilite.gen_b2s_conv.axilite_b2s/WR.aw_channel_0/cmd_translator_0/incr_cmd_0/axaddr_incr_reg[10]/D
  -------------------------------------------------------------------    -------------------

                         (clock clk_fpga_0 rise edge)
                                                     10.000    10.000 r  
    PS7_X0Y0             PS7                          0.000    10.000 r  week5_i/processing_system7_0/inst/PS7_i/FCLKCLK[0]
                         net (fo=1, routed)           1.666    11.666    week5_i/processing_system7_0/inst/FCLK_CLK_unbuffered[0]
    BUFGCTRL_X0Y16       BUFG (Prop_bufg_I_O)         0.091    11.757 r  week5_i/processing_system7_0/inst/buffer_fclk_clk_0.FCLK_CLK_0_BUFG/O
                         net (fo=638, routed)         1.509    13.267    week5_i/ps7_0_axi_periph/s00_couplers/auto_pc/inst/gen_axilite.gen_b2s_conv.axilite_b2s/WR.aw_channel_0/cmd_translator_0/incr_cmd_0/aclk
    SLICE_X7Y45          FDRE                                         r  week5_i/ps7_0_axi_periph/s00_couplers/auto_pc/inst/gen_axilite.gen_b2s_conv.axilite_b2s/WR.aw_channel_0/cmd_translator_0/incr_cmd_0/axaddr_incr_reg[10]/C
                         clock pessimism              0.397    13.663    
                         clock uncertainty           -0.154    13.509    
    SLICE_X7Y45          FDRE (Setup_fdre_C_D)        0.029    13.538    week5_i/ps7_0_axi_periph/s00_couplers/auto_pc/inst/gen_axilite.gen_b2s_conv.axilite_b2s/WR.aw_channel_0/cmd_translator_0/incr_cmd_0/axaddr_incr_reg[10]
  -------------------------------------------------------------------
                         required time                         13.538    
                         arrival time                          -9.906    
  -------------------------------------------------------------------
                         slack                                  3.632    

Slack (MET) :             3.679ns  (required time - arrival time)
  Source:                 week5_i/ps7_0_axi_periph/s00_couplers/auto_pc/inst/gen_axilite.gen_b2s_conv.axilite_b2s/SI_REG/aw.aw_pipe/m_payload_i_reg[39]/C
                            (rising edge-triggered cell FDRE clocked by clk_fpga_0  {rise@0.000ns fall@5.000ns period=10.000ns})
  Destination:            week5_i/ps7_0_axi_periph/s00_couplers/auto_pc/inst/gen_axilite.gen_b2s_conv.axilite_b2s/WR.aw_channel_0/cmd_translator_0/incr_cmd_0/axaddr_incr_reg[9]/D
                            (rising edge-triggered cell FDRE clocked by clk_fpga_0  {rise@0.000ns fall@5.000ns period=10.000ns})
  Path Group:             clk_fpga_0
  Path Type:              Setup (Max at Slow Process Corner)
  Requirement:            10.000ns  (clk_fpga_0 rise@10.000ns - clk_fpga_0 rise@0.000ns)
  Data Path Delay:        6.134ns  (logic 2.581ns (42.077%)  route 3.553ns (57.923%))
  Logic Levels:           8  (CARRY4=3 LUT3=3 LUT4=1 LUT6=1)
  Clock Path Skew:        -0.108ns (DCD - SCD + CPR)
    Destination Clock Delay (DCD):    3.267ns = ( 13.267 - 10.000 ) 
    Source Clock Delay      (SCD):    3.771ns
    Clock Pessimism Removal (CPR):    0.397ns
  Clock Uncertainty:      0.154ns  ((TSJ^2 + TIJ^2)^1/2 + DJ) / 2 + PE
    Total System Jitter     (TSJ):    0.071ns
    Total Input Jitter      (TIJ):    0.300ns
    Discrete Jitter          (DJ):    0.000ns
    Phase Error              (PE):    0.000ns

    Location             Delay type                Incr(ns)  Path(ns)    Netlist Resource(s)
  -------------------------------------------------------------------    -------------------
                         (clock clk_fpga_0 rise edge)
                                                      0.000     0.000 r  
    PS7_X0Y0             PS7                          0.000     0.000 r  week5_i/processing_system7_0/inst/PS7_i/FCLKCLK[0]
                         net (fo=1, routed)           1.938     1.938    week5_i/processing_system7_0/inst/FCLK_CLK_unbuffered[0]
    BUFGCTRL_X0Y16       BUFG (Prop_bufg_I_O)         0.101     2.039 r  week5_i/processing_system7_0/inst/buffer_fclk_clk_0.FCLK_CLK_0_BUFG/O
                         net (fo=638, routed)         1.732     3.771    week5_i/ps7_0_axi_periph/s00_couplers/auto_pc/inst/gen_axilite.gen_b2s_conv.axilite_b2s/SI_REG/aw.aw_pipe/aclk
    SLICE_X5Y47          FDRE                                         r  week5_i/ps7_0_axi_periph/s00_couplers/auto_pc/inst/gen_axilite.gen_b2s_conv.axilite_b2s/SI_REG/aw.aw_pipe/m_payload_i_reg[39]/C
  -------------------------------------------------------------------    -------------------
    SLICE_X5Y47          FDRE (Prop_fdre_C_Q)         0.419     4.190 r  week5_i/ps7_0_axi_periph/s00_couplers/auto_pc/inst/gen_axilite.gen_b2s_conv.axilite_b2s/SI_REG/aw.aw_pipe/m_payload_i_reg[39]/Q
                         net (fo=7, routed)           1.105     5.295    week5_i/ps7_0_axi_periph/s00_couplers/auto_pc/inst/gen_axilite.gen_b2s_conv.axilite_b2s/WR.aw_channel_0/cmd_translator_0/axlen_cnt_reg[3][11]
    SLICE_X10Y45         LUT3 (Prop_lut3_I1_O)        0.299     5.594 f  week5_i/ps7_0_axi_periph/s00_couplers/auto_pc/inst/gen_axilite.gen_b2s_conv.axilite_b2s/WR.aw_channel_0/cmd_translator_0/FSM_sequential_state[1]_i_2/O
                         net (fo=3, routed)           0.499     6.093    week5_i/ps7_0_axi_periph/s00_couplers/auto_pc/inst/gen_axilite.gen_b2s_conv.axilite_b2s/WR.aw_channel_0/aw_cmd_fsm_0/FSM_sequential_state_reg[1]_0
    SLICE_X7Y46          LUT6 (Prop_lut6_I3_O)        0.124     6.217 r  week5_i/ps7_0_axi_periph/s00_couplers/auto_pc/inst/gen_axilite.gen_b2s_conv.axilite_b2s/WR.aw_channel_0/aw_cmd_fsm_0/memory_reg[3][0]_srl4_i_1/O
                         net (fo=30, routed)          0.650     6.868    week5_i/ps7_0_axi_periph/s00_couplers/auto_pc/inst/gen_axilite.gen_b2s_conv.axilite_b2s/WR.aw_channel_0/aw_cmd_fsm_0/m_axi_awready_0
    SLICE_X10Y46         LUT3 (Prop_lut3_I2_O)        0.117     6.985 r  week5_i/ps7_0_axi_periph/s00_couplers/auto_pc/inst/gen_axilite.gen_b2s_conv.axilite_b2s/WR.aw_channel_0/aw_cmd_fsm_0/next_pending_r_i_3/O
                         net (fo=23, routed)          0.888     7.872    week5_i/ps7_0_axi_periph/s00_couplers/auto_pc/inst/gen_axilite.gen_b2s_conv.axilite_b2s/WR.aw_channel_0/cmd_translator_0/incr_cmd_0/next
    SLICE_X6Y43          LUT4 (Prop_lut4_I3_O)        0.348     8.220 r  week5_i/ps7_0_axi_periph/s00_couplers/auto_pc/inst/gen_axilite.gen_b2s_conv.axilite_b2s/WR.aw_channel_0/cmd_translator_0/incr_cmd_0/axaddr_incr[3]_i_9/O
                         net (fo=1, routed)           0.000     8.220    week5_i/ps7_0_axi_periph/s00_couplers/auto_pc/inst/gen_axilite.gen_b2s_conv.axilite_b2s/SI_REG/aw.aw_pipe/axaddr_incr_reg[3][1]
    SLICE_X6Y43          CARRY4 (Prop_carry4_S[1]_CO[3])
                                                      0.533     8.753 r  week5_i/ps7_0_axi_periph/s00_couplers/auto_pc/inst/gen_axilite.gen_b2s_conv.axilite_b2s/SI_REG/aw.aw_pipe/axaddr_incr_reg[3]_i_2/CO[3]
                         net (fo=1, routed)           0.000     8.753    week5_i/ps7_0_axi_periph/s00_couplers/auto_pc/inst/gen_axilite.gen_b2s_conv.axilite_b2s/SI_REG/aw.aw_pipe/axaddr_incr_reg[3]_i_2_n_0
    SLICE_X6Y44          CARRY4 (Prop_carry4_CI_CO[3])
                                                      0.117     8.870 r  week5_i/ps7_0_axi_periph/s00_couplers/auto_pc/inst/gen_axilite.gen_b2s_conv.axilite_b2s/SI_REG/aw.aw_pipe/axaddr_incr_reg[7]_i_2/CO[3]
                         net (fo=1, routed)           0.000     8.870    week5_i/ps7_0_axi_periph/s00_couplers/auto_pc/inst/gen_axilite.gen_b2s_conv.axilite_b2s/SI_REG/aw.aw_pipe/axaddr_incr_reg[7]_i_2_n_0
    SLICE_X6Y45          CARRY4 (Prop_carry4_CI_O[1])
                                                      0.323     9.193 r  week5_i/ps7_0_axi_periph/s00_couplers/auto_pc/inst/gen_axilite.gen_b2s_conv.axilite_b2s/SI_REG/aw.aw_pipe/axaddr_incr_reg[11]_i_3/O[1]
                         net (fo=1, routed)           0.411     9.604    week5_i/ps7_0_axi_periph/s00_couplers/auto_pc/inst/gen_axilite.gen_b2s_conv.axilite_b2s/WR.aw_channel_0/cmd_translator_0/incr_cmd_0/axaddr_incr[9]
    SLICE_X7Y45          LUT3 (Prop_lut3_I0_O)        0.301     9.905 r  week5_i/ps7_0_axi_periph/s00_couplers/auto_pc/inst/gen_axilite.gen_b2s_conv.axilite_b2s/WR.aw_channel_0/cmd_translator_0/incr_cmd_0/axaddr_incr[9]_i_1/O
                         net (fo=1, routed)           0.000     9.905    week5_i/ps7_0_axi_periph/s00_couplers/auto_pc/inst/gen_axilite.gen_b2s_conv.axilite_b2s/WR.aw_channel_0/cmd_translator_0/incr_cmd_0/p_1_in[9]
    SLICE_X7Y45          FDRE                                         r  week5_i/ps7_0_axi_periph/s00_couplers/auto_pc/inst/gen_axilite.gen_b2s_conv.axilite_b2s/WR.aw_channel_0/cmd_translator_0/incr_cmd_0/axaddr_incr_reg[9]/D
  -------------------------------------------------------------------    -------------------

                         (clock clk_fpga_0 rise edge)
                                                     10.000    10.000 r  
    PS7_X0Y0             PS7                          0.000    10.000 r  week5_i/processing_system7_0/inst/PS7_i/FCLKCLK[0]
                         net (fo=1, routed)           1.666    11.666    week5_i/processing_system7_0/inst/FCLK_CLK_unbuffered[0]
    BUFGCTRL_X0Y16       BUFG (Prop_bufg_I_O)         0.091    11.757 r  week5_i/processing_system7_0/inst/buffer_fclk_clk_0.FCLK_CLK_0_BUFG/O
                         net (fo=638, routed)         1.509    13.267    week5_i/ps7_0_axi_periph/s00_couplers/auto_pc/inst/gen_axilite.gen_b2s_conv.axilite_b2s/WR.aw_channel_0/cmd_translator_0/incr_cmd_0/aclk
    SLICE_X7Y45          FDRE                                         r  week5_i/ps7_0_axi_periph/s00_couplers/auto_pc/inst/gen_axilite.gen_b2s_conv.axilite_b2s/WR.aw_channel_0/cmd_translator_0/incr_cmd_0/axaddr_incr_reg[9]/C
                         clock pessimism              0.397    13.663    
                         clock uncertainty           -0.154    13.509    
    SLICE_X7Y45          FDRE (Setup_fdre_C_D)        0.075    13.584    week5_i/ps7_0_axi_periph/s00_couplers/auto_pc/inst/gen_axilite.gen_b2s_conv.axilite_b2s/WR.aw_channel_0/cmd_translator_0/incr_cmd_0/axaddr_incr_reg[9]
  -------------------------------------------------------------------
                         required time                         13.584    
                         arrival time                          -9.905    
  -------------------------------------------------------------------
                         slack                                  3.679    

Slack (MET) :             3.753ns  (required time - arrival time)
  Source:                 week5_i/ps7_0_axi_periph/s00_couplers/auto_pc/inst/gen_axilite.gen_b2s_conv.axilite_b2s/SI_REG/aw.aw_pipe/m_payload_i_reg[39]/C
                            (rising edge-triggered cell FDRE clocked by clk_fpga_0  {rise@0.000ns fall@5.000ns period=10.000ns})
  Destination:            week5_i/ps7_0_axi_periph/s00_couplers/auto_pc/inst/gen_axilite.gen_b2s_conv.axilite_b2s/WR.aw_channel_0/cmd_translator_0/incr_cmd_0/axaddr_incr_reg[4]/D
                            (rising edge-triggered cell FDRE clocked by clk_fpga_0  {rise@0.000ns fall@5.000ns period=10.000ns})
  Path Group:             clk_fpga_0
  Path Type:              Setup (Max at Slow Process Corner)
  Requirement:            10.000ns  (clk_fpga_0 rise@10.000ns - clk_fpga_0 rise@0.000ns)
  Data Path Delay:        6.062ns  (logic 2.354ns (38.829%)  route 3.708ns (61.171%))
  Logic Levels:           7  (CARRY4=2 LUT3=3 LUT4=1 LUT6=1)
  Clock Path Skew:        -0.107ns (DCD - SCD + CPR)
    Destination Clock Delay (DCD):    3.268ns = ( 13.268 - 10.000 ) 
    Source Clock Delay      (SCD):    3.771ns
    Clock Pessimism Removal (CPR):    0.397ns
  Clock Uncertainty:      0.154ns  ((TSJ^2 + TIJ^2)^1/2 + DJ) / 2 + PE
    Total System Jitter     (TSJ):    0.071ns
    Total Input Jitter      (TIJ):    0.300ns
    Discrete Jitter          (DJ):    0.000ns
    Phase Error              (PE):    0.000ns

    Location             Delay type                Incr(ns)  Path(ns)    Netlist Resource(s)
  -------------------------------------------------------------------    -------------------
                         (clock clk_fpga_0 rise edge)
                                                      0.000     0.000 r  
    PS7_X0Y0             PS7                          0.000     0.000 r  week5_i/processing_system7_0/inst/PS7_i/FCLKCLK[0]
                         net (fo=1, routed)           1.938     1.938    week5_i/processing_system7_0/inst/FCLK_CLK_unbuffered[0]
    BUFGCTRL_X0Y16       BUFG (Prop_bufg_I_O)         0.101     2.039 r  week5_i/processing_system7_0/inst/buffer_fclk_clk_0.FCLK_CLK_0_BUFG/O
                         net (fo=638, routed)         1.732     3.771    week5_i/ps7_0_axi_periph/s00_couplers/auto_pc/inst/gen_axilite.gen_b2s_conv.axilite_b2s/SI_REG/aw.aw_pipe/aclk
    SLICE_X5Y47          FDRE                                         r  week5_i/ps7_0_axi_periph/s00_couplers/auto_pc/inst/gen_axilite.gen_b2s_conv.axilite_b2s/SI_REG/aw.aw_pipe/m_payload_i_reg[39]/C
  -------------------------------------------------------------------    -------------------
    SLICE_X5Y47          FDRE (Prop_fdre_C_Q)         0.419     4.190 r  week5_i/ps7_0_axi_periph/s00_couplers/auto_pc/inst/gen_axilite.gen_b2s_conv.axilite_b2s/SI_REG/aw.aw_pipe/m_payload_i_reg[39]/Q
                         net (fo=7, routed)           1.105     5.295    week5_i/ps7_0_axi_periph/s00_couplers/auto_pc/inst/gen_axilite.gen_b2s_conv.axilite_b2s/WR.aw_channel_0/cmd_translator_0/axlen_cnt_reg[3][11]
    SLICE_X10Y45         LUT3 (Prop_lut3_I1_O)        0.299     5.594 f  week5_i/ps7_0_axi_periph/s00_couplers/auto_pc/inst/gen_axilite.gen_b2s_conv.axilite_b2s/WR.aw_channel_0/cmd_translator_0/FSM_sequential_state[1]_i_2/O
                         net (fo=3, routed)           0.499     6.093    week5_i/ps7_0_axi_periph/s00_couplers/auto_pc/inst/gen_axilite.gen_b2s_conv.axilite_b2s/WR.aw_channel_0/aw_cmd_fsm_0/FSM_sequential_state_reg[1]_0
    SLICE_X7Y46          LUT6 (Prop_lut6_I3_O)        0.124     6.217 r  week5_i/ps7_0_axi_periph/s00_couplers/auto_pc/inst/gen_axilite.gen_b2s_conv.axilite_b2s/WR.aw_channel_0/aw_cmd_fsm_0/memory_reg[3][0]_srl4_i_1/O
                         net (fo=30, routed)          0.650     6.868    week5_i/ps7_0_axi_periph/s00_couplers/auto_pc/inst/gen_axilite.gen_b2s_conv.axilite_b2s/WR.aw_channel_0/aw_cmd_fsm_0/m_axi_awready_0
    SLICE_X10Y46         LUT3 (Prop_lut3_I2_O)        0.117     6.985 r  week5_i/ps7_0_axi_periph/s00_couplers/auto_pc/inst/gen_axilite.gen_b2s_conv.axilite_b2s/WR.aw_channel_0/aw_cmd_fsm_0/next_pending_r_i_3/O
                         net (fo=23, routed)          0.888     7.872    week5_i/ps7_0_axi_periph/s00_couplers/auto_pc/inst/gen_axilite.gen_b2s_conv.axilite_b2s/WR.aw_channel_0/cmd_translator_0/incr_cmd_0/next
    SLICE_X6Y43          LUT4 (Prop_lut4_I3_O)        0.348     8.220 r  week5_i/ps7_0_axi_periph/s00_couplers/auto_pc/inst/gen_axilite.gen_b2s_conv.axilite_b2s/WR.aw_channel_0/cmd_translator_0/incr_cmd_0/axaddr_incr[3]_i_9/O
                         net (fo=1, routed)           0.000     8.220    week5_i/ps7_0_axi_periph/s00_couplers/auto_pc/inst/gen_axilite.gen_b2s_conv.axilite_b2s/SI_REG/aw.aw_pipe/axaddr_incr_reg[3][1]
    SLICE_X6Y43          CARRY4 (Prop_carry4_S[1]_CO[3])
                                                      0.533     8.753 r  week5_i/ps7_0_axi_periph/s00_couplers/auto_pc/inst/gen_axilite.gen_b2s_conv.axilite_b2s/SI_REG/aw.aw_pipe/axaddr_incr_reg[3]_i_2/CO[3]
                         net (fo=1, routed)           0.000     8.753    week5_i/ps7_0_axi_periph/s00_couplers/auto_pc/inst/gen_axilite.gen_b2s_conv.axilite_b2s/SI_REG/aw.aw_pipe/axaddr_incr_reg[3]_i_2_n_0
    SLICE_X6Y44          CARRY4 (Prop_carry4_CI_O[0])
                                                      0.219     8.972 r  week5_i/ps7_0_axi_periph/s00_couplers/auto_pc/inst/gen_axilite.gen_b2s_conv.axilite_b2s/SI_REG/aw.aw_pipe/axaddr_incr_reg[7]_i_2/O[0]
                         net (fo=1, routed)           0.567     9.539    week5_i/ps7_0_axi_periph/s00_couplers/auto_pc/inst/gen_axilite.gen_b2s_conv.axilite_b2s/WR.aw_channel_0/cmd_translator_0/incr_cmd_0/axaddr_incr[4]
    SLICE_X8Y43          LUT3 (Prop_lut3_I0_O)        0.295     9.834 r  week5_i/ps7_0_axi_periph/s00_couplers/auto_pc/inst/gen_axilite.gen_b2s_conv.axilite_b2s/WR.aw_channel_0/cmd_translator_0/incr_cmd_0/axaddr_incr[4]_i_1/O
                         net (fo=1, routed)           0.000     9.834    week5_i/ps7_0_axi_periph/s00_couplers/auto_pc/inst/gen_axilite.gen_b2s_conv.axilite_b2s/WR.aw_channel_0/cmd_translator_0/incr_cmd_0/p_1_in[4]
    SLICE_X8Y43          FDRE                                         r  week5_i/ps7_0_axi_periph/s00_couplers/auto_pc/inst/gen_axilite.gen_b2s_conv.axilite_b2s/WR.aw_channel_0/cmd_translator_0/incr_cmd_0/axaddr_incr_reg[4]/D
  -------------------------------------------------------------------    -------------------

                         (clock clk_fpga_0 rise edge)
                                                     10.000    10.000 r  
    PS7_X0Y0             PS7                          0.000    10.000 r  week5_i/processing_system7_0/inst/PS7_i/FCLKCLK[0]
                         net (fo=1, routed)           1.666    11.666    week5_i/processing_system7_0/inst/FCLK_CLK_unbuffered[0]
    BUFGCTRL_X0Y16       BUFG (Prop_bufg_I_O)         0.091    11.757 r  week5_i/processing_system7_0/inst/buffer_fclk_clk_0.FCLK_CLK_0_BUFG/O
                         net (fo=638, routed)         1.510    13.268    week5_i/ps7_0_axi_periph/s00_couplers/auto_pc/inst/gen_axilite.gen_b2s_conv.axilite_b2s/WR.aw_channel_0/cmd_translator_0/incr_cmd_0/aclk
    SLICE_X8Y43          FDRE                                         r  week5_i/ps7_0_axi_periph/s00_couplers/auto_pc/inst/gen_axilite.gen_b2s_conv.axilite_b2s/WR.aw_channel_0/cmd_translator_0/incr_cmd_0/axaddr_incr_reg[4]/C
                         clock pessimism              0.397    13.664    
                         clock uncertainty           -0.154    13.510    
    SLICE_X8Y43          FDRE (Setup_fdre_C_D)        0.077    13.587    week5_i/ps7_0_axi_periph/s00_couplers/auto_pc/inst/gen_axilite.gen_b2s_conv.axilite_b2s/WR.aw_channel_0/cmd_translator_0/incr_cmd_0/axaddr_incr_reg[4]
  -------------------------------------------------------------------
                         required time                         13.587    
                         arrival time                          -9.834    
  -------------------------------------------------------------------
                         slack                                  3.753    

Slack (MET) :             3.836ns  (required time - arrival time)
  Source:                 week5_i/ps7_0_axi_periph/s00_couplers/auto_pc/inst/gen_axilite.gen_b2s_conv.axilite_b2s/SI_REG/aw.aw_pipe/m_payload_i_reg[39]/C
                            (rising edge-triggered cell FDRE clocked by clk_fpga_0  {rise@0.000ns fall@5.000ns period=10.000ns})
  Destination:            week5_i/ps7_0_axi_periph/s00_couplers/auto_pc/inst/gen_axilite.gen_b2s_conv.axilite_b2s/WR.aw_channel_0/cmd_translator_0/incr_cmd_0/axaddr_incr_reg[3]/D
                            (rising edge-triggered cell FDRE clocked by clk_fpga_0  {rise@0.000ns fall@5.000ns period=10.000ns})
  Path Group:             clk_fpga_0
  Path Type:              Setup (Max at Slow Process Corner)
  Requirement:            10.000ns  (clk_fpga_0 rise@10.000ns - clk_fpga_0 rise@0.000ns)
  Data Path Delay:        6.019ns  (logic 2.283ns (37.932%)  route 3.736ns (62.068%))
  Logic Levels:           6  (CARRY4=1 LUT3=3 LUT4=1 LUT6=1)
  Clock Path Skew:        -0.109ns (DCD - SCD + CPR)
    Destination Clock Delay (DCD):    3.266ns = ( 13.266 - 10.000 ) 
    Source Clock Delay      (SCD):    3.771ns
    Clock Pessimism Removal (CPR):    0.397ns
  Clock Uncertainty:      0.154ns  ((TSJ^2 + TIJ^2)^1/2 + DJ) / 2 + PE
    Total System Jitter     (TSJ):    0.071ns
    Total Input Jitter      (TIJ):    0.300ns
    Discrete Jitter          (DJ):    0.000ns
    Phase Error              (PE):    0.000ns

    Location             Delay type                Incr(ns)  Path(ns)    Netlist Resource(s)
  -------------------------------------------------------------------    -------------------
                         (clock clk_fpga_0 rise edge)
                                                      0.000     0.000 r  
    PS7_X0Y0             PS7                          0.000     0.000 r  week5_i/processing_system7_0/inst/PS7_i/FCLKCLK[0]
                         net (fo=1, routed)           1.938     1.938    week5_i/processing_system7_0/inst/FCLK_CLK_unbuffered[0]
    BUFGCTRL_X0Y16       BUFG (Prop_bufg_I_O)         0.101     2.039 r  week5_i/processing_system7_0/inst/buffer_fclk_clk_0.FCLK_CLK_0_BUFG/O
                         net (fo=638, routed)         1.732     3.771    week5_i/ps7_0_axi_periph/s00_couplers/auto_pc/inst/gen_axilite.gen_b2s_conv.axilite_b2s/SI_REG/aw.aw_pipe/aclk
    SLICE_X5Y47          FDRE                                         r  week5_i/ps7_0_axi_periph/s00_couplers/auto_pc/inst/gen_axilite.gen_b2s_conv.axilite_b2s/SI_REG/aw.aw_pipe/m_payload_i_reg[39]/C
  -------------------------------------------------------------------    -------------------
    SLICE_X5Y47          FDRE (Prop_fdre_C_Q)         0.419     4.190 r  week5_i/ps7_0_axi_periph/s00_couplers/auto_pc/inst/gen_axilite.gen_b2s_conv.axilite_b2s/SI_REG/aw.aw_pipe/m_payload_i_reg[39]/Q
                         net (fo=7, routed)           1.105     5.295    week5_i/ps7_0_axi_periph/s00_couplers/auto_pc/inst/gen_axilite.gen_b2s_conv.axilite_b2s/WR.aw_channel_0/cmd_translator_0/axlen_cnt_reg[3][11]
    SLICE_X10Y45         LUT3 (Prop_lut3_I1_O)        0.299     5.594 f  week5_i/ps7_0_axi_periph/s00_couplers/auto_pc/inst/gen_axilite.gen_b2s_conv.axilite_b2s/WR.aw_channel_0/cmd_translator_0/FSM_sequential_state[1]_i_2/O
                         net (fo=3, routed)           0.499     6.093    week5_i/ps7_0_axi_periph/s00_couplers/auto_pc/inst/gen_axilite.gen_b2s_conv.axilite_b2s/WR.aw_channel_0/aw_cmd_fsm_0/FSM_sequential_state_reg[1]_0
    SLICE_X7Y46          LUT6 (Prop_lut6_I3_O)        0.124     6.217 r  week5_i/ps7_0_axi_periph/s00_couplers/auto_pc/inst/gen_axilite.gen_b2s_conv.axilite_b2s/WR.aw_channel_0/aw_cmd_fsm_0/memory_reg[3][0]_srl4_i_1/O
                         net (fo=30, routed)          0.650     6.868    week5_i/ps7_0_axi_periph/s00_couplers/auto_pc/inst/gen_axilite.gen_b2s_conv.axilite_b2s/WR.aw_channel_0/aw_cmd_fsm_0/m_axi_awready_0
    SLICE_X10Y46         LUT3 (Prop_lut3_I2_O)        0.117     6.985 r  week5_i/ps7_0_axi_periph/s00_couplers/auto_pc/inst/gen_axilite.gen_b2s_conv.axilite_b2s/WR.aw_channel_0/aw_cmd_fsm_0/next_pending_r_i_3/O
                         net (fo=23, routed)          0.888     7.872    week5_i/ps7_0_axi_periph/s00_couplers/auto_pc/inst/gen_axilite.gen_b2s_conv.axilite_b2s/WR.aw_channel_0/cmd_translator_0/incr_cmd_0/next
    SLICE_X6Y43          LUT4 (Prop_lut4_I3_O)        0.348     8.220 r  week5_i/ps7_0_axi_periph/s00_couplers/auto_pc/inst/gen_axilite.gen_b2s_conv.axilite_b2s/WR.aw_channel_0/cmd_translator_0/incr_cmd_0/axaddr_incr[3]_i_9/O
                         net (fo=1, routed)           0.000     8.220    week5_i/ps7_0_axi_periph/s00_couplers/auto_pc/inst/gen_axilite.gen_b2s_conv.axilite_b2s/SI_REG/aw.aw_pipe/axaddr_incr_reg[3][1]
    SLICE_X6Y43          CARRY4 (Prop_carry4_S[1]_O[3])
                                                      0.643     8.863 r  week5_i/ps7_0_axi_periph/s00_couplers/auto_pc/inst/gen_axilite.gen_b2s_conv.axilite_b2s/SI_REG/aw.aw_pipe/axaddr_incr_reg[3]_i_2/O[3]
                         net (fo=1, routed)           0.594     9.457    week5_i/ps7_0_axi_periph/s00_couplers/auto_pc/inst/gen_axilite.gen_b2s_conv.axilite_b2s/WR.aw_channel_0/cmd_translator_0/incr_cmd_0/axaddr_incr[3]
    SLICE_X6Y42          LUT3 (Prop_lut3_I0_O)        0.333     9.790 r  week5_i/ps7_0_axi_periph/s00_couplers/auto_pc/inst/gen_axilite.gen_b2s_conv.axilite_b2s/WR.aw_channel_0/cmd_translator_0/incr_cmd_0/axaddr_incr[3]_i_1/O
                         net (fo=1, routed)           0.000     9.790    week5_i/ps7_0_axi_periph/s00_couplers/auto_pc/inst/gen_axilite.gen_b2s_conv.axilite_b2s/WR.aw_channel_0/cmd_translator_0/incr_cmd_0/p_1_in[3]
    SLICE_X6Y42          FDRE                                         r  week5_i/ps7_0_axi_periph/s00_couplers/auto_pc/inst/gen_axilite.gen_b2s_conv.axilite_b2s/WR.aw_channel_0/cmd_translator_0/incr_cmd_0/axaddr_incr_reg[3]/D
  -------------------------------------------------------------------    -------------------

                         (clock clk_fpga_0 rise edge)
                                                     10.000    10.000 r  
    PS7_X0Y0             PS7                          0.000    10.000 r  week5_i/processing_system7_0/inst/PS7_i/FCLKCLK[0]
                         net (fo=1, routed)           1.666    11.666    week5_i/processing_system7_0/inst/FCLK_CLK_unbuffered[0]
    BUFGCTRL_X0Y16       BUFG (Prop_bufg_I_O)         0.091    11.757 r  week5_i/processing_system7_0/inst/buffer_fclk_clk_0.FCLK_CLK_0_BUFG/O
                         net (fo=638, routed)         1.508    13.266    week5_i/ps7_0_axi_periph/s00_couplers/auto_pc/inst/gen_axilite.gen_b2s_conv.axilite_b2s/WR.aw_channel_0/cmd_translator_0/incr_cmd_0/aclk
    SLICE_X6Y42          FDRE                                         r  week5_i/ps7_0_axi_periph/s00_couplers/auto_pc/inst/gen_axilite.gen_b2s_conv.axilite_b2s/WR.aw_channel_0/cmd_translator_0/incr_cmd_0/axaddr_incr_reg[3]/C
                         clock pessimism              0.397    13.662    
                         clock uncertainty           -0.154    13.508    
    SLICE_X6Y42          FDRE (Setup_fdre_C_D)        0.118    13.626    week5_i/ps7_0_axi_periph/s00_couplers/auto_pc/inst/gen_axilite.gen_b2s_conv.axilite_b2s/WR.aw_channel_0/cmd_translator_0/incr_cmd_0/axaddr_incr_reg[3]
  -------------------------------------------------------------------
                         required time                         13.626    
                         arrival time                          -9.790    
  -------------------------------------------------------------------
                         slack                                  3.836    

Slack (MET) :             3.849ns  (required time - arrival time)
  Source:                 week5_i/ps7_0_axi_periph/s00_couplers/auto_pc/inst/gen_axilite.gen_b2s_conv.axilite_b2s/SI_REG/aw.aw_pipe/m_payload_i_reg[39]/C
                            (rising edge-triggered cell FDRE clocked by clk_fpga_0  {rise@0.000ns fall@5.000ns period=10.000ns})
  Destination:            week5_i/ps7_0_axi_periph/s00_couplers/auto_pc/inst/gen_axilite.gen_b2s_conv.axilite_b2s/WR.aw_channel_0/cmd_translator_0/incr_cmd_0/axaddr_incr_reg[1]/D
                            (rising edge-triggered cell FDRE clocked by clk_fpga_0  {rise@0.000ns fall@5.000ns period=10.000ns})
  Path Group:             clk_fpga_0
  Path Type:              Setup (Max at Slow Process Corner)
  Requirement:            10.000ns  (clk_fpga_0 rise@10.000ns - clk_fpga_0 rise@0.000ns)
  Data Path Delay:        6.006ns  (logic 2.066ns (34.397%)  route 3.940ns (65.603%))
  Logic Levels:           6  (CARRY4=1 LUT3=3 LUT4=1 LUT6=1)
  Clock Path Skew:        -0.109ns (DCD - SCD + CPR)
    Destination Clock Delay (DCD):    3.266ns = ( 13.266 - 10.000 ) 
    Source Clock Delay      (SCD):    3.771ns
    Clock Pessimism Removal (CPR):    0.397ns
  Clock Uncertainty:      0.154ns  ((TSJ^2 + TIJ^2)^1/2 + DJ) / 2 + PE
    Total System Jitter     (TSJ):    0.071ns
    Total Input Jitter      (TIJ):    0.300ns
    Discrete Jitter          (DJ):    0.000ns
    Phase Error              (PE):    0.000ns

    Location             Delay type                Incr(ns)  Path(ns)    Netlist Resource(s)
  -------------------------------------------------------------------    -------------------
                         (clock clk_fpga_0 rise edge)
                                                      0.000     0.000 r  
    PS7_X0Y0             PS7                          0.000     0.000 r  week5_i/processing_system7_0/inst/PS7_i/FCLKCLK[0]
                         net (fo=1, routed)           1.938     1.938    week5_i/processing_system7_0/inst/FCLK_CLK_unbuffered[0]
    BUFGCTRL_X0Y16       BUFG (Prop_bufg_I_O)         0.101     2.039 r  week5_i/processing_system7_0/inst/buffer_fclk_clk_0.FCLK_CLK_0_BUFG/O
                         net (fo=638, routed)         1.732     3.771    week5_i/ps7_0_axi_periph/s00_couplers/auto_pc/inst/gen_axilite.gen_b2s_conv.axilite_b2s/SI_REG/aw.aw_pipe/aclk
    SLICE_X5Y47          FDRE                                         r  week5_i/ps7_0_axi_periph/s00_couplers/auto_pc/inst/gen_axilite.gen_b2s_conv.axilite_b2s/SI_REG/aw.aw_pipe/m_payload_i_reg[39]/C
  -------------------------------------------------------------------    -------------------
    SLICE_X5Y47          FDRE (Prop_fdre_C_Q)         0.419     4.190 r  week5_i/ps7_0_axi_periph/s00_couplers/auto_pc/inst/gen_axilite.gen_b2s_conv.axilite_b2s/SI_REG/aw.aw_pipe/m_payload_i_reg[39]/Q
                         net (fo=7, routed)           1.105     5.295    week5_i/ps7_0_axi_periph/s00_couplers/auto_pc/inst/gen_axilite.gen_b2s_conv.axilite_b2s/WR.aw_channel_0/cmd_translator_0/axlen_cnt_reg[3][11]
    SLICE_X10Y45         LUT3 (Prop_lut3_I1_O)        0.299     5.594 f  week5_i/ps7_0_axi_periph/s00_couplers/auto_pc/inst/gen_axilite.gen_b2s_conv.axilite_b2s/WR.aw_channel_0/cmd_translator_0/FSM_sequential_state[1]_i_2/O
                         net (fo=3, routed)           0.499     6.093    week5_i/ps7_0_axi_periph/s00_couplers/auto_pc/inst/gen_axilite.gen_b2s_conv.axilite_b2s/WR.aw_channel_0/aw_cmd_fsm_0/FSM_sequential_state_reg[1]_0
    SLICE_X7Y46          LUT6 (Prop_lut6_I3_O)        0.124     6.217 r  week5_i/ps7_0_axi_periph/s00_couplers/auto_pc/inst/gen_axilite.gen_b2s_conv.axilite_b2s/WR.aw_channel_0/aw_cmd_fsm_0/memory_reg[3][0]_srl4_i_1/O
                         net (fo=30, routed)          0.650     6.868    week5_i/ps7_0_axi_periph/s00_couplers/auto_pc/inst/gen_axilite.gen_b2s_conv.axilite_b2s/WR.aw_channel_0/aw_cmd_fsm_0/m_axi_awready_0
    SLICE_X10Y46         LUT3 (Prop_lut3_I2_O)        0.117     6.985 r  week5_i/ps7_0_axi_periph/s00_couplers/auto_pc/inst/gen_axilite.gen_b2s_conv.axilite_b2s/WR.aw_channel_0/aw_cmd_fsm_0/next_pending_r_i_3/O
                         net (fo=23, routed)          0.899     7.884    week5_i/ps7_0_axi_periph/s00_couplers/auto_pc/inst/gen_axilite.gen_b2s_conv.axilite_b2s/WR.aw_channel_0/cmd_translator_0/incr_cmd_0/next
    SLICE_X6Y43          LUT4 (Prop_lut4_I3_O)        0.348     8.232 r  week5_i/ps7_0_axi_periph/s00_couplers/auto_pc/inst/gen_axilite.gen_b2s_conv.axilite_b2s/WR.aw_channel_0/cmd_translator_0/incr_cmd_0/axaddr_incr[3]_i_10/O
                         net (fo=1, routed)           0.000     8.232    week5_i/ps7_0_axi_periph/s00_couplers/auto_pc/inst/gen_axilite.gen_b2s_conv.axilite_b2s/SI_REG/aw.aw_pipe/axaddr_incr_reg[3][0]
    SLICE_X6Y43          CARRY4 (Prop_carry4_S[0]_O[1])
                                                      0.427     8.659 r  week5_i/ps7_0_axi_periph/s00_couplers/auto_pc/inst/gen_axilite.gen_b2s_conv.axilite_b2s/SI_REG/aw.aw_pipe/axaddr_incr_reg[3]_i_2/O[1]
                         net (fo=1, routed)           0.787     9.446    week5_i/ps7_0_axi_periph/s00_couplers/auto_pc/inst/gen_axilite.gen_b2s_conv.axilite_b2s/WR.aw_channel_0/cmd_translator_0/incr_cmd_0/axaddr_incr[1]
    SLICE_X6Y42          LUT3 (Prop_lut3_I0_O)        0.332     9.778 r  week5_i/ps7_0_axi_periph/s00_couplers/auto_pc/inst/gen_axilite.gen_b2s_conv.axilite_b2s/WR.aw_channel_0/cmd_translator_0/incr_cmd_0/axaddr_incr[1]_i_1/O
                         net (fo=1, routed)           0.000     9.778    week5_i/ps7_0_axi_periph/s00_couplers/auto_pc/inst/gen_axilite.gen_b2s_conv.axilite_b2s/WR.aw_channel_0/cmd_translator_0/incr_cmd_0/p_1_in[1]
    SLICE_X6Y42          FDRE                                         r  week5_i/ps7_0_axi_periph/s00_couplers/auto_pc/inst/gen_axilite.gen_b2s_conv.axilite_b2s/WR.aw_channel_0/cmd_translator_0/incr_cmd_0/axaddr_incr_reg[1]/D
  -------------------------------------------------------------------    -------------------

                         (clock clk_fpga_0 rise edge)
                                                     10.000    10.000 r  
    PS7_X0Y0             PS7                          0.000    10.000 r  week5_i/processing_system7_0/inst/PS7_i/FCLKCLK[0]
                         net (fo=1, routed)           1.666    11.666    week5_i/processing_system7_0/inst/FCLK_CLK_unbuffered[0]
    BUFGCTRL_X0Y16       BUFG (Prop_bufg_I_O)         0.091    11.757 r  week5_i/processing_system7_0/inst/buffer_fclk_clk_0.FCLK_CLK_0_BUFG/O
                         net (fo=638, routed)         1.508    13.266    week5_i/ps7_0_axi_periph/s00_couplers/auto_pc/inst/gen_axilite.gen_b2s_conv.axilite_b2s/WR.aw_channel_0/cmd_translator_0/incr_cmd_0/aclk
    SLICE_X6Y42          FDRE                                         r  week5_i/ps7_0_axi_periph/s00_couplers/auto_pc/inst/gen_axilite.gen_b2s_conv.axilite_b2s/WR.aw_channel_0/cmd_translator_0/incr_cmd_0/axaddr_incr_reg[1]/C
                         clock pessimism              0.397    13.662    
                         clock uncertainty           -0.154    13.508    
    SLICE_X6Y42          FDRE (Setup_fdre_C_D)        0.118    13.626    week5_i/ps7_0_axi_periph/s00_couplers/auto_pc/inst/gen_axilite.gen_b2s_conv.axilite_b2s/WR.aw_channel_0/cmd_translator_0/incr_cmd_0/axaddr_incr_reg[1]
  -------------------------------------------------------------------
                         required time                         13.626    
                         arrival time                          -9.778    
  -------------------------------------------------------------------
                         slack                                  3.849    





Min Delay Paths
--------------------------------------------------------------------------------------
Slack (MET) :             0.043ns  (arrival time - required time)
  Source:                 week5_i/ps7_0_axi_periph/s00_couplers/auto_pc/inst/gen_axilite.gen_b2s_conv.axilite_b2s/RD.r_channel_0/r_arid_r_reg[7]/C
                            (rising edge-triggered cell FDRE clocked by clk_fpga_0  {rise@0.000ns fall@5.000ns period=10.000ns})
  Destination:            week5_i/ps7_0_axi_periph/s00_couplers/auto_pc/inst/gen_axilite.gen_b2s_conv.axilite_b2s/RD.r_channel_0/transaction_fifo_0/memory_reg[31][8]_srl32/D
                            (rising edge-triggered cell SRLC32E clocked by clk_fpga_0  {rise@0.000ns fall@5.000ns period=10.000ns})
  Path Group:             clk_fpga_0
  Path Type:              Hold (Min at Fast Process Corner)
  Requirement:            0.000ns  (clk_fpga_0 rise@0.000ns - clk_fpga_0 rise@0.000ns)
  Data Path Delay:        0.259ns  (logic 0.141ns (54.389%)  route 0.118ns (45.611%))
  Logic Levels:           0  
  Clock Path Skew:        0.033ns (DCD - SCD - CPR)
    Destination Clock Delay (DCD):    1.801ns
    Source Clock Delay      (SCD):    1.417ns
    Clock Pessimism Removal (CPR):    0.351ns

    Location             Delay type                Incr(ns)  Path(ns)    Netlist Resource(s)
  -------------------------------------------------------------------    -------------------
                         (clock clk_fpga_0 rise edge)
                                                      0.000     0.000 r  
    PS7_X0Y0             PS7                          0.000     0.000 r  week5_i/processing_system7_0/inst/PS7_i/FCLKCLK[0]
                         net (fo=1, routed)           0.804     0.804    week5_i/processing_system7_0/inst/FCLK_CLK_unbuffered[0]
    BUFGCTRL_X0Y16       BUFG (Prop_bufg_I_O)         0.026     0.830 r  week5_i/processing_system7_0/inst/buffer_fclk_clk_0.FCLK_CLK_0_BUFG/O
                         net (fo=638, routed)         0.587     1.417    week5_i/ps7_0_axi_periph/s00_couplers/auto_pc/inst/gen_axilite.gen_b2s_conv.axilite_b2s/RD.r_channel_0/aclk
    SLICE_X5Y45          FDRE                                         r  week5_i/ps7_0_axi_periph/s00_couplers/auto_pc/inst/gen_axilite.gen_b2s_conv.axilite_b2s/RD.r_channel_0/r_arid_r_reg[7]/C
  -------------------------------------------------------------------    -------------------
    SLICE_X5Y45          FDRE (Prop_fdre_C_Q)         0.141     1.558 r  week5_i/ps7_0_axi_periph/s00_couplers/auto_pc/inst/gen_axilite.gen_b2s_conv.axilite_b2s/RD.r_channel_0/r_arid_r_reg[7]/Q
                         net (fo=1, routed)           0.118     1.676    week5_i/ps7_0_axi_periph/s00_couplers/auto_pc/inst/gen_axilite.gen_b2s_conv.axilite_b2s/RD.r_channel_0/transaction_fifo_0/in[8]
    SLICE_X0Y45          SRLC32E                                      r  week5_i/ps7_0_axi_periph/s00_couplers/auto_pc/inst/gen_axilite.gen_b2s_conv.axilite_b2s/RD.r_channel_0/transaction_fifo_0/memory_reg[31][8]_srl32/D
  -------------------------------------------------------------------    -------------------

                         (clock clk_fpga_0 rise edge)
                                                      0.000     0.000 r  
    PS7_X0Y0             PS7                          0.000     0.000 r  week5_i/processing_system7_0/inst/PS7_i/FCLKCLK[0]
                         net (fo=1, routed)           0.919     0.919    week5_i/processing_system7_0/inst/FCLK_CLK_unbuffered[0]
    BUFGCTRL_X0Y16       BUFG (Prop_bufg_I_O)         0.029     0.948 r  week5_i/processing_system7_0/inst/buffer_fclk_clk_0.FCLK_CLK_0_BUFG/O
                         net (fo=638, routed)         0.853     1.801    week5_i/ps7_0_axi_periph/s00_couplers/auto_pc/inst/gen_axilite.gen_b2s_conv.axilite_b2s/RD.r_channel_0/transaction_fifo_0/aclk
    SLICE_X0Y45          SRLC32E                                      r  week5_i/ps7_0_axi_periph/s00_couplers/auto_pc/inst/gen_axilite.gen_b2s_conv.axilite_b2s/RD.r_channel_0/transaction_fifo_0/memory_reg[31][8]_srl32/CLK
                         clock pessimism             -0.351     1.450    
    SLICE_X0Y45          SRLC32E (Hold_srlc32e_CLK_D)
                                                      0.183     1.633    week5_i/ps7_0_axi_periph/s00_couplers/auto_pc/inst/gen_axilite.gen_b2s_conv.axilite_b2s/RD.r_channel_0/transaction_fifo_0/memory_reg[31][8]_srl32
  -------------------------------------------------------------------
                         required time                         -1.633    
                         arrival time                           1.676    
  -------------------------------------------------------------------
                         slack                                  0.043    

Slack (MET) :             0.046ns  (arrival time - required time)
  Source:                 week5_i/ps7_0_axi_periph/s00_couplers/auto_pc/inst/gen_axilite.gen_b2s_conv.axilite_b2s/SI_REG/b.b_pipe/m_payload_i_reg[4]/C
                            (rising edge-triggered cell FDRE clocked by clk_fpga_0  {rise@0.000ns fall@5.000ns period=10.000ns})
  Destination:            week5_i/processing_system7_0/inst/PS7_i/MAXIGP0BID[2]
                            (rising edge-triggered cell PS7 clocked by clk_fpga_0  {rise@0.000ns fall@5.000ns period=10.000ns})
  Path Group:             clk_fpga_0
  Path Type:              Hold (Min at Fast Process Corner)
  Requirement:            0.000ns  (clk_fpga_0 rise@0.000ns - clk_fpga_0 rise@0.000ns)
  Data Path Delay:        0.359ns  (logic 0.141ns (39.236%)  route 0.218ns (60.764%))
  Logic Levels:           0  
  Clock Path Skew:        0.313ns (DCD - SCD - CPR)
    Destination Clock Delay (DCD):    1.843ns
    Source Clock Delay      (SCD):    1.412ns
    Clock Pessimism Removal (CPR):    0.118ns

    Location             Delay type                Incr(ns)  Path(ns)    Netlist Resource(s)
  -------------------------------------------------------------------    -------------------
                         (clock clk_fpga_0 rise edge)
                                                      0.000     0.000 r  
    PS7_X0Y0             PS7                          0.000     0.000 r  week5_i/processing_system7_0/inst/PS7_i/FCLKCLK[0]
                         net (fo=1, routed)           0.804     0.804    week5_i/processing_system7_0/inst/FCLK_CLK_unbuffered[0]
    BUFGCTRL_X0Y16       BUFG (Prop_bufg_I_O)         0.026     0.830 r  week5_i/processing_system7_0/inst/buffer_fclk_clk_0.FCLK_CLK_0_BUFG/O
                         net (fo=638, routed)         0.582     1.412    week5_i/ps7_0_axi_periph/s00_couplers/auto_pc/inst/gen_axilite.gen_b2s_conv.axilite_b2s/SI_REG/b.b_pipe/aclk
    SLICE_X2Y50          FDRE                                         r  week5_i/ps7_0_axi_periph/s00_couplers/auto_pc/inst/gen_axilite.gen_b2s_conv.axilite_b2s/SI_REG/b.b_pipe/m_payload_i_reg[4]/C
  -------------------------------------------------------------------    -------------------
    SLICE_X2Y50          FDRE (Prop_fdre_C_Q)         0.141     1.553 r  week5_i/ps7_0_axi_periph/s00_couplers/auto_pc/inst/gen_axilite.gen_b2s_conv.axilite_b2s/SI_REG/b.b_pipe/m_payload_i_reg[4]/Q
                         net (fo=1, routed)           0.218     1.771    week5_i/processing_system7_0/inst/M_AXI_GP0_BID[2]
    PS7_X0Y0             PS7                                          r  week5_i/processing_system7_0/inst/PS7_i/MAXIGP0BID[2]
  -------------------------------------------------------------------    -------------------

                         (clock clk_fpga_0 rise edge)
                                                      0.000     0.000 r  
    PS7_X0Y0             PS7                          0.000     0.000 r  week5_i/processing_system7_0/inst/PS7_i/FCLKCLK[0]
                         net (fo=1, routed)           0.919     0.919    week5_i/processing_system7_0/inst/FCLK_CLK_unbuffered[0]
    BUFGCTRL_X0Y16       BUFG (Prop_bufg_I_O)         0.029     0.948 r  week5_i/processing_system7_0/inst/buffer_fclk_clk_0.FCLK_CLK_0_BUFG/O
                         net (fo=638, routed)         0.895     1.843    week5_i/processing_system7_0/inst/M_AXI_GP0_ACLK
    PS7_X0Y0             PS7                                          r  week5_i/processing_system7_0/inst/PS7_i/MAXIGP0ACLK
                         clock pessimism             -0.118     1.725    
    PS7_X0Y0             PS7 (Hold_ps7_MAXIGP0ACLK_MAXIGP0BID[2])
                                                      0.000     1.725    week5_i/processing_system7_0/inst/PS7_i
  -------------------------------------------------------------------
                         required time                         -1.725    
                         arrival time                           1.771    
  -------------------------------------------------------------------
                         slack                                  0.046    

Slack (MET) :             0.047ns  (arrival time - required time)
  Source:                 week5_i/ps7_0_axi_periph/s00_couplers/auto_pc/inst/gen_axilite.gen_b2s_conv.axilite_b2s/SI_REG/b.b_pipe/m_payload_i_reg[2]/C
                            (rising edge-triggered cell FDRE clocked by clk_fpga_0  {rise@0.000ns fall@5.000ns period=10.000ns})
  Destination:            week5_i/processing_system7_0/inst/PS7_i/MAXIGP0BID[0]
                            (rising edge-triggered cell PS7 clocked by clk_fpga_0  {rise@0.000ns fall@5.000ns period=10.000ns})
  Path Group:             clk_fpga_0
  Path Type:              Hold (Min at Fast Process Corner)
  Requirement:            0.000ns  (clk_fpga_0 rise@0.000ns - clk_fpga_0 rise@0.000ns)
  Data Path Delay:        0.360ns  (logic 0.141ns (39.162%)  route 0.219ns (60.838%))
  Logic Levels:           0  
  Clock Path Skew:        0.313ns (DCD - SCD - CPR)
    Destination Clock Delay (DCD):    1.843ns
    Source Clock Delay      (SCD):    1.412ns
    Clock Pessimism Removal (CPR):    0.118ns

    Location             Delay type                Incr(ns)  Path(ns)    Netlist Resource(s)
  -------------------------------------------------------------------    -------------------
                         (clock clk_fpga_0 rise edge)
                                                      0.000     0.000 r  
    PS7_X0Y0             PS7                          0.000     0.000 r  week5_i/processing_system7_0/inst/PS7_i/FCLKCLK[0]
                         net (fo=1, routed)           0.804     0.804    week5_i/processing_system7_0/inst/FCLK_CLK_unbuffered[0]
    BUFGCTRL_X0Y16       BUFG (Prop_bufg_I_O)         0.026     0.830 r  week5_i/processing_system7_0/inst/buffer_fclk_clk_0.FCLK_CLK_0_BUFG/O
                         net (fo=638, routed)         0.582     1.412    week5_i/ps7_0_axi_periph/s00_couplers/auto_pc/inst/gen_axilite.gen_b2s_conv.axilite_b2s/SI_REG/b.b_pipe/aclk
    SLICE_X2Y51          FDRE                                         r  week5_i/ps7_0_axi_periph/s00_couplers/auto_pc/inst/gen_axilite.gen_b2s_conv.axilite_b2s/SI_REG/b.b_pipe/m_payload_i_reg[2]/C
  -------------------------------------------------------------------    -------------------
    SLICE_X2Y51          FDRE (Prop_fdre_C_Q)         0.141     1.553 r  week5_i/ps7_0_axi_periph/s00_couplers/auto_pc/inst/gen_axilite.gen_b2s_conv.axilite_b2s/SI_REG/b.b_pipe/m_payload_i_reg[2]/Q
                         net (fo=1, routed)           0.219     1.772    week5_i/processing_system7_0/inst/M_AXI_GP0_BID[0]
    PS7_X0Y0             PS7                                          r  week5_i/processing_system7_0/inst/PS7_i/MAXIGP0BID[0]
  -------------------------------------------------------------------    -------------------

                         (clock clk_fpga_0 rise edge)
                                                      0.000     0.000 r  
    PS7_X0Y0             PS7                          0.000     0.000 r  week5_i/processing_system7_0/inst/PS7_i/FCLKCLK[0]
                         net (fo=1, routed)           0.919     0.919    week5_i/processing_system7_0/inst/FCLK_CLK_unbuffered[0]
    BUFGCTRL_X0Y16       BUFG (Prop_bufg_I_O)         0.029     0.948 r  week5_i/processing_system7_0/inst/buffer_fclk_clk_0.FCLK_CLK_0_BUFG/O
                         net (fo=638, routed)         0.895     1.843    week5_i/processing_system7_0/inst/M_AXI_GP0_ACLK
    PS7_X0Y0             PS7                                          r  week5_i/processing_system7_0/inst/PS7_i/MAXIGP0ACLK
                         clock pessimism             -0.118     1.725    
    PS7_X0Y0             PS7 (Hold_ps7_MAXIGP0ACLK_MAXIGP0BID[0])
                                                      0.000     1.725    week5_i/processing_system7_0/inst/PS7_i
  -------------------------------------------------------------------
                         required time                         -1.725    
                         arrival time                           1.772    
  -------------------------------------------------------------------
                         slack                                  0.047    

Slack (MET) :             0.061ns  (arrival time - required time)
  Source:                 week5_i/ps7_0_axi_periph/s00_couplers/auto_pc/inst/gen_axilite.gen_b2s_conv.axilite_b2s/SI_REG/b.b_pipe/m_payload_i_reg[11]/C
                            (rising edge-triggered cell FDRE clocked by clk_fpga_0  {rise@0.000ns fall@5.000ns period=10.000ns})
  Destination:            week5_i/processing_system7_0/inst/PS7_i/MAXIGP0BID[9]
                            (rising edge-triggered cell PS7 clocked by clk_fpga_0  {rise@0.000ns fall@5.000ns period=10.000ns})
  Path Group:             clk_fpga_0
  Path Type:              Hold (Min at Fast Process Corner)
  Requirement:            0.000ns  (clk_fpga_0 rise@0.000ns - clk_fpga_0 rise@0.000ns)
  Data Path Delay:        0.320ns  (logic 0.128ns (40.029%)  route 0.192ns (59.971%))
  Logic Levels:           0  
  Clock Path Skew:        0.313ns (DCD - SCD - CPR)
    Destination Clock Delay (DCD):    1.843ns
    Source Clock Delay      (SCD):    1.412ns
    Clock Pessimism Removal (CPR):    0.118ns

    Location             Delay type                Incr(ns)  Path(ns)    Netlist Resource(s)
  -------------------------------------------------------------------    -------------------
                         (clock clk_fpga_0 rise edge)
                                                      0.000     0.000 r  
    PS7_X0Y0             PS7                          0.000     0.000 r  week5_i/processing_system7_0/inst/PS7_i/FCLKCLK[0]
                         net (fo=1, routed)           0.804     0.804    week5_i/processing_system7_0/inst/FCLK_CLK_unbuffered[0]
    BUFGCTRL_X0Y16       BUFG (Prop_bufg_I_O)         0.026     0.830 r  week5_i/processing_system7_0/inst/buffer_fclk_clk_0.FCLK_CLK_0_BUFG/O
                         net (fo=638, routed)         0.582     1.412    week5_i/ps7_0_axi_periph/s00_couplers/auto_pc/inst/gen_axilite.gen_b2s_conv.axilite_b2s/SI_REG/b.b_pipe/aclk
    SLICE_X2Y50          FDRE                                         r  week5_i/ps7_0_axi_periph/s00_couplers/auto_pc/inst/gen_axilite.gen_b2s_conv.axilite_b2s/SI_REG/b.b_pipe/m_payload_i_reg[11]/C
  -------------------------------------------------------------------    -------------------
    SLICE_X2Y50          FDRE (Prop_fdre_C_Q)         0.128     1.540 r  week5_i/ps7_0_axi_periph/s00_couplers/auto_pc/inst/gen_axilite.gen_b2s_conv.axilite_b2s/SI_REG/b.b_pipe/m_payload_i_reg[11]/Q
                         net (fo=1, routed)           0.192     1.732    week5_i/processing_system7_0/inst/M_AXI_GP0_BID[9]
    PS7_X0Y0             PS7                                          r  week5_i/processing_system7_0/inst/PS7_i/MAXIGP0BID[9]
  -------------------------------------------------------------------    -------------------

                         (clock clk_fpga_0 rise edge)
                                                      0.000     0.000 r  
    PS7_X0Y0             PS7                          0.000     0.000 r  week5_i/processing_system7_0/inst/PS7_i/FCLKCLK[0]
                         net (fo=1, routed)           0.919     0.919    week5_i/processing_system7_0/inst/FCLK_CLK_unbuffered[0]
    BUFGCTRL_X0Y16       BUFG (Prop_bufg_I_O)         0.029     0.948 r  week5_i/processing_system7_0/inst/buffer_fclk_clk_0.FCLK_CLK_0_BUFG/O
                         net (fo=638, routed)         0.895     1.843    week5_i/processing_system7_0/inst/M_AXI_GP0_ACLK
    PS7_X0Y0             PS7                                          r  week5_i/processing_system7_0/inst/PS7_i/MAXIGP0ACLK
                         clock pessimism             -0.118     1.725    
    PS7_X0Y0             PS7 (Hold_ps7_MAXIGP0ACLK_MAXIGP0BID[9])
                                                     -0.054     1.671    week5_i/processing_system7_0/inst/PS7_i
  -------------------------------------------------------------------
                         required time                         -1.671    
                         arrival time                           1.732    
  -------------------------------------------------------------------
                         slack                                  0.061    

Slack (MET) :             0.075ns  (arrival time - required time)
  Source:                 week5_i/ps7_0_axi_periph/s00_couplers/auto_pc/inst/gen_axilite.gen_b2s_conv.axilite_b2s/SI_REG/b.b_pipe/m_payload_i_reg[0]/C
                            (rising edge-triggered cell FDRE clocked by clk_fpga_0  {rise@0.000ns fall@5.000ns period=10.000ns})
  Destination:            week5_i/processing_system7_0/inst/PS7_i/MAXIGP0BRESP[0]
                            (rising edge-triggered cell PS7 clocked by clk_fpga_0  {rise@0.000ns fall@5.000ns period=10.000ns})
  Path Group:             clk_fpga_0
  Path Type:              Hold (Min at Fast Process Corner)
  Requirement:            0.000ns  (clk_fpga_0 rise@0.000ns - clk_fpga_0 rise@0.000ns)
  Data Path Delay:        0.388ns  (logic 0.141ns (36.356%)  route 0.247ns (63.644%))
  Logic Levels:           0  
  Clock Path Skew:        0.313ns (DCD - SCD - CPR)
    Destination Clock Delay (DCD):    1.843ns
    Source Clock Delay      (SCD):    1.412ns
    Clock Pessimism Removal (CPR):    0.118ns

    Location             Delay type                Incr(ns)  Path(ns)    Netlist Resource(s)
  -------------------------------------------------------------------    -------------------
                         (clock clk_fpga_0 rise edge)
                                                      0.000     0.000 r  
    PS7_X0Y0             PS7                          0.000     0.000 r  week5_i/processing_system7_0/inst/PS7_i/FCLKCLK[0]
                         net (fo=1, routed)           0.804     0.804    week5_i/processing_system7_0/inst/FCLK_CLK_unbuffered[0]
    BUFGCTRL_X0Y16       BUFG (Prop_bufg_I_O)         0.026     0.830 r  week5_i/processing_system7_0/inst/buffer_fclk_clk_0.FCLK_CLK_0_BUFG/O
                         net (fo=638, routed)         0.582     1.412    week5_i/ps7_0_axi_periph/s00_couplers/auto_pc/inst/gen_axilite.gen_b2s_conv.axilite_b2s/SI_REG/b.b_pipe/aclk
    SLICE_X2Y51          FDRE                                         r  week5_i/ps7_0_axi_periph/s00_couplers/auto_pc/inst/gen_axilite.gen_b2s_conv.axilite_b2s/SI_REG/b.b_pipe/m_payload_i_reg[0]/C
  -------------------------------------------------------------------    -------------------
    SLICE_X2Y51          FDRE (Prop_fdre_C_Q)         0.141     1.553 r  week5_i/ps7_0_axi_periph/s00_couplers/auto_pc/inst/gen_axilite.gen_b2s_conv.axilite_b2s/SI_REG/b.b_pipe/m_payload_i_reg[0]/Q
                         net (fo=1, routed)           0.247     1.800    week5_i/processing_system7_0/inst/M_AXI_GP0_BRESP[0]
    PS7_X0Y0             PS7                                          r  week5_i/processing_system7_0/inst/PS7_i/MAXIGP0BRESP[0]
  -------------------------------------------------------------------    -------------------

                         (clock clk_fpga_0 rise edge)
                                                      0.000     0.000 r  
    PS7_X0Y0             PS7                          0.000     0.000 r  week5_i/processing_system7_0/inst/PS7_i/FCLKCLK[0]
                         net (fo=1, routed)           0.919     0.919    week5_i/processing_system7_0/inst/FCLK_CLK_unbuffered[0]
    BUFGCTRL_X0Y16       BUFG (Prop_bufg_I_O)         0.029     0.948 r  week5_i/processing_system7_0/inst/buffer_fclk_clk_0.FCLK_CLK_0_BUFG/O
                         net (fo=638, routed)         0.895     1.843    week5_i/processing_system7_0/inst/M_AXI_GP0_ACLK
    PS7_X0Y0             PS7                                          r  week5_i/processing_system7_0/inst/PS7_i/MAXIGP0ACLK
                         clock pessimism             -0.118     1.725    
    PS7_X0Y0             PS7 (Hold_ps7_MAXIGP0ACLK_MAXIGP0BRESP[0])
                                                      0.000     1.725    week5_i/processing_system7_0/inst/PS7_i
  -------------------------------------------------------------------
                         required time                         -1.725    
                         arrival time                           1.800    
  -------------------------------------------------------------------
                         slack                                  0.075    

Slack (MET) :             0.079ns  (arrival time - required time)
  Source:                 week5_i/ps7_0_axi_periph/s00_couplers/auto_pc/inst/gen_axilite.gen_b2s_conv.axilite_b2s/SI_REG/b.b_pipe/m_payload_i_reg[1]/C
                            (rising edge-triggered cell FDRE clocked by clk_fpga_0  {rise@0.000ns fall@5.000ns period=10.000ns})
  Destination:            week5_i/processing_system7_0/inst/PS7_i/MAXIGP0BRESP[1]
                            (rising edge-triggered cell PS7 clocked by clk_fpga_0  {rise@0.000ns fall@5.000ns period=10.000ns})
  Path Group:             clk_fpga_0
  Path Type:              Hold (Min at Fast Process Corner)
  Requirement:            0.000ns  (clk_fpga_0 rise@0.000ns - clk_fpga_0 rise@0.000ns)
  Data Path Delay:        0.339ns  (logic 0.128ns (37.809%)  route 0.211ns (62.191%))
  Logic Levels:           0  
  Clock Path Skew:        0.313ns (DCD - SCD - CPR)
    Destination Clock Delay (DCD):    1.843ns
    Source Clock Delay      (SCD):    1.412ns
    Clock Pessimism Removal (CPR):    0.118ns

    Location             Delay type                Incr(ns)  Path(ns)    Netlist Resource(s)
  -------------------------------------------------------------------    -------------------
                         (clock clk_fpga_0 rise edge)
                                                      0.000     0.000 r  
    PS7_X0Y0             PS7                          0.000     0.000 r  week5_i/processing_system7_0/inst/PS7_i/FCLKCLK[0]
                         net (fo=1, routed)           0.804     0.804    week5_i/processing_system7_0/inst/FCLK_CLK_unbuffered[0]
    BUFGCTRL_X0Y16       BUFG (Prop_bufg_I_O)         0.026     0.830 r  week5_i/processing_system7_0/inst/buffer_fclk_clk_0.FCLK_CLK_0_BUFG/O
                         net (fo=638, routed)         0.582     1.412    week5_i/ps7_0_axi_periph/s00_couplers/auto_pc/inst/gen_axilite.gen_b2s_conv.axilite_b2s/SI_REG/b.b_pipe/aclk
    SLICE_X2Y51          FDRE                                         r  week5_i/ps7_0_axi_periph/s00_couplers/auto_pc/inst/gen_axilite.gen_b2s_conv.axilite_b2s/SI_REG/b.b_pipe/m_payload_i_reg[1]/C
  -------------------------------------------------------------------    -------------------
    SLICE_X2Y51          FDRE (Prop_fdre_C_Q)         0.128     1.540 r  week5_i/ps7_0_axi_periph/s00_couplers/auto_pc/inst/gen_axilite.gen_b2s_conv.axilite_b2s/SI_REG/b.b_pipe/m_payload_i_reg[1]/Q
                         net (fo=1, routed)           0.211     1.751    week5_i/processing_system7_0/inst/M_AXI_GP0_BRESP[1]
    PS7_X0Y0             PS7                                          r  week5_i/processing_system7_0/inst/PS7_i/MAXIGP0BRESP[1]
  -------------------------------------------------------------------    -------------------

                         (clock clk_fpga_0 rise edge)
                                                      0.000     0.000 r  
    PS7_X0Y0             PS7                          0.000     0.000 r  week5_i/processing_system7_0/inst/PS7_i/FCLKCLK[0]
                         net (fo=1, routed)           0.919     0.919    week5_i/processing_system7_0/inst/FCLK_CLK_unbuffered[0]
    BUFGCTRL_X0Y16       BUFG (Prop_bufg_I_O)         0.029     0.948 r  week5_i/processing_system7_0/inst/buffer_fclk_clk_0.FCLK_CLK_0_BUFG/O
                         net (fo=638, routed)         0.895     1.843    week5_i/processing_system7_0/inst/M_AXI_GP0_ACLK
    PS7_X0Y0             PS7                                          r  week5_i/processing_system7_0/inst/PS7_i/MAXIGP0ACLK
                         clock pessimism             -0.118     1.725    
    PS7_X0Y0             PS7 (Hold_ps7_MAXIGP0ACLK_MAXIGP0BRESP[1])
                                                     -0.054     1.671    week5_i/processing_system7_0/inst/PS7_i
  -------------------------------------------------------------------
                         required time                         -1.671    
                         arrival time                           1.751    
  -------------------------------------------------------------------
                         slack                                  0.079    

Slack (MET) :             0.087ns  (arrival time - required time)
  Source:                 week5_i/ps7_0_axi_periph/s00_couplers/auto_pc/inst/gen_axilite.gen_b2s_conv.axilite_b2s/SI_REG/b.b_pipe/m_payload_i_reg[8]/C
                            (rising edge-triggered cell FDRE clocked by clk_fpga_0  {rise@0.000ns fall@5.000ns period=10.000ns})
  Destination:            week5_i/processing_system7_0/inst/PS7_i/MAXIGP0BID[6]
                            (rising edge-triggered cell PS7 clocked by clk_fpga_0  {rise@0.000ns fall@5.000ns period=10.000ns})
  Path Group:             clk_fpga_0
  Path Type:              Hold (Min at Fast Process Corner)
  Requirement:            0.000ns  (clk_fpga_0 rise@0.000ns - clk_fpga_0 rise@0.000ns)
  Data Path Delay:        0.400ns  (logic 0.141ns (35.234%)  route 0.259ns (64.766%))
  Logic Levels:           0  
  Clock Path Skew:        0.313ns (DCD - SCD - CPR)
    Destination Clock Delay (DCD):    1.843ns
    Source Clock Delay      (SCD):    1.412ns
    Clock Pessimism Removal (CPR):    0.118ns

    Location             Delay type                Incr(ns)  Path(ns)    Netlist Resource(s)
  -------------------------------------------------------------------    -------------------
                         (clock clk_fpga_0 rise edge)
                                                      0.000     0.000 r  
    PS7_X0Y0             PS7                          0.000     0.000 r  week5_i/processing_system7_0/inst/PS7_i/FCLKCLK[0]
                         net (fo=1, routed)           0.804     0.804    week5_i/processing_system7_0/inst/FCLK_CLK_unbuffered[0]
    BUFGCTRL_X0Y16       BUFG (Prop_bufg_I_O)         0.026     0.830 r  week5_i/processing_system7_0/inst/buffer_fclk_clk_0.FCLK_CLK_0_BUFG/O
                         net (fo=638, routed)         0.582     1.412    week5_i/ps7_0_axi_periph/s00_couplers/auto_pc/inst/gen_axilite.gen_b2s_conv.axilite_b2s/SI_REG/b.b_pipe/aclk
    SLICE_X2Y50          FDRE                                         r  week5_i/ps7_0_axi_periph/s00_couplers/auto_pc/inst/gen_axilite.gen_b2s_conv.axilite_b2s/SI_REG/b.b_pipe/m_payload_i_reg[8]/C
  -------------------------------------------------------------------    -------------------
    SLICE_X2Y50          FDRE (Prop_fdre_C_Q)         0.141     1.553 r  week5_i/ps7_0_axi_periph/s00_couplers/auto_pc/inst/gen_axilite.gen_b2s_conv.axilite_b2s/SI_REG/b.b_pipe/m_payload_i_reg[8]/Q
                         net (fo=1, routed)           0.259     1.812    week5_i/processing_system7_0/inst/M_AXI_GP0_BID[6]
    PS7_X0Y0             PS7                                          r  week5_i/processing_system7_0/inst/PS7_i/MAXIGP0BID[6]
  -------------------------------------------------------------------    -------------------

                         (clock clk_fpga_0 rise edge)
                                                      0.000     0.000 r  
    PS7_X0Y0             PS7                          0.000     0.000 r  week5_i/processing_system7_0/inst/PS7_i/FCLKCLK[0]
                         net (fo=1, routed)           0.919     0.919    week5_i/processing_system7_0/inst/FCLK_CLK_unbuffered[0]
    BUFGCTRL_X0Y16       BUFG (Prop_bufg_I_O)         0.029     0.948 r  week5_i/processing_system7_0/inst/buffer_fclk_clk_0.FCLK_CLK_0_BUFG/O
                         net (fo=638, routed)         0.895     1.843    week5_i/processing_system7_0/inst/M_AXI_GP0_ACLK
    PS7_X0Y0             PS7                                          r  week5_i/processing_system7_0/inst/PS7_i/MAXIGP0ACLK
                         clock pessimism             -0.118     1.725    
    PS7_X0Y0             PS7 (Hold_ps7_MAXIGP0ACLK_MAXIGP0BID[6])
                                                      0.000     1.725    week5_i/processing_system7_0/inst/PS7_i
  -------------------------------------------------------------------
                         required time                         -1.725    
                         arrival time                           1.812    
  -------------------------------------------------------------------
                         slack                                  0.087    

Slack (MET) :             0.087ns  (arrival time - required time)
  Source:                 week5_i/ps7_0_axi_periph/s00_couplers/auto_pc/inst/gen_axilite.gen_b2s_conv.axilite_b2s/SI_REG/b.b_pipe/m_payload_i_reg[6]/C
                            (rising edge-triggered cell FDRE clocked by clk_fpga_0  {rise@0.000ns fall@5.000ns period=10.000ns})
  Destination:            week5_i/processing_system7_0/inst/PS7_i/MAXIGP0BID[4]
                            (rising edge-triggered cell PS7 clocked by clk_fpga_0  {rise@0.000ns fall@5.000ns period=10.000ns})
  Path Group:             clk_fpga_0
  Path Type:              Hold (Min at Fast Process Corner)
  Requirement:            0.000ns  (clk_fpga_0 rise@0.000ns - clk_fpga_0 rise@0.000ns)
  Data Path Delay:        0.400ns  (logic 0.141ns (35.232%)  route 0.259ns (64.768%))
  Logic Levels:           0  
  Clock Path Skew:        0.313ns (DCD - SCD - CPR)
    Destination Clock Delay (DCD):    1.843ns
    Source Clock Delay      (SCD):    1.412ns
    Clock Pessimism Removal (CPR):    0.118ns

    Location             Delay type                Incr(ns)  Path(ns)    Netlist Resource(s)
  -------------------------------------------------------------------    -------------------
                         (clock clk_fpga_0 rise edge)
                                                      0.000     0.000 r  
    PS7_X0Y0             PS7                          0.000     0.000 r  week5_i/processing_system7_0/inst/PS7_i/FCLKCLK[0]
                         net (fo=1, routed)           0.804     0.804    week5_i/processing_system7_0/inst/FCLK_CLK_unbuffered[0]
    BUFGCTRL_X0Y16       BUFG (Prop_bufg_I_O)         0.026     0.830 r  week5_i/processing_system7_0/inst/buffer_fclk_clk_0.FCLK_CLK_0_BUFG/O
                         net (fo=638, routed)         0.582     1.412    week5_i/ps7_0_axi_periph/s00_couplers/auto_pc/inst/gen_axilite.gen_b2s_conv.axilite_b2s/SI_REG/b.b_pipe/aclk
    SLICE_X2Y50          FDRE                                         r  week5_i/ps7_0_axi_periph/s00_couplers/auto_pc/inst/gen_axilite.gen_b2s_conv.axilite_b2s/SI_REG/b.b_pipe/m_payload_i_reg[6]/C
  -------------------------------------------------------------------    -------------------
    SLICE_X2Y50          FDRE (Prop_fdre_C_Q)         0.141     1.553 r  week5_i/ps7_0_axi_periph/s00_couplers/auto_pc/inst/gen_axilite.gen_b2s_conv.axilite_b2s/SI_REG/b.b_pipe/m_payload_i_reg[6]/Q
                         net (fo=1, routed)           0.259     1.812    week5_i/processing_system7_0/inst/M_AXI_GP0_BID[4]
    PS7_X0Y0             PS7                                          r  week5_i/processing_system7_0/inst/PS7_i/MAXIGP0BID[4]
  -------------------------------------------------------------------    -------------------

                         (clock clk_fpga_0 rise edge)
                                                      0.000     0.000 r  
    PS7_X0Y0             PS7                          0.000     0.000 r  week5_i/processing_system7_0/inst/PS7_i/FCLKCLK[0]
                         net (fo=1, routed)           0.919     0.919    week5_i/processing_system7_0/inst/FCLK_CLK_unbuffered[0]
    BUFGCTRL_X0Y16       BUFG (Prop_bufg_I_O)         0.029     0.948 r  week5_i/processing_system7_0/inst/buffer_fclk_clk_0.FCLK_CLK_0_BUFG/O
                         net (fo=638, routed)         0.895     1.843    week5_i/processing_system7_0/inst/M_AXI_GP0_ACLK
    PS7_X0Y0             PS7                                          r  week5_i/processing_system7_0/inst/PS7_i/MAXIGP0ACLK
                         clock pessimism             -0.118     1.725    
    PS7_X0Y0             PS7 (Hold_ps7_MAXIGP0ACLK_MAXIGP0BID[4])
                                                      0.000     1.725    week5_i/processing_system7_0/inst/PS7_i
  -------------------------------------------------------------------
                         required time                         -1.725    
                         arrival time                           1.812    
  -------------------------------------------------------------------
                         slack                                  0.087    

Slack (MET) :             0.098ns  (arrival time - required time)
  Source:                 week5_i/ps7_0_axi_periph/s00_couplers/auto_pc/inst/gen_axilite.gen_b2s_conv.axilite_b2s/SI_REG/b.b_pipe/m_payload_i_reg[5]/C
                            (rising edge-triggered cell FDRE clocked by clk_fpga_0  {rise@0.000ns fall@5.000ns period=10.000ns})
  Destination:            week5_i/processing_system7_0/inst/PS7_i/MAXIGP0BID[3]
                            (rising edge-triggered cell PS7 clocked by clk_fpga_0  {rise@0.000ns fall@5.000ns period=10.000ns})
  Path Group:             clk_fpga_0
  Path Type:              Hold (Min at Fast Process Corner)
  Requirement:            0.000ns  (clk_fpga_0 rise@0.000ns - clk_fpga_0 rise@0.000ns)
  Data Path Delay:        0.358ns  (logic 0.128ns (35.789%)  route 0.230ns (64.210%))
  Logic Levels:           0  
  Clock Path Skew:        0.313ns (DCD - SCD - CPR)
    Destination Clock Delay (DCD):    1.843ns
    Source Clock Delay      (SCD):    1.412ns
    Clock Pessimism Removal (CPR):    0.118ns

    Location             Delay type                Incr(ns)  Path(ns)    Netlist Resource(s)
  -------------------------------------------------------------------    -------------------
                         (clock clk_fpga_0 rise edge)
                                                      0.000     0.000 r  
    PS7_X0Y0             PS7                          0.000     0.000 r  week5_i/processing_system7_0/inst/PS7_i/FCLKCLK[0]
                         net (fo=1, routed)           0.804     0.804    week5_i/processing_system7_0/inst/FCLK_CLK_unbuffered[0]
    BUFGCTRL_X0Y16       BUFG (Prop_bufg_I_O)         0.026     0.830 r  week5_i/processing_system7_0/inst/buffer_fclk_clk_0.FCLK_CLK_0_BUFG/O
                         net (fo=638, routed)         0.582     1.412    week5_i/ps7_0_axi_periph/s00_couplers/auto_pc/inst/gen_axilite.gen_b2s_conv.axilite_b2s/SI_REG/b.b_pipe/aclk
    SLICE_X2Y50          FDRE                                         r  week5_i/ps7_0_axi_periph/s00_couplers/auto_pc/inst/gen_axilite.gen_b2s_conv.axilite_b2s/SI_REG/b.b_pipe/m_payload_i_reg[5]/C
  -------------------------------------------------------------------    -------------------
    SLICE_X2Y50          FDRE (Prop_fdre_C_Q)         0.128     1.540 r  week5_i/ps7_0_axi_periph/s00_couplers/auto_pc/inst/gen_axilite.gen_b2s_conv.axilite_b2s/SI_REG/b.b_pipe/m_payload_i_reg[5]/Q
                         net (fo=1, routed)           0.230     1.770    week5_i/processing_system7_0/inst/M_AXI_GP0_BID[3]
    PS7_X0Y0             PS7                                          r  week5_i/processing_system7_0/inst/PS7_i/MAXIGP0BID[3]
  -------------------------------------------------------------------    -------------------

                         (clock clk_fpga_0 rise edge)
                                                      0.000     0.000 r  
    PS7_X0Y0             PS7                          0.000     0.000 r  week5_i/processing_system7_0/inst/PS7_i/FCLKCLK[0]
                         net (fo=1, routed)           0.919     0.919    week5_i/processing_system7_0/inst/FCLK_CLK_unbuffered[0]
    BUFGCTRL_X0Y16       BUFG (Prop_bufg_I_O)         0.029     0.948 r  week5_i/processing_system7_0/inst/buffer_fclk_clk_0.FCLK_CLK_0_BUFG/O
                         net (fo=638, routed)         0.895     1.843    week5_i/processing_system7_0/inst/M_AXI_GP0_ACLK
    PS7_X0Y0             PS7                                          r  week5_i/processing_system7_0/inst/PS7_i/MAXIGP0ACLK
                         clock pessimism             -0.118     1.725    
    PS7_X0Y0             PS7 (Hold_ps7_MAXIGP0ACLK_MAXIGP0BID[3])
                                                     -0.053     1.672    week5_i/processing_system7_0/inst/PS7_i
  -------------------------------------------------------------------
                         required time                         -1.672    
                         arrival time                           1.770    
  -------------------------------------------------------------------
                         slack                                  0.098    

Slack (MET) :             0.102ns  (arrival time - required time)
  Source:                 week5_i/ps7_0_axi_periph/s00_couplers/auto_pc/inst/gen_axilite.gen_b2s_conv.axilite_b2s/RD.r_channel_0/r_arid_r_reg[3]/C
                            (rising edge-triggered cell FDRE clocked by clk_fpga_0  {rise@0.000ns fall@5.000ns period=10.000ns})
  Destination:            week5_i/ps7_0_axi_periph/s00_couplers/auto_pc/inst/gen_axilite.gen_b2s_conv.axilite_b2s/RD.r_channel_0/transaction_fifo_0/memory_reg[31][4]_srl32/D
                            (rising edge-triggered cell SRLC32E clocked by clk_fpga_0  {rise@0.000ns fall@5.000ns period=10.000ns})
  Path Group:             clk_fpga_0
  Path Type:              Hold (Min at Fast Process Corner)
  Requirement:            0.000ns  (clk_fpga_0 rise@0.000ns - clk_fpga_0 rise@0.000ns)
  Data Path Delay:        0.319ns  (logic 0.141ns (44.140%)  route 0.178ns (55.860%))
  Logic Levels:           0  
  Clock Path Skew:        0.034ns (DCD - SCD - CPR)
    Destination Clock Delay (DCD):    1.800ns
    Source Clock Delay      (SCD):    1.415ns
    Clock Pessimism Removal (CPR):    0.351ns

    Location             Delay type                Incr(ns)  Path(ns)    Netlist Resource(s)
  -------------------------------------------------------------------    -------------------
                         (clock clk_fpga_0 rise edge)
                                                      0.000     0.000 r  
    PS7_X0Y0             PS7                          0.000     0.000 r  week5_i/processing_system7_0/inst/PS7_i/FCLKCLK[0]
                         net (fo=1, routed)           0.804     0.804    week5_i/processing_system7_0/inst/FCLK_CLK_unbuffered[0]
    BUFGCTRL_X0Y16       BUFG (Prop_bufg_I_O)         0.026     0.830 r  week5_i/processing_system7_0/inst/buffer_fclk_clk_0.FCLK_CLK_0_BUFG/O
                         net (fo=638, routed)         0.585     1.415    week5_i/ps7_0_axi_periph/s00_couplers/auto_pc/inst/gen_axilite.gen_b2s_conv.axilite_b2s/RD.r_channel_0/aclk
    SLICE_X2Y39          FDRE                                         r  week5_i/ps7_0_axi_periph/s00_couplers/auto_pc/inst/gen_axilite.gen_b2s_conv.axilite_b2s/RD.r_channel_0/r_arid_r_reg[3]/C
  -------------------------------------------------------------------    -------------------
    SLICE_X2Y39          FDRE (Prop_fdre_C_Q)         0.141     1.556 r  week5_i/ps7_0_axi_periph/s00_couplers/auto_pc/inst/gen_axilite.gen_b2s_conv.axilite_b2s/RD.r_channel_0/r_arid_r_reg[3]/Q
                         net (fo=1, routed)           0.178     1.734    week5_i/ps7_0_axi_periph/s00_couplers/auto_pc/inst/gen_axilite.gen_b2s_conv.axilite_b2s/RD.r_channel_0/transaction_fifo_0/in[4]
    SLICE_X0Y41          SRLC32E                                      r  week5_i/ps7_0_axi_periph/s00_couplers/auto_pc/inst/gen_axilite.gen_b2s_conv.axilite_b2s/RD.r_channel_0/transaction_fifo_0/memory_reg[31][4]_srl32/D
  -------------------------------------------------------------------    -------------------

                         (clock clk_fpga_0 rise edge)
                                                      0.000     0.000 r  
    PS7_X0Y0             PS7                          0.000     0.000 r  week5_i/processing_system7_0/inst/PS7_i/FCLKCLK[0]
                         net (fo=1, routed)           0.919     0.919    week5_i/processing_system7_0/inst/FCLK_CLK_unbuffered[0]
    BUFGCTRL_X0Y16       BUFG (Prop_bufg_I_O)         0.029     0.948 r  week5_i/processing_system7_0/inst/buffer_fclk_clk_0.FCLK_CLK_0_BUFG/O
                         net (fo=638, routed)         0.852     1.800    week5_i/ps7_0_axi_periph/s00_couplers/auto_pc/inst/gen_axilite.gen_b2s_conv.axilite_b2s/RD.r_channel_0/transaction_fifo_0/aclk
    SLICE_X0Y41          SRLC32E                                      r  week5_i/ps7_0_axi_periph/s00_couplers/auto_pc/inst/gen_axilite.gen_b2s_conv.axilite_b2s/RD.r_channel_0/transaction_fifo_0/memory_reg[31][4]_srl32/CLK
                         clock pessimism             -0.351     1.449    
    SLICE_X0Y41          SRLC32E (Hold_srlc32e_CLK_D)
                                                      0.183     1.632    week5_i/ps7_0_axi_periph/s00_couplers/auto_pc/inst/gen_axilite.gen_b2s_conv.axilite_b2s/RD.r_channel_0/transaction_fifo_0/memory_reg[31][4]_srl32
  -------------------------------------------------------------------
                         required time                         -1.632    
                         arrival time                           1.734    
  -------------------------------------------------------------------
                         slack                                  0.102    





Pulse Width Checks
--------------------------------------------------------------------------------------
Clock Name:         clk_fpga_0
Waveform(ns):       { 0.000 5.000 }
Period(ns):         10.000
Sources:            { week5_i/processing_system7_0/inst/PS7_i/FCLKCLK[0] }

Check Type        Corner  Lib Pin      Reference Pin  Required(ns)  Actual(ns)  Slack(ns)  Location        Pin
Min Period        n/a     BUFG/I       n/a            2.155         10.000      7.845      BUFGCTRL_X0Y16  week5_i/processing_system7_0/inst/buffer_fclk_clk_0.FCLK_CLK_0_BUFG/I
Min Period        n/a     FDCE/C       n/a            1.000         10.000      9.000      SLICE_X5Y42     week5_i/PWM_gen_8bit_0/inst/cnt_reg[0]/C
Min Period        n/a     FDCE/C       n/a            1.000         10.000      9.000      SLICE_X5Y42     week5_i/PWM_gen_8bit_0/inst/cnt_reg[1]/C
Min Period        n/a     FDCE/C       n/a            1.000         10.000      9.000      SLICE_X5Y42     week5_i/PWM_gen_8bit_0/inst/cnt_reg[2]/C
Min Period        n/a     FDCE/C       n/a            1.000         10.000      9.000      SLICE_X2Y42     week5_i/PWM_gen_8bit_0/inst/cnt_reg[3]/C
Min Period        n/a     FDCE/C       n/a            1.000         10.000      9.000      SLICE_X2Y42     week5_i/PWM_gen_8bit_0/inst/cnt_reg[4]/C
Min Period        n/a     FDCE/C       n/a            1.000         10.000      9.000      SLICE_X2Y42     week5_i/PWM_gen_8bit_0/inst/cnt_reg[5]/C
Min Period        n/a     FDCE/C       n/a            1.000         10.000      9.000      SLICE_X2Y42     week5_i/PWM_gen_8bit_0/inst/cnt_reg[6]/C
Min Period        n/a     FDCE/C       n/a            1.000         10.000      9.000      SLICE_X2Y42     week5_i/PWM_gen_8bit_0/inst/cnt_reg[7]/C
Min Period        n/a     FDCE/C       n/a            1.000         10.000      9.000      SLICE_X3Y42     week5_i/PWM_gen_8bit_0/inst/o_pwm_reg/C
Low Pulse Width   Slow    SRLC32E/CLK  n/a            0.980         5.000       4.020      SLICE_X4Y39     week5_i/ps7_0_axi_periph/s00_couplers/auto_pc/inst/gen_axilite.gen_b2s_conv.axilite_b2s/RD.r_channel_0/rd_data_fifo_0/memory_reg[31][0]_srl32/CLK
Low Pulse Width   Fast    SRLC32E/CLK  n/a            0.980         5.000       4.020      SLICE_X4Y39     week5_i/ps7_0_axi_periph/s00_couplers/auto_pc/inst/gen_axilite.gen_b2s_conv.axilite_b2s/RD.r_channel_0/rd_data_fifo_0/memory_reg[31][0]_srl32/CLK
Low Pulse Width   Slow    SRLC32E/CLK  n/a            0.980         5.000       4.020      SLICE_X0Y40     week5_i/ps7_0_axi_periph/s00_couplers/auto_pc/inst/gen_axilite.gen_b2s_conv.axilite_b2s/RD.r_channel_0/rd_data_fifo_0/memory_reg[31][10]_srl32/CLK
Low Pulse Width   Fast    SRLC32E/CLK  n/a            0.980         5.000       4.020      SLICE_X0Y40     week5_i/ps7_0_axi_periph/s00_couplers/auto_pc/inst/gen_axilite.gen_b2s_conv.axilite_b2s/RD.r_channel_0/rd_data_fifo_0/memory_reg[31][10]_srl32/CLK
Low Pulse Width   Slow    SRLC32E/CLK  n/a            0.980         5.000       4.020      SLICE_X0Y42     week5_i/ps7_0_axi_periph/s00_couplers/auto_pc/inst/gen_axilite.gen_b2s_conv.axilite_b2s/RD.r_channel_0/rd_data_fifo_0/memory_reg[31][11]_srl32/CLK
Low Pulse Width   Fast    SRLC32E/CLK  n/a            0.980         5.000       4.020      SLICE_X0Y42     week5_i/ps7_0_axi_periph/s00_couplers/auto_pc/inst/gen_axilite.gen_b2s_conv.axilite_b2s/RD.r_channel_0/rd_data_fifo_0/memory_reg[31][11]_srl32/CLK
Low Pulse Width   Slow    SRLC32E/CLK  n/a            0.980         5.000       4.020      SLICE_X0Y42     week5_i/ps7_0_axi_periph/s00_couplers/auto_pc/inst/gen_axilite.gen_b2s_conv.axilite_b2s/RD.r_channel_0/rd_data_fifo_0/memory_reg[31][12]_srl32/CLK
Low Pulse Width   Fast    SRLC32E/CLK  n/a            0.980         5.000       4.020      SLICE_X0Y42     week5_i/ps7_0_axi_periph/s00_couplers/auto_pc/inst/gen_axilite.gen_b2s_conv.axilite_b2s/RD.r_channel_0/rd_data_fifo_0/memory_reg[31][12]_srl32/CLK
Low Pulse Width   Slow    SRLC32E/CLK  n/a            0.980         5.000       4.020      SLICE_X4Y41     week5_i/ps7_0_axi_periph/s00_couplers/auto_pc/inst/gen_axilite.gen_b2s_conv.axilite_b2s/RD.r_channel_0/rd_data_fifo_0/memory_reg[31][13]_srl32/CLK
Low Pulse Width   Fast    SRLC32E/CLK  n/a            0.980         5.000       4.020      SLICE_X4Y41     week5_i/ps7_0_axi_periph/s00_couplers/auto_pc/inst/gen_axilite.gen_b2s_conv.axilite_b2s/RD.r_channel_0/rd_data_fifo_0/memory_reg[31][13]_srl32/CLK
High Pulse Width  Slow    SRLC32E/CLK  n/a            0.980         5.000       4.020      SLICE_X4Y39     week5_i/ps7_0_axi_periph/s00_couplers/auto_pc/inst/gen_axilite.gen_b2s_conv.axilite_b2s/RD.r_channel_0/rd_data_fifo_0/memory_reg[31][0]_srl32/CLK
High Pulse Width  Fast    SRLC32E/CLK  n/a            0.980         5.000       4.020      SLICE_X4Y39     week5_i/ps7_0_axi_periph/s00_couplers/auto_pc/inst/gen_axilite.gen_b2s_conv.axilite_b2s/RD.r_channel_0/rd_data_fifo_0/memory_reg[31][0]_srl32/CLK
High Pulse Width  Slow    SRLC32E/CLK  n/a            0.980         5.000       4.020      SLICE_X0Y40     week5_i/ps7_0_axi_periph/s00_couplers/auto_pc/inst/gen_axilite.gen_b2s_conv.axilite_b2s/RD.r_channel_0/rd_data_fifo_0/memory_reg[31][10]_srl32/CLK
High Pulse Width  Fast    SRLC32E/CLK  n/a            0.980         5.000       4.020      SLICE_X0Y40     week5_i/ps7_0_axi_periph/s00_couplers/auto_pc/inst/gen_axilite.gen_b2s_conv.axilite_b2s/RD.r_channel_0/rd_data_fifo_0/memory_reg[31][10]_srl32/CLK
High Pulse Width  Slow    SRLC32E/CLK  n/a            0.980         5.000       4.020      SLICE_X0Y42     week5_i/ps7_0_axi_periph/s00_couplers/auto_pc/inst/gen_axilite.gen_b2s_conv.axilite_b2s/RD.r_channel_0/rd_data_fifo_0/memory_reg[31][11]_srl32/CLK
High Pulse Width  Fast    SRLC32E/CLK  n/a            0.980         5.000       4.020      SLICE_X0Y42     week5_i/ps7_0_axi_periph/s00_couplers/auto_pc/inst/gen_axilite.gen_b2s_conv.axilite_b2s/RD.r_channel_0/rd_data_fifo_0/memory_reg[31][11]_srl32/CLK
High Pulse Width  Slow    SRLC32E/CLK  n/a            0.980         5.000       4.020      SLICE_X0Y42     week5_i/ps7_0_axi_periph/s00_couplers/auto_pc/inst/gen_axilite.gen_b2s_conv.axilite_b2s/RD.r_channel_0/rd_data_fifo_0/memory_reg[31][12]_srl32/CLK
High Pulse Width  Fast    SRLC32E/CLK  n/a            0.980         5.000       4.020      SLICE_X0Y42     week5_i/ps7_0_axi_periph/s00_couplers/auto_pc/inst/gen_axilite.gen_b2s_conv.axilite_b2s/RD.r_channel_0/rd_data_fifo_0/memory_reg[31][12]_srl32/CLK
High Pulse Width  Slow    SRLC32E/CLK  n/a            0.980         5.000       4.020      SLICE_X4Y41     week5_i/ps7_0_axi_periph/s00_couplers/auto_pc/inst/gen_axilite.gen_b2s_conv.axilite_b2s/RD.r_channel_0/rd_data_fifo_0/memory_reg[31][13]_srl32/CLK
High Pulse Width  Fast    SRLC32E/CLK  n/a            0.980         5.000       4.020      SLICE_X4Y41     week5_i/ps7_0_axi_periph/s00_couplers/auto_pc/inst/gen_axilite.gen_b2s_conv.axilite_b2s/RD.r_channel_0/rd_data_fifo_0/memory_reg[31][13]_srl32/CLK



---------------------------------------------------------------------------------------------------
Path Group:  **async_default**
From Clock:  clk_fpga_0
  To Clock:  clk_fpga_0

Setup :            0  Failing Endpoints,  Worst Slack        6.237ns,  Total Violation        0.000ns
Hold  :            0  Failing Endpoints,  Worst Slack        1.148ns,  Total Violation        0.000ns
---------------------------------------------------------------------------------------------------


Max Delay Paths
--------------------------------------------------------------------------------------
Slack (MET) :             6.237ns  (required time - arrival time)
  Source:                 week5_i/rst_ps7_0_100M/U0/ACTIVE_LOW_PR_OUT_DFF[0].FDRE_PER_N/C
                            (rising edge-triggered cell FDRE clocked by clk_fpga_0  {rise@0.000ns fall@5.000ns period=10.000ns})
  Destination:            week5_i/PWM_gen_8bit_0/inst/cnt_reg[3]/CLR
                            (recovery check against rising-edge clock clk_fpga_0  {rise@0.000ns fall@5.000ns period=10.000ns})
  Path Group:             **async_default**
  Path Type:              Recovery (Max at Slow Process Corner)
  Requirement:            10.000ns  (clk_fpga_0 rise@10.000ns - clk_fpga_0 rise@0.000ns)
  Data Path Delay:        2.985ns  (logic 0.610ns (20.434%)  route 2.375ns (79.566%))
  Logic Levels:           1  (LUT1=1)
  Clock Path Skew:        -0.016ns (DCD - SCD + CPR)
    Destination Clock Delay (DCD):    3.311ns = ( 13.311 - 10.000 ) 
    Source Clock Delay      (SCD):    3.723ns
    Clock Pessimism Removal (CPR):    0.397ns
  Clock Uncertainty:      0.154ns  ((TSJ^2 + TIJ^2)^1/2 + DJ) / 2 + PE
    Total System Jitter     (TSJ):    0.071ns
    Total Input Jitter      (TIJ):    0.300ns
    Discrete Jitter          (DJ):    0.000ns
    Phase Error              (PE):    0.000ns

    Location             Delay type                Incr(ns)  Path(ns)    Netlist Resource(s)
  -------------------------------------------------------------------    -------------------
                         (clock clk_fpga_0 rise edge)
                                                      0.000     0.000 r  
    PS7_X0Y0             PS7                          0.000     0.000 r  week5_i/processing_system7_0/inst/PS7_i/FCLKCLK[0]
                         net (fo=1, routed)           1.938     1.938    week5_i/processing_system7_0/inst/FCLK_CLK_unbuffered[0]
    BUFGCTRL_X0Y16       BUFG (Prop_bufg_I_O)         0.101     2.039 r  week5_i/processing_system7_0/inst/buffer_fclk_clk_0.FCLK_CLK_0_BUFG/O
                         net (fo=638, routed)         1.684     3.723    week5_i/rst_ps7_0_100M/U0/slowest_sync_clk
    SLICE_X13Y43         FDRE                                         r  week5_i/rst_ps7_0_100M/U0/ACTIVE_LOW_PR_OUT_DFF[0].FDRE_PER_N/C
  -------------------------------------------------------------------    -------------------
    SLICE_X13Y43         FDRE (Prop_fdre_C_Q)         0.456     4.179 r  week5_i/rst_ps7_0_100M/U0/ACTIVE_LOW_PR_OUT_DFF[0].FDRE_PER_N/Q
                         net (fo=7, routed)           1.619     5.798    week5_i/PWM_gen_8bit_0/inst/i_rst
    SLICE_X5Y42          LUT1 (Prop_lut1_I0_O)        0.154     5.952 f  week5_i/PWM_gen_8bit_0/inst/o_pwm_i_1/O
                         net (fo=9, routed)           0.757     6.708    week5_i/PWM_gen_8bit_0/inst/o_pwm_i_1_n_0
    SLICE_X2Y42          FDCE                                         f  week5_i/PWM_gen_8bit_0/inst/cnt_reg[3]/CLR
  -------------------------------------------------------------------    -------------------

                         (clock clk_fpga_0 rise edge)
                                                     10.000    10.000 r  
    PS7_X0Y0             PS7                          0.000    10.000 r  week5_i/processing_system7_0/inst/PS7_i/FCLKCLK[0]
                         net (fo=1, routed)           1.666    11.666    week5_i/processing_system7_0/inst/FCLK_CLK_unbuffered[0]
    BUFGCTRL_X0Y16       BUFG (Prop_bufg_I_O)         0.091    11.757 r  week5_i/processing_system7_0/inst/buffer_fclk_clk_0.FCLK_CLK_0_BUFG/O
                         net (fo=638, routed)         1.553    13.311    week5_i/PWM_gen_8bit_0/inst/i_clk
    SLICE_X2Y42          FDCE                                         r  week5_i/PWM_gen_8bit_0/inst/cnt_reg[3]/C
                         clock pessimism              0.397    13.707    
                         clock uncertainty           -0.154    13.553    
    SLICE_X2Y42          FDCE (Recov_fdce_C_CLR)     -0.608    12.945    week5_i/PWM_gen_8bit_0/inst/cnt_reg[3]
  -------------------------------------------------------------------
                         required time                         12.945    
                         arrival time                          -6.708    
  -------------------------------------------------------------------
                         slack                                  6.237    

Slack (MET) :             6.237ns  (required time - arrival time)
  Source:                 week5_i/rst_ps7_0_100M/U0/ACTIVE_LOW_PR_OUT_DFF[0].FDRE_PER_N/C
                            (rising edge-triggered cell FDRE clocked by clk_fpga_0  {rise@0.000ns fall@5.000ns period=10.000ns})
  Destination:            week5_i/PWM_gen_8bit_0/inst/cnt_reg[4]/CLR
                            (recovery check against rising-edge clock clk_fpga_0  {rise@0.000ns fall@5.000ns period=10.000ns})
  Path Group:             **async_default**
  Path Type:              Recovery (Max at Slow Process Corner)
  Requirement:            10.000ns  (clk_fpga_0 rise@10.000ns - clk_fpga_0 rise@0.000ns)
  Data Path Delay:        2.985ns  (logic 0.610ns (20.434%)  route 2.375ns (79.566%))
  Logic Levels:           1  (LUT1=1)
  Clock Path Skew:        -0.016ns (DCD - SCD + CPR)
    Destination Clock Delay (DCD):    3.311ns = ( 13.311 - 10.000 ) 
    Source Clock Delay      (SCD):    3.723ns
    Clock Pessimism Removal (CPR):    0.397ns
  Clock Uncertainty:      0.154ns  ((TSJ^2 + TIJ^2)^1/2 + DJ) / 2 + PE
    Total System Jitter     (TSJ):    0.071ns
    Total Input Jitter      (TIJ):    0.300ns
    Discrete Jitter          (DJ):    0.000ns
    Phase Error              (PE):    0.000ns

    Location             Delay type                Incr(ns)  Path(ns)    Netlist Resource(s)
  -------------------------------------------------------------------    -------------------
                         (clock clk_fpga_0 rise edge)
                                                      0.000     0.000 r  
    PS7_X0Y0             PS7                          0.000     0.000 r  week5_i/processing_system7_0/inst/PS7_i/FCLKCLK[0]
                         net (fo=1, routed)           1.938     1.938    week5_i/processing_system7_0/inst/FCLK_CLK_unbuffered[0]
    BUFGCTRL_X0Y16       BUFG (Prop_bufg_I_O)         0.101     2.039 r  week5_i/processing_system7_0/inst/buffer_fclk_clk_0.FCLK_CLK_0_BUFG/O
                         net (fo=638, routed)         1.684     3.723    week5_i/rst_ps7_0_100M/U0/slowest_sync_clk
    SLICE_X13Y43         FDRE                                         r  week5_i/rst_ps7_0_100M/U0/ACTIVE_LOW_PR_OUT_DFF[0].FDRE_PER_N/C
  -------------------------------------------------------------------    -------------------
    SLICE_X13Y43         FDRE (Prop_fdre_C_Q)         0.456     4.179 r  week5_i/rst_ps7_0_100M/U0/ACTIVE_LOW_PR_OUT_DFF[0].FDRE_PER_N/Q
                         net (fo=7, routed)           1.619     5.798    week5_i/PWM_gen_8bit_0/inst/i_rst
    SLICE_X5Y42          LUT1 (Prop_lut1_I0_O)        0.154     5.952 f  week5_i/PWM_gen_8bit_0/inst/o_pwm_i_1/O
                         net (fo=9, routed)           0.757     6.708    week5_i/PWM_gen_8bit_0/inst/o_pwm_i_1_n_0
    SLICE_X2Y42          FDCE                                         f  week5_i/PWM_gen_8bit_0/inst/cnt_reg[4]/CLR
  -------------------------------------------------------------------    -------------------

                         (clock clk_fpga_0 rise edge)
                                                     10.000    10.000 r  
    PS7_X0Y0             PS7                          0.000    10.000 r  week5_i/processing_system7_0/inst/PS7_i/FCLKCLK[0]
                         net (fo=1, routed)           1.666    11.666    week5_i/processing_system7_0/inst/FCLK_CLK_unbuffered[0]
    BUFGCTRL_X0Y16       BUFG (Prop_bufg_I_O)         0.091    11.757 r  week5_i/processing_system7_0/inst/buffer_fclk_clk_0.FCLK_CLK_0_BUFG/O
                         net (fo=638, routed)         1.553    13.311    week5_i/PWM_gen_8bit_0/inst/i_clk
    SLICE_X2Y42          FDCE                                         r  week5_i/PWM_gen_8bit_0/inst/cnt_reg[4]/C
                         clock pessimism              0.397    13.707    
                         clock uncertainty           -0.154    13.553    
    SLICE_X2Y42          FDCE (Recov_fdce_C_CLR)     -0.608    12.945    week5_i/PWM_gen_8bit_0/inst/cnt_reg[4]
  -------------------------------------------------------------------
                         required time                         12.945    
                         arrival time                          -6.708    
  -------------------------------------------------------------------
                         slack                                  6.237    

Slack (MET) :             6.237ns  (required time - arrival time)
  Source:                 week5_i/rst_ps7_0_100M/U0/ACTIVE_LOW_PR_OUT_DFF[0].FDRE_PER_N/C
                            (rising edge-triggered cell FDRE clocked by clk_fpga_0  {rise@0.000ns fall@5.000ns period=10.000ns})
  Destination:            week5_i/PWM_gen_8bit_0/inst/cnt_reg[5]/CLR
                            (recovery check against rising-edge clock clk_fpga_0  {rise@0.000ns fall@5.000ns period=10.000ns})
  Path Group:             **async_default**
  Path Type:              Recovery (Max at Slow Process Corner)
  Requirement:            10.000ns  (clk_fpga_0 rise@10.000ns - clk_fpga_0 rise@0.000ns)
  Data Path Delay:        2.985ns  (logic 0.610ns (20.434%)  route 2.375ns (79.566%))
  Logic Levels:           1  (LUT1=1)
  Clock Path Skew:        -0.016ns (DCD - SCD + CPR)
    Destination Clock Delay (DCD):    3.311ns = ( 13.311 - 10.000 ) 
    Source Clock Delay      (SCD):    3.723ns
    Clock Pessimism Removal (CPR):    0.397ns
  Clock Uncertainty:      0.154ns  ((TSJ^2 + TIJ^2)^1/2 + DJ) / 2 + PE
    Total System Jitter     (TSJ):    0.071ns
    Total Input Jitter      (TIJ):    0.300ns
    Discrete Jitter          (DJ):    0.000ns
    Phase Error              (PE):    0.000ns

    Location             Delay type                Incr(ns)  Path(ns)    Netlist Resource(s)
  -------------------------------------------------------------------    -------------------
                         (clock clk_fpga_0 rise edge)
                                                      0.000     0.000 r  
    PS7_X0Y0             PS7                          0.000     0.000 r  week5_i/processing_system7_0/inst/PS7_i/FCLKCLK[0]
                         net (fo=1, routed)           1.938     1.938    week5_i/processing_system7_0/inst/FCLK_CLK_unbuffered[0]
    BUFGCTRL_X0Y16       BUFG (Prop_bufg_I_O)         0.101     2.039 r  week5_i/processing_system7_0/inst/buffer_fclk_clk_0.FCLK_CLK_0_BUFG/O
                         net (fo=638, routed)         1.684     3.723    week5_i/rst_ps7_0_100M/U0/slowest_sync_clk
    SLICE_X13Y43         FDRE                                         r  week5_i/rst_ps7_0_100M/U0/ACTIVE_LOW_PR_OUT_DFF[0].FDRE_PER_N/C
  -------------------------------------------------------------------    -------------------
    SLICE_X13Y43         FDRE (Prop_fdre_C_Q)         0.456     4.179 r  week5_i/rst_ps7_0_100M/U0/ACTIVE_LOW_PR_OUT_DFF[0].FDRE_PER_N/Q
                         net (fo=7, routed)           1.619     5.798    week5_i/PWM_gen_8bit_0/inst/i_rst
    SLICE_X5Y42          LUT1 (Prop_lut1_I0_O)        0.154     5.952 f  week5_i/PWM_gen_8bit_0/inst/o_pwm_i_1/O
                         net (fo=9, routed)           0.757     6.708    week5_i/PWM_gen_8bit_0/inst/o_pwm_i_1_n_0
    SLICE_X2Y42          FDCE                                         f  week5_i/PWM_gen_8bit_0/inst/cnt_reg[5]/CLR
  -------------------------------------------------------------------    -------------------

                         (clock clk_fpga_0 rise edge)
                                                     10.000    10.000 r  
    PS7_X0Y0             PS7                          0.000    10.000 r  week5_i/processing_system7_0/inst/PS7_i/FCLKCLK[0]
                         net (fo=1, routed)           1.666    11.666    week5_i/processing_system7_0/inst/FCLK_CLK_unbuffered[0]
    BUFGCTRL_X0Y16       BUFG (Prop_bufg_I_O)         0.091    11.757 r  week5_i/processing_system7_0/inst/buffer_fclk_clk_0.FCLK_CLK_0_BUFG/O
                         net (fo=638, routed)         1.553    13.311    week5_i/PWM_gen_8bit_0/inst/i_clk
    SLICE_X2Y42          FDCE                                         r  week5_i/PWM_gen_8bit_0/inst/cnt_reg[5]/C
                         clock pessimism              0.397    13.707    
                         clock uncertainty           -0.154    13.553    
    SLICE_X2Y42          FDCE (Recov_fdce_C_CLR)     -0.608    12.945    week5_i/PWM_gen_8bit_0/inst/cnt_reg[5]
  -------------------------------------------------------------------
                         required time                         12.945    
                         arrival time                          -6.708    
  -------------------------------------------------------------------
                         slack                                  6.237    

Slack (MET) :             6.237ns  (required time - arrival time)
  Source:                 week5_i/rst_ps7_0_100M/U0/ACTIVE_LOW_PR_OUT_DFF[0].FDRE_PER_N/C
                            (rising edge-triggered cell FDRE clocked by clk_fpga_0  {rise@0.000ns fall@5.000ns period=10.000ns})
  Destination:            week5_i/PWM_gen_8bit_0/inst/cnt_reg[6]/CLR
                            (recovery check against rising-edge clock clk_fpga_0  {rise@0.000ns fall@5.000ns period=10.000ns})
  Path Group:             **async_default**
  Path Type:              Recovery (Max at Slow Process Corner)
  Requirement:            10.000ns  (clk_fpga_0 rise@10.000ns - clk_fpga_0 rise@0.000ns)
  Data Path Delay:        2.985ns  (logic 0.610ns (20.434%)  route 2.375ns (79.566%))
  Logic Levels:           1  (LUT1=1)
  Clock Path Skew:        -0.016ns (DCD - SCD + CPR)
    Destination Clock Delay (DCD):    3.311ns = ( 13.311 - 10.000 ) 
    Source Clock Delay      (SCD):    3.723ns
    Clock Pessimism Removal (CPR):    0.397ns
  Clock Uncertainty:      0.154ns  ((TSJ^2 + TIJ^2)^1/2 + DJ) / 2 + PE
    Total System Jitter     (TSJ):    0.071ns
    Total Input Jitter      (TIJ):    0.300ns
    Discrete Jitter          (DJ):    0.000ns
    Phase Error              (PE):    0.000ns

    Location             Delay type                Incr(ns)  Path(ns)    Netlist Resource(s)
  -------------------------------------------------------------------    -------------------
                         (clock clk_fpga_0 rise edge)
                                                      0.000     0.000 r  
    PS7_X0Y0             PS7                          0.000     0.000 r  week5_i/processing_system7_0/inst/PS7_i/FCLKCLK[0]
                         net (fo=1, routed)           1.938     1.938    week5_i/processing_system7_0/inst/FCLK_CLK_unbuffered[0]
    BUFGCTRL_X0Y16       BUFG (Prop_bufg_I_O)         0.101     2.039 r  week5_i/processing_system7_0/inst/buffer_fclk_clk_0.FCLK_CLK_0_BUFG/O
                         net (fo=638, routed)         1.684     3.723    week5_i/rst_ps7_0_100M/U0/slowest_sync_clk
    SLICE_X13Y43         FDRE                                         r  week5_i/rst_ps7_0_100M/U0/ACTIVE_LOW_PR_OUT_DFF[0].FDRE_PER_N/C
  -------------------------------------------------------------------    -------------------
    SLICE_X13Y43         FDRE (Prop_fdre_C_Q)         0.456     4.179 r  week5_i/rst_ps7_0_100M/U0/ACTIVE_LOW_PR_OUT_DFF[0].FDRE_PER_N/Q
                         net (fo=7, routed)           1.619     5.798    week5_i/PWM_gen_8bit_0/inst/i_rst
    SLICE_X5Y42          LUT1 (Prop_lut1_I0_O)        0.154     5.952 f  week5_i/PWM_gen_8bit_0/inst/o_pwm_i_1/O
                         net (fo=9, routed)           0.757     6.708    week5_i/PWM_gen_8bit_0/inst/o_pwm_i_1_n_0
    SLICE_X2Y42          FDCE                                         f  week5_i/PWM_gen_8bit_0/inst/cnt_reg[6]/CLR
  -------------------------------------------------------------------    -------------------

                         (clock clk_fpga_0 rise edge)
                                                     10.000    10.000 r  
    PS7_X0Y0             PS7                          0.000    10.000 r  week5_i/processing_system7_0/inst/PS7_i/FCLKCLK[0]
                         net (fo=1, routed)           1.666    11.666    week5_i/processing_system7_0/inst/FCLK_CLK_unbuffered[0]
    BUFGCTRL_X0Y16       BUFG (Prop_bufg_I_O)         0.091    11.757 r  week5_i/processing_system7_0/inst/buffer_fclk_clk_0.FCLK_CLK_0_BUFG/O
                         net (fo=638, routed)         1.553    13.311    week5_i/PWM_gen_8bit_0/inst/i_clk
    SLICE_X2Y42          FDCE                                         r  week5_i/PWM_gen_8bit_0/inst/cnt_reg[6]/C
                         clock pessimism              0.397    13.707    
                         clock uncertainty           -0.154    13.553    
    SLICE_X2Y42          FDCE (Recov_fdce_C_CLR)     -0.608    12.945    week5_i/PWM_gen_8bit_0/inst/cnt_reg[6]
  -------------------------------------------------------------------
                         required time                         12.945    
                         arrival time                          -6.708    
  -------------------------------------------------------------------
                         slack                                  6.237    

Slack (MET) :             6.237ns  (required time - arrival time)
  Source:                 week5_i/rst_ps7_0_100M/U0/ACTIVE_LOW_PR_OUT_DFF[0].FDRE_PER_N/C
                            (rising edge-triggered cell FDRE clocked by clk_fpga_0  {rise@0.000ns fall@5.000ns period=10.000ns})
  Destination:            week5_i/PWM_gen_8bit_0/inst/cnt_reg[7]/CLR
                            (recovery check against rising-edge clock clk_fpga_0  {rise@0.000ns fall@5.000ns period=10.000ns})
  Path Group:             **async_default**
  Path Type:              Recovery (Max at Slow Process Corner)
  Requirement:            10.000ns  (clk_fpga_0 rise@10.000ns - clk_fpga_0 rise@0.000ns)
  Data Path Delay:        2.985ns  (logic 0.610ns (20.434%)  route 2.375ns (79.566%))
  Logic Levels:           1  (LUT1=1)
  Clock Path Skew:        -0.016ns (DCD - SCD + CPR)
    Destination Clock Delay (DCD):    3.311ns = ( 13.311 - 10.000 ) 
    Source Clock Delay      (SCD):    3.723ns
    Clock Pessimism Removal (CPR):    0.397ns
  Clock Uncertainty:      0.154ns  ((TSJ^2 + TIJ^2)^1/2 + DJ) / 2 + PE
    Total System Jitter     (TSJ):    0.071ns
    Total Input Jitter      (TIJ):    0.300ns
    Discrete Jitter          (DJ):    0.000ns
    Phase Error              (PE):    0.000ns

    Location             Delay type                Incr(ns)  Path(ns)    Netlist Resource(s)
  -------------------------------------------------------------------    -------------------
                         (clock clk_fpga_0 rise edge)
                                                      0.000     0.000 r  
    PS7_X0Y0             PS7                          0.000     0.000 r  week5_i/processing_system7_0/inst/PS7_i/FCLKCLK[0]
                         net (fo=1, routed)           1.938     1.938    week5_i/processing_system7_0/inst/FCLK_CLK_unbuffered[0]
    BUFGCTRL_X0Y16       BUFG (Prop_bufg_I_O)         0.101     2.039 r  week5_i/processing_system7_0/inst/buffer_fclk_clk_0.FCLK_CLK_0_BUFG/O
                         net (fo=638, routed)         1.684     3.723    week5_i/rst_ps7_0_100M/U0/slowest_sync_clk
    SLICE_X13Y43         FDRE                                         r  week5_i/rst_ps7_0_100M/U0/ACTIVE_LOW_PR_OUT_DFF[0].FDRE_PER_N/C
  -------------------------------------------------------------------    -------------------
    SLICE_X13Y43         FDRE (Prop_fdre_C_Q)         0.456     4.179 r  week5_i/rst_ps7_0_100M/U0/ACTIVE_LOW_PR_OUT_DFF[0].FDRE_PER_N/Q
                         net (fo=7, routed)           1.619     5.798    week5_i/PWM_gen_8bit_0/inst/i_rst
    SLICE_X5Y42          LUT1 (Prop_lut1_I0_O)        0.154     5.952 f  week5_i/PWM_gen_8bit_0/inst/o_pwm_i_1/O
                         net (fo=9, routed)           0.757     6.708    week5_i/PWM_gen_8bit_0/inst/o_pwm_i_1_n_0
    SLICE_X2Y42          FDCE                                         f  week5_i/PWM_gen_8bit_0/inst/cnt_reg[7]/CLR
  -------------------------------------------------------------------    -------------------

                         (clock clk_fpga_0 rise edge)
                                                     10.000    10.000 r  
    PS7_X0Y0             PS7                          0.000    10.000 r  week5_i/processing_system7_0/inst/PS7_i/FCLKCLK[0]
                         net (fo=1, routed)           1.666    11.666    week5_i/processing_system7_0/inst/FCLK_CLK_unbuffered[0]
    BUFGCTRL_X0Y16       BUFG (Prop_bufg_I_O)         0.091    11.757 r  week5_i/processing_system7_0/inst/buffer_fclk_clk_0.FCLK_CLK_0_BUFG/O
                         net (fo=638, routed)         1.553    13.311    week5_i/PWM_gen_8bit_0/inst/i_clk
    SLICE_X2Y42          FDCE                                         r  week5_i/PWM_gen_8bit_0/inst/cnt_reg[7]/C
                         clock pessimism              0.397    13.707    
                         clock uncertainty           -0.154    13.553    
    SLICE_X2Y42          FDCE (Recov_fdce_C_CLR)     -0.608    12.945    week5_i/PWM_gen_8bit_0/inst/cnt_reg[7]
  -------------------------------------------------------------------
                         required time                         12.945    
                         arrival time                          -6.708    
  -------------------------------------------------------------------
                         slack                                  6.237    

Slack (MET) :             6.241ns  (required time - arrival time)
  Source:                 week5_i/rst_ps7_0_100M/U0/ACTIVE_LOW_PR_OUT_DFF[0].FDRE_PER_N/C
                            (rising edge-triggered cell FDRE clocked by clk_fpga_0  {rise@0.000ns fall@5.000ns period=10.000ns})
  Destination:            week5_i/PWM_gen_8bit_0/inst/o_pwm_reg/CLR
                            (recovery check against rising-edge clock clk_fpga_0  {rise@0.000ns fall@5.000ns period=10.000ns})
  Path Group:             **async_default**
  Path Type:              Recovery (Max at Slow Process Corner)
  Requirement:            10.000ns  (clk_fpga_0 rise@10.000ns - clk_fpga_0 rise@0.000ns)
  Data Path Delay:        2.981ns  (logic 0.610ns (20.464%)  route 2.371ns (79.536%))
  Logic Levels:           1  (LUT1=1)
  Clock Path Skew:        -0.016ns (DCD - SCD + CPR)
    Destination Clock Delay (DCD):    3.311ns = ( 13.311 - 10.000 ) 
    Source Clock Delay      (SCD):    3.723ns
    Clock Pessimism Removal (CPR):    0.397ns
  Clock Uncertainty:      0.154ns  ((TSJ^2 + TIJ^2)^1/2 + DJ) / 2 + PE
    Total System Jitter     (TSJ):    0.071ns
    Total Input Jitter      (TIJ):    0.300ns
    Discrete Jitter          (DJ):    0.000ns
    Phase Error              (PE):    0.000ns

    Location             Delay type                Incr(ns)  Path(ns)    Netlist Resource(s)
  -------------------------------------------------------------------    -------------------
                         (clock clk_fpga_0 rise edge)
                                                      0.000     0.000 r  
    PS7_X0Y0             PS7                          0.000     0.000 r  week5_i/processing_system7_0/inst/PS7_i/FCLKCLK[0]
                         net (fo=1, routed)           1.938     1.938    week5_i/processing_system7_0/inst/FCLK_CLK_unbuffered[0]
    BUFGCTRL_X0Y16       BUFG (Prop_bufg_I_O)         0.101     2.039 r  week5_i/processing_system7_0/inst/buffer_fclk_clk_0.FCLK_CLK_0_BUFG/O
                         net (fo=638, routed)         1.684     3.723    week5_i/rst_ps7_0_100M/U0/slowest_sync_clk
    SLICE_X13Y43         FDRE                                         r  week5_i/rst_ps7_0_100M/U0/ACTIVE_LOW_PR_OUT_DFF[0].FDRE_PER_N/C
  -------------------------------------------------------------------    -------------------
    SLICE_X13Y43         FDRE (Prop_fdre_C_Q)         0.456     4.179 r  week5_i/rst_ps7_0_100M/U0/ACTIVE_LOW_PR_OUT_DFF[0].FDRE_PER_N/Q
                         net (fo=7, routed)           1.619     5.798    week5_i/PWM_gen_8bit_0/inst/i_rst
    SLICE_X5Y42          LUT1 (Prop_lut1_I0_O)        0.154     5.952 f  week5_i/PWM_gen_8bit_0/inst/o_pwm_i_1/O
                         net (fo=9, routed)           0.752     6.704    week5_i/PWM_gen_8bit_0/inst/o_pwm_i_1_n_0
    SLICE_X3Y42          FDCE                                         f  week5_i/PWM_gen_8bit_0/inst/o_pwm_reg/CLR
  -------------------------------------------------------------------    -------------------

                         (clock clk_fpga_0 rise edge)
                                                     10.000    10.000 r  
    PS7_X0Y0             PS7                          0.000    10.000 r  week5_i/processing_system7_0/inst/PS7_i/FCLKCLK[0]
                         net (fo=1, routed)           1.666    11.666    week5_i/processing_system7_0/inst/FCLK_CLK_unbuffered[0]
    BUFGCTRL_X0Y16       BUFG (Prop_bufg_I_O)         0.091    11.757 r  week5_i/processing_system7_0/inst/buffer_fclk_clk_0.FCLK_CLK_0_BUFG/O
                         net (fo=638, routed)         1.553    13.311    week5_i/PWM_gen_8bit_0/inst/i_clk
    SLICE_X3Y42          FDCE                                         r  week5_i/PWM_gen_8bit_0/inst/o_pwm_reg/C
                         clock pessimism              0.397    13.707    
                         clock uncertainty           -0.154    13.553    
    SLICE_X3Y42          FDCE (Recov_fdce_C_CLR)     -0.608    12.945    week5_i/PWM_gen_8bit_0/inst/o_pwm_reg
  -------------------------------------------------------------------
                         required time                         12.945    
                         arrival time                          -6.704    
  -------------------------------------------------------------------
                         slack                                  6.241    

Slack (MET) :             6.446ns  (required time - arrival time)
  Source:                 week5_i/rst_ps7_0_100M/U0/ACTIVE_LOW_PR_OUT_DFF[0].FDRE_PER_N/C
                            (rising edge-triggered cell FDRE clocked by clk_fpga_0  {rise@0.000ns fall@5.000ns period=10.000ns})
  Destination:            week5_i/PWM_gen_8bit_0/inst/cnt_reg[0]/CLR
                            (recovery check against rising-edge clock clk_fpga_0  {rise@0.000ns fall@5.000ns period=10.000ns})
  Path Group:             **async_default**
  Path Type:              Recovery (Max at Slow Process Corner)
  Requirement:            10.000ns  (clk_fpga_0 rise@10.000ns - clk_fpga_0 rise@0.000ns)
  Data Path Delay:        2.776ns  (logic 0.610ns (21.974%)  route 2.166ns (78.026%))
  Logic Levels:           1  (LUT1=1)
  Clock Path Skew:        -0.016ns (DCD - SCD + CPR)
    Destination Clock Delay (DCD):    3.311ns = ( 13.311 - 10.000 ) 
    Source Clock Delay      (SCD):    3.723ns
    Clock Pessimism Removal (CPR):    0.397ns
  Clock Uncertainty:      0.154ns  ((TSJ^2 + TIJ^2)^1/2 + DJ) / 2 + PE
    Total System Jitter     (TSJ):    0.071ns
    Total Input Jitter      (TIJ):    0.300ns
    Discrete Jitter          (DJ):    0.000ns
    Phase Error              (PE):    0.000ns

    Location             Delay type                Incr(ns)  Path(ns)    Netlist Resource(s)
  -------------------------------------------------------------------    -------------------
                         (clock clk_fpga_0 rise edge)
                                                      0.000     0.000 r  
    PS7_X0Y0             PS7                          0.000     0.000 r  week5_i/processing_system7_0/inst/PS7_i/FCLKCLK[0]
                         net (fo=1, routed)           1.938     1.938    week5_i/processing_system7_0/inst/FCLK_CLK_unbuffered[0]
    BUFGCTRL_X0Y16       BUFG (Prop_bufg_I_O)         0.101     2.039 r  week5_i/processing_system7_0/inst/buffer_fclk_clk_0.FCLK_CLK_0_BUFG/O
                         net (fo=638, routed)         1.684     3.723    week5_i/rst_ps7_0_100M/U0/slowest_sync_clk
    SLICE_X13Y43         FDRE                                         r  week5_i/rst_ps7_0_100M/U0/ACTIVE_LOW_PR_OUT_DFF[0].FDRE_PER_N/C
  -------------------------------------------------------------------    -------------------
    SLICE_X13Y43         FDRE (Prop_fdre_C_Q)         0.456     4.179 r  week5_i/rst_ps7_0_100M/U0/ACTIVE_LOW_PR_OUT_DFF[0].FDRE_PER_N/Q
                         net (fo=7, routed)           1.619     5.798    week5_i/PWM_gen_8bit_0/inst/i_rst
    SLICE_X5Y42          LUT1 (Prop_lut1_I0_O)        0.154     5.952 f  week5_i/PWM_gen_8bit_0/inst/o_pwm_i_1/O
                         net (fo=9, routed)           0.547     6.499    week5_i/PWM_gen_8bit_0/inst/o_pwm_i_1_n_0
    SLICE_X5Y42          FDCE                                         f  week5_i/PWM_gen_8bit_0/inst/cnt_reg[0]/CLR
  -------------------------------------------------------------------    -------------------

                         (clock clk_fpga_0 rise edge)
                                                     10.000    10.000 r  
    PS7_X0Y0             PS7                          0.000    10.000 r  week5_i/processing_system7_0/inst/PS7_i/FCLKCLK[0]
                         net (fo=1, routed)           1.666    11.666    week5_i/processing_system7_0/inst/FCLK_CLK_unbuffered[0]
    BUFGCTRL_X0Y16       BUFG (Prop_bufg_I_O)         0.091    11.757 r  week5_i/processing_system7_0/inst/buffer_fclk_clk_0.FCLK_CLK_0_BUFG/O
                         net (fo=638, routed)         1.553    13.311    week5_i/PWM_gen_8bit_0/inst/i_clk
    SLICE_X5Y42          FDCE                                         r  week5_i/PWM_gen_8bit_0/inst/cnt_reg[0]/C
                         clock pessimism              0.397    13.707    
                         clock uncertainty           -0.154    13.553    
    SLICE_X5Y42          FDCE (Recov_fdce_C_CLR)     -0.608    12.945    week5_i/PWM_gen_8bit_0/inst/cnt_reg[0]
  -------------------------------------------------------------------
                         required time                         12.945    
                         arrival time                          -6.499    
  -------------------------------------------------------------------
                         slack                                  6.446    

Slack (MET) :             6.446ns  (required time - arrival time)
  Source:                 week5_i/rst_ps7_0_100M/U0/ACTIVE_LOW_PR_OUT_DFF[0].FDRE_PER_N/C
                            (rising edge-triggered cell FDRE clocked by clk_fpga_0  {rise@0.000ns fall@5.000ns period=10.000ns})
  Destination:            week5_i/PWM_gen_8bit_0/inst/cnt_reg[1]/CLR
                            (recovery check against rising-edge clock clk_fpga_0  {rise@0.000ns fall@5.000ns period=10.000ns})
  Path Group:             **async_default**
  Path Type:              Recovery (Max at Slow Process Corner)
  Requirement:            10.000ns  (clk_fpga_0 rise@10.000ns - clk_fpga_0 rise@0.000ns)
  Data Path Delay:        2.776ns  (logic 0.610ns (21.974%)  route 2.166ns (78.026%))
  Logic Levels:           1  (LUT1=1)
  Clock Path Skew:        -0.016ns (DCD - SCD + CPR)
    Destination Clock Delay (DCD):    3.311ns = ( 13.311 - 10.000 ) 
    Source Clock Delay      (SCD):    3.723ns
    Clock Pessimism Removal (CPR):    0.397ns
  Clock Uncertainty:      0.154ns  ((TSJ^2 + TIJ^2)^1/2 + DJ) / 2 + PE
    Total System Jitter     (TSJ):    0.071ns
    Total Input Jitter      (TIJ):    0.300ns
    Discrete Jitter          (DJ):    0.000ns
    Phase Error              (PE):    0.000ns

    Location             Delay type                Incr(ns)  Path(ns)    Netlist Resource(s)
  -------------------------------------------------------------------    -------------------
                         (clock clk_fpga_0 rise edge)
                                                      0.000     0.000 r  
    PS7_X0Y0             PS7                          0.000     0.000 r  week5_i/processing_system7_0/inst/PS7_i/FCLKCLK[0]
                         net (fo=1, routed)           1.938     1.938    week5_i/processing_system7_0/inst/FCLK_CLK_unbuffered[0]
    BUFGCTRL_X0Y16       BUFG (Prop_bufg_I_O)         0.101     2.039 r  week5_i/processing_system7_0/inst/buffer_fclk_clk_0.FCLK_CLK_0_BUFG/O
                         net (fo=638, routed)         1.684     3.723    week5_i/rst_ps7_0_100M/U0/slowest_sync_clk
    SLICE_X13Y43         FDRE                                         r  week5_i/rst_ps7_0_100M/U0/ACTIVE_LOW_PR_OUT_DFF[0].FDRE_PER_N/C
  -------------------------------------------------------------------    -------------------
    SLICE_X13Y43         FDRE (Prop_fdre_C_Q)         0.456     4.179 r  week5_i/rst_ps7_0_100M/U0/ACTIVE_LOW_PR_OUT_DFF[0].FDRE_PER_N/Q
                         net (fo=7, routed)           1.619     5.798    week5_i/PWM_gen_8bit_0/inst/i_rst
    SLICE_X5Y42          LUT1 (Prop_lut1_I0_O)        0.154     5.952 f  week5_i/PWM_gen_8bit_0/inst/o_pwm_i_1/O
                         net (fo=9, routed)           0.547     6.499    week5_i/PWM_gen_8bit_0/inst/o_pwm_i_1_n_0
    SLICE_X5Y42          FDCE                                         f  week5_i/PWM_gen_8bit_0/inst/cnt_reg[1]/CLR
  -------------------------------------------------------------------    -------------------

                         (clock clk_fpga_0 rise edge)
                                                     10.000    10.000 r  
    PS7_X0Y0             PS7                          0.000    10.000 r  week5_i/processing_system7_0/inst/PS7_i/FCLKCLK[0]
                         net (fo=1, routed)           1.666    11.666    week5_i/processing_system7_0/inst/FCLK_CLK_unbuffered[0]
    BUFGCTRL_X0Y16       BUFG (Prop_bufg_I_O)         0.091    11.757 r  week5_i/processing_system7_0/inst/buffer_fclk_clk_0.FCLK_CLK_0_BUFG/O
                         net (fo=638, routed)         1.553    13.311    week5_i/PWM_gen_8bit_0/inst/i_clk
    SLICE_X5Y42          FDCE                                         r  week5_i/PWM_gen_8bit_0/inst/cnt_reg[1]/C
                         clock pessimism              0.397    13.707    
                         clock uncertainty           -0.154    13.553    
    SLICE_X5Y42          FDCE (Recov_fdce_C_CLR)     -0.608    12.945    week5_i/PWM_gen_8bit_0/inst/cnt_reg[1]
  -------------------------------------------------------------------
                         required time                         12.945    
                         arrival time                          -6.499    
  -------------------------------------------------------------------
                         slack                                  6.446    

Slack (MET) :             6.446ns  (required time - arrival time)
  Source:                 week5_i/rst_ps7_0_100M/U0/ACTIVE_LOW_PR_OUT_DFF[0].FDRE_PER_N/C
                            (rising edge-triggered cell FDRE clocked by clk_fpga_0  {rise@0.000ns fall@5.000ns period=10.000ns})
  Destination:            week5_i/PWM_gen_8bit_0/inst/cnt_reg[2]/CLR
                            (recovery check against rising-edge clock clk_fpga_0  {rise@0.000ns fall@5.000ns period=10.000ns})
  Path Group:             **async_default**
  Path Type:              Recovery (Max at Slow Process Corner)
  Requirement:            10.000ns  (clk_fpga_0 rise@10.000ns - clk_fpga_0 rise@0.000ns)
  Data Path Delay:        2.776ns  (logic 0.610ns (21.974%)  route 2.166ns (78.026%))
  Logic Levels:           1  (LUT1=1)
  Clock Path Skew:        -0.016ns (DCD - SCD + CPR)
    Destination Clock Delay (DCD):    3.311ns = ( 13.311 - 10.000 ) 
    Source Clock Delay      (SCD):    3.723ns
    Clock Pessimism Removal (CPR):    0.397ns
  Clock Uncertainty:      0.154ns  ((TSJ^2 + TIJ^2)^1/2 + DJ) / 2 + PE
    Total System Jitter     (TSJ):    0.071ns
    Total Input Jitter      (TIJ):    0.300ns
    Discrete Jitter          (DJ):    0.000ns
    Phase Error              (PE):    0.000ns

    Location             Delay type                Incr(ns)  Path(ns)    Netlist Resource(s)
  -------------------------------------------------------------------    -------------------
                         (clock clk_fpga_0 rise edge)
                                                      0.000     0.000 r  
    PS7_X0Y0             PS7                          0.000     0.000 r  week5_i/processing_system7_0/inst/PS7_i/FCLKCLK[0]
                         net (fo=1, routed)           1.938     1.938    week5_i/processing_system7_0/inst/FCLK_CLK_unbuffered[0]
    BUFGCTRL_X0Y16       BUFG (Prop_bufg_I_O)         0.101     2.039 r  week5_i/processing_system7_0/inst/buffer_fclk_clk_0.FCLK_CLK_0_BUFG/O
                         net (fo=638, routed)         1.684     3.723    week5_i/rst_ps7_0_100M/U0/slowest_sync_clk
    SLICE_X13Y43         FDRE                                         r  week5_i/rst_ps7_0_100M/U0/ACTIVE_LOW_PR_OUT_DFF[0].FDRE_PER_N/C
  -------------------------------------------------------------------    -------------------
    SLICE_X13Y43         FDRE (Prop_fdre_C_Q)         0.456     4.179 r  week5_i/rst_ps7_0_100M/U0/ACTIVE_LOW_PR_OUT_DFF[0].FDRE_PER_N/Q
                         net (fo=7, routed)           1.619     5.798    week5_i/PWM_gen_8bit_0/inst/i_rst
    SLICE_X5Y42          LUT1 (Prop_lut1_I0_O)        0.154     5.952 f  week5_i/PWM_gen_8bit_0/inst/o_pwm_i_1/O
                         net (fo=9, routed)           0.547     6.499    week5_i/PWM_gen_8bit_0/inst/o_pwm_i_1_n_0
    SLICE_X5Y42          FDCE                                         f  week5_i/PWM_gen_8bit_0/inst/cnt_reg[2]/CLR
  -------------------------------------------------------------------    -------------------

                         (clock clk_fpga_0 rise edge)
                                                     10.000    10.000 r  
    PS7_X0Y0             PS7                          0.000    10.000 r  week5_i/processing_system7_0/inst/PS7_i/FCLKCLK[0]
                         net (fo=1, routed)           1.666    11.666    week5_i/processing_system7_0/inst/FCLK_CLK_unbuffered[0]
    BUFGCTRL_X0Y16       BUFG (Prop_bufg_I_O)         0.091    11.757 r  week5_i/processing_system7_0/inst/buffer_fclk_clk_0.FCLK_CLK_0_BUFG/O
                         net (fo=638, routed)         1.553    13.311    week5_i/PWM_gen_8bit_0/inst/i_clk
    SLICE_X5Y42          FDCE                                         r  week5_i/PWM_gen_8bit_0/inst/cnt_reg[2]/C
                         clock pessimism              0.397    13.707    
                         clock uncertainty           -0.154    13.553    
    SLICE_X5Y42          FDCE (Recov_fdce_C_CLR)     -0.608    12.945    week5_i/PWM_gen_8bit_0/inst/cnt_reg[2]
  -------------------------------------------------------------------
                         required time                         12.945    
                         arrival time                          -6.499    
  -------------------------------------------------------------------
                         slack                                  6.446    





Min Delay Paths
--------------------------------------------------------------------------------------
Slack (MET) :             1.148ns  (arrival time - required time)
  Source:                 week5_i/rst_ps7_0_100M/U0/ACTIVE_LOW_PR_OUT_DFF[0].FDRE_PER_N/C
                            (rising edge-triggered cell FDRE clocked by clk_fpga_0  {rise@0.000ns fall@5.000ns period=10.000ns})
  Destination:            week5_i/PWM_gen_8bit_0/inst/cnt_reg[0]/CLR
                            (removal check against rising-edge clock clk_fpga_0  {rise@0.000ns fall@5.000ns period=10.000ns})
  Path Group:             **async_default**
  Path Type:              Removal (Min at Fast Process Corner)
  Requirement:            0.000ns  (clk_fpga_0 rise@0.000ns - clk_fpga_0 rise@0.000ns)
  Data Path Delay:        1.044ns  (logic 0.184ns (17.625%)  route 0.860ns (82.375%))
  Logic Levels:           1  (LUT1=1)
  Clock Path Skew:        0.053ns (DCD - SCD - CPR)
    Destination Clock Delay (DCD):    1.802ns
    Source Clock Delay      (SCD):    1.398ns
    Clock Pessimism Removal (CPR):    0.351ns

    Location             Delay type                Incr(ns)  Path(ns)    Netlist Resource(s)
  -------------------------------------------------------------------    -------------------
                         (clock clk_fpga_0 rise edge)
                                                      0.000     0.000 r  
    PS7_X0Y0             PS7                          0.000     0.000 r  week5_i/processing_system7_0/inst/PS7_i/FCLKCLK[0]
                         net (fo=1, routed)           0.804     0.804    week5_i/processing_system7_0/inst/FCLK_CLK_unbuffered[0]
    BUFGCTRL_X0Y16       BUFG (Prop_bufg_I_O)         0.026     0.830 r  week5_i/processing_system7_0/inst/buffer_fclk_clk_0.FCLK_CLK_0_BUFG/O
                         net (fo=638, routed)         0.568     1.398    week5_i/rst_ps7_0_100M/U0/slowest_sync_clk
    SLICE_X13Y43         FDRE                                         r  week5_i/rst_ps7_0_100M/U0/ACTIVE_LOW_PR_OUT_DFF[0].FDRE_PER_N/C
  -------------------------------------------------------------------    -------------------
    SLICE_X13Y43         FDRE (Prop_fdre_C_Q)         0.141     1.539 r  week5_i/rst_ps7_0_100M/U0/ACTIVE_LOW_PR_OUT_DFF[0].FDRE_PER_N/Q
                         net (fo=7, routed)           0.668     2.206    week5_i/PWM_gen_8bit_0/inst/i_rst
    SLICE_X5Y42          LUT1 (Prop_lut1_I0_O)        0.043     2.249 f  week5_i/PWM_gen_8bit_0/inst/o_pwm_i_1/O
                         net (fo=9, routed)           0.192     2.442    week5_i/PWM_gen_8bit_0/inst/o_pwm_i_1_n_0
    SLICE_X5Y42          FDCE                                         f  week5_i/PWM_gen_8bit_0/inst/cnt_reg[0]/CLR
  -------------------------------------------------------------------    -------------------

                         (clock clk_fpga_0 rise edge)
                                                      0.000     0.000 r  
    PS7_X0Y0             PS7                          0.000     0.000 r  week5_i/processing_system7_0/inst/PS7_i/FCLKCLK[0]
                         net (fo=1, routed)           0.919     0.919    week5_i/processing_system7_0/inst/FCLK_CLK_unbuffered[0]
    BUFGCTRL_X0Y16       BUFG (Prop_bufg_I_O)         0.029     0.948 r  week5_i/processing_system7_0/inst/buffer_fclk_clk_0.FCLK_CLK_0_BUFG/O
                         net (fo=638, routed)         0.854     1.802    week5_i/PWM_gen_8bit_0/inst/i_clk
    SLICE_X5Y42          FDCE                                         r  week5_i/PWM_gen_8bit_0/inst/cnt_reg[0]/C
                         clock pessimism             -0.351     1.451    
    SLICE_X5Y42          FDCE (Remov_fdce_C_CLR)     -0.157     1.294    week5_i/PWM_gen_8bit_0/inst/cnt_reg[0]
  -------------------------------------------------------------------
                         required time                         -1.294    
                         arrival time                           2.442    
  -------------------------------------------------------------------
                         slack                                  1.148    

Slack (MET) :             1.148ns  (arrival time - required time)
  Source:                 week5_i/rst_ps7_0_100M/U0/ACTIVE_LOW_PR_OUT_DFF[0].FDRE_PER_N/C
                            (rising edge-triggered cell FDRE clocked by clk_fpga_0  {rise@0.000ns fall@5.000ns period=10.000ns})
  Destination:            week5_i/PWM_gen_8bit_0/inst/cnt_reg[1]/CLR
                            (removal check against rising-edge clock clk_fpga_0  {rise@0.000ns fall@5.000ns period=10.000ns})
  Path Group:             **async_default**
  Path Type:              Removal (Min at Fast Process Corner)
  Requirement:            0.000ns  (clk_fpga_0 rise@0.000ns - clk_fpga_0 rise@0.000ns)
  Data Path Delay:        1.044ns  (logic 0.184ns (17.625%)  route 0.860ns (82.375%))
  Logic Levels:           1  (LUT1=1)
  Clock Path Skew:        0.053ns (DCD - SCD - CPR)
    Destination Clock Delay (DCD):    1.802ns
    Source Clock Delay      (SCD):    1.398ns
    Clock Pessimism Removal (CPR):    0.351ns

    Location             Delay type                Incr(ns)  Path(ns)    Netlist Resource(s)
  -------------------------------------------------------------------    -------------------
                         (clock clk_fpga_0 rise edge)
                                                      0.000     0.000 r  
    PS7_X0Y0             PS7                          0.000     0.000 r  week5_i/processing_system7_0/inst/PS7_i/FCLKCLK[0]
                         net (fo=1, routed)           0.804     0.804    week5_i/processing_system7_0/inst/FCLK_CLK_unbuffered[0]
    BUFGCTRL_X0Y16       BUFG (Prop_bufg_I_O)         0.026     0.830 r  week5_i/processing_system7_0/inst/buffer_fclk_clk_0.FCLK_CLK_0_BUFG/O
                         net (fo=638, routed)         0.568     1.398    week5_i/rst_ps7_0_100M/U0/slowest_sync_clk
    SLICE_X13Y43         FDRE                                         r  week5_i/rst_ps7_0_100M/U0/ACTIVE_LOW_PR_OUT_DFF[0].FDRE_PER_N/C
  -------------------------------------------------------------------    -------------------
    SLICE_X13Y43         FDRE (Prop_fdre_C_Q)         0.141     1.539 r  week5_i/rst_ps7_0_100M/U0/ACTIVE_LOW_PR_OUT_DFF[0].FDRE_PER_N/Q
                         net (fo=7, routed)           0.668     2.206    week5_i/PWM_gen_8bit_0/inst/i_rst
    SLICE_X5Y42          LUT1 (Prop_lut1_I0_O)        0.043     2.249 f  week5_i/PWM_gen_8bit_0/inst/o_pwm_i_1/O
                         net (fo=9, routed)           0.192     2.442    week5_i/PWM_gen_8bit_0/inst/o_pwm_i_1_n_0
    SLICE_X5Y42          FDCE                                         f  week5_i/PWM_gen_8bit_0/inst/cnt_reg[1]/CLR
  -------------------------------------------------------------------    -------------------

                         (clock clk_fpga_0 rise edge)
                                                      0.000     0.000 r  
    PS7_X0Y0             PS7                          0.000     0.000 r  week5_i/processing_system7_0/inst/PS7_i/FCLKCLK[0]
                         net (fo=1, routed)           0.919     0.919    week5_i/processing_system7_0/inst/FCLK_CLK_unbuffered[0]
    BUFGCTRL_X0Y16       BUFG (Prop_bufg_I_O)         0.029     0.948 r  week5_i/processing_system7_0/inst/buffer_fclk_clk_0.FCLK_CLK_0_BUFG/O
                         net (fo=638, routed)         0.854     1.802    week5_i/PWM_gen_8bit_0/inst/i_clk
    SLICE_X5Y42          FDCE                                         r  week5_i/PWM_gen_8bit_0/inst/cnt_reg[1]/C
                         clock pessimism             -0.351     1.451    
    SLICE_X5Y42          FDCE (Remov_fdce_C_CLR)     -0.157     1.294    week5_i/PWM_gen_8bit_0/inst/cnt_reg[1]
  -------------------------------------------------------------------
                         required time                         -1.294    
                         arrival time                           2.442    
  -------------------------------------------------------------------
                         slack                                  1.148    

Slack (MET) :             1.148ns  (arrival time - required time)
  Source:                 week5_i/rst_ps7_0_100M/U0/ACTIVE_LOW_PR_OUT_DFF[0].FDRE_PER_N/C
                            (rising edge-triggered cell FDRE clocked by clk_fpga_0  {rise@0.000ns fall@5.000ns period=10.000ns})
  Destination:            week5_i/PWM_gen_8bit_0/inst/cnt_reg[2]/CLR
                            (removal check against rising-edge clock clk_fpga_0  {rise@0.000ns fall@5.000ns period=10.000ns})
  Path Group:             **async_default**
  Path Type:              Removal (Min at Fast Process Corner)
  Requirement:            0.000ns  (clk_fpga_0 rise@0.000ns - clk_fpga_0 rise@0.000ns)
  Data Path Delay:        1.044ns  (logic 0.184ns (17.625%)  route 0.860ns (82.375%))
  Logic Levels:           1  (LUT1=1)
  Clock Path Skew:        0.053ns (DCD - SCD - CPR)
    Destination Clock Delay (DCD):    1.802ns
    Source Clock Delay      (SCD):    1.398ns
    Clock Pessimism Removal (CPR):    0.351ns

    Location             Delay type                Incr(ns)  Path(ns)    Netlist Resource(s)
  -------------------------------------------------------------------    -------------------
                         (clock clk_fpga_0 rise edge)
                                                      0.000     0.000 r  
    PS7_X0Y0             PS7                          0.000     0.000 r  week5_i/processing_system7_0/inst/PS7_i/FCLKCLK[0]
                         net (fo=1, routed)           0.804     0.804    week5_i/processing_system7_0/inst/FCLK_CLK_unbuffered[0]
    BUFGCTRL_X0Y16       BUFG (Prop_bufg_I_O)         0.026     0.830 r  week5_i/processing_system7_0/inst/buffer_fclk_clk_0.FCLK_CLK_0_BUFG/O
                         net (fo=638, routed)         0.568     1.398    week5_i/rst_ps7_0_100M/U0/slowest_sync_clk
    SLICE_X13Y43         FDRE                                         r  week5_i/rst_ps7_0_100M/U0/ACTIVE_LOW_PR_OUT_DFF[0].FDRE_PER_N/C
  -------------------------------------------------------------------    -------------------
    SLICE_X13Y43         FDRE (Prop_fdre_C_Q)         0.141     1.539 r  week5_i/rst_ps7_0_100M/U0/ACTIVE_LOW_PR_OUT_DFF[0].FDRE_PER_N/Q
                         net (fo=7, routed)           0.668     2.206    week5_i/PWM_gen_8bit_0/inst/i_rst
    SLICE_X5Y42          LUT1 (Prop_lut1_I0_O)        0.043     2.249 f  week5_i/PWM_gen_8bit_0/inst/o_pwm_i_1/O
                         net (fo=9, routed)           0.192     2.442    week5_i/PWM_gen_8bit_0/inst/o_pwm_i_1_n_0
    SLICE_X5Y42          FDCE                                         f  week5_i/PWM_gen_8bit_0/inst/cnt_reg[2]/CLR
  -------------------------------------------------------------------    -------------------

                         (clock clk_fpga_0 rise edge)
                                                      0.000     0.000 r  
    PS7_X0Y0             PS7                          0.000     0.000 r  week5_i/processing_system7_0/inst/PS7_i/FCLKCLK[0]
                         net (fo=1, routed)           0.919     0.919    week5_i/processing_system7_0/inst/FCLK_CLK_unbuffered[0]
    BUFGCTRL_X0Y16       BUFG (Prop_bufg_I_O)         0.029     0.948 r  week5_i/processing_system7_0/inst/buffer_fclk_clk_0.FCLK_CLK_0_BUFG/O
                         net (fo=638, routed)         0.854     1.802    week5_i/PWM_gen_8bit_0/inst/i_clk
    SLICE_X5Y42          FDCE                                         r  week5_i/PWM_gen_8bit_0/inst/cnt_reg[2]/C
                         clock pessimism             -0.351     1.451    
    SLICE_X5Y42          FDCE (Remov_fdce_C_CLR)     -0.157     1.294    week5_i/PWM_gen_8bit_0/inst/cnt_reg[2]
  -------------------------------------------------------------------
                         required time                         -1.294    
                         arrival time                           2.442    
  -------------------------------------------------------------------
                         slack                                  1.148    

Slack (MET) :             1.207ns  (arrival time - required time)
  Source:                 week5_i/rst_ps7_0_100M/U0/ACTIVE_LOW_PR_OUT_DFF[0].FDRE_PER_N/C
                            (rising edge-triggered cell FDRE clocked by clk_fpga_0  {rise@0.000ns fall@5.000ns period=10.000ns})
  Destination:            week5_i/PWM_gen_8bit_0/inst/o_pwm_reg/CLR
                            (removal check against rising-edge clock clk_fpga_0  {rise@0.000ns fall@5.000ns period=10.000ns})
  Path Group:             **async_default**
  Path Type:              Removal (Min at Fast Process Corner)
  Requirement:            0.000ns  (clk_fpga_0 rise@0.000ns - clk_fpga_0 rise@0.000ns)
  Data Path Delay:        1.103ns  (logic 0.184ns (16.685%)  route 0.919ns (83.315%))
  Logic Levels:           1  (LUT1=1)
  Clock Path Skew:        0.053ns (DCD - SCD - CPR)
    Destination Clock Delay (DCD):    1.802ns
    Source Clock Delay      (SCD):    1.398ns
    Clock Pessimism Removal (CPR):    0.351ns

    Location             Delay type                Incr(ns)  Path(ns)    Netlist Resource(s)
  -------------------------------------------------------------------    -------------------
                         (clock clk_fpga_0 rise edge)
                                                      0.000     0.000 r  
    PS7_X0Y0             PS7                          0.000     0.000 r  week5_i/processing_system7_0/inst/PS7_i/FCLKCLK[0]
                         net (fo=1, routed)           0.804     0.804    week5_i/processing_system7_0/inst/FCLK_CLK_unbuffered[0]
    BUFGCTRL_X0Y16       BUFG (Prop_bufg_I_O)         0.026     0.830 r  week5_i/processing_system7_0/inst/buffer_fclk_clk_0.FCLK_CLK_0_BUFG/O
                         net (fo=638, routed)         0.568     1.398    week5_i/rst_ps7_0_100M/U0/slowest_sync_clk
    SLICE_X13Y43         FDRE                                         r  week5_i/rst_ps7_0_100M/U0/ACTIVE_LOW_PR_OUT_DFF[0].FDRE_PER_N/C
  -------------------------------------------------------------------    -------------------
    SLICE_X13Y43         FDRE (Prop_fdre_C_Q)         0.141     1.539 r  week5_i/rst_ps7_0_100M/U0/ACTIVE_LOW_PR_OUT_DFF[0].FDRE_PER_N/Q
                         net (fo=7, routed)           0.668     2.206    week5_i/PWM_gen_8bit_0/inst/i_rst
    SLICE_X5Y42          LUT1 (Prop_lut1_I0_O)        0.043     2.249 f  week5_i/PWM_gen_8bit_0/inst/o_pwm_i_1/O
                         net (fo=9, routed)           0.251     2.501    week5_i/PWM_gen_8bit_0/inst/o_pwm_i_1_n_0
    SLICE_X3Y42          FDCE                                         f  week5_i/PWM_gen_8bit_0/inst/o_pwm_reg/CLR
  -------------------------------------------------------------------    -------------------

                         (clock clk_fpga_0 rise edge)
                                                      0.000     0.000 r  
    PS7_X0Y0             PS7                          0.000     0.000 r  week5_i/processing_system7_0/inst/PS7_i/FCLKCLK[0]
                         net (fo=1, routed)           0.919     0.919    week5_i/processing_system7_0/inst/FCLK_CLK_unbuffered[0]
    BUFGCTRL_X0Y16       BUFG (Prop_bufg_I_O)         0.029     0.948 r  week5_i/processing_system7_0/inst/buffer_fclk_clk_0.FCLK_CLK_0_BUFG/O
                         net (fo=638, routed)         0.854     1.802    week5_i/PWM_gen_8bit_0/inst/i_clk
    SLICE_X3Y42          FDCE                                         r  week5_i/PWM_gen_8bit_0/inst/o_pwm_reg/C
                         clock pessimism             -0.351     1.451    
    SLICE_X3Y42          FDCE (Remov_fdce_C_CLR)     -0.157     1.294    week5_i/PWM_gen_8bit_0/inst/o_pwm_reg
  -------------------------------------------------------------------
                         required time                         -1.294    
                         arrival time                           2.501    
  -------------------------------------------------------------------
                         slack                                  1.207    

Slack (MET) :             1.211ns  (arrival time - required time)
  Source:                 week5_i/rst_ps7_0_100M/U0/ACTIVE_LOW_PR_OUT_DFF[0].FDRE_PER_N/C
                            (rising edge-triggered cell FDRE clocked by clk_fpga_0  {rise@0.000ns fall@5.000ns period=10.000ns})
  Destination:            week5_i/PWM_gen_8bit_0/inst/cnt_reg[3]/CLR
                            (removal check against rising-edge clock clk_fpga_0  {rise@0.000ns fall@5.000ns period=10.000ns})
  Path Group:             **async_default**
  Path Type:              Removal (Min at Fast Process Corner)
  Requirement:            0.000ns  (clk_fpga_0 rise@0.000ns - clk_fpga_0 rise@0.000ns)
  Data Path Delay:        1.107ns  (logic 0.184ns (16.619%)  route 0.923ns (83.381%))
  Logic Levels:           1  (LUT1=1)
  Clock Path Skew:        0.053ns (DCD - SCD - CPR)
    Destination Clock Delay (DCD):    1.802ns
    Source Clock Delay      (SCD):    1.398ns
    Clock Pessimism Removal (CPR):    0.351ns

    Location             Delay type                Incr(ns)  Path(ns)    Netlist Resource(s)
  -------------------------------------------------------------------    -------------------
                         (clock clk_fpga_0 rise edge)
                                                      0.000     0.000 r  
    PS7_X0Y0             PS7                          0.000     0.000 r  week5_i/processing_system7_0/inst/PS7_i/FCLKCLK[0]
                         net (fo=1, routed)           0.804     0.804    week5_i/processing_system7_0/inst/FCLK_CLK_unbuffered[0]
    BUFGCTRL_X0Y16       BUFG (Prop_bufg_I_O)         0.026     0.830 r  week5_i/processing_system7_0/inst/buffer_fclk_clk_0.FCLK_CLK_0_BUFG/O
                         net (fo=638, routed)         0.568     1.398    week5_i/rst_ps7_0_100M/U0/slowest_sync_clk
    SLICE_X13Y43         FDRE                                         r  week5_i/rst_ps7_0_100M/U0/ACTIVE_LOW_PR_OUT_DFF[0].FDRE_PER_N/C
  -------------------------------------------------------------------    -------------------
    SLICE_X13Y43         FDRE (Prop_fdre_C_Q)         0.141     1.539 r  week5_i/rst_ps7_0_100M/U0/ACTIVE_LOW_PR_OUT_DFF[0].FDRE_PER_N/Q
                         net (fo=7, routed)           0.668     2.206    week5_i/PWM_gen_8bit_0/inst/i_rst
    SLICE_X5Y42          LUT1 (Prop_lut1_I0_O)        0.043     2.249 f  week5_i/PWM_gen_8bit_0/inst/o_pwm_i_1/O
                         net (fo=9, routed)           0.256     2.505    week5_i/PWM_gen_8bit_0/inst/o_pwm_i_1_n_0
    SLICE_X2Y42          FDCE                                         f  week5_i/PWM_gen_8bit_0/inst/cnt_reg[3]/CLR
  -------------------------------------------------------------------    -------------------

                         (clock clk_fpga_0 rise edge)
                                                      0.000     0.000 r  
    PS7_X0Y0             PS7                          0.000     0.000 r  week5_i/processing_system7_0/inst/PS7_i/FCLKCLK[0]
                         net (fo=1, routed)           0.919     0.919    week5_i/processing_system7_0/inst/FCLK_CLK_unbuffered[0]
    BUFGCTRL_X0Y16       BUFG (Prop_bufg_I_O)         0.029     0.948 r  week5_i/processing_system7_0/inst/buffer_fclk_clk_0.FCLK_CLK_0_BUFG/O
                         net (fo=638, routed)         0.854     1.802    week5_i/PWM_gen_8bit_0/inst/i_clk
    SLICE_X2Y42          FDCE                                         r  week5_i/PWM_gen_8bit_0/inst/cnt_reg[3]/C
                         clock pessimism             -0.351     1.451    
    SLICE_X2Y42          FDCE (Remov_fdce_C_CLR)     -0.157     1.294    week5_i/PWM_gen_8bit_0/inst/cnt_reg[3]
  -------------------------------------------------------------------
                         required time                         -1.294    
                         arrival time                           2.505    
  -------------------------------------------------------------------
                         slack                                  1.211    

Slack (MET) :             1.211ns  (arrival time - required time)
  Source:                 week5_i/rst_ps7_0_100M/U0/ACTIVE_LOW_PR_OUT_DFF[0].FDRE_PER_N/C
                            (rising edge-triggered cell FDRE clocked by clk_fpga_0  {rise@0.000ns fall@5.000ns period=10.000ns})
  Destination:            week5_i/PWM_gen_8bit_0/inst/cnt_reg[4]/CLR
                            (removal check against rising-edge clock clk_fpga_0  {rise@0.000ns fall@5.000ns period=10.000ns})
  Path Group:             **async_default**
  Path Type:              Removal (Min at Fast Process Corner)
  Requirement:            0.000ns  (clk_fpga_0 rise@0.000ns - clk_fpga_0 rise@0.000ns)
  Data Path Delay:        1.107ns  (logic 0.184ns (16.619%)  route 0.923ns (83.381%))
  Logic Levels:           1  (LUT1=1)
  Clock Path Skew:        0.053ns (DCD - SCD - CPR)
    Destination Clock Delay (DCD):    1.802ns
    Source Clock Delay      (SCD):    1.398ns
    Clock Pessimism Removal (CPR):    0.351ns

    Location             Delay type                Incr(ns)  Path(ns)    Netlist Resource(s)
  -------------------------------------------------------------------    -------------------
                         (clock clk_fpga_0 rise edge)
                                                      0.000     0.000 r  
    PS7_X0Y0             PS7                          0.000     0.000 r  week5_i/processing_system7_0/inst/PS7_i/FCLKCLK[0]
                         net (fo=1, routed)           0.804     0.804    week5_i/processing_system7_0/inst/FCLK_CLK_unbuffered[0]
    BUFGCTRL_X0Y16       BUFG (Prop_bufg_I_O)         0.026     0.830 r  week5_i/processing_system7_0/inst/buffer_fclk_clk_0.FCLK_CLK_0_BUFG/O
                         net (fo=638, routed)         0.568     1.398    week5_i/rst_ps7_0_100M/U0/slowest_sync_clk
    SLICE_X13Y43         FDRE                                         r  week5_i/rst_ps7_0_100M/U0/ACTIVE_LOW_PR_OUT_DFF[0].FDRE_PER_N/C
  -------------------------------------------------------------------    -------------------
    SLICE_X13Y43         FDRE (Prop_fdre_C_Q)         0.141     1.539 r  week5_i/rst_ps7_0_100M/U0/ACTIVE_LOW_PR_OUT_DFF[0].FDRE_PER_N/Q
                         net (fo=7, routed)           0.668     2.206    week5_i/PWM_gen_8bit_0/inst/i_rst
    SLICE_X5Y42          LUT1 (Prop_lut1_I0_O)        0.043     2.249 f  week5_i/PWM_gen_8bit_0/inst/o_pwm_i_1/O
                         net (fo=9, routed)           0.256     2.505    week5_i/PWM_gen_8bit_0/inst/o_pwm_i_1_n_0
    SLICE_X2Y42          FDCE                                         f  week5_i/PWM_gen_8bit_0/inst/cnt_reg[4]/CLR
  -------------------------------------------------------------------    -------------------

                         (clock clk_fpga_0 rise edge)
                                                      0.000     0.000 r  
    PS7_X0Y0             PS7                          0.000     0.000 r  week5_i/processing_system7_0/inst/PS7_i/FCLKCLK[0]
                         net (fo=1, routed)           0.919     0.919    week5_i/processing_system7_0/inst/FCLK_CLK_unbuffered[0]
    BUFGCTRL_X0Y16       BUFG (Prop_bufg_I_O)         0.029     0.948 r  week5_i/processing_system7_0/inst/buffer_fclk_clk_0.FCLK_CLK_0_BUFG/O
                         net (fo=638, routed)         0.854     1.802    week5_i/PWM_gen_8bit_0/inst/i_clk
    SLICE_X2Y42          FDCE                                         r  week5_i/PWM_gen_8bit_0/inst/cnt_reg[4]/C
                         clock pessimism             -0.351     1.451    
    SLICE_X2Y42          FDCE (Remov_fdce_C_CLR)     -0.157     1.294    week5_i/PWM_gen_8bit_0/inst/cnt_reg[4]
  -------------------------------------------------------------------
                         required time                         -1.294    
                         arrival time                           2.505    
  -------------------------------------------------------------------
                         slack                                  1.211    

Slack (MET) :             1.211ns  (arrival time - required time)
  Source:                 week5_i/rst_ps7_0_100M/U0/ACTIVE_LOW_PR_OUT_DFF[0].FDRE_PER_N/C
                            (rising edge-triggered cell FDRE clocked by clk_fpga_0  {rise@0.000ns fall@5.000ns period=10.000ns})
  Destination:            week5_i/PWM_gen_8bit_0/inst/cnt_reg[5]/CLR
                            (removal check against rising-edge clock clk_fpga_0  {rise@0.000ns fall@5.000ns period=10.000ns})
  Path Group:             **async_default**
  Path Type:              Removal (Min at Fast Process Corner)
  Requirement:            0.000ns  (clk_fpga_0 rise@0.000ns - clk_fpga_0 rise@0.000ns)
  Data Path Delay:        1.107ns  (logic 0.184ns (16.619%)  route 0.923ns (83.381%))
  Logic Levels:           1  (LUT1=1)
  Clock Path Skew:        0.053ns (DCD - SCD - CPR)
    Destination Clock Delay (DCD):    1.802ns
    Source Clock Delay      (SCD):    1.398ns
    Clock Pessimism Removal (CPR):    0.351ns

    Location             Delay type                Incr(ns)  Path(ns)    Netlist Resource(s)
  -------------------------------------------------------------------    -------------------
                         (clock clk_fpga_0 rise edge)
                                                      0.000     0.000 r  
    PS7_X0Y0             PS7                          0.000     0.000 r  week5_i/processing_system7_0/inst/PS7_i/FCLKCLK[0]
                         net (fo=1, routed)           0.804     0.804    week5_i/processing_system7_0/inst/FCLK_CLK_unbuffered[0]
    BUFGCTRL_X0Y16       BUFG (Prop_bufg_I_O)         0.026     0.830 r  week5_i/processing_system7_0/inst/buffer_fclk_clk_0.FCLK_CLK_0_BUFG/O
                         net (fo=638, routed)         0.568     1.398    week5_i/rst_ps7_0_100M/U0/slowest_sync_clk
    SLICE_X13Y43         FDRE                                         r  week5_i/rst_ps7_0_100M/U0/ACTIVE_LOW_PR_OUT_DFF[0].FDRE_PER_N/C
  -------------------------------------------------------------------    -------------------
    SLICE_X13Y43         FDRE (Prop_fdre_C_Q)         0.141     1.539 r  week5_i/rst_ps7_0_100M/U0/ACTIVE_LOW_PR_OUT_DFF[0].FDRE_PER_N/Q
                         net (fo=7, routed)           0.668     2.206    week5_i/PWM_gen_8bit_0/inst/i_rst
    SLICE_X5Y42          LUT1 (Prop_lut1_I0_O)        0.043     2.249 f  week5_i/PWM_gen_8bit_0/inst/o_pwm_i_1/O
                         net (fo=9, routed)           0.256     2.505    week5_i/PWM_gen_8bit_0/inst/o_pwm_i_1_n_0
    SLICE_X2Y42          FDCE                                         f  week5_i/PWM_gen_8bit_0/inst/cnt_reg[5]/CLR
  -------------------------------------------------------------------    -------------------

                         (clock clk_fpga_0 rise edge)
                                                      0.000     0.000 r  
    PS7_X0Y0             PS7                          0.000     0.000 r  week5_i/processing_system7_0/inst/PS7_i/FCLKCLK[0]
                         net (fo=1, routed)           0.919     0.919    week5_i/processing_system7_0/inst/FCLK_CLK_unbuffered[0]
    BUFGCTRL_X0Y16       BUFG (Prop_bufg_I_O)         0.029     0.948 r  week5_i/processing_system7_0/inst/buffer_fclk_clk_0.FCLK_CLK_0_BUFG/O
                         net (fo=638, routed)         0.854     1.802    week5_i/PWM_gen_8bit_0/inst/i_clk
    SLICE_X2Y42          FDCE                                         r  week5_i/PWM_gen_8bit_0/inst/cnt_reg[5]/C
                         clock pessimism             -0.351     1.451    
    SLICE_X2Y42          FDCE (Remov_fdce_C_CLR)     -0.157     1.294    week5_i/PWM_gen_8bit_0/inst/cnt_reg[5]
  -------------------------------------------------------------------
                         required time                         -1.294    
                         arrival time                           2.505    
  -------------------------------------------------------------------
                         slack                                  1.211    

Slack (MET) :             1.211ns  (arrival time - required time)
  Source:                 week5_i/rst_ps7_0_100M/U0/ACTIVE_LOW_PR_OUT_DFF[0].FDRE_PER_N/C
                            (rising edge-triggered cell FDRE clocked by clk_fpga_0  {rise@0.000ns fall@5.000ns period=10.000ns})
  Destination:            week5_i/PWM_gen_8bit_0/inst/cnt_reg[6]/CLR
                            (removal check against rising-edge clock clk_fpga_0  {rise@0.000ns fall@5.000ns period=10.000ns})
  Path Group:             **async_default**
  Path Type:              Removal (Min at Fast Process Corner)
  Requirement:            0.000ns  (clk_fpga_0 rise@0.000ns - clk_fpga_0 rise@0.000ns)
  Data Path Delay:        1.107ns  (logic 0.184ns (16.619%)  route 0.923ns (83.381%))
  Logic Levels:           1  (LUT1=1)
  Clock Path Skew:        0.053ns (DCD - SCD - CPR)
    Destination Clock Delay (DCD):    1.802ns
    Source Clock Delay      (SCD):    1.398ns
    Clock Pessimism Removal (CPR):    0.351ns

    Location             Delay type                Incr(ns)  Path(ns)    Netlist Resource(s)
  -------------------------------------------------------------------    -------------------
                         (clock clk_fpga_0 rise edge)
                                                      0.000     0.000 r  
    PS7_X0Y0             PS7                          0.000     0.000 r  week5_i/processing_system7_0/inst/PS7_i/FCLKCLK[0]
                         net (fo=1, routed)           0.804     0.804    week5_i/processing_system7_0/inst/FCLK_CLK_unbuffered[0]
    BUFGCTRL_X0Y16       BUFG (Prop_bufg_I_O)         0.026     0.830 r  week5_i/processing_system7_0/inst/buffer_fclk_clk_0.FCLK_CLK_0_BUFG/O
                         net (fo=638, routed)         0.568     1.398    week5_i/rst_ps7_0_100M/U0/slowest_sync_clk
    SLICE_X13Y43         FDRE                                         r  week5_i/rst_ps7_0_100M/U0/ACTIVE_LOW_PR_OUT_DFF[0].FDRE_PER_N/C
  -------------------------------------------------------------------    -------------------
    SLICE_X13Y43         FDRE (Prop_fdre_C_Q)         0.141     1.539 r  week5_i/rst_ps7_0_100M/U0/ACTIVE_LOW_PR_OUT_DFF[0].FDRE_PER_N/Q
                         net (fo=7, routed)           0.668     2.206    week5_i/PWM_gen_8bit_0/inst/i_rst
    SLICE_X5Y42          LUT1 (Prop_lut1_I0_O)        0.043     2.249 f  week5_i/PWM_gen_8bit_0/inst/o_pwm_i_1/O
                         net (fo=9, routed)           0.256     2.505    week5_i/PWM_gen_8bit_0/inst/o_pwm_i_1_n_0
    SLICE_X2Y42          FDCE                                         f  week5_i/PWM_gen_8bit_0/inst/cnt_reg[6]/CLR
  -------------------------------------------------------------------    -------------------

                         (clock clk_fpga_0 rise edge)
                                                      0.000     0.000 r  
    PS7_X0Y0             PS7                          0.000     0.000 r  week5_i/processing_system7_0/inst/PS7_i/FCLKCLK[0]
                         net (fo=1, routed)           0.919     0.919    week5_i/processing_system7_0/inst/FCLK_CLK_unbuffered[0]
    BUFGCTRL_X0Y16       BUFG (Prop_bufg_I_O)         0.029     0.948 r  week5_i/processing_system7_0/inst/buffer_fclk_clk_0.FCLK_CLK_0_BUFG/O
                         net (fo=638, routed)         0.854     1.802    week5_i/PWM_gen_8bit_0/inst/i_clk
    SLICE_X2Y42          FDCE                                         r  week5_i/PWM_gen_8bit_0/inst/cnt_reg[6]/C
                         clock pessimism             -0.351     1.451    
    SLICE_X2Y42          FDCE (Remov_fdce_C_CLR)     -0.157     1.294    week5_i/PWM_gen_8bit_0/inst/cnt_reg[6]
  -------------------------------------------------------------------
                         required time                         -1.294    
                         arrival time                           2.505    
  -------------------------------------------------------------------
                         slack                                  1.211    

Slack (MET) :             1.211ns  (arrival time - required time)
  Source:                 week5_i/rst_ps7_0_100M/U0/ACTIVE_LOW_PR_OUT_DFF[0].FDRE_PER_N/C
                            (rising edge-triggered cell FDRE clocked by clk_fpga_0  {rise@0.000ns fall@5.000ns period=10.000ns})
  Destination:            week5_i/PWM_gen_8bit_0/inst/cnt_reg[7]/CLR
                            (removal check against rising-edge clock clk_fpga_0  {rise@0.000ns fall@5.000ns period=10.000ns})
  Path Group:             **async_default**
  Path Type:              Removal (Min at Fast Process Corner)
  Requirement:            0.000ns  (clk_fpga_0 rise@0.000ns - clk_fpga_0 rise@0.000ns)
  Data Path Delay:        1.107ns  (logic 0.184ns (16.619%)  route 0.923ns (83.381%))
  Logic Levels:           1  (LUT1=1)
  Clock Path Skew:        0.053ns (DCD - SCD - CPR)
    Destination Clock Delay (DCD):    1.802ns
    Source Clock Delay      (SCD):    1.398ns
    Clock Pessimism Removal (CPR):    0.351ns

    Location             Delay type                Incr(ns)  Path(ns)    Netlist Resource(s)
  -------------------------------------------------------------------    -------------------
                         (clock clk_fpga_0 rise edge)
                                                      0.000     0.000 r  
    PS7_X0Y0             PS7                          0.000     0.000 r  week5_i/processing_system7_0/inst/PS7_i/FCLKCLK[0]
                         net (fo=1, routed)           0.804     0.804    week5_i/processing_system7_0/inst/FCLK_CLK_unbuffered[0]
    BUFGCTRL_X0Y16       BUFG (Prop_bufg_I_O)         0.026     0.830 r  week5_i/processing_system7_0/inst/buffer_fclk_clk_0.FCLK_CLK_0_BUFG/O
                         net (fo=638, routed)         0.568     1.398    week5_i/rst_ps7_0_100M/U0/slowest_sync_clk
    SLICE_X13Y43         FDRE                                         r  week5_i/rst_ps7_0_100M/U0/ACTIVE_LOW_PR_OUT_DFF[0].FDRE_PER_N/C
  -------------------------------------------------------------------    -------------------
    SLICE_X13Y43         FDRE (Prop_fdre_C_Q)         0.141     1.539 r  week5_i/rst_ps7_0_100M/U0/ACTIVE_LOW_PR_OUT_DFF[0].FDRE_PER_N/Q
                         net (fo=7, routed)           0.668     2.206    week5_i/PWM_gen_8bit_0/inst/i_rst
    SLICE_X5Y42          LUT1 (Prop_lut1_I0_O)        0.043     2.249 f  week5_i/PWM_gen_8bit_0/inst/o_pwm_i_1/O
                         net (fo=9, routed)           0.256     2.505    week5_i/PWM_gen_8bit_0/inst/o_pwm_i_1_n_0
    SLICE_X2Y42          FDCE                                         f  week5_i/PWM_gen_8bit_0/inst/cnt_reg[7]/CLR
  -------------------------------------------------------------------    -------------------

                         (clock clk_fpga_0 rise edge)
                                                      0.000     0.000 r  
    PS7_X0Y0             PS7                          0.000     0.000 r  week5_i/processing_system7_0/inst/PS7_i/FCLKCLK[0]
                         net (fo=1, routed)           0.919     0.919    week5_i/processing_system7_0/inst/FCLK_CLK_unbuffered[0]
    BUFGCTRL_X0Y16       BUFG (Prop_bufg_I_O)         0.029     0.948 r  week5_i/processing_system7_0/inst/buffer_fclk_clk_0.FCLK_CLK_0_BUFG/O
                         net (fo=638, routed)         0.854     1.802    week5_i/PWM_gen_8bit_0/inst/i_clk
    SLICE_X2Y42          FDCE                                         r  week5_i/PWM_gen_8bit_0/inst/cnt_reg[7]/C
                         clock pessimism             -0.351     1.451    
    SLICE_X2Y42          FDCE (Remov_fdce_C_CLR)     -0.157     1.294    week5_i/PWM_gen_8bit_0/inst/cnt_reg[7]
  -------------------------------------------------------------------
                         required time                         -1.294    
                         arrival time                           2.505    
  -------------------------------------------------------------------
                         slack                                  1.211    





--------------------------------------------------------------------------------------
Path Group:  (none)
From Clock:  
  To Clock:  clk_fpga_0

Max Delay             1 Endpoint
Min Delay             1 Endpoint
--------------------------------------------------------------------------------------


Max Delay Paths
--------------------------------------------------------------------------------------
Slack:                    inf
  Source:                 week5_i/processing_system7_0/inst/PS7_i/FCLKRESETN[0]
                            (internal pin)
  Destination:            week5_i/rst_ps7_0_100M/U0/EXT_LPF/ACTIVE_LOW_EXT.ACT_LO_EXT/GENERATE_LEVEL_P_S_CDC.SINGLE_BIT.CROSS_PLEVEL_IN2SCNDRY_IN_cdc_to/D
                            (rising edge-triggered cell FDRE clocked by clk_fpga_0  {rise@0.000ns fall@5.000ns period=10.000ns})
  Path Group:             (none)
  Path Type:              Setup (Max at Slow Process Corner)
  Data Path Delay:        1.838ns  (logic 0.124ns (6.745%)  route 1.714ns (93.255%))
  Logic Levels:           1  (LUT1=1)
  Clock Uncertainty:      0.152ns  ((TSJ^2 + TIJ^2)^1/2 + DJ) / 2 + PE
    Total System Jitter     (TSJ):    0.050ns
    Total Input Jitter      (TIJ):    0.300ns
    Discrete Jitter          (DJ):    0.000ns
    Phase Error              (PE):    0.000ns
  Timing Exception:       False Path

    Location             Delay type                Incr(ns)  Path(ns)    Netlist Resource(s)
  -------------------------------------------------------------------    -------------------
    PS7_X0Y0             PS7                          0.000     0.000 f  week5_i/processing_system7_0/inst/PS7_i/FCLKRESETN[0]
                         net (fo=1, routed)           1.714     1.714    week5_i/rst_ps7_0_100M/U0/EXT_LPF/ACTIVE_LOW_EXT.ACT_LO_EXT/ext_reset_in
    SLICE_X16Y39         LUT1 (Prop_lut1_I0_O)        0.124     1.838 r  week5_i/rst_ps7_0_100M/U0/EXT_LPF/ACTIVE_LOW_EXT.ACT_LO_EXT/GENERATE_LEVEL_P_S_CDC.SINGLE_BIT.CROSS_PLEVEL_IN2SCNDRY_IN_cdc_to_i_1/O
                         net (fo=1, routed)           0.000     1.838    week5_i/rst_ps7_0_100M/U0/EXT_LPF/ACTIVE_LOW_EXT.ACT_LO_EXT/exr_d1
    SLICE_X16Y39         FDRE                                         r  week5_i/rst_ps7_0_100M/U0/EXT_LPF/ACTIVE_LOW_EXT.ACT_LO_EXT/GENERATE_LEVEL_P_S_CDC.SINGLE_BIT.CROSS_PLEVEL_IN2SCNDRY_IN_cdc_to/D
  -------------------------------------------------------------------    -------------------

                         (clock clk_fpga_0 rise edge)
                                                      0.000     0.000 r  
    PS7_X0Y0             PS7                          0.000     0.000 r  week5_i/processing_system7_0/inst/PS7_i/FCLKCLK[0]
                         net (fo=1, routed)           1.666     1.666    week5_i/processing_system7_0/inst/FCLK_CLK_unbuffered[0]
    BUFGCTRL_X0Y16       BUFG (Prop_bufg_I_O)         0.091     1.757 r  week5_i/processing_system7_0/inst/buffer_fclk_clk_0.FCLK_CLK_0_BUFG/O
                         net (fo=638, routed)         1.501     3.259    week5_i/rst_ps7_0_100M/U0/EXT_LPF/ACTIVE_LOW_EXT.ACT_LO_EXT/slowest_sync_clk
    SLICE_X16Y39         FDRE                                         r  week5_i/rst_ps7_0_100M/U0/EXT_LPF/ACTIVE_LOW_EXT.ACT_LO_EXT/GENERATE_LEVEL_P_S_CDC.SINGLE_BIT.CROSS_PLEVEL_IN2SCNDRY_IN_cdc_to/C





Min Delay Paths
--------------------------------------------------------------------------------------
Slack:                    inf
  Source:                 week5_i/processing_system7_0/inst/PS7_i/FCLKRESETN[0]
                            (internal pin)
  Destination:            week5_i/rst_ps7_0_100M/U0/EXT_LPF/ACTIVE_LOW_EXT.ACT_LO_EXT/GENERATE_LEVEL_P_S_CDC.SINGLE_BIT.CROSS_PLEVEL_IN2SCNDRY_IN_cdc_to/D
                            (rising edge-triggered cell FDRE clocked by clk_fpga_0  {rise@0.000ns fall@5.000ns period=10.000ns})
  Path Group:             (none)
  Path Type:              Hold (Min at Fast Process Corner)
  Data Path Delay:        0.795ns  (logic 0.045ns (5.658%)  route 0.750ns (94.342%))
  Logic Levels:           1  (LUT1=1)
  Clock Uncertainty:      0.152ns  ((TSJ^2 + TIJ^2)^1/2 + DJ) / 2 + PE
    Total System Jitter     (TSJ):    0.050ns
    Total Input Jitter      (TIJ):    0.300ns
    Discrete Jitter          (DJ):    0.000ns
    Phase Error              (PE):    0.000ns
  Timing Exception:       False Path

    Location             Delay type                Incr(ns)  Path(ns)    Netlist Resource(s)
  -------------------------------------------------------------------    -------------------
    PS7_X0Y0             PS7                          0.000     0.000 f  week5_i/processing_system7_0/inst/PS7_i/FCLKRESETN[0]
                         net (fo=1, routed)           0.750     0.750    week5_i/rst_ps7_0_100M/U0/EXT_LPF/ACTIVE_LOW_EXT.ACT_LO_EXT/ext_reset_in
    SLICE_X16Y39         LUT1 (Prop_lut1_I0_O)        0.045     0.795 r  week5_i/rst_ps7_0_100M/U0/EXT_LPF/ACTIVE_LOW_EXT.ACT_LO_EXT/GENERATE_LEVEL_P_S_CDC.SINGLE_BIT.CROSS_PLEVEL_IN2SCNDRY_IN_cdc_to_i_1/O
                         net (fo=1, routed)           0.000     0.795    week5_i/rst_ps7_0_100M/U0/EXT_LPF/ACTIVE_LOW_EXT.ACT_LO_EXT/exr_d1
    SLICE_X16Y39         FDRE                                         r  week5_i/rst_ps7_0_100M/U0/EXT_LPF/ACTIVE_LOW_EXT.ACT_LO_EXT/GENERATE_LEVEL_P_S_CDC.SINGLE_BIT.CROSS_PLEVEL_IN2SCNDRY_IN_cdc_to/D
  -------------------------------------------------------------------    -------------------

                         (clock clk_fpga_0 rise edge)
                                                      0.000     0.000 r  
    PS7_X0Y0             PS7                          0.000     0.000 r  week5_i/processing_system7_0/inst/PS7_i/FCLKCLK[0]
                         net (fo=1, routed)           0.919     0.919    week5_i/processing_system7_0/inst/FCLK_CLK_unbuffered[0]
    BUFGCTRL_X0Y16       BUFG (Prop_bufg_I_O)         0.029     0.948 r  week5_i/processing_system7_0/inst/buffer_fclk_clk_0.FCLK_CLK_0_BUFG/O
                         net (fo=638, routed)         0.831     1.779    week5_i/rst_ps7_0_100M/U0/EXT_LPF/ACTIVE_LOW_EXT.ACT_LO_EXT/slowest_sync_clk
    SLICE_X16Y39         FDRE                                         r  week5_i/rst_ps7_0_100M/U0/EXT_LPF/ACTIVE_LOW_EXT.ACT_LO_EXT/GENERATE_LEVEL_P_S_CDC.SINGLE_BIT.CROSS_PLEVEL_IN2SCNDRY_IN_cdc_to/C





--------------------------------------------------------------------------------------
Path Group:  (none)
From Clock:  clk_fpga_0
  To Clock:  

Max Delay             1 Endpoint
Min Delay             1 Endpoint
--------------------------------------------------------------------------------------


Max Delay Paths
--------------------------------------------------------------------------------------
Slack:                    inf
  Source:                 week5_i/PWM_gen_8bit_0/inst/o_pwm_reg/C
                            (rising edge-triggered cell FDCE clocked by clk_fpga_0  {rise@0.000ns fall@5.000ns period=10.000ns})
  Destination:            o_pwm
                            (output port)
  Path Group:             (none)
  Path Type:              Max at Slow Process Corner
  Data Path Delay:        8.006ns  (logic 3.984ns (49.759%)  route 4.022ns (50.241%))
  Logic Levels:           1  (OBUF=1)
  Clock Uncertainty:      0.152ns  ((TSJ^2 + TIJ^2)^1/2 + DJ) / 2 + PE
    Total System Jitter     (TSJ):    0.050ns
    Total Input Jitter      (TIJ):    0.300ns
    Discrete Jitter          (DJ):    0.000ns
    Phase Error              (PE):    0.000ns

    Location             Delay type                Incr(ns)  Path(ns)    Netlist Resource(s)
  -------------------------------------------------------------------    -------------------
                         (clock clk_fpga_0 rise edge)
                                                      0.000     0.000 r  
    PS7_X0Y0             PS7                          0.000     0.000 r  week5_i/processing_system7_0/inst/PS7_i/FCLKCLK[0]
                         net (fo=1, routed)           1.938     1.938    week5_i/processing_system7_0/inst/FCLK_CLK_unbuffered[0]
    BUFGCTRL_X0Y16       BUFG (Prop_bufg_I_O)         0.101     2.039 r  week5_i/processing_system7_0/inst/buffer_fclk_clk_0.FCLK_CLK_0_BUFG/O
                         net (fo=638, routed)         1.730     3.769    week5_i/PWM_gen_8bit_0/inst/i_clk
    SLICE_X3Y42          FDCE                                         r  week5_i/PWM_gen_8bit_0/inst/o_pwm_reg/C
  -------------------------------------------------------------------    -------------------
    SLICE_X3Y42          FDCE (Prop_fdce_C_Q)         0.456     4.225 r  week5_i/PWM_gen_8bit_0/inst/o_pwm_reg/Q
                         net (fo=1, routed)           4.022     8.248    o_pwm_OBUF
    W18                  OBUF (Prop_obuf_I_O)         3.528    11.775 r  o_pwm_OBUF_inst/O
                         net (fo=0)                   0.000    11.775    o_pwm
    W18                                                               r  o_pwm (OUT)
  -------------------------------------------------------------------    -------------------





Min Delay Paths
--------------------------------------------------------------------------------------
Slack:                    inf
  Source:                 week5_i/PWM_gen_8bit_0/inst/o_pwm_reg/C
                            (rising edge-triggered cell FDCE clocked by clk_fpga_0  {rise@0.000ns fall@5.000ns period=10.000ns})
  Destination:            o_pwm
                            (output port)
  Path Group:             (none)
  Path Type:              Min at Fast Process Corner
  Data Path Delay:        2.832ns  (logic 1.370ns (48.364%)  route 1.462ns (51.636%))
  Logic Levels:           1  (OBUF=1)
  Clock Uncertainty:      0.152ns  ((TSJ^2 + TIJ^2)^1/2 + DJ) / 2 + PE
    Total System Jitter     (TSJ):    0.050ns
    Total Input Jitter      (TIJ):    0.300ns
    Discrete Jitter          (DJ):    0.000ns
    Phase Error              (PE):    0.000ns

    Location             Delay type                Incr(ns)  Path(ns)    Netlist Resource(s)
  -------------------------------------------------------------------    -------------------
                         (clock clk_fpga_0 rise edge)
                                                      0.000     0.000 r  
    PS7_X0Y0             PS7                          0.000     0.000 r  week5_i/processing_system7_0/inst/PS7_i/FCLKCLK[0]
                         net (fo=1, routed)           0.804     0.804    week5_i/processing_system7_0/inst/FCLK_CLK_unbuffered[0]
    BUFGCTRL_X0Y16       BUFG (Prop_bufg_I_O)         0.026     0.830 r  week5_i/processing_system7_0/inst/buffer_fclk_clk_0.FCLK_CLK_0_BUFG/O
                         net (fo=638, routed)         0.586     1.416    week5_i/PWM_gen_8bit_0/inst/i_clk
    SLICE_X3Y42          FDCE                                         r  week5_i/PWM_gen_8bit_0/inst/o_pwm_reg/C
  -------------------------------------------------------------------    -------------------
    SLICE_X3Y42          FDCE (Prop_fdce_C_Q)         0.141     1.557 r  week5_i/PWM_gen_8bit_0/inst/o_pwm_reg/Q
                         net (fo=1, routed)           1.462     3.019    o_pwm_OBUF
    W18                  OBUF (Prop_obuf_I_O)         1.229     4.248 r  o_pwm_OBUF_inst/O
                         net (fo=0)                   0.000     4.248    o_pwm
    W18                                                               r  o_pwm (OUT)
  -------------------------------------------------------------------    -------------------





