Copyright 1986-2022 Xilinx, Inc. All Rights Reserved.
------------------------------------------------------------------------------------------------------------------------------------------------------------------------------------------------------------
| Tool Version : Vivado v.2022.1 (win64) Build 3526262 Mon Apr 18 15:48:16 MDT 2022
| Date         : Wed Oct 22 18:01:40 2025
| Host         : BOOK-PI4T4K8H7V running 64-bit major release  (build 9200)
| Command      : report_timing_summary -max_paths 10 -report_unconstrained -file week8_timing_summary_routed.rpt -pb week8_timing_summary_routed.pb -rpx week8_timing_summary_routed.rpx -warn_on_violation
| Design       : week8
| Device       : 7a100t-csg324
| Speed File   : -1  PRODUCTION 1.23 2018-06-13
------------------------------------------------------------------------------------------------------------------------------------------------------------------------------------------------------------

Timing Summary Report

------------------------------------------------------------------------------------------------
| Timer Settings
| --------------
------------------------------------------------------------------------------------------------

  Enable Multi Corner Analysis               :  Yes
  Enable Pessimism Removal                   :  Yes
  Pessimism Removal Resolution               :  Nearest Common Node
  Enable Input Delay Default Clock           :  No
  Enable Preset / Clear Arcs                 :  No
  Disable Flight Delays                      :  No
  Ignore I/O Paths                           :  No
  Timing Early Launch at Borrowing Latches   :  No
  Borrow Time for Max Delay Exceptions       :  Yes
  Merge Timing Exceptions                    :  Yes

  Corner  Analyze    Analyze    
  Name    Max Paths  Min Paths  
  ------  ---------  ---------  
  Slow    Yes        Yes        
  Fast    Yes        Yes        


------------------------------------------------------------------------------------------------
| Report Methodology
| ------------------
------------------------------------------------------------------------------------------------

Rule       Severity  Description                    Violations  
---------  --------  -----------------------------  ----------  
TIMING-18  Warning   Missing input or output delay  10          

Note: This report is based on the most recent report_methodology run and may not be up-to-date. Run report_methodology on the current design for the latest report.



check_timing report

Table of Contents
-----------------
1. checking no_clock (0)
2. checking constant_clock (0)
3. checking pulse_width_clock (0)
4. checking unconstrained_internal_endpoints (0)
5. checking no_input_delay (2)
6. checking no_output_delay (8)
7. checking multiple_clock (0)
8. checking generated_clocks (0)
9. checking loops (0)
10. checking partial_input_delay (0)
11. checking partial_output_delay (0)
12. checking latch_loops (0)

1. checking no_clock (0)
------------------------
 There are 0 register/latch pins with no clock.


2. checking constant_clock (0)
------------------------------
 There are 0 register/latch pins with constant_clock.


3. checking pulse_width_clock (0)
---------------------------------
 There are 0 register/latch pins which need pulse_width check


4. checking unconstrained_internal_endpoints (0)
------------------------------------------------
 There are 0 pins that are not constrained for maximum delay.

 There are 0 pins that are not constrained for maximum delay due to constant clock.


5. checking no_input_delay (2)
------------------------------
 There are 2 input ports with no input delay specified. (HIGH)

 There are 0 input ports with no input delay but user has a false path constraint.


6. checking no_output_delay (8)
-------------------------------
 There are 8 ports with no output delay specified. (HIGH)

 There are 0 ports with no output delay but user has a false path constraint

 There are 0 ports with no output delay but with a timing clock defined on it or propagating through it


7. checking multiple_clock (0)
------------------------------
 There are 0 register/latch pins with multiple clocks.


8. checking generated_clocks (0)
--------------------------------
 There are 0 generated clocks that are not connected to a clock source.


9. checking loops (0)
---------------------
 There are 0 combinational loops in the design.


10. checking partial_input_delay (0)
------------------------------------
 There are 0 input ports with partial input delay specified.


11. checking partial_output_delay (0)
-------------------------------------
 There are 0 ports with partial output delay specified.


12. checking latch_loops (0)
----------------------------
 There are 0 combinational latch loops in the design through latch input



------------------------------------------------------------------------------------------------
| Design Timing Summary
| ---------------------
------------------------------------------------------------------------------------------------

    WNS(ns)      TNS(ns)  TNS Failing Endpoints  TNS Total Endpoints      WHS(ns)      THS(ns)  THS Failing Endpoints  THS Total Endpoints     WPWS(ns)     TPWS(ns)  TPWS Failing Endpoints  TPWS Total Endpoints  
    -------      -------  ---------------------  -------------------      -------      -------  ---------------------  -------------------     --------     --------  ----------------------  --------------------  
      5.429        0.000                      0                   31        0.260        0.000                      0                   31        4.500        0.000                       0                    32  


All user specified timing constraints are met.


------------------------------------------------------------------------------------------------
| Clock Summary
| -------------
------------------------------------------------------------------------------------------------

Clock        Waveform(ns)       Period(ns)      Frequency(MHz)
-----        ------------       ----------      --------------
sys_clk_pin  {0.000 5.000}      10.000          100.000         


------------------------------------------------------------------------------------------------
| Intra Clock Table
| -----------------
------------------------------------------------------------------------------------------------

Clock             WNS(ns)      TNS(ns)  TNS Failing Endpoints  TNS Total Endpoints      WHS(ns)      THS(ns)  THS Failing Endpoints  THS Total Endpoints     WPWS(ns)     TPWS(ns)  TPWS Failing Endpoints  TPWS Total Endpoints  
-----             -------      -------  ---------------------  -------------------      -------      -------  ---------------------  -------------------     --------     --------  ----------------------  --------------------  
sys_clk_pin         5.429        0.000                      0                   31        0.260        0.000                      0                   31        4.500        0.000                       0                    32  


------------------------------------------------------------------------------------------------
| Inter Clock Table
| -----------------
------------------------------------------------------------------------------------------------

From Clock    To Clock          WNS(ns)      TNS(ns)  TNS Failing Endpoints  TNS Total Endpoints      WHS(ns)      THS(ns)  THS Failing Endpoints  THS Total Endpoints  
----------    --------          -------      -------  ---------------------  -------------------      -------      -------  ---------------------  -------------------  


------------------------------------------------------------------------------------------------
| Other Path Groups Table
| -----------------------
------------------------------------------------------------------------------------------------

Path Group    From Clock    To Clock          WNS(ns)      TNS(ns)  TNS Failing Endpoints  TNS Total Endpoints      WHS(ns)      THS(ns)  THS Failing Endpoints  THS Total Endpoints  
----------    ----------    --------          -------      -------  ---------------------  -------------------      -------      -------  ---------------------  -------------------  


------------------------------------------------------------------------------------------------
| User Ignored Path Table
| -----------------------
------------------------------------------------------------------------------------------------

Path Group    From Clock    To Clock    
----------    ----------    --------    


------------------------------------------------------------------------------------------------
| Unconstrained Path Table
| ------------------------
------------------------------------------------------------------------------------------------

Path Group    From Clock    To Clock    
----------    ----------    --------    
(none)                                    
(none)        sys_clk_pin                 
(none)                      sys_clk_pin   


------------------------------------------------------------------------------------------------
| Timing Details
| --------------
------------------------------------------------------------------------------------------------


---------------------------------------------------------------------------------------------------
From Clock:  sys_clk_pin
  To Clock:  sys_clk_pin

Setup :            0  Failing Endpoints,  Worst Slack        5.429ns,  Total Violation        0.000ns
Hold  :            0  Failing Endpoints,  Worst Slack        0.260ns,  Total Violation        0.000ns
PW    :            0  Failing Endpoints,  Worst Slack        4.500ns,  Total Violation        0.000ns
---------------------------------------------------------------------------------------------------


Max Delay Paths
--------------------------------------------------------------------------------------
Slack (MET) :             5.429ns  (required time - arrival time)
  Source:                 r_cnt_reg[16]/C
                            (rising edge-triggered cell FDCE clocked by sys_clk_pin  {rise@0.000ns fall@5.000ns period=10.000ns})
  Destination:            r_cnt_reg[27]/D
                            (rising edge-triggered cell FDCE clocked by sys_clk_pin  {rise@0.000ns fall@5.000ns period=10.000ns})
  Path Group:             sys_clk_pin
  Path Type:              Setup (Max at Slow Process Corner)
  Requirement:            10.000ns  (sys_clk_pin rise@10.000ns - sys_clk_pin rise@0.000ns)
  Data Path Delay:        4.430ns  (logic 1.058ns (23.880%)  route 3.372ns (76.120%))
  Logic Levels:           3  (LUT4=1 LUT5=2)
  Clock Path Skew:        -0.137ns (DCD - SCD + CPR)
    Destination Clock Delay (DCD):    5.012ns = ( 15.012 - 10.000 ) 
    Source Clock Delay      (SCD):    5.329ns
    Clock Pessimism Removal (CPR):    0.180ns
  Clock Uncertainty:      0.035ns  ((TSJ^2 + TIJ^2)^1/2 + DJ) / 2 + PE
    Total System Jitter     (TSJ):    0.071ns
    Total Input Jitter      (TIJ):    0.000ns
    Discrete Jitter          (DJ):    0.000ns
    Phase Error              (PE):    0.000ns

    Location             Delay type                Incr(ns)  Path(ns)    Netlist Resource(s)
  -------------------------------------------------------------------    -------------------
                         (clock sys_clk_pin rise edge)
                                                      0.000     0.000 r  
    E3                                                0.000     0.000 r  i_clk (IN)
                         net (fo=0)                   0.000     0.000    i_clk
    E3                   IBUF (Prop_ibuf_I_O)         1.482     1.482 r  i_clk_IBUF_inst/O
                         net (fo=1, routed)           2.025     3.506    i_clk_IBUF
    BUFGCTRL_X0Y16       BUFG (Prop_bufg_I_O)         0.096     3.602 r  i_clk_IBUF_BUFG_inst/O
                         net (fo=31, routed)          1.726     5.329    i_clk_IBUF_BUFG
    SLICE_X3Y97          FDCE                                         r  r_cnt_reg[16]/C
  -------------------------------------------------------------------    -------------------
    SLICE_X3Y97          FDCE (Prop_fdce_C_Q)         0.456     5.785 f  r_cnt_reg[16]/Q
                         net (fo=2, routed)           0.871     6.656    sel0[16]
    SLICE_X3Y98          LUT4 (Prop_lut4_I0_O)        0.124     6.780 r  r_cnt[27]_i_7/O
                         net (fo=2, routed)           0.996     7.776    r_cnt[27]_i_7_n_0
    SLICE_X3Y96          LUT5 (Prop_lut5_I4_O)        0.152     7.928 r  r_cnt[27]_i_4/O
                         net (fo=29, routed)          1.505     9.433    r_cnt[27]_i_4_n_0
    SLICE_X3Y100         LUT5 (Prop_lut5_I2_O)        0.326     9.759 r  r_cnt[27]_i_1/O
                         net (fo=1, routed)           0.000     9.759    p_0_in[27]
    SLICE_X3Y100         FDCE                                         r  r_cnt_reg[27]/D
  -------------------------------------------------------------------    -------------------

                         (clock sys_clk_pin rise edge)
                                                     10.000    10.000 r  
    E3                                                0.000    10.000 r  i_clk (IN)
                         net (fo=0)                   0.000    10.000    i_clk
    E3                   IBUF (Prop_ibuf_I_O)         1.411    11.411 r  i_clk_IBUF_inst/O
                         net (fo=1, routed)           1.920    13.331    i_clk_IBUF
    BUFGCTRL_X0Y16       BUFG (Prop_bufg_I_O)         0.091    13.422 r  i_clk_IBUF_BUFG_inst/O
                         net (fo=31, routed)          1.590    15.012    i_clk_IBUF_BUFG
    SLICE_X3Y100         FDCE                                         r  r_cnt_reg[27]/C
                         clock pessimism              0.180    15.192    
                         clock uncertainty           -0.035    15.157    
    SLICE_X3Y100         FDCE (Setup_fdce_C_D)        0.031    15.188    r_cnt_reg[27]
  -------------------------------------------------------------------
                         required time                         15.188    
                         arrival time                          -9.759    
  -------------------------------------------------------------------
                         slack                                  5.429    

Slack (MET) :             5.516ns  (required time - arrival time)
  Source:                 r_cnt_reg[16]/C
                            (rising edge-triggered cell FDCE clocked by sys_clk_pin  {rise@0.000ns fall@5.000ns period=10.000ns})
  Destination:            r_cnt_reg[25]/D
                            (rising edge-triggered cell FDCE clocked by sys_clk_pin  {rise@0.000ns fall@5.000ns period=10.000ns})
  Path Group:             sys_clk_pin
  Path Type:              Setup (Max at Slow Process Corner)
  Requirement:            10.000ns  (sys_clk_pin rise@10.000ns - sys_clk_pin rise@0.000ns)
  Data Path Delay:        4.341ns  (logic 1.058ns (24.374%)  route 3.283ns (75.626%))
  Logic Levels:           3  (LUT4=1 LUT5=2)
  Clock Path Skew:        -0.137ns (DCD - SCD + CPR)
    Destination Clock Delay (DCD):    5.012ns = ( 15.012 - 10.000 ) 
    Source Clock Delay      (SCD):    5.329ns
    Clock Pessimism Removal (CPR):    0.180ns
  Clock Uncertainty:      0.035ns  ((TSJ^2 + TIJ^2)^1/2 + DJ) / 2 + PE
    Total System Jitter     (TSJ):    0.071ns
    Total Input Jitter      (TIJ):    0.000ns
    Discrete Jitter          (DJ):    0.000ns
    Phase Error              (PE):    0.000ns

    Location             Delay type                Incr(ns)  Path(ns)    Netlist Resource(s)
  -------------------------------------------------------------------    -------------------
                         (clock sys_clk_pin rise edge)
                                                      0.000     0.000 r  
    E3                                                0.000     0.000 r  i_clk (IN)
                         net (fo=0)                   0.000     0.000    i_clk
    E3                   IBUF (Prop_ibuf_I_O)         1.482     1.482 r  i_clk_IBUF_inst/O
                         net (fo=1, routed)           2.025     3.506    i_clk_IBUF
    BUFGCTRL_X0Y16       BUFG (Prop_bufg_I_O)         0.096     3.602 r  i_clk_IBUF_BUFG_inst/O
                         net (fo=31, routed)          1.726     5.329    i_clk_IBUF_BUFG
    SLICE_X3Y97          FDCE                                         r  r_cnt_reg[16]/C
  -------------------------------------------------------------------    -------------------
    SLICE_X3Y97          FDCE (Prop_fdce_C_Q)         0.456     5.785 f  r_cnt_reg[16]/Q
                         net (fo=2, routed)           0.871     6.656    sel0[16]
    SLICE_X3Y98          LUT4 (Prop_lut4_I0_O)        0.124     6.780 r  r_cnt[27]_i_7/O
                         net (fo=2, routed)           0.996     7.776    r_cnt[27]_i_7_n_0
    SLICE_X3Y96          LUT5 (Prop_lut5_I4_O)        0.152     7.928 r  r_cnt[27]_i_4/O
                         net (fo=29, routed)          1.416     9.343    r_cnt[27]_i_4_n_0
    SLICE_X3Y100         LUT5 (Prop_lut5_I2_O)        0.326     9.669 r  r_cnt[25]_i_1/O
                         net (fo=1, routed)           0.000     9.669    p_0_in[25]
    SLICE_X3Y100         FDCE                                         r  r_cnt_reg[25]/D
  -------------------------------------------------------------------    -------------------

                         (clock sys_clk_pin rise edge)
                                                     10.000    10.000 r  
    E3                                                0.000    10.000 r  i_clk (IN)
                         net (fo=0)                   0.000    10.000    i_clk
    E3                   IBUF (Prop_ibuf_I_O)         1.411    11.411 r  i_clk_IBUF_inst/O
                         net (fo=1, routed)           1.920    13.331    i_clk_IBUF
    BUFGCTRL_X0Y16       BUFG (Prop_bufg_I_O)         0.091    13.422 r  i_clk_IBUF_BUFG_inst/O
                         net (fo=31, routed)          1.590    15.012    i_clk_IBUF_BUFG
    SLICE_X3Y100         FDCE                                         r  r_cnt_reg[25]/C
                         clock pessimism              0.180    15.192    
                         clock uncertainty           -0.035    15.157    
    SLICE_X3Y100         FDCE (Setup_fdce_C_D)        0.029    15.186    r_cnt_reg[25]
  -------------------------------------------------------------------
                         required time                         15.186    
                         arrival time                          -9.669    
  -------------------------------------------------------------------
                         slack                                  5.516    

Slack (MET) :             5.620ns  (required time - arrival time)
  Source:                 r_cnt_reg[16]/C
                            (rising edge-triggered cell FDCE clocked by sys_clk_pin  {rise@0.000ns fall@5.000ns period=10.000ns})
  Destination:            r_cnt_reg[6]/D
                            (rising edge-triggered cell FDCE clocked by sys_clk_pin  {rise@0.000ns fall@5.000ns period=10.000ns})
  Path Group:             sys_clk_pin
  Path Type:              Setup (Max at Slow Process Corner)
  Requirement:            10.000ns  (sys_clk_pin rise@10.000ns - sys_clk_pin rise@0.000ns)
  Data Path Delay:        4.332ns  (logic 1.058ns (24.424%)  route 3.274ns (75.576%))
  Logic Levels:           3  (LUT4=1 LUT5=2)
  Clock Path Skew:        -0.044ns (DCD - SCD + CPR)
    Destination Clock Delay (DCD):    5.026ns = ( 15.026 - 10.000 ) 
    Source Clock Delay      (SCD):    5.329ns
    Clock Pessimism Removal (CPR):    0.259ns
  Clock Uncertainty:      0.035ns  ((TSJ^2 + TIJ^2)^1/2 + DJ) / 2 + PE
    Total System Jitter     (TSJ):    0.071ns
    Total Input Jitter      (TIJ):    0.000ns
    Discrete Jitter          (DJ):    0.000ns
    Phase Error              (PE):    0.000ns

    Location             Delay type                Incr(ns)  Path(ns)    Netlist Resource(s)
  -------------------------------------------------------------------    -------------------
                         (clock sys_clk_pin rise edge)
                                                      0.000     0.000 r  
    E3                                                0.000     0.000 r  i_clk (IN)
                         net (fo=0)                   0.000     0.000    i_clk
    E3                   IBUF (Prop_ibuf_I_O)         1.482     1.482 r  i_clk_IBUF_inst/O
                         net (fo=1, routed)           2.025     3.506    i_clk_IBUF
    BUFGCTRL_X0Y16       BUFG (Prop_bufg_I_O)         0.096     3.602 r  i_clk_IBUF_BUFG_inst/O
                         net (fo=31, routed)          1.726     5.329    i_clk_IBUF_BUFG
    SLICE_X3Y97          FDCE                                         r  r_cnt_reg[16]/C
  -------------------------------------------------------------------    -------------------
    SLICE_X3Y97          FDCE (Prop_fdce_C_Q)         0.456     5.785 f  r_cnt_reg[16]/Q
                         net (fo=2, routed)           0.871     6.656    sel0[16]
    SLICE_X3Y98          LUT4 (Prop_lut4_I0_O)        0.124     6.780 r  r_cnt[27]_i_7/O
                         net (fo=2, routed)           0.996     7.776    r_cnt[27]_i_7_n_0
    SLICE_X3Y96          LUT5 (Prop_lut5_I4_O)        0.152     7.928 r  r_cnt[27]_i_4/O
                         net (fo=29, routed)          1.407     9.334    r_cnt[27]_i_4_n_0
    SLICE_X4Y95          LUT5 (Prop_lut5_I2_O)        0.326     9.660 r  r_cnt[6]_i_1/O
                         net (fo=1, routed)           0.000     9.660    p_0_in[6]
    SLICE_X4Y95          FDCE                                         r  r_cnt_reg[6]/D
  -------------------------------------------------------------------    -------------------

                         (clock sys_clk_pin rise edge)
                                                     10.000    10.000 r  
    E3                                                0.000    10.000 r  i_clk (IN)
                         net (fo=0)                   0.000    10.000    i_clk
    E3                   IBUF (Prop_ibuf_I_O)         1.411    11.411 r  i_clk_IBUF_inst/O
                         net (fo=1, routed)           1.920    13.331    i_clk_IBUF
    BUFGCTRL_X0Y16       BUFG (Prop_bufg_I_O)         0.091    13.422 r  i_clk_IBUF_BUFG_inst/O
                         net (fo=31, routed)          1.603    15.026    i_clk_IBUF_BUFG
    SLICE_X4Y95          FDCE                                         r  r_cnt_reg[6]/C
                         clock pessimism              0.259    15.285    
                         clock uncertainty           -0.035    15.249    
    SLICE_X4Y95          FDCE (Setup_fdce_C_D)        0.031    15.280    r_cnt_reg[6]
  -------------------------------------------------------------------
                         required time                         15.280    
                         arrival time                          -9.660    
  -------------------------------------------------------------------
                         slack                                  5.620    

Slack (MET) :             5.708ns  (required time - arrival time)
  Source:                 r_cnt_reg[16]/C
                            (rising edge-triggered cell FDCE clocked by sys_clk_pin  {rise@0.000ns fall@5.000ns period=10.000ns})
  Destination:            r_cnt_reg[26]/D
                            (rising edge-triggered cell FDCE clocked by sys_clk_pin  {rise@0.000ns fall@5.000ns period=10.000ns})
  Path Group:             sys_clk_pin
  Path Type:              Setup (Max at Slow Process Corner)
  Requirement:            10.000ns  (sys_clk_pin rise@10.000ns - sys_clk_pin rise@0.000ns)
  Data Path Delay:        4.151ns  (logic 1.058ns (25.485%)  route 3.093ns (74.515%))
  Logic Levels:           3  (LUT4=1 LUT5=2)
  Clock Path Skew:        -0.137ns (DCD - SCD + CPR)
    Destination Clock Delay (DCD):    5.012ns = ( 15.012 - 10.000 ) 
    Source Clock Delay      (SCD):    5.329ns
    Clock Pessimism Removal (CPR):    0.180ns
  Clock Uncertainty:      0.035ns  ((TSJ^2 + TIJ^2)^1/2 + DJ) / 2 + PE
    Total System Jitter     (TSJ):    0.071ns
    Total Input Jitter      (TIJ):    0.000ns
    Discrete Jitter          (DJ):    0.000ns
    Phase Error              (PE):    0.000ns

    Location             Delay type                Incr(ns)  Path(ns)    Netlist Resource(s)
  -------------------------------------------------------------------    -------------------
                         (clock sys_clk_pin rise edge)
                                                      0.000     0.000 r  
    E3                                                0.000     0.000 r  i_clk (IN)
                         net (fo=0)                   0.000     0.000    i_clk
    E3                   IBUF (Prop_ibuf_I_O)         1.482     1.482 r  i_clk_IBUF_inst/O
                         net (fo=1, routed)           2.025     3.506    i_clk_IBUF
    BUFGCTRL_X0Y16       BUFG (Prop_bufg_I_O)         0.096     3.602 r  i_clk_IBUF_BUFG_inst/O
                         net (fo=31, routed)          1.726     5.329    i_clk_IBUF_BUFG
    SLICE_X3Y97          FDCE                                         r  r_cnt_reg[16]/C
  -------------------------------------------------------------------    -------------------
    SLICE_X3Y97          FDCE (Prop_fdce_C_Q)         0.456     5.785 f  r_cnt_reg[16]/Q
                         net (fo=2, routed)           0.871     6.656    sel0[16]
    SLICE_X3Y98          LUT4 (Prop_lut4_I0_O)        0.124     6.780 r  r_cnt[27]_i_7/O
                         net (fo=2, routed)           0.996     7.776    r_cnt[27]_i_7_n_0
    SLICE_X3Y96          LUT5 (Prop_lut5_I4_O)        0.152     7.928 r  r_cnt[27]_i_4/O
                         net (fo=29, routed)          1.226     9.154    r_cnt[27]_i_4_n_0
    SLICE_X3Y100         LUT5 (Prop_lut5_I2_O)        0.326     9.480 r  r_cnt[26]_i_1/O
                         net (fo=1, routed)           0.000     9.480    p_0_in[26]
    SLICE_X3Y100         FDCE                                         r  r_cnt_reg[26]/D
  -------------------------------------------------------------------    -------------------

                         (clock sys_clk_pin rise edge)
                                                     10.000    10.000 r  
    E3                                                0.000    10.000 r  i_clk (IN)
                         net (fo=0)                   0.000    10.000    i_clk
    E3                   IBUF (Prop_ibuf_I_O)         1.411    11.411 r  i_clk_IBUF_inst/O
                         net (fo=1, routed)           1.920    13.331    i_clk_IBUF
    BUFGCTRL_X0Y16       BUFG (Prop_bufg_I_O)         0.091    13.422 r  i_clk_IBUF_BUFG_inst/O
                         net (fo=31, routed)          1.590    15.012    i_clk_IBUF_BUFG
    SLICE_X3Y100         FDCE                                         r  r_cnt_reg[26]/C
                         clock pessimism              0.180    15.192    
                         clock uncertainty           -0.035    15.157    
    SLICE_X3Y100         FDCE (Setup_fdce_C_D)        0.031    15.188    r_cnt_reg[26]
  -------------------------------------------------------------------
                         required time                         15.188    
                         arrival time                          -9.480    
  -------------------------------------------------------------------
                         slack                                  5.708    

Slack (MET) :             5.759ns  (required time - arrival time)
  Source:                 r_cnt_reg[16]/C
                            (rising edge-triggered cell FDCE clocked by sys_clk_pin  {rise@0.000ns fall@5.000ns period=10.000ns})
  Destination:            r_cnt_reg[11]/D
                            (rising edge-triggered cell FDCE clocked by sys_clk_pin  {rise@0.000ns fall@5.000ns period=10.000ns})
  Path Group:             sys_clk_pin
  Path Type:              Setup (Max at Slow Process Corner)
  Requirement:            10.000ns  (sys_clk_pin rise@10.000ns - sys_clk_pin rise@0.000ns)
  Data Path Delay:        4.191ns  (logic 1.058ns (25.247%)  route 3.133ns (74.753%))
  Logic Levels:           3  (LUT4=1 LUT5=2)
  Clock Path Skew:        -0.044ns (DCD - SCD + CPR)
    Destination Clock Delay (DCD):    5.026ns = ( 15.026 - 10.000 ) 
    Source Clock Delay      (SCD):    5.329ns
    Clock Pessimism Removal (CPR):    0.259ns
  Clock Uncertainty:      0.035ns  ((TSJ^2 + TIJ^2)^1/2 + DJ) / 2 + PE
    Total System Jitter     (TSJ):    0.071ns
    Total Input Jitter      (TIJ):    0.000ns
    Discrete Jitter          (DJ):    0.000ns
    Phase Error              (PE):    0.000ns

    Location             Delay type                Incr(ns)  Path(ns)    Netlist Resource(s)
  -------------------------------------------------------------------    -------------------
                         (clock sys_clk_pin rise edge)
                                                      0.000     0.000 r  
    E3                                                0.000     0.000 r  i_clk (IN)
                         net (fo=0)                   0.000     0.000    i_clk
    E3                   IBUF (Prop_ibuf_I_O)         1.482     1.482 r  i_clk_IBUF_inst/O
                         net (fo=1, routed)           2.025     3.506    i_clk_IBUF
    BUFGCTRL_X0Y16       BUFG (Prop_bufg_I_O)         0.096     3.602 r  i_clk_IBUF_BUFG_inst/O
                         net (fo=31, routed)          1.726     5.329    i_clk_IBUF_BUFG
    SLICE_X3Y97          FDCE                                         r  r_cnt_reg[16]/C
  -------------------------------------------------------------------    -------------------
    SLICE_X3Y97          FDCE (Prop_fdce_C_Q)         0.456     5.785 f  r_cnt_reg[16]/Q
                         net (fo=2, routed)           0.871     6.656    sel0[16]
    SLICE_X3Y98          LUT4 (Prop_lut4_I0_O)        0.124     6.780 r  r_cnt[27]_i_7/O
                         net (fo=2, routed)           0.996     7.776    r_cnt[27]_i_7_n_0
    SLICE_X3Y96          LUT5 (Prop_lut5_I4_O)        0.152     7.928 r  r_cnt[27]_i_4/O
                         net (fo=29, routed)          1.266     9.193    r_cnt[27]_i_4_n_0
    SLICE_X4Y96          LUT5 (Prop_lut5_I2_O)        0.326     9.519 r  r_cnt[11]_i_1/O
                         net (fo=1, routed)           0.000     9.519    p_0_in[11]
    SLICE_X4Y96          FDCE                                         r  r_cnt_reg[11]/D
  -------------------------------------------------------------------    -------------------

                         (clock sys_clk_pin rise edge)
                                                     10.000    10.000 r  
    E3                                                0.000    10.000 r  i_clk (IN)
                         net (fo=0)                   0.000    10.000    i_clk
    E3                   IBUF (Prop_ibuf_I_O)         1.411    11.411 r  i_clk_IBUF_inst/O
                         net (fo=1, routed)           1.920    13.331    i_clk_IBUF
    BUFGCTRL_X0Y16       BUFG (Prop_bufg_I_O)         0.091    13.422 r  i_clk_IBUF_BUFG_inst/O
                         net (fo=31, routed)          1.603    15.026    i_clk_IBUF_BUFG
    SLICE_X4Y96          FDCE                                         r  r_cnt_reg[11]/C
                         clock pessimism              0.259    15.285    
                         clock uncertainty           -0.035    15.249    
    SLICE_X4Y96          FDCE (Setup_fdce_C_D)        0.029    15.278    r_cnt_reg[11]
  -------------------------------------------------------------------
                         required time                         15.278    
                         arrival time                          -9.519    
  -------------------------------------------------------------------
                         slack                                  5.759    

Slack (MET) :             5.762ns  (required time - arrival time)
  Source:                 r_cnt_reg[16]/C
                            (rising edge-triggered cell FDCE clocked by sys_clk_pin  {rise@0.000ns fall@5.000ns period=10.000ns})
  Destination:            r_cnt_reg[21]/D
                            (rising edge-triggered cell FDCE clocked by sys_clk_pin  {rise@0.000ns fall@5.000ns period=10.000ns})
  Path Group:             sys_clk_pin
  Path Type:              Setup (Max at Slow Process Corner)
  Requirement:            10.000ns  (sys_clk_pin rise@10.000ns - sys_clk_pin rise@0.000ns)
  Data Path Delay:        4.189ns  (logic 1.058ns (25.257%)  route 3.131ns (74.743%))
  Logic Levels:           3  (LUT4=1 LUT5=2)
  Clock Path Skew:        -0.043ns (DCD - SCD + CPR)
    Destination Clock Delay (DCD):    5.027ns = ( 15.027 - 10.000 ) 
    Source Clock Delay      (SCD):    5.329ns
    Clock Pessimism Removal (CPR):    0.259ns
  Clock Uncertainty:      0.035ns  ((TSJ^2 + TIJ^2)^1/2 + DJ) / 2 + PE
    Total System Jitter     (TSJ):    0.071ns
    Total Input Jitter      (TIJ):    0.000ns
    Discrete Jitter          (DJ):    0.000ns
    Phase Error              (PE):    0.000ns

    Location             Delay type                Incr(ns)  Path(ns)    Netlist Resource(s)
  -------------------------------------------------------------------    -------------------
                         (clock sys_clk_pin rise edge)
                                                      0.000     0.000 r  
    E3                                                0.000     0.000 r  i_clk (IN)
                         net (fo=0)                   0.000     0.000    i_clk
    E3                   IBUF (Prop_ibuf_I_O)         1.482     1.482 r  i_clk_IBUF_inst/O
                         net (fo=1, routed)           2.025     3.506    i_clk_IBUF
    BUFGCTRL_X0Y16       BUFG (Prop_bufg_I_O)         0.096     3.602 r  i_clk_IBUF_BUFG_inst/O
                         net (fo=31, routed)          1.726     5.329    i_clk_IBUF_BUFG
    SLICE_X3Y97          FDCE                                         r  r_cnt_reg[16]/C
  -------------------------------------------------------------------    -------------------
    SLICE_X3Y97          FDCE (Prop_fdce_C_Q)         0.456     5.785 f  r_cnt_reg[16]/Q
                         net (fo=2, routed)           0.871     6.656    sel0[16]
    SLICE_X3Y98          LUT4 (Prop_lut4_I0_O)        0.124     6.780 r  r_cnt[27]_i_7/O
                         net (fo=2, routed)           0.996     7.776    r_cnt[27]_i_7_n_0
    SLICE_X3Y96          LUT5 (Prop_lut5_I4_O)        0.152     7.928 r  r_cnt[27]_i_4/O
                         net (fo=29, routed)          1.264     9.192    r_cnt[27]_i_4_n_0
    SLICE_X4Y99          LUT5 (Prop_lut5_I2_O)        0.326     9.518 r  r_cnt[21]_i_1/O
                         net (fo=1, routed)           0.000     9.518    p_0_in[21]
    SLICE_X4Y99          FDCE                                         r  r_cnt_reg[21]/D
  -------------------------------------------------------------------    -------------------

                         (clock sys_clk_pin rise edge)
                                                     10.000    10.000 r  
    E3                                                0.000    10.000 r  i_clk (IN)
                         net (fo=0)                   0.000    10.000    i_clk
    E3                   IBUF (Prop_ibuf_I_O)         1.411    11.411 r  i_clk_IBUF_inst/O
                         net (fo=1, routed)           1.920    13.331    i_clk_IBUF
    BUFGCTRL_X0Y16       BUFG (Prop_bufg_I_O)         0.091    13.422 r  i_clk_IBUF_BUFG_inst/O
                         net (fo=31, routed)          1.604    15.027    i_clk_IBUF_BUFG
    SLICE_X4Y99          FDCE                                         r  r_cnt_reg[21]/C
                         clock pessimism              0.259    15.286    
                         clock uncertainty           -0.035    15.250    
    SLICE_X4Y99          FDCE (Setup_fdce_C_D)        0.029    15.279    r_cnt_reg[21]
  -------------------------------------------------------------------
                         required time                         15.279    
                         arrival time                          -9.518    
  -------------------------------------------------------------------
                         slack                                  5.762    

Slack (MET) :             5.764ns  (required time - arrival time)
  Source:                 r_cnt_reg[26]/C
                            (rising edge-triggered cell FDCE clocked by sys_clk_pin  {rise@0.000ns fall@5.000ns period=10.000ns})
  Destination:            r_cnt_reg[7]/D
                            (rising edge-triggered cell FDCE clocked by sys_clk_pin  {rise@0.000ns fall@5.000ns period=10.000ns})
  Path Group:             sys_clk_pin
  Path Type:              Setup (Max at Slow Process Corner)
  Requirement:            10.000ns  (sys_clk_pin rise@10.000ns - sys_clk_pin rise@0.000ns)
  Data Path Delay:        4.125ns  (logic 0.828ns (20.071%)  route 3.297ns (79.929%))
  Logic Levels:           3  (LUT4=1 LUT5=1 LUT6=1)
  Clock Path Skew:        -0.107ns (DCD - SCD + CPR)
    Destination Clock Delay (DCD):    5.026ns = ( 15.026 - 10.000 ) 
    Source Clock Delay      (SCD):    5.312ns
    Clock Pessimism Removal (CPR):    0.180ns
  Clock Uncertainty:      0.035ns  ((TSJ^2 + TIJ^2)^1/2 + DJ) / 2 + PE
    Total System Jitter     (TSJ):    0.071ns
    Total Input Jitter      (TIJ):    0.000ns
    Discrete Jitter          (DJ):    0.000ns
    Phase Error              (PE):    0.000ns

    Location             Delay type                Incr(ns)  Path(ns)    Netlist Resource(s)
  -------------------------------------------------------------------    -------------------
                         (clock sys_clk_pin rise edge)
                                                      0.000     0.000 r  
    E3                                                0.000     0.000 r  i_clk (IN)
                         net (fo=0)                   0.000     0.000    i_clk
    E3                   IBUF (Prop_ibuf_I_O)         1.482     1.482 r  i_clk_IBUF_inst/O
                         net (fo=1, routed)           2.025     3.506    i_clk_IBUF
    BUFGCTRL_X0Y16       BUFG (Prop_bufg_I_O)         0.096     3.602 r  i_clk_IBUF_BUFG_inst/O
                         net (fo=31, routed)          1.710     5.312    i_clk_IBUF_BUFG
    SLICE_X3Y100         FDCE                                         r  r_cnt_reg[26]/C
  -------------------------------------------------------------------    -------------------
    SLICE_X3Y100         FDCE (Prop_fdce_C_Q)         0.456     5.768 f  r_cnt_reg[26]/Q
                         net (fo=2, routed)           1.240     7.009    sel0[26]
    SLICE_X3Y100         LUT4 (Prop_lut4_I2_O)        0.124     7.133 r  r_cnt[27]_i_9/O
                         net (fo=1, routed)           0.545     7.678    r_cnt[27]_i_9_n_0
    SLICE_X3Y99          LUT6 (Prop_lut6_I0_O)        0.124     7.802 r  r_cnt[27]_i_6/O
                         net (fo=30, routed)          1.512     9.314    r_cnt[27]_i_6_n_0
    SLICE_X4Y95          LUT5 (Prop_lut5_I4_O)        0.124     9.438 r  r_cnt[7]_i_1/O
                         net (fo=1, routed)           0.000     9.438    p_0_in[7]
    SLICE_X4Y95          FDCE                                         r  r_cnt_reg[7]/D
  -------------------------------------------------------------------    -------------------

                         (clock sys_clk_pin rise edge)
                                                     10.000    10.000 r  
    E3                                                0.000    10.000 r  i_clk (IN)
                         net (fo=0)                   0.000    10.000    i_clk
    E3                   IBUF (Prop_ibuf_I_O)         1.411    11.411 r  i_clk_IBUF_inst/O
                         net (fo=1, routed)           1.920    13.331    i_clk_IBUF
    BUFGCTRL_X0Y16       BUFG (Prop_bufg_I_O)         0.091    13.422 r  i_clk_IBUF_BUFG_inst/O
                         net (fo=31, routed)          1.603    15.026    i_clk_IBUF_BUFG
    SLICE_X4Y95          FDCE                                         r  r_cnt_reg[7]/C
                         clock pessimism              0.180    15.206    
                         clock uncertainty           -0.035    15.170    
    SLICE_X4Y95          FDCE (Setup_fdce_C_D)        0.031    15.201    r_cnt_reg[7]
  -------------------------------------------------------------------
                         required time                         15.201    
                         arrival time                          -9.438    
  -------------------------------------------------------------------
                         slack                                  5.764    

Slack (MET) :             5.769ns  (required time - arrival time)
  Source:                 r_cnt_reg[16]/C
                            (rising edge-triggered cell FDCE clocked by sys_clk_pin  {rise@0.000ns fall@5.000ns period=10.000ns})
  Destination:            r_cnt_reg[9]/D
                            (rising edge-triggered cell FDCE clocked by sys_clk_pin  {rise@0.000ns fall@5.000ns period=10.000ns})
  Path Group:             sys_clk_pin
  Path Type:              Setup (Max at Slow Process Corner)
  Requirement:            10.000ns  (sys_clk_pin rise@10.000ns - sys_clk_pin rise@0.000ns)
  Data Path Delay:        4.183ns  (logic 1.058ns (25.295%)  route 3.125ns (74.705%))
  Logic Levels:           3  (LUT4=1 LUT5=2)
  Clock Path Skew:        -0.044ns (DCD - SCD + CPR)
    Destination Clock Delay (DCD):    5.026ns = ( 15.026 - 10.000 ) 
    Source Clock Delay      (SCD):    5.329ns
    Clock Pessimism Removal (CPR):    0.259ns
  Clock Uncertainty:      0.035ns  ((TSJ^2 + TIJ^2)^1/2 + DJ) / 2 + PE
    Total System Jitter     (TSJ):    0.071ns
    Total Input Jitter      (TIJ):    0.000ns
    Discrete Jitter          (DJ):    0.000ns
    Phase Error              (PE):    0.000ns

    Location             Delay type                Incr(ns)  Path(ns)    Netlist Resource(s)
  -------------------------------------------------------------------    -------------------
                         (clock sys_clk_pin rise edge)
                                                      0.000     0.000 r  
    E3                                                0.000     0.000 r  i_clk (IN)
                         net (fo=0)                   0.000     0.000    i_clk
    E3                   IBUF (Prop_ibuf_I_O)         1.482     1.482 r  i_clk_IBUF_inst/O
                         net (fo=1, routed)           2.025     3.506    i_clk_IBUF
    BUFGCTRL_X0Y16       BUFG (Prop_bufg_I_O)         0.096     3.602 r  i_clk_IBUF_BUFG_inst/O
                         net (fo=31, routed)          1.726     5.329    i_clk_IBUF_BUFG
    SLICE_X3Y97          FDCE                                         r  r_cnt_reg[16]/C
  -------------------------------------------------------------------    -------------------
    SLICE_X3Y97          FDCE (Prop_fdce_C_Q)         0.456     5.785 f  r_cnt_reg[16]/Q
                         net (fo=2, routed)           0.871     6.656    sel0[16]
    SLICE_X3Y98          LUT4 (Prop_lut4_I0_O)        0.124     6.780 r  r_cnt[27]_i_7/O
                         net (fo=2, routed)           0.996     7.776    r_cnt[27]_i_7_n_0
    SLICE_X3Y96          LUT5 (Prop_lut5_I4_O)        0.152     7.928 r  r_cnt[27]_i_4/O
                         net (fo=29, routed)          1.258     9.185    r_cnt[27]_i_4_n_0
    SLICE_X4Y96          LUT5 (Prop_lut5_I2_O)        0.326     9.511 r  r_cnt[9]_i_1/O
                         net (fo=1, routed)           0.000     9.511    p_0_in[9]
    SLICE_X4Y96          FDCE                                         r  r_cnt_reg[9]/D
  -------------------------------------------------------------------    -------------------

                         (clock sys_clk_pin rise edge)
                                                     10.000    10.000 r  
    E3                                                0.000    10.000 r  i_clk (IN)
                         net (fo=0)                   0.000    10.000    i_clk
    E3                   IBUF (Prop_ibuf_I_O)         1.411    11.411 r  i_clk_IBUF_inst/O
                         net (fo=1, routed)           1.920    13.331    i_clk_IBUF
    BUFGCTRL_X0Y16       BUFG (Prop_bufg_I_O)         0.091    13.422 r  i_clk_IBUF_BUFG_inst/O
                         net (fo=31, routed)          1.603    15.026    i_clk_IBUF_BUFG
    SLICE_X4Y96          FDCE                                         r  r_cnt_reg[9]/C
                         clock pessimism              0.259    15.285    
                         clock uncertainty           -0.035    15.249    
    SLICE_X4Y96          FDCE (Setup_fdce_C_D)        0.031    15.280    r_cnt_reg[9]
  -------------------------------------------------------------------
                         required time                         15.280    
                         arrival time                          -9.511    
  -------------------------------------------------------------------
                         slack                                  5.769    

Slack (MET) :             5.770ns  (required time - arrival time)
  Source:                 r_cnt_reg[26]/C
                            (rising edge-triggered cell FDCE clocked by sys_clk_pin  {rise@0.000ns fall@5.000ns period=10.000ns})
  Destination:            r_8s_cnt_reg[1]/D
                            (rising edge-triggered cell FDCE clocked by sys_clk_pin  {rise@0.000ns fall@5.000ns period=10.000ns})
  Path Group:             sys_clk_pin
  Path Type:              Setup (Max at Slow Process Corner)
  Requirement:            10.000ns  (sys_clk_pin rise@10.000ns - sys_clk_pin rise@0.000ns)
  Data Path Delay:        4.121ns  (logic 0.828ns (20.091%)  route 3.293ns (79.909%))
  Logic Levels:           3  (LUT4=1 LUT6=2)
  Clock Path Skew:        -0.105ns (DCD - SCD + CPR)
    Destination Clock Delay (DCD):    5.028ns = ( 15.028 - 10.000 ) 
    Source Clock Delay      (SCD):    5.312ns
    Clock Pessimism Removal (CPR):    0.180ns
  Clock Uncertainty:      0.035ns  ((TSJ^2 + TIJ^2)^1/2 + DJ) / 2 + PE
    Total System Jitter     (TSJ):    0.071ns
    Total Input Jitter      (TIJ):    0.000ns
    Discrete Jitter          (DJ):    0.000ns
    Phase Error              (PE):    0.000ns

    Location             Delay type                Incr(ns)  Path(ns)    Netlist Resource(s)
  -------------------------------------------------------------------    -------------------
                         (clock sys_clk_pin rise edge)
                                                      0.000     0.000 r  
    E3                                                0.000     0.000 r  i_clk (IN)
                         net (fo=0)                   0.000     0.000    i_clk
    E3                   IBUF (Prop_ibuf_I_O)         1.482     1.482 r  i_clk_IBUF_inst/O
                         net (fo=1, routed)           2.025     3.506    i_clk_IBUF
    BUFGCTRL_X0Y16       BUFG (Prop_bufg_I_O)         0.096     3.602 r  i_clk_IBUF_BUFG_inst/O
                         net (fo=31, routed)          1.710     5.312    i_clk_IBUF_BUFG
    SLICE_X3Y100         FDCE                                         r  r_cnt_reg[26]/C
  -------------------------------------------------------------------    -------------------
    SLICE_X3Y100         FDCE (Prop_fdce_C_Q)         0.456     5.768 f  r_cnt_reg[26]/Q
                         net (fo=2, routed)           1.240     7.009    sel0[26]
    SLICE_X3Y100         LUT4 (Prop_lut4_I2_O)        0.124     7.133 r  r_cnt[27]_i_9/O
                         net (fo=1, routed)           0.545     7.678    r_cnt[27]_i_9_n_0
    SLICE_X3Y99          LUT6 (Prop_lut6_I0_O)        0.124     7.802 r  r_cnt[27]_i_6/O
                         net (fo=30, routed)          1.507     9.309    r_cnt[27]_i_6_n_0
    SLICE_X1Y96          LUT6 (Prop_lut6_I1_O)        0.124     9.433 r  r_8s_cnt[1]_i_1/O
                         net (fo=1, routed)           0.000     9.433    r_8s_cnt[1]_i_1_n_0
    SLICE_X1Y96          FDCE                                         r  r_8s_cnt_reg[1]/D
  -------------------------------------------------------------------    -------------------

                         (clock sys_clk_pin rise edge)
                                                     10.000    10.000 r  
    E3                                                0.000    10.000 r  i_clk (IN)
                         net (fo=0)                   0.000    10.000    i_clk
    E3                   IBUF (Prop_ibuf_I_O)         1.411    11.411 r  i_clk_IBUF_inst/O
                         net (fo=1, routed)           1.920    13.331    i_clk_IBUF
    BUFGCTRL_X0Y16       BUFG (Prop_bufg_I_O)         0.091    13.422 r  i_clk_IBUF_BUFG_inst/O
                         net (fo=31, routed)          1.605    15.028    i_clk_IBUF_BUFG
    SLICE_X1Y96          FDCE                                         r  r_8s_cnt_reg[1]/C
                         clock pessimism              0.180    15.208    
                         clock uncertainty           -0.035    15.172    
    SLICE_X1Y96          FDCE (Setup_fdce_C_D)        0.031    15.203    r_8s_cnt_reg[1]
  -------------------------------------------------------------------
                         required time                         15.203    
                         arrival time                          -9.433    
  -------------------------------------------------------------------
                         slack                                  5.770    

Slack (MET) :             5.815ns  (required time - arrival time)
  Source:                 r_cnt_reg[16]/C
                            (rising edge-triggered cell FDCE clocked by sys_clk_pin  {rise@0.000ns fall@5.000ns period=10.000ns})
  Destination:            r_cnt_reg[22]/D
                            (rising edge-triggered cell FDCE clocked by sys_clk_pin  {rise@0.000ns fall@5.000ns period=10.000ns})
  Path Group:             sys_clk_pin
  Path Type:              Setup (Max at Slow Process Corner)
  Requirement:            10.000ns  (sys_clk_pin rise@10.000ns - sys_clk_pin rise@0.000ns)
  Data Path Delay:        4.153ns  (logic 1.058ns (25.474%)  route 3.095ns (74.526%))
  Logic Levels:           3  (LUT4=1 LUT5=2)
  Clock Path Skew:        -0.025ns (DCD - SCD + CPR)
    Destination Clock Delay (DCD):    5.029ns = ( 15.029 - 10.000 ) 
    Source Clock Delay      (SCD):    5.329ns
    Clock Pessimism Removal (CPR):    0.275ns
  Clock Uncertainty:      0.035ns  ((TSJ^2 + TIJ^2)^1/2 + DJ) / 2 + PE
    Total System Jitter     (TSJ):    0.071ns
    Total Input Jitter      (TIJ):    0.000ns
    Discrete Jitter          (DJ):    0.000ns
    Phase Error              (PE):    0.000ns

    Location             Delay type                Incr(ns)  Path(ns)    Netlist Resource(s)
  -------------------------------------------------------------------    -------------------
                         (clock sys_clk_pin rise edge)
                                                      0.000     0.000 r  
    E3                                                0.000     0.000 r  i_clk (IN)
                         net (fo=0)                   0.000     0.000    i_clk
    E3                   IBUF (Prop_ibuf_I_O)         1.482     1.482 r  i_clk_IBUF_inst/O
                         net (fo=1, routed)           2.025     3.506    i_clk_IBUF
    BUFGCTRL_X0Y16       BUFG (Prop_bufg_I_O)         0.096     3.602 r  i_clk_IBUF_BUFG_inst/O
                         net (fo=31, routed)          1.726     5.329    i_clk_IBUF_BUFG
    SLICE_X3Y97          FDCE                                         r  r_cnt_reg[16]/C
  -------------------------------------------------------------------    -------------------
    SLICE_X3Y97          FDCE (Prop_fdce_C_Q)         0.456     5.785 f  r_cnt_reg[16]/Q
                         net (fo=2, routed)           0.871     6.656    sel0[16]
    SLICE_X3Y98          LUT4 (Prop_lut4_I0_O)        0.124     6.780 r  r_cnt[27]_i_7/O
                         net (fo=2, routed)           0.996     7.776    r_cnt[27]_i_7_n_0
    SLICE_X3Y96          LUT5 (Prop_lut5_I4_O)        0.152     7.928 r  r_cnt[27]_i_4/O
                         net (fo=29, routed)          1.228     9.156    r_cnt[27]_i_4_n_0
    SLICE_X3Y99          LUT5 (Prop_lut5_I2_O)        0.326     9.482 r  r_cnt[22]_i_1/O
                         net (fo=1, routed)           0.000     9.482    p_0_in[22]
    SLICE_X3Y99          FDCE                                         r  r_cnt_reg[22]/D
  -------------------------------------------------------------------    -------------------

                         (clock sys_clk_pin rise edge)
                                                     10.000    10.000 r  
    E3                                                0.000    10.000 r  i_clk (IN)
                         net (fo=0)                   0.000    10.000    i_clk
    E3                   IBUF (Prop_ibuf_I_O)         1.411    11.411 r  i_clk_IBUF_inst/O
                         net (fo=1, routed)           1.920    13.331    i_clk_IBUF
    BUFGCTRL_X0Y16       BUFG (Prop_bufg_I_O)         0.091    13.422 r  i_clk_IBUF_BUFG_inst/O
                         net (fo=31, routed)          1.606    15.029    i_clk_IBUF_BUFG
    SLICE_X3Y99          FDCE                                         r  r_cnt_reg[22]/C
                         clock pessimism              0.275    15.304    
                         clock uncertainty           -0.035    15.268    
    SLICE_X3Y99          FDCE (Setup_fdce_C_D)        0.029    15.297    r_cnt_reg[22]
  -------------------------------------------------------------------
                         required time                         15.297    
                         arrival time                          -9.482    
  -------------------------------------------------------------------
                         slack                                  5.815    





Min Delay Paths
--------------------------------------------------------------------------------------
Slack (MET) :             0.260ns  (arrival time - required time)
  Source:                 r_8s_cnt_reg[1]/C
                            (rising edge-triggered cell FDCE clocked by sys_clk_pin  {rise@0.000ns fall@5.000ns period=10.000ns})
  Destination:            r_8s_cnt_reg[1]/D
                            (rising edge-triggered cell FDCE clocked by sys_clk_pin  {rise@0.000ns fall@5.000ns period=10.000ns})
  Path Group:             sys_clk_pin
  Path Type:              Hold (Min at Fast Process Corner)
  Requirement:            0.000ns  (sys_clk_pin rise@0.000ns - sys_clk_pin rise@0.000ns)
  Data Path Delay:        0.352ns  (logic 0.186ns (52.836%)  route 0.166ns (47.164%))
  Logic Levels:           1  (LUT6=1)
  Clock Path Skew:        0.000ns (DCD - SCD - CPR)
    Destination Clock Delay (DCD):    2.042ns
    Source Clock Delay      (SCD):    1.523ns
    Clock Pessimism Removal (CPR):    0.518ns

    Location             Delay type                Incr(ns)  Path(ns)    Netlist Resource(s)
  -------------------------------------------------------------------    -------------------
                         (clock sys_clk_pin rise edge)
                                                      0.000     0.000 r  
    E3                                                0.000     0.000 r  i_clk (IN)
                         net (fo=0)                   0.000     0.000    i_clk
    E3                   IBUF (Prop_ibuf_I_O)         0.250     0.250 r  i_clk_IBUF_inst/O
                         net (fo=1, routed)           0.644     0.894    i_clk_IBUF
    BUFGCTRL_X0Y16       BUFG (Prop_bufg_I_O)         0.026     0.920 r  i_clk_IBUF_BUFG_inst/O
                         net (fo=31, routed)          0.604     1.523    i_clk_IBUF_BUFG
    SLICE_X1Y96          FDCE                                         r  r_8s_cnt_reg[1]/C
  -------------------------------------------------------------------    -------------------
    SLICE_X1Y96          FDCE (Prop_fdce_C_Q)         0.141     1.664 r  r_8s_cnt_reg[1]/Q
                         net (fo=10, routed)          0.166     1.830    r_8s_cnt[1]
    SLICE_X1Y96          LUT6 (Prop_lut6_I5_O)        0.045     1.875 r  r_8s_cnt[1]_i_1/O
                         net (fo=1, routed)           0.000     1.875    r_8s_cnt[1]_i_1_n_0
    SLICE_X1Y96          FDCE                                         r  r_8s_cnt_reg[1]/D
  -------------------------------------------------------------------    -------------------

                         (clock sys_clk_pin rise edge)
                                                      0.000     0.000 r  
    E3                                                0.000     0.000 r  i_clk (IN)
                         net (fo=0)                   0.000     0.000    i_clk
    E3                   IBUF (Prop_ibuf_I_O)         0.438     0.438 r  i_clk_IBUF_inst/O
                         net (fo=1, routed)           0.699     1.136    i_clk_IBUF
    BUFGCTRL_X0Y16       BUFG (Prop_bufg_I_O)         0.029     1.165 r  i_clk_IBUF_BUFG_inst/O
                         net (fo=31, routed)          0.877     2.042    i_clk_IBUF_BUFG
    SLICE_X1Y96          FDCE                                         r  r_8s_cnt_reg[1]/C
                         clock pessimism             -0.518     1.523    
    SLICE_X1Y96          FDCE (Hold_fdce_C_D)         0.092     1.615    r_8s_cnt_reg[1]
  -------------------------------------------------------------------
                         required time                         -1.615    
                         arrival time                           1.875    
  -------------------------------------------------------------------
                         slack                                  0.260    

Slack (MET) :             0.273ns  (arrival time - required time)
  Source:                 r_8s_cnt_reg[0]/C
                            (rising edge-triggered cell FDCE clocked by sys_clk_pin  {rise@0.000ns fall@5.000ns period=10.000ns})
  Destination:            r_8s_cnt_reg[0]/D
                            (rising edge-triggered cell FDCE clocked by sys_clk_pin  {rise@0.000ns fall@5.000ns period=10.000ns})
  Path Group:             sys_clk_pin
  Path Type:              Hold (Min at Fast Process Corner)
  Requirement:            0.000ns  (sys_clk_pin rise@0.000ns - sys_clk_pin rise@0.000ns)
  Data Path Delay:        0.365ns  (logic 0.186ns (50.974%)  route 0.179ns (49.026%))
  Logic Levels:           1  (LUT5=1)
  Clock Path Skew:        0.000ns (DCD - SCD - CPR)
    Destination Clock Delay (DCD):    2.042ns
    Source Clock Delay      (SCD):    1.523ns
    Clock Pessimism Removal (CPR):    0.518ns

    Location             Delay type                Incr(ns)  Path(ns)    Netlist Resource(s)
  -------------------------------------------------------------------    -------------------
                         (clock sys_clk_pin rise edge)
                                                      0.000     0.000 r  
    E3                                                0.000     0.000 r  i_clk (IN)
                         net (fo=0)                   0.000     0.000    i_clk
    E3                   IBUF (Prop_ibuf_I_O)         0.250     0.250 r  i_clk_IBUF_inst/O
                         net (fo=1, routed)           0.644     0.894    i_clk_IBUF
    BUFGCTRL_X0Y16       BUFG (Prop_bufg_I_O)         0.026     0.920 r  i_clk_IBUF_BUFG_inst/O
                         net (fo=31, routed)          0.604     1.523    i_clk_IBUF_BUFG
    SLICE_X1Y96          FDCE                                         r  r_8s_cnt_reg[0]/C
  -------------------------------------------------------------------    -------------------
    SLICE_X1Y96          FDCE (Prop_fdce_C_Q)         0.141     1.664 r  r_8s_cnt_reg[0]/Q
                         net (fo=11, routed)          0.179     1.843    r_8s_cnt[0]
    SLICE_X1Y96          LUT5 (Prop_lut5_I4_O)        0.045     1.888 r  r_8s_cnt[0]_i_1/O
                         net (fo=1, routed)           0.000     1.888    r_8s_cnt[0]_i_1_n_0
    SLICE_X1Y96          FDCE                                         r  r_8s_cnt_reg[0]/D
  -------------------------------------------------------------------    -------------------

                         (clock sys_clk_pin rise edge)
                                                      0.000     0.000 r  
    E3                                                0.000     0.000 r  i_clk (IN)
                         net (fo=0)                   0.000     0.000    i_clk
    E3                   IBUF (Prop_ibuf_I_O)         0.438     0.438 r  i_clk_IBUF_inst/O
                         net (fo=1, routed)           0.699     1.136    i_clk_IBUF
    BUFGCTRL_X0Y16       BUFG (Prop_bufg_I_O)         0.029     1.165 r  i_clk_IBUF_BUFG_inst/O
                         net (fo=31, routed)          0.877     2.042    i_clk_IBUF_BUFG
    SLICE_X1Y96          FDCE                                         r  r_8s_cnt_reg[0]/C
                         clock pessimism             -0.518     1.523    
    SLICE_X1Y96          FDCE (Hold_fdce_C_D)         0.092     1.615    r_8s_cnt_reg[0]
  -------------------------------------------------------------------
                         required time                         -1.615    
                         arrival time                           1.888    
  -------------------------------------------------------------------
                         slack                                  0.273    

Slack (MET) :             0.296ns  (arrival time - required time)
  Source:                 r_8s_cnt_reg[2]/C
                            (rising edge-triggered cell FDCE clocked by sys_clk_pin  {rise@0.000ns fall@5.000ns period=10.000ns})
  Destination:            r_8s_cnt_reg[2]/D
                            (rising edge-triggered cell FDCE clocked by sys_clk_pin  {rise@0.000ns fall@5.000ns period=10.000ns})
  Path Group:             sys_clk_pin
  Path Type:              Hold (Min at Fast Process Corner)
  Requirement:            0.000ns  (sys_clk_pin rise@0.000ns - sys_clk_pin rise@0.000ns)
  Data Path Delay:        0.387ns  (logic 0.186ns (48.122%)  route 0.201ns (51.878%))
  Logic Levels:           1  (LUT6=1)
  Clock Path Skew:        0.000ns (DCD - SCD - CPR)
    Destination Clock Delay (DCD):    2.042ns
    Source Clock Delay      (SCD):    1.523ns
    Clock Pessimism Removal (CPR):    0.518ns

    Location             Delay type                Incr(ns)  Path(ns)    Netlist Resource(s)
  -------------------------------------------------------------------    -------------------
                         (clock sys_clk_pin rise edge)
                                                      0.000     0.000 r  
    E3                                                0.000     0.000 r  i_clk (IN)
                         net (fo=0)                   0.000     0.000    i_clk
    E3                   IBUF (Prop_ibuf_I_O)         0.250     0.250 r  i_clk_IBUF_inst/O
                         net (fo=1, routed)           0.644     0.894    i_clk_IBUF
    BUFGCTRL_X0Y16       BUFG (Prop_bufg_I_O)         0.026     0.920 r  i_clk_IBUF_BUFG_inst/O
                         net (fo=31, routed)          0.604     1.523    i_clk_IBUF_BUFG
    SLICE_X1Y96          FDCE                                         r  r_8s_cnt_reg[2]/C
  -------------------------------------------------------------------    -------------------
    SLICE_X1Y96          FDCE (Prop_fdce_C_Q)         0.141     1.664 r  r_8s_cnt_reg[2]/Q
                         net (fo=9, routed)           0.201     1.865    r_8s_cnt[2]
    SLICE_X1Y96          LUT6 (Prop_lut6_I5_O)        0.045     1.910 r  r_8s_cnt[2]_i_1/O
                         net (fo=1, routed)           0.000     1.910    r_8s_cnt[2]_i_1_n_0
    SLICE_X1Y96          FDCE                                         r  r_8s_cnt_reg[2]/D
  -------------------------------------------------------------------    -------------------

                         (clock sys_clk_pin rise edge)
                                                      0.000     0.000 r  
    E3                                                0.000     0.000 r  i_clk (IN)
                         net (fo=0)                   0.000     0.000    i_clk
    E3                   IBUF (Prop_ibuf_I_O)         0.438     0.438 r  i_clk_IBUF_inst/O
                         net (fo=1, routed)           0.699     1.136    i_clk_IBUF
    BUFGCTRL_X0Y16       BUFG (Prop_bufg_I_O)         0.029     1.165 r  i_clk_IBUF_BUFG_inst/O
                         net (fo=31, routed)          0.877     2.042    i_clk_IBUF_BUFG
    SLICE_X1Y96          FDCE                                         r  r_8s_cnt_reg[2]/C
                         clock pessimism             -0.518     1.523    
    SLICE_X1Y96          FDCE (Hold_fdce_C_D)         0.091     1.614    r_8s_cnt_reg[2]
  -------------------------------------------------------------------
                         required time                         -1.614    
                         arrival time                           1.910    
  -------------------------------------------------------------------
                         slack                                  0.296    

Slack (MET) :             0.317ns  (arrival time - required time)
  Source:                 r_cnt_reg[23]/C
                            (rising edge-triggered cell FDCE clocked by sys_clk_pin  {rise@0.000ns fall@5.000ns period=10.000ns})
  Destination:            r_cnt_reg[27]/D
                            (rising edge-triggered cell FDCE clocked by sys_clk_pin  {rise@0.000ns fall@5.000ns period=10.000ns})
  Path Group:             sys_clk_pin
  Path Type:              Hold (Min at Fast Process Corner)
  Requirement:            0.000ns  (sys_clk_pin rise@0.000ns - sys_clk_pin rise@0.000ns)
  Data Path Delay:        0.676ns  (logic 0.471ns (69.642%)  route 0.205ns (30.358%))
  Logic Levels:           3  (CARRY4=2 LUT5=1)
  Clock Path Skew:        0.267ns (DCD - SCD - CPR)
    Destination Clock Delay (DCD):    2.037ns
    Source Clock Delay      (SCD):    1.524ns
    Clock Pessimism Removal (CPR):    0.245ns

    Location             Delay type                Incr(ns)  Path(ns)    Netlist Resource(s)
  -------------------------------------------------------------------    -------------------
                         (clock sys_clk_pin rise edge)
                                                      0.000     0.000 r  
    E3                                                0.000     0.000 r  i_clk (IN)
                         net (fo=0)                   0.000     0.000    i_clk
    E3                   IBUF (Prop_ibuf_I_O)         0.250     0.250 r  i_clk_IBUF_inst/O
                         net (fo=1, routed)           0.644     0.894    i_clk_IBUF
    BUFGCTRL_X0Y16       BUFG (Prop_bufg_I_O)         0.026     0.920 r  i_clk_IBUF_BUFG_inst/O
                         net (fo=31, routed)          0.605     1.524    i_clk_IBUF_BUFG
    SLICE_X3Y99          FDCE                                         r  r_cnt_reg[23]/C
  -------------------------------------------------------------------    -------------------
    SLICE_X3Y99          FDCE (Prop_fdce_C_Q)         0.141     1.665 r  r_cnt_reg[23]/Q
                         net (fo=2, routed)           0.065     1.730    sel0[23]
    SLICE_X2Y99          CARRY4 (Prop_carry4_S[2]_CO[3])
                                                      0.156     1.886 r  r_cnt_reg[24]_i_2/CO[3]
                         net (fo=1, routed)           0.001     1.887    r_cnt_reg[24]_i_2_n_0
    SLICE_X2Y100         CARRY4 (Prop_carry4_CI_O[2])
                                                      0.066     1.953 r  r_cnt_reg[27]_i_3/O[2]
                         net (fo=1, routed)           0.140     2.093    data0[27]
    SLICE_X3Y100         LUT5 (Prop_lut5_I0_O)        0.108     2.201 r  r_cnt[27]_i_1/O
                         net (fo=1, routed)           0.000     2.201    p_0_in[27]
    SLICE_X3Y100         FDCE                                         r  r_cnt_reg[27]/D
  -------------------------------------------------------------------    -------------------

                         (clock sys_clk_pin rise edge)
                                                      0.000     0.000 r  
    E3                                                0.000     0.000 r  i_clk (IN)
                         net (fo=0)                   0.000     0.000    i_clk
    E3                   IBUF (Prop_ibuf_I_O)         0.438     0.438 r  i_clk_IBUF_inst/O
                         net (fo=1, routed)           0.699     1.136    i_clk_IBUF
    BUFGCTRL_X0Y16       BUFG (Prop_bufg_I_O)         0.029     1.165 r  i_clk_IBUF_BUFG_inst/O
                         net (fo=31, routed)          0.872     2.037    i_clk_IBUF_BUFG
    SLICE_X3Y100         FDCE                                         r  r_cnt_reg[27]/C
                         clock pessimism             -0.245     1.791    
    SLICE_X3Y100         FDCE (Hold_fdce_C_D)         0.092     1.883    r_cnt_reg[27]
  -------------------------------------------------------------------
                         required time                         -1.883    
                         arrival time                           2.201    
  -------------------------------------------------------------------
                         slack                                  0.317    

Slack (MET) :             0.345ns  (arrival time - required time)
  Source:                 r_cnt_reg[23]/C
                            (rising edge-triggered cell FDCE clocked by sys_clk_pin  {rise@0.000ns fall@5.000ns period=10.000ns})
  Destination:            r_cnt_reg[26]/D
                            (rising edge-triggered cell FDCE clocked by sys_clk_pin  {rise@0.000ns fall@5.000ns period=10.000ns})
  Path Group:             sys_clk_pin
  Path Type:              Hold (Min at Fast Process Corner)
  Requirement:            0.000ns  (sys_clk_pin rise@0.000ns - sys_clk_pin rise@0.000ns)
  Data Path Delay:        0.704ns  (logic 0.495ns (70.326%)  route 0.209ns (29.674%))
  Logic Levels:           3  (CARRY4=2 LUT5=1)
  Clock Path Skew:        0.267ns (DCD - SCD - CPR)
    Destination Clock Delay (DCD):    2.037ns
    Source Clock Delay      (SCD):    1.524ns
    Clock Pessimism Removal (CPR):    0.245ns

    Location             Delay type                Incr(ns)  Path(ns)    Netlist Resource(s)
  -------------------------------------------------------------------    -------------------
                         (clock sys_clk_pin rise edge)
                                                      0.000     0.000 r  
    E3                                                0.000     0.000 r  i_clk (IN)
                         net (fo=0)                   0.000     0.000    i_clk
    E3                   IBUF (Prop_ibuf_I_O)         0.250     0.250 r  i_clk_IBUF_inst/O
                         net (fo=1, routed)           0.644     0.894    i_clk_IBUF
    BUFGCTRL_X0Y16       BUFG (Prop_bufg_I_O)         0.026     0.920 r  i_clk_IBUF_BUFG_inst/O
                         net (fo=31, routed)          0.605     1.524    i_clk_IBUF_BUFG
    SLICE_X3Y99          FDCE                                         r  r_cnt_reg[23]/C
  -------------------------------------------------------------------    -------------------
    SLICE_X3Y99          FDCE (Prop_fdce_C_Q)         0.141     1.665 r  r_cnt_reg[23]/Q
                         net (fo=2, routed)           0.065     1.730    sel0[23]
    SLICE_X2Y99          CARRY4 (Prop_carry4_S[2]_CO[3])
                                                      0.156     1.886 r  r_cnt_reg[24]_i_2/CO[3]
                         net (fo=1, routed)           0.001     1.887    r_cnt_reg[24]_i_2_n_0
    SLICE_X2Y100         CARRY4 (Prop_carry4_CI_O[1])
                                                      0.090     1.977 r  r_cnt_reg[27]_i_3/O[1]
                         net (fo=1, routed)           0.143     2.120    data0[26]
    SLICE_X3Y100         LUT5 (Prop_lut5_I0_O)        0.108     2.228 r  r_cnt[26]_i_1/O
                         net (fo=1, routed)           0.000     2.228    p_0_in[26]
    SLICE_X3Y100         FDCE                                         r  r_cnt_reg[26]/D
  -------------------------------------------------------------------    -------------------

                         (clock sys_clk_pin rise edge)
                                                      0.000     0.000 r  
    E3                                                0.000     0.000 r  i_clk (IN)
                         net (fo=0)                   0.000     0.000    i_clk
    E3                   IBUF (Prop_ibuf_I_O)         0.438     0.438 r  i_clk_IBUF_inst/O
                         net (fo=1, routed)           0.699     1.136    i_clk_IBUF
    BUFGCTRL_X0Y16       BUFG (Prop_bufg_I_O)         0.029     1.165 r  i_clk_IBUF_BUFG_inst/O
                         net (fo=31, routed)          0.872     2.037    i_clk_IBUF_BUFG
    SLICE_X3Y100         FDCE                                         r  r_cnt_reg[26]/C
                         clock pessimism             -0.245     1.791    
    SLICE_X3Y100         FDCE (Hold_fdce_C_D)         0.092     1.883    r_cnt_reg[26]
  -------------------------------------------------------------------
                         required time                         -1.883    
                         arrival time                           2.228    
  -------------------------------------------------------------------
                         slack                                  0.345    

Slack (MET) :             0.357ns  (arrival time - required time)
  Source:                 r_cnt_reg[27]/C
                            (rising edge-triggered cell FDCE clocked by sys_clk_pin  {rise@0.000ns fall@5.000ns period=10.000ns})
  Destination:            r_cnt_reg[24]/D
                            (rising edge-triggered cell FDCE clocked by sys_clk_pin  {rise@0.000ns fall@5.000ns period=10.000ns})
  Path Group:             sys_clk_pin
  Path Type:              Hold (Min at Fast Process Corner)
  Requirement:            0.000ns  (sys_clk_pin rise@0.000ns - sys_clk_pin rise@0.000ns)
  Data Path Delay:        0.728ns  (logic 0.276ns (37.923%)  route 0.452ns (62.077%))
  Logic Levels:           3  (LUT4=1 LUT5=1 LUT6=1)
  Clock Path Skew:        0.279ns (DCD - SCD - CPR)
    Destination Clock Delay (DCD):    2.043ns
    Source Clock Delay      (SCD):    1.518ns
    Clock Pessimism Removal (CPR):    0.245ns

    Location             Delay type                Incr(ns)  Path(ns)    Netlist Resource(s)
  -------------------------------------------------------------------    -------------------
                         (clock sys_clk_pin rise edge)
                                                      0.000     0.000 r  
    E3                                                0.000     0.000 r  i_clk (IN)
                         net (fo=0)                   0.000     0.000    i_clk
    E3                   IBUF (Prop_ibuf_I_O)         0.250     0.250 r  i_clk_IBUF_inst/O
                         net (fo=1, routed)           0.644     0.894    i_clk_IBUF
    BUFGCTRL_X0Y16       BUFG (Prop_bufg_I_O)         0.026     0.920 r  i_clk_IBUF_BUFG_inst/O
                         net (fo=31, routed)          0.599     1.518    i_clk_IBUF_BUFG
    SLICE_X3Y100         FDCE                                         r  r_cnt_reg[27]/C
  -------------------------------------------------------------------    -------------------
    SLICE_X3Y100         FDCE (Prop_fdce_C_Q)         0.141     1.659 r  r_cnt_reg[27]/Q
                         net (fo=2, routed)           0.125     1.784    sel0[27]
    SLICE_X3Y100         LUT4 (Prop_lut4_I3_O)        0.045     1.829 r  r_cnt[27]_i_9/O
                         net (fo=1, routed)           0.198     2.027    r_cnt[27]_i_9_n_0
    SLICE_X3Y99          LUT6 (Prop_lut6_I0_O)        0.045     2.072 r  r_cnt[27]_i_6/O
                         net (fo=30, routed)          0.129     2.201    r_cnt[27]_i_6_n_0
    SLICE_X3Y99          LUT5 (Prop_lut5_I4_O)        0.045     2.246 r  r_cnt[24]_i_1/O
                         net (fo=1, routed)           0.000     2.246    p_0_in[24]
    SLICE_X3Y99          FDCE                                         r  r_cnt_reg[24]/D
  -------------------------------------------------------------------    -------------------

                         (clock sys_clk_pin rise edge)
                                                      0.000     0.000 r  
    E3                                                0.000     0.000 r  i_clk (IN)
                         net (fo=0)                   0.000     0.000    i_clk
    E3                   IBUF (Prop_ibuf_I_O)         0.438     0.438 r  i_clk_IBUF_inst/O
                         net (fo=1, routed)           0.699     1.136    i_clk_IBUF
    BUFGCTRL_X0Y16       BUFG (Prop_bufg_I_O)         0.029     1.165 r  i_clk_IBUF_BUFG_inst/O
                         net (fo=31, routed)          0.878     2.043    i_clk_IBUF_BUFG
    SLICE_X3Y99          FDCE                                         r  r_cnt_reg[24]/C
                         clock pessimism             -0.245     1.797    
    SLICE_X3Y99          FDCE (Hold_fdce_C_D)         0.092     1.889    r_cnt_reg[24]
  -------------------------------------------------------------------
                         required time                         -1.889    
                         arrival time                           2.246    
  -------------------------------------------------------------------
                         slack                                  0.357    

Slack (MET) :             0.392ns  (arrival time - required time)
  Source:                 r_cnt_reg[6]/C
                            (rising edge-triggered cell FDCE clocked by sys_clk_pin  {rise@0.000ns fall@5.000ns period=10.000ns})
  Destination:            r_cnt_reg[4]/D
                            (rising edge-triggered cell FDCE clocked by sys_clk_pin  {rise@0.000ns fall@5.000ns period=10.000ns})
  Path Group:             sys_clk_pin
  Path Type:              Hold (Min at Fast Process Corner)
  Requirement:            0.000ns  (sys_clk_pin rise@0.000ns - sys_clk_pin rise@0.000ns)
  Data Path Delay:        0.524ns  (logic 0.231ns (44.060%)  route 0.293ns (55.940%))
  Logic Levels:           2  (LUT5=2)
  Clock Path Skew:        0.040ns (DCD - SCD - CPR)
    Destination Clock Delay (DCD):    2.042ns
    Source Clock Delay      (SCD):    1.522ns
    Clock Pessimism Removal (CPR):    0.479ns

    Location             Delay type                Incr(ns)  Path(ns)    Netlist Resource(s)
  -------------------------------------------------------------------    -------------------
                         (clock sys_clk_pin rise edge)
                                                      0.000     0.000 r  
    E3                                                0.000     0.000 r  i_clk (IN)
                         net (fo=0)                   0.000     0.000    i_clk
    E3                   IBUF (Prop_ibuf_I_O)         0.250     0.250 r  i_clk_IBUF_inst/O
                         net (fo=1, routed)           0.644     0.894    i_clk_IBUF
    BUFGCTRL_X0Y16       BUFG (Prop_bufg_I_O)         0.026     0.920 r  i_clk_IBUF_BUFG_inst/O
                         net (fo=31, routed)          0.603     1.522    i_clk_IBUF_BUFG
    SLICE_X4Y95          FDCE                                         r  r_cnt_reg[6]/C
  -------------------------------------------------------------------    -------------------
    SLICE_X4Y95          FDCE (Prop_fdce_C_Q)         0.141     1.663 f  r_cnt_reg[6]/Q
                         net (fo=3, routed)           0.156     1.819    sel0[6]
    SLICE_X3Y95          LUT5 (Prop_lut5_I0_O)        0.045     1.864 r  r_cnt[27]_i_5/O
                         net (fo=29, routed)          0.138     2.002    r_cnt[27]_i_5_n_0
    SLICE_X3Y95          LUT5 (Prop_lut5_I3_O)        0.045     2.047 r  r_cnt[4]_i_1/O
                         net (fo=1, routed)           0.000     2.047    p_0_in[4]
    SLICE_X3Y95          FDCE                                         r  r_cnt_reg[4]/D
  -------------------------------------------------------------------    -------------------

                         (clock sys_clk_pin rise edge)
                                                      0.000     0.000 r  
    E3                                                0.000     0.000 r  i_clk (IN)
                         net (fo=0)                   0.000     0.000    i_clk
    E3                   IBUF (Prop_ibuf_I_O)         0.438     0.438 r  i_clk_IBUF_inst/O
                         net (fo=1, routed)           0.699     1.136    i_clk_IBUF
    BUFGCTRL_X0Y16       BUFG (Prop_bufg_I_O)         0.029     1.165 r  i_clk_IBUF_BUFG_inst/O
                         net (fo=31, routed)          0.877     2.042    i_clk_IBUF_BUFG
    SLICE_X3Y95          FDCE                                         r  r_cnt_reg[4]/C
                         clock pessimism             -0.479     1.562    
    SLICE_X3Y95          FDCE (Hold_fdce_C_D)         0.092     1.654    r_cnt_reg[4]
  -------------------------------------------------------------------
                         required time                         -1.654    
                         arrival time                           2.047    
  -------------------------------------------------------------------
                         slack                                  0.392    

Slack (MET) :             0.423ns  (arrival time - required time)
  Source:                 r_cnt_reg[27]/C
                            (rising edge-triggered cell FDCE clocked by sys_clk_pin  {rise@0.000ns fall@5.000ns period=10.000ns})
  Destination:            r_cnt_reg[22]/D
                            (rising edge-triggered cell FDCE clocked by sys_clk_pin  {rise@0.000ns fall@5.000ns period=10.000ns})
  Path Group:             sys_clk_pin
  Path Type:              Hold (Min at Fast Process Corner)
  Requirement:            0.000ns  (sys_clk_pin rise@0.000ns - sys_clk_pin rise@0.000ns)
  Data Path Delay:        0.793ns  (logic 0.276ns (34.817%)  route 0.517ns (65.183%))
  Logic Levels:           3  (LUT4=1 LUT5=1 LUT6=1)
  Clock Path Skew:        0.279ns (DCD - SCD - CPR)
    Destination Clock Delay (DCD):    2.043ns
    Source Clock Delay      (SCD):    1.518ns
    Clock Pessimism Removal (CPR):    0.245ns

    Location             Delay type                Incr(ns)  Path(ns)    Netlist Resource(s)
  -------------------------------------------------------------------    -------------------
                         (clock sys_clk_pin rise edge)
                                                      0.000     0.000 r  
    E3                                                0.000     0.000 r  i_clk (IN)
                         net (fo=0)                   0.000     0.000    i_clk
    E3                   IBUF (Prop_ibuf_I_O)         0.250     0.250 r  i_clk_IBUF_inst/O
                         net (fo=1, routed)           0.644     0.894    i_clk_IBUF
    BUFGCTRL_X0Y16       BUFG (Prop_bufg_I_O)         0.026     0.920 r  i_clk_IBUF_BUFG_inst/O
                         net (fo=31, routed)          0.599     1.518    i_clk_IBUF_BUFG
    SLICE_X3Y100         FDCE                                         r  r_cnt_reg[27]/C
  -------------------------------------------------------------------    -------------------
    SLICE_X3Y100         FDCE (Prop_fdce_C_Q)         0.141     1.659 r  r_cnt_reg[27]/Q
                         net (fo=2, routed)           0.125     1.784    sel0[27]
    SLICE_X3Y100         LUT4 (Prop_lut4_I3_O)        0.045     1.829 r  r_cnt[27]_i_9/O
                         net (fo=1, routed)           0.198     2.027    r_cnt[27]_i_9_n_0
    SLICE_X3Y99          LUT6 (Prop_lut6_I0_O)        0.045     2.072 r  r_cnt[27]_i_6/O
                         net (fo=30, routed)          0.194     2.266    r_cnt[27]_i_6_n_0
    SLICE_X3Y99          LUT5 (Prop_lut5_I4_O)        0.045     2.311 r  r_cnt[22]_i_1/O
                         net (fo=1, routed)           0.000     2.311    p_0_in[22]
    SLICE_X3Y99          FDCE                                         r  r_cnt_reg[22]/D
  -------------------------------------------------------------------    -------------------

                         (clock sys_clk_pin rise edge)
                                                      0.000     0.000 r  
    E3                                                0.000     0.000 r  i_clk (IN)
                         net (fo=0)                   0.000     0.000    i_clk
    E3                   IBUF (Prop_ibuf_I_O)         0.438     0.438 r  i_clk_IBUF_inst/O
                         net (fo=1, routed)           0.699     1.136    i_clk_IBUF
    BUFGCTRL_X0Y16       BUFG (Prop_bufg_I_O)         0.029     1.165 r  i_clk_IBUF_BUFG_inst/O
                         net (fo=31, routed)          0.878     2.043    i_clk_IBUF_BUFG
    SLICE_X3Y99          FDCE                                         r  r_cnt_reg[22]/C
                         clock pessimism             -0.245     1.797    
    SLICE_X3Y99          FDCE (Hold_fdce_C_D)         0.091     1.888    r_cnt_reg[22]
  -------------------------------------------------------------------
                         required time                         -1.888    
                         arrival time                           2.311    
  -------------------------------------------------------------------
                         slack                                  0.423    

Slack (MET) :             0.438ns  (arrival time - required time)
  Source:                 r_cnt_reg[27]/C
                            (rising edge-triggered cell FDCE clocked by sys_clk_pin  {rise@0.000ns fall@5.000ns period=10.000ns})
  Destination:            r_cnt_reg[19]/D
                            (rising edge-triggered cell FDCE clocked by sys_clk_pin  {rise@0.000ns fall@5.000ns period=10.000ns})
  Path Group:             sys_clk_pin
  Path Type:              Hold (Min at Fast Process Corner)
  Requirement:            0.000ns  (sys_clk_pin rise@0.000ns - sys_clk_pin rise@0.000ns)
  Data Path Delay:        0.809ns  (logic 0.276ns (34.125%)  route 0.533ns (65.875%))
  Logic Levels:           3  (LUT4=1 LUT5=1 LUT6=1)
  Clock Path Skew:        0.279ns (DCD - SCD - CPR)
    Destination Clock Delay (DCD):    2.043ns
    Source Clock Delay      (SCD):    1.518ns
    Clock Pessimism Removal (CPR):    0.245ns

    Location             Delay type                Incr(ns)  Path(ns)    Netlist Resource(s)
  -------------------------------------------------------------------    -------------------
                         (clock sys_clk_pin rise edge)
                                                      0.000     0.000 r  
    E3                                                0.000     0.000 r  i_clk (IN)
                         net (fo=0)                   0.000     0.000    i_clk
    E3                   IBUF (Prop_ibuf_I_O)         0.250     0.250 r  i_clk_IBUF_inst/O
                         net (fo=1, routed)           0.644     0.894    i_clk_IBUF
    BUFGCTRL_X0Y16       BUFG (Prop_bufg_I_O)         0.026     0.920 r  i_clk_IBUF_BUFG_inst/O
                         net (fo=31, routed)          0.599     1.518    i_clk_IBUF_BUFG
    SLICE_X3Y100         FDCE                                         r  r_cnt_reg[27]/C
  -------------------------------------------------------------------    -------------------
    SLICE_X3Y100         FDCE (Prop_fdce_C_Q)         0.141     1.659 r  r_cnt_reg[27]/Q
                         net (fo=2, routed)           0.125     1.784    sel0[27]
    SLICE_X3Y100         LUT4 (Prop_lut4_I3_O)        0.045     1.829 r  r_cnt[27]_i_9/O
                         net (fo=1, routed)           0.198     2.027    r_cnt[27]_i_9_n_0
    SLICE_X3Y99          LUT6 (Prop_lut6_I0_O)        0.045     2.072 r  r_cnt[27]_i_6/O
                         net (fo=30, routed)          0.210     2.282    r_cnt[27]_i_6_n_0
    SLICE_X3Y98          LUT5 (Prop_lut5_I4_O)        0.045     2.327 r  r_cnt[19]_i_1/O
                         net (fo=1, routed)           0.000     2.327    p_0_in[19]
    SLICE_X3Y98          FDCE                                         r  r_cnt_reg[19]/D
  -------------------------------------------------------------------    -------------------

                         (clock sys_clk_pin rise edge)
                                                      0.000     0.000 r  
    E3                                                0.000     0.000 r  i_clk (IN)
                         net (fo=0)                   0.000     0.000    i_clk
    E3                   IBUF (Prop_ibuf_I_O)         0.438     0.438 r  i_clk_IBUF_inst/O
                         net (fo=1, routed)           0.699     1.136    i_clk_IBUF
    BUFGCTRL_X0Y16       BUFG (Prop_bufg_I_O)         0.029     1.165 r  i_clk_IBUF_BUFG_inst/O
                         net (fo=31, routed)          0.878     2.043    i_clk_IBUF_BUFG
    SLICE_X3Y98          FDCE                                         r  r_cnt_reg[19]/C
                         clock pessimism             -0.245     1.797    
    SLICE_X3Y98          FDCE (Hold_fdce_C_D)         0.092     1.889    r_cnt_reg[19]
  -------------------------------------------------------------------
                         required time                         -1.889    
                         arrival time                           2.327    
  -------------------------------------------------------------------
                         slack                                  0.438    

Slack (MET) :             0.447ns  (arrival time - required time)
  Source:                 r_cnt_reg[23]/C
                            (rising edge-triggered cell FDCE clocked by sys_clk_pin  {rise@0.000ns fall@5.000ns period=10.000ns})
  Destination:            r_cnt_reg[25]/D
                            (rising edge-triggered cell FDCE clocked by sys_clk_pin  {rise@0.000ns fall@5.000ns period=10.000ns})
  Path Group:             sys_clk_pin
  Path Type:              Hold (Min at Fast Process Corner)
  Requirement:            0.000ns  (sys_clk_pin rise@0.000ns - sys_clk_pin rise@0.000ns)
  Data Path Delay:        0.805ns  (logic 0.455ns (56.510%)  route 0.350ns (43.490%))
  Logic Levels:           3  (CARRY4=2 LUT5=1)
  Clock Path Skew:        0.267ns (DCD - SCD - CPR)
    Destination Clock Delay (DCD):    2.037ns
    Source Clock Delay      (SCD):    1.524ns
    Clock Pessimism Removal (CPR):    0.245ns

    Location             Delay type                Incr(ns)  Path(ns)    Netlist Resource(s)
  -------------------------------------------------------------------    -------------------
                         (clock sys_clk_pin rise edge)
                                                      0.000     0.000 r  
    E3                                                0.000     0.000 r  i_clk (IN)
                         net (fo=0)                   0.000     0.000    i_clk
    E3                   IBUF (Prop_ibuf_I_O)         0.250     0.250 r  i_clk_IBUF_inst/O
                         net (fo=1, routed)           0.644     0.894    i_clk_IBUF
    BUFGCTRL_X0Y16       BUFG (Prop_bufg_I_O)         0.026     0.920 r  i_clk_IBUF_BUFG_inst/O
                         net (fo=31, routed)          0.605     1.524    i_clk_IBUF_BUFG
    SLICE_X3Y99          FDCE                                         r  r_cnt_reg[23]/C
  -------------------------------------------------------------------    -------------------
    SLICE_X3Y99          FDCE (Prop_fdce_C_Q)         0.141     1.665 r  r_cnt_reg[23]/Q
                         net (fo=2, routed)           0.065     1.730    sel0[23]
    SLICE_X2Y99          CARRY4 (Prop_carry4_S[2]_CO[3])
                                                      0.156     1.886 r  r_cnt_reg[24]_i_2/CO[3]
                         net (fo=1, routed)           0.001     1.887    r_cnt_reg[24]_i_2_n_0
    SLICE_X2Y100         CARRY4 (Prop_carry4_CI_O[0])
                                                      0.053     1.940 r  r_cnt_reg[27]_i_3/O[0]
                         net (fo=1, routed)           0.284     2.224    data0[25]
    SLICE_X3Y100         LUT5 (Prop_lut5_I0_O)        0.105     2.329 r  r_cnt[25]_i_1/O
                         net (fo=1, routed)           0.000     2.329    p_0_in[25]
    SLICE_X3Y100         FDCE                                         r  r_cnt_reg[25]/D
  -------------------------------------------------------------------    -------------------

                         (clock sys_clk_pin rise edge)
                                                      0.000     0.000 r  
    E3                                                0.000     0.000 r  i_clk (IN)
                         net (fo=0)                   0.000     0.000    i_clk
    E3                   IBUF (Prop_ibuf_I_O)         0.438     0.438 r  i_clk_IBUF_inst/O
                         net (fo=1, routed)           0.699     1.136    i_clk_IBUF
    BUFGCTRL_X0Y16       BUFG (Prop_bufg_I_O)         0.029     1.165 r  i_clk_IBUF_BUFG_inst/O
                         net (fo=31, routed)          0.872     2.037    i_clk_IBUF_BUFG
    SLICE_X3Y100         FDCE                                         r  r_cnt_reg[25]/C
                         clock pessimism             -0.245     1.791    
    SLICE_X3Y100         FDCE (Hold_fdce_C_D)         0.091     1.882    r_cnt_reg[25]
  -------------------------------------------------------------------
                         required time                         -1.882    
                         arrival time                           2.329    
  -------------------------------------------------------------------
                         slack                                  0.447    





Pulse Width Checks
--------------------------------------------------------------------------------------
Clock Name:         sys_clk_pin
Waveform(ns):       { 0.000 5.000 }
Period(ns):         10.000
Sources:            { i_clk }

Check Type        Corner  Lib Pin  Reference Pin  Required(ns)  Actual(ns)  Slack(ns)  Location        Pin
Min Period        n/a     BUFG/I   n/a            2.155         10.000      7.845      BUFGCTRL_X0Y16  i_clk_IBUF_BUFG_inst/I
Min Period        n/a     FDCE/C   n/a            1.000         10.000      9.000      SLICE_X1Y96     r_8s_cnt_reg[0]/C
Min Period        n/a     FDCE/C   n/a            1.000         10.000      9.000      SLICE_X1Y96     r_8s_cnt_reg[1]/C
Min Period        n/a     FDCE/C   n/a            1.000         10.000      9.000      SLICE_X1Y96     r_8s_cnt_reg[2]/C
Min Period        n/a     FDCE/C   n/a            1.000         10.000      9.000      SLICE_X3Y94     r_cnt_reg[0]/C
Min Period        n/a     FDCE/C   n/a            1.000         10.000      9.000      SLICE_X3Y96     r_cnt_reg[10]/C
Min Period        n/a     FDCE/C   n/a            1.000         10.000      9.000      SLICE_X4Y96     r_cnt_reg[11]/C
Min Period        n/a     FDCE/C   n/a            1.000         10.000      9.000      SLICE_X3Y96     r_cnt_reg[12]/C
Min Period        n/a     FDCE/C   n/a            1.000         10.000      9.000      SLICE_X3Y97     r_cnt_reg[13]/C
Min Period        n/a     FDCE/C   n/a            1.000         10.000      9.000      SLICE_X3Y97     r_cnt_reg[14]/C
Low Pulse Width   Slow    FDCE/C   n/a            0.500         5.000       4.500      SLICE_X1Y96     r_8s_cnt_reg[0]/C
Low Pulse Width   Fast    FDCE/C   n/a            0.500         5.000       4.500      SLICE_X1Y96     r_8s_cnt_reg[0]/C
Low Pulse Width   Slow    FDCE/C   n/a            0.500         5.000       4.500      SLICE_X1Y96     r_8s_cnt_reg[1]/C
Low Pulse Width   Fast    FDCE/C   n/a            0.500         5.000       4.500      SLICE_X1Y96     r_8s_cnt_reg[1]/C
Low Pulse Width   Slow    FDCE/C   n/a            0.500         5.000       4.500      SLICE_X1Y96     r_8s_cnt_reg[2]/C
Low Pulse Width   Fast    FDCE/C   n/a            0.500         5.000       4.500      SLICE_X1Y96     r_8s_cnt_reg[2]/C
Low Pulse Width   Slow    FDCE/C   n/a            0.500         5.000       4.500      SLICE_X3Y94     r_cnt_reg[0]/C
Low Pulse Width   Fast    FDCE/C   n/a            0.500         5.000       4.500      SLICE_X3Y94     r_cnt_reg[0]/C
Low Pulse Width   Slow    FDCE/C   n/a            0.500         5.000       4.500      SLICE_X3Y96     r_cnt_reg[10]/C
Low Pulse Width   Fast    FDCE/C   n/a            0.500         5.000       4.500      SLICE_X3Y96     r_cnt_reg[10]/C
High Pulse Width  Slow    FDCE/C   n/a            0.500         5.000       4.500      SLICE_X1Y96     r_8s_cnt_reg[0]/C
High Pulse Width  Fast    FDCE/C   n/a            0.500         5.000       4.500      SLICE_X1Y96     r_8s_cnt_reg[0]/C
High Pulse Width  Slow    FDCE/C   n/a            0.500         5.000       4.500      SLICE_X1Y96     r_8s_cnt_reg[1]/C
High Pulse Width  Fast    FDCE/C   n/a            0.500         5.000       4.500      SLICE_X1Y96     r_8s_cnt_reg[1]/C
High Pulse Width  Slow    FDCE/C   n/a            0.500         5.000       4.500      SLICE_X1Y96     r_8s_cnt_reg[2]/C
High Pulse Width  Fast    FDCE/C   n/a            0.500         5.000       4.500      SLICE_X1Y96     r_8s_cnt_reg[2]/C
High Pulse Width  Slow    FDCE/C   n/a            0.500         5.000       4.500      SLICE_X3Y94     r_cnt_reg[0]/C
High Pulse Width  Fast    FDCE/C   n/a            0.500         5.000       4.500      SLICE_X3Y94     r_cnt_reg[0]/C
High Pulse Width  Slow    FDCE/C   n/a            0.500         5.000       4.500      SLICE_X3Y96     r_cnt_reg[10]/C
High Pulse Width  Fast    FDCE/C   n/a            0.500         5.000       4.500      SLICE_X3Y96     r_cnt_reg[10]/C



--------------------------------------------------------------------------------------
Path Group:  (none)
From Clock:  
  To Clock:  

Max Delay             8 Endpoints
Min Delay             8 Endpoints
--------------------------------------------------------------------------------------


Max Delay Paths
--------------------------------------------------------------------------------------
Slack:                    inf
  Source:                 i_sw
                            (input port)
  Destination:            o_led[7]
                            (output port)
  Path Group:             (none)
  Path Type:              Max at Slow Process Corner
  Data Path Delay:        10.210ns  (logic 5.391ns (52.800%)  route 4.819ns (47.200%))
  Logic Levels:           3  (IBUF=1 LUT4=1 OBUF=1)

    Location             Delay type                Incr(ns)  Path(ns)    Netlist Resource(s)
  -------------------------------------------------------------------    -------------------
    J15                                               0.000     0.000 r  i_sw (IN)
                         net (fo=0)                   0.000     0.000    i_sw
    J15                  IBUF (Prop_ibuf_I_O)         1.478     1.478 r  i_sw_IBUF_inst/O
                         net (fo=39, routed)          2.104     3.582    i_sw_IBUF
    SLICE_X0Y96          LUT4 (Prop_lut4_I2_O)        0.150     3.732 r  o_led_OBUF[7]_inst_i_1/O
                         net (fo=1, routed)           2.715     6.447    o_led_OBUF[7]
    U16                  OBUF (Prop_obuf_I_O)         3.763    10.210 r  o_led_OBUF[7]_inst/O
                         net (fo=0)                   0.000    10.210    o_led[7]
    U16                                                               r  o_led[7] (OUT)
  -------------------------------------------------------------------    -------------------

Slack:                    inf
  Source:                 i_sw
                            (input port)
  Destination:            o_led[5]
                            (output port)
  Path Group:             (none)
  Path Type:              Max at Slow Process Corner
  Data Path Delay:        10.175ns  (logic 5.153ns (50.650%)  route 5.021ns (49.350%))
  Logic Levels:           3  (IBUF=1 LUT4=1 OBUF=1)

    Location             Delay type                Incr(ns)  Path(ns)    Netlist Resource(s)
  -------------------------------------------------------------------    -------------------
    J15                                               0.000     0.000 r  i_sw (IN)
                         net (fo=0)                   0.000     0.000    i_sw
    J15                  IBUF (Prop_ibuf_I_O)         1.478     1.478 r  i_sw_IBUF_inst/O
                         net (fo=39, routed)          2.104     3.582    i_sw_IBUF
    SLICE_X0Y96          LUT4 (Prop_lut4_I2_O)        0.124     3.706 r  o_led_OBUF[5]_inst_i_1/O
                         net (fo=1, routed)           2.917     6.623    o_led_OBUF[5]
    V17                  OBUF (Prop_obuf_I_O)         3.552    10.175 r  o_led_OBUF[5]_inst/O
                         net (fo=0)                   0.000    10.175    o_led[5]
    V17                                                               r  o_led[5] (OUT)
  -------------------------------------------------------------------    -------------------

Slack:                    inf
  Source:                 i_sw
                            (input port)
  Destination:            o_led[6]
                            (output port)
  Path Group:             (none)
  Path Type:              Max at Slow Process Corner
  Data Path Delay:        9.923ns  (logic 5.389ns (54.303%)  route 4.535ns (45.697%))
  Logic Levels:           3  (IBUF=1 LUT4=1 OBUF=1)

    Location             Delay type                Incr(ns)  Path(ns)    Netlist Resource(s)
  -------------------------------------------------------------------    -------------------
    J15                                               0.000     0.000 r  i_sw (IN)
                         net (fo=0)                   0.000     0.000    i_sw
    J15                  IBUF (Prop_ibuf_I_O)         1.478     1.478 r  i_sw_IBUF_inst/O
                         net (fo=39, routed)          1.948     3.425    i_sw_IBUF
    SLICE_X0Y96          LUT4 (Prop_lut4_I3_O)        0.153     3.578 r  o_led_OBUF[6]_inst_i_1/O
                         net (fo=1, routed)           2.587     6.165    o_led_OBUF[6]
    U17                  OBUF (Prop_obuf_I_O)         3.758     9.923 r  o_led_OBUF[6]_inst/O
                         net (fo=0)                   0.000     9.923    o_led[6]
    U17                                                               r  o_led[6] (OUT)
  -------------------------------------------------------------------    -------------------

Slack:                    inf
  Source:                 i_sw
                            (input port)
  Destination:            o_led[0]
                            (output port)
  Path Group:             (none)
  Path Type:              Max at Slow Process Corner
  Data Path Delay:        9.795ns  (logic 5.358ns (54.701%)  route 4.437ns (45.299%))
  Logic Levels:           3  (IBUF=1 LUT4=1 OBUF=1)

    Location             Delay type                Incr(ns)  Path(ns)    Netlist Resource(s)
  -------------------------------------------------------------------    -------------------
    J15                                               0.000     0.000 r  i_sw (IN)
                         net (fo=0)                   0.000     0.000    i_sw
    J15                  IBUF (Prop_ibuf_I_O)         1.478     1.478 r  i_sw_IBUF_inst/O
                         net (fo=39, routed)          2.156     3.634    i_sw_IBUF
    SLICE_X0Y96          LUT4 (Prop_lut4_I3_O)        0.152     3.786 r  o_led_OBUF[0]_inst_i_1/O
                         net (fo=1, routed)           2.281     6.067    o_led_OBUF[0]
    H17                  OBUF (Prop_obuf_I_O)         3.728     9.795 r  o_led_OBUF[0]_inst/O
                         net (fo=0)                   0.000     9.795    o_led[0]
    H17                                                               r  o_led[0] (OUT)
  -------------------------------------------------------------------    -------------------

Slack:                    inf
  Source:                 i_sw
                            (input port)
  Destination:            o_led[3]
                            (output port)
  Path Group:             (none)
  Path Type:              Max at Slow Process Corner
  Data Path Delay:        9.626ns  (logic 5.380ns (55.893%)  route 4.246ns (44.107%))
  Logic Levels:           3  (IBUF=1 LUT4=1 OBUF=1)

    Location             Delay type                Incr(ns)  Path(ns)    Netlist Resource(s)
  -------------------------------------------------------------------    -------------------
    J15                                               0.000     0.000 r  i_sw (IN)
                         net (fo=0)                   0.000     0.000    i_sw
    J15                  IBUF (Prop_ibuf_I_O)         1.478     1.478 r  i_sw_IBUF_inst/O
                         net (fo=39, routed)          2.164     3.642    i_sw_IBUF
    SLICE_X0Y96          LUT4 (Prop_lut4_I2_O)        0.150     3.792 r  o_led_OBUF[3]_inst_i_1/O
                         net (fo=1, routed)           2.081     5.873    o_led_OBUF[3]
    N14                  OBUF (Prop_obuf_I_O)         3.753     9.626 r  o_led_OBUF[3]_inst/O
                         net (fo=0)                   0.000     9.626    o_led[3]
    N14                                                               r  o_led[3] (OUT)
  -------------------------------------------------------------------    -------------------

Slack:                    inf
  Source:                 i_sw
                            (input port)
  Destination:            o_led[2]
                            (output port)
  Path Group:             (none)
  Path Type:              Max at Slow Process Corner
  Data Path Delay:        9.571ns  (logic 5.154ns (53.850%)  route 4.417ns (46.150%))
  Logic Levels:           3  (IBUF=1 LUT4=1 OBUF=1)

    Location             Delay type                Incr(ns)  Path(ns)    Netlist Resource(s)
  -------------------------------------------------------------------    -------------------
    J15                                               0.000     0.000 r  i_sw (IN)
                         net (fo=0)                   0.000     0.000    i_sw
    J15                  IBUF (Prop_ibuf_I_O)         1.478     1.478 r  i_sw_IBUF_inst/O
                         net (fo=39, routed)          2.156     3.634    i_sw_IBUF
    SLICE_X0Y96          LUT4 (Prop_lut4_I3_O)        0.124     3.758 r  o_led_OBUF[2]_inst_i_1/O
                         net (fo=1, routed)           2.261     6.019    o_led_OBUF[2]
    J13                  OBUF (Prop_obuf_I_O)         3.553     9.571 r  o_led_OBUF[2]_inst/O
                         net (fo=0)                   0.000     9.571    o_led[2]
    J13                                                               r  o_led[2] (OUT)
  -------------------------------------------------------------------    -------------------

Slack:                    inf
  Source:                 i_sw
                            (input port)
  Destination:            o_led[1]
                            (output port)
  Path Group:             (none)
  Path Type:              Max at Slow Process Corner
  Data Path Delay:        9.157ns  (logic 5.137ns (56.100%)  route 4.020ns (43.900%))
  Logic Levels:           3  (IBUF=1 LUT4=1 OBUF=1)

    Location             Delay type                Incr(ns)  Path(ns)    Netlist Resource(s)
  -------------------------------------------------------------------    -------------------
    J15                                               0.000     0.000 r  i_sw (IN)
                         net (fo=0)                   0.000     0.000    i_sw
    J15                  IBUF (Prop_ibuf_I_O)         1.478     1.478 r  i_sw_IBUF_inst/O
                         net (fo=39, routed)          2.164     3.642    i_sw_IBUF
    SLICE_X0Y96          LUT4 (Prop_lut4_I2_O)        0.124     3.766 r  o_led_OBUF[1]_inst_i_1/O
                         net (fo=1, routed)           1.855     5.621    o_led_OBUF[1]
    K15                  OBUF (Prop_obuf_I_O)         3.535     9.157 r  o_led_OBUF[1]_inst/O
                         net (fo=0)                   0.000     9.157    o_led[1]
    K15                                                               r  o_led[1] (OUT)
  -------------------------------------------------------------------    -------------------

Slack:                    inf
  Source:                 i_sw
                            (input port)
  Destination:            o_led[4]
                            (output port)
  Path Group:             (none)
  Path Type:              Max at Slow Process Corner
  Data Path Delay:        9.021ns  (logic 5.153ns (57.124%)  route 3.868ns (42.876%))
  Logic Levels:           3  (IBUF=1 LUT4=1 OBUF=1)

    Location             Delay type                Incr(ns)  Path(ns)    Netlist Resource(s)
  -------------------------------------------------------------------    -------------------
    J15                                               0.000     0.000 r  i_sw (IN)
                         net (fo=0)                   0.000     0.000    i_sw
    J15                  IBUF (Prop_ibuf_I_O)         1.478     1.478 r  i_sw_IBUF_inst/O
                         net (fo=39, routed)          1.948     3.425    i_sw_IBUF
    SLICE_X0Y96          LUT4 (Prop_lut4_I3_O)        0.124     3.549 r  o_led_OBUF[4]_inst_i_1/O
                         net (fo=1, routed)           1.920     5.469    o_led_OBUF[4]
    R18                  OBUF (Prop_obuf_I_O)         3.552     9.021 r  o_led_OBUF[4]_inst/O
                         net (fo=0)                   0.000     9.021    o_led[4]
    R18                                                               r  o_led[4] (OUT)
  -------------------------------------------------------------------    -------------------





Min Delay Paths
--------------------------------------------------------------------------------------
Slack:                    inf
  Source:                 i_sw
                            (input port)
  Destination:            o_led[4]
                            (output port)
  Path Group:             (none)
  Path Type:              Min at Fast Process Corner
  Data Path Delay:        2.797ns  (logic 1.543ns (55.165%)  route 1.254ns (44.835%))
  Logic Levels:           3  (IBUF=1 LUT4=1 OBUF=1)

    Location             Delay type                Incr(ns)  Path(ns)    Netlist Resource(s)
  -------------------------------------------------------------------    -------------------
    J15                                               0.000     0.000 r  i_sw (IN)
                         net (fo=0)                   0.000     0.000    i_sw
    J15                  IBUF (Prop_ibuf_I_O)         0.245     0.245 r  i_sw_IBUF_inst/O
                         net (fo=39, routed)          0.812     1.057    i_sw_IBUF
    SLICE_X0Y96          LUT4 (Prop_lut4_I3_O)        0.045     1.102 r  o_led_OBUF[4]_inst_i_1/O
                         net (fo=1, routed)           0.442     1.544    o_led_OBUF[4]
    R18                  OBUF (Prop_obuf_I_O)         1.252     2.797 r  o_led_OBUF[4]_inst/O
                         net (fo=0)                   0.000     2.797    o_led[4]
    R18                                                               r  o_led[4] (OUT)
  -------------------------------------------------------------------    -------------------

Slack:                    inf
  Source:                 i_sw
                            (input port)
  Destination:            o_led[1]
                            (output port)
  Path Group:             (none)
  Path Type:              Min at Fast Process Corner
  Data Path Delay:        2.845ns  (logic 1.527ns (53.650%)  route 1.319ns (46.350%))
  Logic Levels:           3  (IBUF=1 LUT4=1 OBUF=1)

    Location             Delay type                Incr(ns)  Path(ns)    Netlist Resource(s)
  -------------------------------------------------------------------    -------------------
    J15                                               0.000     0.000 r  i_sw (IN)
                         net (fo=0)                   0.000     0.000    i_sw
    J15                  IBUF (Prop_ibuf_I_O)         0.245     0.245 r  i_sw_IBUF_inst/O
                         net (fo=39, routed)          0.903     1.149    i_sw_IBUF
    SLICE_X0Y96          LUT4 (Prop_lut4_I2_O)        0.045     1.194 r  o_led_OBUF[1]_inst_i_1/O
                         net (fo=1, routed)           0.415     1.609    o_led_OBUF[1]
    K15                  OBUF (Prop_obuf_I_O)         1.236     2.845 r  o_led_OBUF[1]_inst/O
                         net (fo=0)                   0.000     2.845    o_led[1]
    K15                                                               r  o_led[1] (OUT)
  -------------------------------------------------------------------    -------------------

Slack:                    inf
  Source:                 i_sw
                            (input port)
  Destination:            o_led[3]
                            (output port)
  Path Group:             (none)
  Path Type:              Min at Fast Process Corner
  Data Path Delay:        3.014ns  (logic 1.601ns (53.103%)  route 1.414ns (46.897%))
  Logic Levels:           3  (IBUF=1 LUT4=1 OBUF=1)

    Location             Delay type                Incr(ns)  Path(ns)    Netlist Resource(s)
  -------------------------------------------------------------------    -------------------
    J15                                               0.000     0.000 r  i_sw (IN)
                         net (fo=0)                   0.000     0.000    i_sw
    J15                  IBUF (Prop_ibuf_I_O)         0.245     0.245 r  i_sw_IBUF_inst/O
                         net (fo=39, routed)          0.903     1.149    i_sw_IBUF
    SLICE_X0Y96          LUT4 (Prop_lut4_I2_O)        0.042     1.191 r  o_led_OBUF[3]_inst_i_1/O
                         net (fo=1, routed)           0.510     1.701    o_led_OBUF[3]
    N14                  OBUF (Prop_obuf_I_O)         1.313     3.014 r  o_led_OBUF[3]_inst/O
                         net (fo=0)                   0.000     3.014    o_led[3]
    N14                                                               r  o_led[3] (OUT)
  -------------------------------------------------------------------    -------------------

Slack:                    inf
  Source:                 i_sw
                            (input port)
  Destination:            o_led[2]
                            (output port)
  Path Group:             (none)
  Path Type:              Min at Fast Process Corner
  Data Path Delay:        3.025ns  (logic 1.544ns (51.032%)  route 1.481ns (48.968%))
  Logic Levels:           3  (IBUF=1 LUT4=1 OBUF=1)

    Location             Delay type                Incr(ns)  Path(ns)    Netlist Resource(s)
  -------------------------------------------------------------------    -------------------
    J15                                               0.000     0.000 r  i_sw (IN)
                         net (fo=0)                   0.000     0.000    i_sw
    J15                  IBUF (Prop_ibuf_I_O)         0.245     0.245 r  i_sw_IBUF_inst/O
                         net (fo=39, routed)          0.892     1.138    i_sw_IBUF
    SLICE_X0Y96          LUT4 (Prop_lut4_I3_O)        0.045     1.183 r  o_led_OBUF[2]_inst_i_1/O
                         net (fo=1, routed)           0.589     1.772    o_led_OBUF[2]
    J13                  OBUF (Prop_obuf_I_O)         1.253     3.025 r  o_led_OBUF[2]_inst/O
                         net (fo=0)                   0.000     3.025    o_led[2]
    J13                                                               r  o_led[2] (OUT)
  -------------------------------------------------------------------    -------------------

Slack:                    inf
  Source:                 i_sw
                            (input port)
  Destination:            o_led[0]
                            (output port)
  Path Group:             (none)
  Path Type:              Min at Fast Process Corner
  Data Path Delay:        3.067ns  (logic 1.577ns (51.416%)  route 1.490ns (48.584%))
  Logic Levels:           3  (IBUF=1 LUT4=1 OBUF=1)

    Location             Delay type                Incr(ns)  Path(ns)    Netlist Resource(s)
  -------------------------------------------------------------------    -------------------
    J15                                               0.000     0.000 r  i_sw (IN)
                         net (fo=0)                   0.000     0.000    i_sw
    J15                  IBUF (Prop_ibuf_I_O)         0.245     0.245 r  i_sw_IBUF_inst/O
                         net (fo=39, routed)          0.892     1.138    i_sw_IBUF
    SLICE_X0Y96          LUT4 (Prop_lut4_I3_O)        0.043     1.181 r  o_led_OBUF[0]_inst_i_1/O
                         net (fo=1, routed)           0.598     1.778    o_led_OBUF[0]
    H17                  OBUF (Prop_obuf_I_O)         1.288     3.067 r  o_led_OBUF[0]_inst/O
                         net (fo=0)                   0.000     3.067    o_led[0]
    H17                                                               r  o_led[0] (OUT)
  -------------------------------------------------------------------    -------------------

Slack:                    inf
  Source:                 i_sw
                            (input port)
  Destination:            o_led[6]
                            (output port)
  Path Group:             (none)
  Path Type:              Min at Fast Process Corner
  Data Path Delay:        3.165ns  (logic 1.608ns (50.813%)  route 1.557ns (49.187%))
  Logic Levels:           3  (IBUF=1 LUT4=1 OBUF=1)

    Location             Delay type                Incr(ns)  Path(ns)    Netlist Resource(s)
  -------------------------------------------------------------------    -------------------
    J15                                               0.000     0.000 r  i_sw (IN)
                         net (fo=0)                   0.000     0.000    i_sw
    J15                  IBUF (Prop_ibuf_I_O)         0.245     0.245 r  i_sw_IBUF_inst/O
                         net (fo=39, routed)          0.812     1.057    i_sw_IBUF
    SLICE_X0Y96          LUT4 (Prop_lut4_I3_O)        0.042     1.099 r  o_led_OBUF[6]_inst_i_1/O
                         net (fo=1, routed)           0.745     1.844    o_led_OBUF[6]
    U17                  OBUF (Prop_obuf_I_O)         1.321     3.165 r  o_led_OBUF[6]_inst/O
                         net (fo=0)                   0.000     3.165    o_led[6]
    U17                                                               r  o_led[6] (OUT)
  -------------------------------------------------------------------    -------------------

Slack:                    inf
  Source:                 i_sw
                            (input port)
  Destination:            o_led[5]
                            (output port)
  Path Group:             (none)
  Path Type:              Min at Fast Process Corner
  Data Path Delay:        3.283ns  (logic 1.543ns (46.997%)  route 1.740ns (53.003%))
  Logic Levels:           3  (IBUF=1 LUT4=1 OBUF=1)

    Location             Delay type                Incr(ns)  Path(ns)    Netlist Resource(s)
  -------------------------------------------------------------------    -------------------
    J15                                               0.000     0.000 r  i_sw (IN)
                         net (fo=0)                   0.000     0.000    i_sw
    J15                  IBUF (Prop_ibuf_I_O)         0.245     0.245 r  i_sw_IBUF_inst/O
                         net (fo=39, routed)          0.871     1.116    i_sw_IBUF
    SLICE_X0Y96          LUT4 (Prop_lut4_I2_O)        0.045     1.161 r  o_led_OBUF[5]_inst_i_1/O
                         net (fo=1, routed)           0.869     2.031    o_led_OBUF[5]
    V17                  OBUF (Prop_obuf_I_O)         1.252     3.283 r  o_led_OBUF[5]_inst/O
                         net (fo=0)                   0.000     3.283    o_led[5]
    V17                                                               r  o_led[5] (OUT)
  -------------------------------------------------------------------    -------------------

Slack:                    inf
  Source:                 i_sw
                            (input port)
  Destination:            o_led[7]
                            (output port)
  Path Group:             (none)
  Path Type:              Min at Fast Process Corner
  Data Path Delay:        3.285ns  (logic 1.611ns (49.059%)  route 1.673ns (50.941%))
  Logic Levels:           3  (IBUF=1 LUT4=1 OBUF=1)

    Location             Delay type                Incr(ns)  Path(ns)    Netlist Resource(s)
  -------------------------------------------------------------------    -------------------
    J15                                               0.000     0.000 r  i_sw (IN)
                         net (fo=0)                   0.000     0.000    i_sw
    J15                  IBUF (Prop_ibuf_I_O)         0.245     0.245 r  i_sw_IBUF_inst/O
                         net (fo=39, routed)          0.871     1.116    i_sw_IBUF
    SLICE_X0Y96          LUT4 (Prop_lut4_I2_O)        0.043     1.159 r  o_led_OBUF[7]_inst_i_1/O
                         net (fo=1, routed)           0.802     1.962    o_led_OBUF[7]
    U16                  OBUF (Prop_obuf_I_O)         1.323     3.285 r  o_led_OBUF[7]_inst/O
                         net (fo=0)                   0.000     3.285    o_led[7]
    U16                                                               r  o_led[7] (OUT)
  -------------------------------------------------------------------    -------------------





--------------------------------------------------------------------------------------
Path Group:  (none)
From Clock:  sys_clk_pin
  To Clock:  

Max Delay             8 Endpoints
Min Delay             8 Endpoints
--------------------------------------------------------------------------------------


Max Delay Paths
--------------------------------------------------------------------------------------
Slack:                    inf
  Source:                 r_8s_cnt_reg[0]/C
                            (rising edge-triggered cell FDCE clocked by sys_clk_pin  {rise@0.000ns fall@5.000ns period=10.000ns})
  Destination:            o_led[6]
                            (output port)
  Path Group:             (none)
  Path Type:              Max at Slow Process Corner
  Data Path Delay:        7.876ns  (logic 4.368ns (55.459%)  route 3.508ns (44.541%))
  Logic Levels:           2  (LUT4=1 OBUF=1)
  Clock Uncertainty:      0.025ns  ((TSJ^2 + TIJ^2)^1/2 + DJ) / 2 + PE
    Total System Jitter     (TSJ):    0.050ns
    Total Input Jitter      (TIJ):    0.000ns
    Discrete Jitter          (DJ):    0.000ns
    Phase Error              (PE):    0.000ns

    Location             Delay type                Incr(ns)  Path(ns)    Netlist Resource(s)
  -------------------------------------------------------------------    -------------------
                         (clock sys_clk_pin rise edge)
                                                      0.000     0.000 r  
    E3                                                0.000     0.000 r  i_clk (IN)
                         net (fo=0)                   0.000     0.000    i_clk
    E3                   IBUF (Prop_ibuf_I_O)         1.482     1.482 r  i_clk_IBUF_inst/O
                         net (fo=1, routed)           2.025     3.506    i_clk_IBUF
    BUFGCTRL_X0Y16       BUFG (Prop_bufg_I_O)         0.096     3.602 r  i_clk_IBUF_BUFG_inst/O
                         net (fo=31, routed)          1.725     5.328    i_clk_IBUF_BUFG
    SLICE_X1Y96          FDCE                                         r  r_8s_cnt_reg[0]/C
  -------------------------------------------------------------------    -------------------
    SLICE_X1Y96          FDCE (Prop_fdce_C_Q)         0.456     5.784 f  r_8s_cnt_reg[0]/Q
                         net (fo=11, routed)          0.921     6.705    r_8s_cnt[0]
    SLICE_X0Y96          LUT4 (Prop_lut4_I2_O)        0.154     6.859 r  o_led_OBUF[6]_inst_i_1/O
                         net (fo=1, routed)           2.587     9.446    o_led_OBUF[6]
    U17                  OBUF (Prop_obuf_I_O)         3.758    13.204 r  o_led_OBUF[6]_inst/O
                         net (fo=0)                   0.000    13.204    o_led[6]
    U17                                                               r  o_led[6] (OUT)
  -------------------------------------------------------------------    -------------------

Slack:                    inf
  Source:                 r_8s_cnt_reg[2]/C
                            (rising edge-triggered cell FDCE clocked by sys_clk_pin  {rise@0.000ns fall@5.000ns period=10.000ns})
  Destination:            o_led[7]
                            (output port)
  Path Group:             (none)
  Path Type:              Max at Slow Process Corner
  Data Path Delay:        7.799ns  (logic 4.368ns (56.011%)  route 3.431ns (43.989%))
  Logic Levels:           2  (LUT4=1 OBUF=1)
  Clock Uncertainty:      0.025ns  ((TSJ^2 + TIJ^2)^1/2 + DJ) / 2 + PE
    Total System Jitter     (TSJ):    0.050ns
    Total Input Jitter      (TIJ):    0.000ns
    Discrete Jitter          (DJ):    0.000ns
    Phase Error              (PE):    0.000ns

    Location             Delay type                Incr(ns)  Path(ns)    Netlist Resource(s)
  -------------------------------------------------------------------    -------------------
                         (clock sys_clk_pin rise edge)
                                                      0.000     0.000 r  
    E3                                                0.000     0.000 r  i_clk (IN)
                         net (fo=0)                   0.000     0.000    i_clk
    E3                   IBUF (Prop_ibuf_I_O)         1.482     1.482 r  i_clk_IBUF_inst/O
                         net (fo=1, routed)           2.025     3.506    i_clk_IBUF
    BUFGCTRL_X0Y16       BUFG (Prop_bufg_I_O)         0.096     3.602 r  i_clk_IBUF_BUFG_inst/O
                         net (fo=31, routed)          1.725     5.328    i_clk_IBUF_BUFG
    SLICE_X1Y96          FDCE                                         r  r_8s_cnt_reg[2]/C
  -------------------------------------------------------------------    -------------------
    SLICE_X1Y96          FDCE (Prop_fdce_C_Q)         0.456     5.784 r  r_8s_cnt_reg[2]/Q
                         net (fo=9, routed)           0.716     6.499    r_8s_cnt[2]
    SLICE_X0Y96          LUT4 (Prop_lut4_I0_O)        0.149     6.648 r  o_led_OBUF[7]_inst_i_1/O
                         net (fo=1, routed)           2.715     9.363    o_led_OBUF[7]
    U16                  OBUF (Prop_obuf_I_O)         3.763    13.127 r  o_led_OBUF[7]_inst/O
                         net (fo=0)                   0.000    13.127    o_led[7]
    U16                                                               r  o_led[7] (OUT)
  -------------------------------------------------------------------    -------------------

Slack:                    inf
  Source:                 r_8s_cnt_reg[2]/C
                            (rising edge-triggered cell FDCE clocked by sys_clk_pin  {rise@0.000ns fall@5.000ns period=10.000ns})
  Destination:            o_led[5]
                            (output port)
  Path Group:             (none)
  Path Type:              Max at Slow Process Corner
  Data Path Delay:        7.764ns  (logic 4.132ns (53.215%)  route 3.633ns (46.785%))
  Logic Levels:           2  (LUT4=1 OBUF=1)
  Clock Uncertainty:      0.025ns  ((TSJ^2 + TIJ^2)^1/2 + DJ) / 2 + PE
    Total System Jitter     (TSJ):    0.050ns
    Total Input Jitter      (TIJ):    0.000ns
    Discrete Jitter          (DJ):    0.000ns
    Phase Error              (PE):    0.000ns

    Location             Delay type                Incr(ns)  Path(ns)    Netlist Resource(s)
  -------------------------------------------------------------------    -------------------
                         (clock sys_clk_pin rise edge)
                                                      0.000     0.000 r  
    E3                                                0.000     0.000 r  i_clk (IN)
                         net (fo=0)                   0.000     0.000    i_clk
    E3                   IBUF (Prop_ibuf_I_O)         1.482     1.482 r  i_clk_IBUF_inst/O
                         net (fo=1, routed)           2.025     3.506    i_clk_IBUF
    BUFGCTRL_X0Y16       BUFG (Prop_bufg_I_O)         0.096     3.602 r  i_clk_IBUF_BUFG_inst/O
                         net (fo=31, routed)          1.725     5.328    i_clk_IBUF_BUFG
    SLICE_X1Y96          FDCE                                         r  r_8s_cnt_reg[2]/C
  -------------------------------------------------------------------    -------------------
    SLICE_X1Y96          FDCE (Prop_fdce_C_Q)         0.456     5.784 r  r_8s_cnt_reg[2]/Q
                         net (fo=9, routed)           0.716     6.499    r_8s_cnt[2]
    SLICE_X0Y96          LUT4 (Prop_lut4_I1_O)        0.124     6.623 r  o_led_OBUF[5]_inst_i_1/O
                         net (fo=1, routed)           2.917     9.540    o_led_OBUF[5]
    V17                  OBUF (Prop_obuf_I_O)         3.552    13.092 r  o_led_OBUF[5]_inst/O
                         net (fo=0)                   0.000    13.092    o_led[5]
    V17                                                               r  o_led[5] (OUT)
  -------------------------------------------------------------------    -------------------

Slack:                    inf
  Source:                 r_8s_cnt_reg[0]/C
                            (rising edge-triggered cell FDCE clocked by sys_clk_pin  {rise@0.000ns fall@5.000ns period=10.000ns})
  Destination:            o_led[0]
                            (output port)
  Path Group:             (none)
  Path Type:              Max at Slow Process Corner
  Data Path Delay:        7.542ns  (logic 4.336ns (57.498%)  route 3.205ns (42.502%))
  Logic Levels:           2  (LUT4=1 OBUF=1)
  Clock Uncertainty:      0.025ns  ((TSJ^2 + TIJ^2)^1/2 + DJ) / 2 + PE
    Total System Jitter     (TSJ):    0.050ns
    Total Input Jitter      (TIJ):    0.000ns
    Discrete Jitter          (DJ):    0.000ns
    Phase Error              (PE):    0.000ns

    Location             Delay type                Incr(ns)  Path(ns)    Netlist Resource(s)
  -------------------------------------------------------------------    -------------------
                         (clock sys_clk_pin rise edge)
                                                      0.000     0.000 r  
    E3                                                0.000     0.000 r  i_clk (IN)
                         net (fo=0)                   0.000     0.000    i_clk
    E3                   IBUF (Prop_ibuf_I_O)         1.482     1.482 r  i_clk_IBUF_inst/O
                         net (fo=1, routed)           2.025     3.506    i_clk_IBUF
    BUFGCTRL_X0Y16       BUFG (Prop_bufg_I_O)         0.096     3.602 r  i_clk_IBUF_BUFG_inst/O
                         net (fo=31, routed)          1.725     5.328    i_clk_IBUF_BUFG
    SLICE_X1Y96          FDCE                                         r  r_8s_cnt_reg[0]/C
  -------------------------------------------------------------------    -------------------
    SLICE_X1Y96          FDCE (Prop_fdce_C_Q)         0.456     5.784 f  r_8s_cnt_reg[0]/Q
                         net (fo=11, routed)          0.925     6.709    r_8s_cnt[0]
    SLICE_X0Y96          LUT4 (Prop_lut4_I2_O)        0.152     6.861 r  o_led_OBUF[0]_inst_i_1/O
                         net (fo=1, routed)           2.281     9.141    o_led_OBUF[0]
    H17                  OBUF (Prop_obuf_I_O)         3.728    12.869 r  o_led_OBUF[0]_inst/O
                         net (fo=0)                   0.000    12.869    o_led[0]
    H17                                                               r  o_led[0] (OUT)
  -------------------------------------------------------------------    -------------------

Slack:                    inf
  Source:                 r_8s_cnt_reg[0]/C
                            (rising edge-triggered cell FDCE clocked by sys_clk_pin  {rise@0.000ns fall@5.000ns period=10.000ns})
  Destination:            o_led[3]
                            (output port)
  Path Group:             (none)
  Path Type:              Max at Slow Process Corner
  Data Path Delay:        7.374ns  (logic 4.361ns (59.135%)  route 3.013ns (40.865%))
  Logic Levels:           2  (LUT4=1 OBUF=1)
  Clock Uncertainty:      0.025ns  ((TSJ^2 + TIJ^2)^1/2 + DJ) / 2 + PE
    Total System Jitter     (TSJ):    0.050ns
    Total Input Jitter      (TIJ):    0.000ns
    Discrete Jitter          (DJ):    0.000ns
    Phase Error              (PE):    0.000ns

    Location             Delay type                Incr(ns)  Path(ns)    Netlist Resource(s)
  -------------------------------------------------------------------    -------------------
                         (clock sys_clk_pin rise edge)
                                                      0.000     0.000 r  
    E3                                                0.000     0.000 r  i_clk (IN)
                         net (fo=0)                   0.000     0.000    i_clk
    E3                   IBUF (Prop_ibuf_I_O)         1.482     1.482 r  i_clk_IBUF_inst/O
                         net (fo=1, routed)           2.025     3.506    i_clk_IBUF
    BUFGCTRL_X0Y16       BUFG (Prop_bufg_I_O)         0.096     3.602 r  i_clk_IBUF_BUFG_inst/O
                         net (fo=31, routed)          1.725     5.328    i_clk_IBUF_BUFG
    SLICE_X1Y96          FDCE                                         r  r_8s_cnt_reg[0]/C
  -------------------------------------------------------------------    -------------------
    SLICE_X1Y96          FDCE (Prop_fdce_C_Q)         0.456     5.784 r  r_8s_cnt_reg[0]/Q
                         net (fo=11, routed)          0.932     6.716    r_8s_cnt[0]
    SLICE_X0Y96          LUT4 (Prop_lut4_I3_O)        0.152     6.868 r  o_led_OBUF[3]_inst_i_1/O
                         net (fo=1, routed)           2.081     8.949    o_led_OBUF[3]
    N14                  OBUF (Prop_obuf_I_O)         3.753    12.702 r  o_led_OBUF[3]_inst/O
                         net (fo=0)                   0.000    12.702    o_led[3]
    N14                                                               r  o_led[3] (OUT)
  -------------------------------------------------------------------    -------------------

Slack:                    inf
  Source:                 r_8s_cnt_reg[0]/C
                            (rising edge-triggered cell FDCE clocked by sys_clk_pin  {rise@0.000ns fall@5.000ns period=10.000ns})
  Destination:            o_led[2]
                            (output port)
  Path Group:             (none)
  Path Type:              Max at Slow Process Corner
  Data Path Delay:        7.318ns  (logic 4.133ns (56.469%)  route 3.186ns (43.531%))
  Logic Levels:           2  (LUT4=1 OBUF=1)
  Clock Uncertainty:      0.025ns  ((TSJ^2 + TIJ^2)^1/2 + DJ) / 2 + PE
    Total System Jitter     (TSJ):    0.050ns
    Total Input Jitter      (TIJ):    0.000ns
    Discrete Jitter          (DJ):    0.000ns
    Phase Error              (PE):    0.000ns

    Location             Delay type                Incr(ns)  Path(ns)    Netlist Resource(s)
  -------------------------------------------------------------------    -------------------
                         (clock sys_clk_pin rise edge)
                                                      0.000     0.000 r  
    E3                                                0.000     0.000 r  i_clk (IN)
                         net (fo=0)                   0.000     0.000    i_clk
    E3                   IBUF (Prop_ibuf_I_O)         1.482     1.482 r  i_clk_IBUF_inst/O
                         net (fo=1, routed)           2.025     3.506    i_clk_IBUF
    BUFGCTRL_X0Y16       BUFG (Prop_bufg_I_O)         0.096     3.602 r  i_clk_IBUF_BUFG_inst/O
                         net (fo=31, routed)          1.725     5.328    i_clk_IBUF_BUFG
    SLICE_X1Y96          FDCE                                         r  r_8s_cnt_reg[0]/C
  -------------------------------------------------------------------    -------------------
    SLICE_X1Y96          FDCE (Prop_fdce_C_Q)         0.456     5.784 f  r_8s_cnt_reg[0]/Q
                         net (fo=11, routed)          0.925     6.709    r_8s_cnt[0]
    SLICE_X0Y96          LUT4 (Prop_lut4_I2_O)        0.124     6.833 r  o_led_OBUF[2]_inst_i_1/O
                         net (fo=1, routed)           2.261     9.093    o_led_OBUF[2]
    J13                  OBUF (Prop_obuf_I_O)         3.553    12.646 r  o_led_OBUF[2]_inst/O
                         net (fo=0)                   0.000    12.646    o_led[2]
    J13                                                               r  o_led[2] (OUT)
  -------------------------------------------------------------------    -------------------

Slack:                    inf
  Source:                 r_8s_cnt_reg[0]/C
                            (rising edge-triggered cell FDCE clocked by sys_clk_pin  {rise@0.000ns fall@5.000ns period=10.000ns})
  Destination:            o_led[4]
                            (output port)
  Path Group:             (none)
  Path Type:              Max at Slow Process Corner
  Data Path Delay:        6.973ns  (logic 4.132ns (59.253%)  route 2.841ns (40.747%))
  Logic Levels:           2  (LUT4=1 OBUF=1)
  Clock Uncertainty:      0.025ns  ((TSJ^2 + TIJ^2)^1/2 + DJ) / 2 + PE
    Total System Jitter     (TSJ):    0.050ns
    Total Input Jitter      (TIJ):    0.000ns
    Discrete Jitter          (DJ):    0.000ns
    Phase Error              (PE):    0.000ns

    Location             Delay type                Incr(ns)  Path(ns)    Netlist Resource(s)
  -------------------------------------------------------------------    -------------------
                         (clock sys_clk_pin rise edge)
                                                      0.000     0.000 r  
    E3                                                0.000     0.000 r  i_clk (IN)
                         net (fo=0)                   0.000     0.000    i_clk
    E3                   IBUF (Prop_ibuf_I_O)         1.482     1.482 r  i_clk_IBUF_inst/O
                         net (fo=1, routed)           2.025     3.506    i_clk_IBUF
    BUFGCTRL_X0Y16       BUFG (Prop_bufg_I_O)         0.096     3.602 r  i_clk_IBUF_BUFG_inst/O
                         net (fo=31, routed)          1.725     5.328    i_clk_IBUF_BUFG
    SLICE_X1Y96          FDCE                                         r  r_8s_cnt_reg[0]/C
  -------------------------------------------------------------------    -------------------
    SLICE_X1Y96          FDCE (Prop_fdce_C_Q)         0.456     5.784 f  r_8s_cnt_reg[0]/Q
                         net (fo=11, routed)          0.921     6.705    r_8s_cnt[0]
    SLICE_X0Y96          LUT4 (Prop_lut4_I2_O)        0.124     6.829 r  o_led_OBUF[4]_inst_i_1/O
                         net (fo=1, routed)           1.920     8.749    o_led_OBUF[4]
    R18                  OBUF (Prop_obuf_I_O)         3.552    12.301 r  o_led_OBUF[4]_inst/O
                         net (fo=0)                   0.000    12.301    o_led[4]
    R18                                                               r  o_led[4] (OUT)
  -------------------------------------------------------------------    -------------------

Slack:                    inf
  Source:                 r_8s_cnt_reg[0]/C
                            (rising edge-triggered cell FDCE clocked by sys_clk_pin  {rise@0.000ns fall@5.000ns period=10.000ns})
  Destination:            o_led[1]
                            (output port)
  Path Group:             (none)
  Path Type:              Max at Slow Process Corner
  Data Path Delay:        6.903ns  (logic 4.115ns (59.617%)  route 2.788ns (40.383%))
  Logic Levels:           2  (LUT4=1 OBUF=1)
  Clock Uncertainty:      0.025ns  ((TSJ^2 + TIJ^2)^1/2 + DJ) / 2 + PE
    Total System Jitter     (TSJ):    0.050ns
    Total Input Jitter      (TIJ):    0.000ns
    Discrete Jitter          (DJ):    0.000ns
    Phase Error              (PE):    0.000ns

    Location             Delay type                Incr(ns)  Path(ns)    Netlist Resource(s)
  -------------------------------------------------------------------    -------------------
                         (clock sys_clk_pin rise edge)
                                                      0.000     0.000 r  
    E3                                                0.000     0.000 r  i_clk (IN)
                         net (fo=0)                   0.000     0.000    i_clk
    E3                   IBUF (Prop_ibuf_I_O)         1.482     1.482 r  i_clk_IBUF_inst/O
                         net (fo=1, routed)           2.025     3.506    i_clk_IBUF
    BUFGCTRL_X0Y16       BUFG (Prop_bufg_I_O)         0.096     3.602 r  i_clk_IBUF_BUFG_inst/O
                         net (fo=31, routed)          1.725     5.328    i_clk_IBUF_BUFG
    SLICE_X1Y96          FDCE                                         r  r_8s_cnt_reg[0]/C
  -------------------------------------------------------------------    -------------------
    SLICE_X1Y96          FDCE (Prop_fdce_C_Q)         0.456     5.784 r  r_8s_cnt_reg[0]/Q
                         net (fo=11, routed)          0.932     6.716    r_8s_cnt[0]
    SLICE_X0Y96          LUT4 (Prop_lut4_I3_O)        0.124     6.840 r  o_led_OBUF[1]_inst_i_1/O
                         net (fo=1, routed)           1.855     8.695    o_led_OBUF[1]
    K15                  OBUF (Prop_obuf_I_O)         3.535    12.231 r  o_led_OBUF[1]_inst/O
                         net (fo=0)                   0.000    12.231    o_led[1]
    K15                                                               r  o_led[1] (OUT)
  -------------------------------------------------------------------    -------------------





Min Delay Paths
--------------------------------------------------------------------------------------
Slack:                    inf
  Source:                 r_8s_cnt_reg[2]/C
                            (rising edge-triggered cell FDCE clocked by sys_clk_pin  {rise@0.000ns fall@5.000ns period=10.000ns})
  Destination:            o_led[1]
                            (output port)
  Path Group:             (none)
  Path Type:              Min at Fast Process Corner
  Data Path Delay:        1.979ns  (logic 1.422ns (71.866%)  route 0.557ns (28.134%))
  Logic Levels:           2  (LUT4=1 OBUF=1)
  Clock Uncertainty:      0.025ns  ((TSJ^2 + TIJ^2)^1/2 + DJ) / 2 + PE
    Total System Jitter     (TSJ):    0.050ns
    Total Input Jitter      (TIJ):    0.000ns
    Discrete Jitter          (DJ):    0.000ns
    Phase Error              (PE):    0.000ns

    Location             Delay type                Incr(ns)  Path(ns)    Netlist Resource(s)
  -------------------------------------------------------------------    -------------------
                         (clock sys_clk_pin rise edge)
                                                      0.000     0.000 r  
    E3                                                0.000     0.000 r  i_clk (IN)
                         net (fo=0)                   0.000     0.000    i_clk
    E3                   IBUF (Prop_ibuf_I_O)         0.250     0.250 r  i_clk_IBUF_inst/O
                         net (fo=1, routed)           0.644     0.894    i_clk_IBUF
    BUFGCTRL_X0Y16       BUFG (Prop_bufg_I_O)         0.026     0.920 r  i_clk_IBUF_BUFG_inst/O
                         net (fo=31, routed)          0.604     1.523    i_clk_IBUF_BUFG
    SLICE_X1Y96          FDCE                                         r  r_8s_cnt_reg[2]/C
  -------------------------------------------------------------------    -------------------
    SLICE_X1Y96          FDCE (Prop_fdce_C_Q)         0.141     1.664 f  r_8s_cnt_reg[2]/Q
                         net (fo=9, routed)           0.141     1.806    r_8s_cnt[2]
    SLICE_X0Y96          LUT4 (Prop_lut4_I0_O)        0.045     1.851 r  o_led_OBUF[1]_inst_i_1/O
                         net (fo=1, routed)           0.415     2.266    o_led_OBUF[1]
    K15                  OBUF (Prop_obuf_I_O)         1.236     3.502 r  o_led_OBUF[1]_inst/O
                         net (fo=0)                   0.000     3.502    o_led[1]
    K15                                                               r  o_led[1] (OUT)
  -------------------------------------------------------------------    -------------------

Slack:                    inf
  Source:                 r_8s_cnt_reg[1]/C
                            (rising edge-triggered cell FDCE clocked by sys_clk_pin  {rise@0.000ns fall@5.000ns period=10.000ns})
  Destination:            o_led[4]
                            (output port)
  Path Group:             (none)
  Path Type:              Min at Fast Process Corner
  Data Path Delay:        2.046ns  (logic 1.438ns (70.305%)  route 0.608ns (29.695%))
  Logic Levels:           2  (LUT4=1 OBUF=1)
  Clock Uncertainty:      0.025ns  ((TSJ^2 + TIJ^2)^1/2 + DJ) / 2 + PE
    Total System Jitter     (TSJ):    0.050ns
    Total Input Jitter      (TIJ):    0.000ns
    Discrete Jitter          (DJ):    0.000ns
    Phase Error              (PE):    0.000ns

    Location             Delay type                Incr(ns)  Path(ns)    Netlist Resource(s)
  -------------------------------------------------------------------    -------------------
                         (clock sys_clk_pin rise edge)
                                                      0.000     0.000 r  
    E3                                                0.000     0.000 r  i_clk (IN)
                         net (fo=0)                   0.000     0.000    i_clk
    E3                   IBUF (Prop_ibuf_I_O)         0.250     0.250 r  i_clk_IBUF_inst/O
                         net (fo=1, routed)           0.644     0.894    i_clk_IBUF
    BUFGCTRL_X0Y16       BUFG (Prop_bufg_I_O)         0.026     0.920 r  i_clk_IBUF_BUFG_inst/O
                         net (fo=31, routed)          0.604     1.523    i_clk_IBUF_BUFG
    SLICE_X1Y96          FDCE                                         r  r_8s_cnt_reg[1]/C
  -------------------------------------------------------------------    -------------------
    SLICE_X1Y96          FDCE (Prop_fdce_C_Q)         0.141     1.664 f  r_8s_cnt_reg[1]/Q
                         net (fo=10, routed)          0.165     1.830    r_8s_cnt[1]
    SLICE_X0Y96          LUT4 (Prop_lut4_I0_O)        0.045     1.875 r  o_led_OBUF[4]_inst_i_1/O
                         net (fo=1, routed)           0.442     2.317    o_led_OBUF[4]
    R18                  OBUF (Prop_obuf_I_O)         1.252     3.569 r  o_led_OBUF[4]_inst/O
                         net (fo=0)                   0.000     3.569    o_led[4]
    R18                                                               r  o_led[4] (OUT)
  -------------------------------------------------------------------    -------------------

Slack:                    inf
  Source:                 r_8s_cnt_reg[2]/C
                            (rising edge-triggered cell FDCE clocked by sys_clk_pin  {rise@0.000ns fall@5.000ns period=10.000ns})
  Destination:            o_led[3]
                            (output port)
  Path Group:             (none)
  Path Type:              Min at Fast Process Corner
  Data Path Delay:        2.154ns  (logic 1.502ns (69.750%)  route 0.651ns (30.250%))
  Logic Levels:           2  (LUT4=1 OBUF=1)
  Clock Uncertainty:      0.025ns  ((TSJ^2 + TIJ^2)^1/2 + DJ) / 2 + PE
    Total System Jitter     (TSJ):    0.050ns
    Total Input Jitter      (TIJ):    0.000ns
    Discrete Jitter          (DJ):    0.000ns
    Phase Error              (PE):    0.000ns

    Location             Delay type                Incr(ns)  Path(ns)    Netlist Resource(s)
  -------------------------------------------------------------------    -------------------
                         (clock sys_clk_pin rise edge)
                                                      0.000     0.000 r  
    E3                                                0.000     0.000 r  i_clk (IN)
                         net (fo=0)                   0.000     0.000    i_clk
    E3                   IBUF (Prop_ibuf_I_O)         0.250     0.250 r  i_clk_IBUF_inst/O
                         net (fo=1, routed)           0.644     0.894    i_clk_IBUF
    BUFGCTRL_X0Y16       BUFG (Prop_bufg_I_O)         0.026     0.920 r  i_clk_IBUF_BUFG_inst/O
                         net (fo=31, routed)          0.604     1.523    i_clk_IBUF_BUFG
    SLICE_X1Y96          FDCE                                         r  r_8s_cnt_reg[2]/C
  -------------------------------------------------------------------    -------------------
    SLICE_X1Y96          FDCE (Prop_fdce_C_Q)         0.141     1.664 f  r_8s_cnt_reg[2]/Q
                         net (fo=9, routed)           0.141     1.806    r_8s_cnt[2]
    SLICE_X0Y96          LUT4 (Prop_lut4_I0_O)        0.048     1.854 r  o_led_OBUF[3]_inst_i_1/O
                         net (fo=1, routed)           0.510     2.364    o_led_OBUF[3]
    N14                  OBUF (Prop_obuf_I_O)         1.313     3.677 r  o_led_OBUF[3]_inst/O
                         net (fo=0)                   0.000     3.677    o_led[3]
    N14                                                               r  o_led[3] (OUT)
  -------------------------------------------------------------------    -------------------

Slack:                    inf
  Source:                 r_8s_cnt_reg[2]/C
                            (rising edge-triggered cell FDCE clocked by sys_clk_pin  {rise@0.000ns fall@5.000ns period=10.000ns})
  Destination:            o_led[2]
                            (output port)
  Path Group:             (none)
  Path Type:              Min at Fast Process Corner
  Data Path Delay:        2.170ns  (logic 1.439ns (66.315%)  route 0.731ns (33.685%))
  Logic Levels:           2  (LUT4=1 OBUF=1)
  Clock Uncertainty:      0.025ns  ((TSJ^2 + TIJ^2)^1/2 + DJ) / 2 + PE
    Total System Jitter     (TSJ):    0.050ns
    Total Input Jitter      (TIJ):    0.000ns
    Discrete Jitter          (DJ):    0.000ns
    Phase Error              (PE):    0.000ns

    Location             Delay type                Incr(ns)  Path(ns)    Netlist Resource(s)
  -------------------------------------------------------------------    -------------------
                         (clock sys_clk_pin rise edge)
                                                      0.000     0.000 r  
    E3                                                0.000     0.000 r  i_clk (IN)
                         net (fo=0)                   0.000     0.000    i_clk
    E3                   IBUF (Prop_ibuf_I_O)         0.250     0.250 r  i_clk_IBUF_inst/O
                         net (fo=1, routed)           0.644     0.894    i_clk_IBUF
    BUFGCTRL_X0Y16       BUFG (Prop_bufg_I_O)         0.026     0.920 r  i_clk_IBUF_BUFG_inst/O
                         net (fo=31, routed)          0.604     1.523    i_clk_IBUF_BUFG
    SLICE_X1Y96          FDCE                                         r  r_8s_cnt_reg[2]/C
  -------------------------------------------------------------------    -------------------
    SLICE_X1Y96          FDCE (Prop_fdce_C_Q)         0.141     1.664 f  r_8s_cnt_reg[2]/Q
                         net (fo=9, routed)           0.142     1.807    r_8s_cnt[2]
    SLICE_X0Y96          LUT4 (Prop_lut4_I0_O)        0.045     1.852 r  o_led_OBUF[2]_inst_i_1/O
                         net (fo=1, routed)           0.589     2.440    o_led_OBUF[2]
    J13                  OBUF (Prop_obuf_I_O)         1.253     3.694 r  o_led_OBUF[2]_inst/O
                         net (fo=0)                   0.000     3.694    o_led[2]
    J13                                                               r  o_led[2] (OUT)
  -------------------------------------------------------------------    -------------------

Slack:                    inf
  Source:                 r_8s_cnt_reg[2]/C
                            (rising edge-triggered cell FDCE clocked by sys_clk_pin  {rise@0.000ns fall@5.000ns period=10.000ns})
  Destination:            o_led[0]
                            (output port)
  Path Group:             (none)
  Path Type:              Min at Fast Process Corner
  Data Path Delay:        2.218ns  (logic 1.478ns (66.648%)  route 0.740ns (33.352%))
  Logic Levels:           2  (LUT4=1 OBUF=1)
  Clock Uncertainty:      0.025ns  ((TSJ^2 + TIJ^2)^1/2 + DJ) / 2 + PE
    Total System Jitter     (TSJ):    0.050ns
    Total Input Jitter      (TIJ):    0.000ns
    Discrete Jitter          (DJ):    0.000ns
    Phase Error              (PE):    0.000ns

    Location             Delay type                Incr(ns)  Path(ns)    Netlist Resource(s)
  -------------------------------------------------------------------    -------------------
                         (clock sys_clk_pin rise edge)
                                                      0.000     0.000 r  
    E3                                                0.000     0.000 r  i_clk (IN)
                         net (fo=0)                   0.000     0.000    i_clk
    E3                   IBUF (Prop_ibuf_I_O)         0.250     0.250 r  i_clk_IBUF_inst/O
                         net (fo=1, routed)           0.644     0.894    i_clk_IBUF
    BUFGCTRL_X0Y16       BUFG (Prop_bufg_I_O)         0.026     0.920 r  i_clk_IBUF_BUFG_inst/O
                         net (fo=31, routed)          0.604     1.523    i_clk_IBUF_BUFG
    SLICE_X1Y96          FDCE                                         r  r_8s_cnt_reg[2]/C
  -------------------------------------------------------------------    -------------------
    SLICE_X1Y96          FDCE (Prop_fdce_C_Q)         0.141     1.664 f  r_8s_cnt_reg[2]/Q
                         net (fo=9, routed)           0.142     1.807    r_8s_cnt[2]
    SLICE_X0Y96          LUT4 (Prop_lut4_I0_O)        0.049     1.856 r  o_led_OBUF[0]_inst_i_1/O
                         net (fo=1, routed)           0.598     2.453    o_led_OBUF[0]
    H17                  OBUF (Prop_obuf_I_O)         1.288     3.741 r  o_led_OBUF[0]_inst/O
                         net (fo=0)                   0.000     3.741    o_led[0]
    H17                                                               r  o_led[0] (OUT)
  -------------------------------------------------------------------    -------------------

Slack:                    inf
  Source:                 r_8s_cnt_reg[1]/C
                            (rising edge-triggered cell FDCE clocked by sys_clk_pin  {rise@0.000ns fall@5.000ns period=10.000ns})
  Destination:            o_led[6]
                            (output port)
  Path Group:             (none)
  Path Type:              Min at Fast Process Corner
  Data Path Delay:        2.417ns  (logic 1.507ns (62.337%)  route 0.910ns (37.663%))
  Logic Levels:           2  (LUT4=1 OBUF=1)
  Clock Uncertainty:      0.025ns  ((TSJ^2 + TIJ^2)^1/2 + DJ) / 2 + PE
    Total System Jitter     (TSJ):    0.050ns
    Total Input Jitter      (TIJ):    0.000ns
    Discrete Jitter          (DJ):    0.000ns
    Phase Error              (PE):    0.000ns

    Location             Delay type                Incr(ns)  Path(ns)    Netlist Resource(s)
  -------------------------------------------------------------------    -------------------
                         (clock sys_clk_pin rise edge)
                                                      0.000     0.000 r  
    E3                                                0.000     0.000 r  i_clk (IN)
                         net (fo=0)                   0.000     0.000    i_clk
    E3                   IBUF (Prop_ibuf_I_O)         0.250     0.250 r  i_clk_IBUF_inst/O
                         net (fo=1, routed)           0.644     0.894    i_clk_IBUF
    BUFGCTRL_X0Y16       BUFG (Prop_bufg_I_O)         0.026     0.920 r  i_clk_IBUF_BUFG_inst/O
                         net (fo=31, routed)          0.604     1.523    i_clk_IBUF_BUFG
    SLICE_X1Y96          FDCE                                         r  r_8s_cnt_reg[1]/C
  -------------------------------------------------------------------    -------------------
    SLICE_X1Y96          FDCE (Prop_fdce_C_Q)         0.141     1.664 r  r_8s_cnt_reg[1]/Q
                         net (fo=10, routed)          0.165     1.830    r_8s_cnt[1]
    SLICE_X0Y96          LUT4 (Prop_lut4_I1_O)        0.045     1.875 r  o_led_OBUF[6]_inst_i_1/O
                         net (fo=1, routed)           0.745     2.620    o_led_OBUF[6]
    U17                  OBUF (Prop_obuf_I_O)         1.321     3.940 r  o_led_OBUF[6]_inst/O
                         net (fo=0)                   0.000     3.940    o_led[6]
    U17                                                               r  o_led[6] (OUT)
  -------------------------------------------------------------------    -------------------

Slack:                    inf
  Source:                 r_8s_cnt_reg[1]/C
                            (rising edge-triggered cell FDCE clocked by sys_clk_pin  {rise@0.000ns fall@5.000ns period=10.000ns})
  Destination:            o_led[5]
                            (output port)
  Path Group:             (none)
  Path Type:              Min at Fast Process Corner
  Data Path Delay:        2.467ns  (logic 1.438ns (58.316%)  route 1.028ns (41.684%))
  Logic Levels:           2  (LUT4=1 OBUF=1)
  Clock Uncertainty:      0.025ns  ((TSJ^2 + TIJ^2)^1/2 + DJ) / 2 + PE
    Total System Jitter     (TSJ):    0.050ns
    Total Input Jitter      (TIJ):    0.000ns
    Discrete Jitter          (DJ):    0.000ns
    Phase Error              (PE):    0.000ns

    Location             Delay type                Incr(ns)  Path(ns)    Netlist Resource(s)
  -------------------------------------------------------------------    -------------------
                         (clock sys_clk_pin rise edge)
                                                      0.000     0.000 r  
    E3                                                0.000     0.000 r  i_clk (IN)
                         net (fo=0)                   0.000     0.000    i_clk
    E3                   IBUF (Prop_ibuf_I_O)         0.250     0.250 r  i_clk_IBUF_inst/O
                         net (fo=1, routed)           0.644     0.894    i_clk_IBUF
    BUFGCTRL_X0Y16       BUFG (Prop_bufg_I_O)         0.026     0.920 r  i_clk_IBUF_BUFG_inst/O
                         net (fo=31, routed)          0.604     1.523    i_clk_IBUF_BUFG
    SLICE_X1Y96          FDCE                                         r  r_8s_cnt_reg[1]/C
  -------------------------------------------------------------------    -------------------
    SLICE_X1Y96          FDCE (Prop_fdce_C_Q)         0.141     1.664 f  r_8s_cnt_reg[1]/Q
                         net (fo=10, routed)          0.159     1.823    r_8s_cnt[1]
    SLICE_X0Y96          LUT4 (Prop_lut4_I0_O)        0.045     1.868 r  o_led_OBUF[5]_inst_i_1/O
                         net (fo=1, routed)           0.869     2.738    o_led_OBUF[5]
    V17                  OBUF (Prop_obuf_I_O)         1.252     3.990 r  o_led_OBUF[5]_inst/O
                         net (fo=0)                   0.000     3.990    o_led[5]
    V17                                                               r  o_led[5] (OUT)
  -------------------------------------------------------------------    -------------------

Slack:                    inf
  Source:                 r_8s_cnt_reg[1]/C
                            (rising edge-triggered cell FDCE clocked by sys_clk_pin  {rise@0.000ns fall@5.000ns period=10.000ns})
  Destination:            o_led[7]
                            (output port)
  Path Group:             (none)
  Path Type:              Min at Fast Process Corner
  Data Path Delay:        2.469ns  (logic 1.508ns (61.069%)  route 0.961ns (38.931%))
  Logic Levels:           2  (LUT4=1 OBUF=1)
  Clock Uncertainty:      0.025ns  ((TSJ^2 + TIJ^2)^1/2 + DJ) / 2 + PE
    Total System Jitter     (TSJ):    0.050ns
    Total Input Jitter      (TIJ):    0.000ns
    Discrete Jitter          (DJ):    0.000ns
    Phase Error              (PE):    0.000ns

    Location             Delay type                Incr(ns)  Path(ns)    Netlist Resource(s)
  -------------------------------------------------------------------    -------------------
                         (clock sys_clk_pin rise edge)
                                                      0.000     0.000 r  
    E3                                                0.000     0.000 r  i_clk (IN)
                         net (fo=0)                   0.000     0.000    i_clk
    E3                   IBUF (Prop_ibuf_I_O)         0.250     0.250 r  i_clk_IBUF_inst/O
                         net (fo=1, routed)           0.644     0.894    i_clk_IBUF
    BUFGCTRL_X0Y16       BUFG (Prop_bufg_I_O)         0.026     0.920 r  i_clk_IBUF_BUFG_inst/O
                         net (fo=31, routed)          0.604     1.523    i_clk_IBUF_BUFG
    SLICE_X1Y96          FDCE                                         r  r_8s_cnt_reg[1]/C
  -------------------------------------------------------------------    -------------------
    SLICE_X1Y96          FDCE (Prop_fdce_C_Q)         0.141     1.664 r  r_8s_cnt_reg[1]/Q
                         net (fo=10, routed)          0.159     1.823    r_8s_cnt[1]
    SLICE_X0Y96          LUT4 (Prop_lut4_I1_O)        0.044     1.867 r  o_led_OBUF[7]_inst_i_1/O
                         net (fo=1, routed)           0.802     2.670    o_led_OBUF[7]
    U16                  OBUF (Prop_obuf_I_O)         1.323     3.992 r  o_led_OBUF[7]_inst/O
                         net (fo=0)                   0.000     3.992    o_led[7]
    U16                                                               r  o_led[7] (OUT)
  -------------------------------------------------------------------    -------------------





--------------------------------------------------------------------------------------
Path Group:  (none)
From Clock:  
  To Clock:  sys_clk_pin

Max Delay            62 Endpoints
Min Delay            62 Endpoints
--------------------------------------------------------------------------------------


Max Delay Paths
--------------------------------------------------------------------------------------
Slack:                    inf
  Source:                 i_rst_n
                            (input port)
  Destination:            r_cnt_reg[5]/CLR
                            (recovery check against rising-edge clock sys_clk_pin  {rise@0.000ns fall@5.000ns period=10.000ns})
  Path Group:             (none)
  Path Type:              Recovery (Max at Slow Process Corner)
  Data Path Delay:        5.819ns  (logic 1.631ns (28.027%)  route 4.188ns (71.973%))
  Logic Levels:           2  (IBUF=1 LUT1=1)
  Clock Path Skew:        5.026ns (DCD - SCD + CPR)
    Destination Clock Delay (DCD):    5.026ns
    Source Clock Delay      (SCD):    0.000ns
    Clock Pessimism Removal (CPR):    0.000ns
  Clock Uncertainty:      0.025ns  ((TSJ^2 + TIJ^2)^1/2 + DJ) / 2 + PE
    Total System Jitter     (TSJ):    0.050ns
    Total Input Jitter      (TIJ):    0.000ns
    Discrete Jitter          (DJ):    0.000ns
    Phase Error              (PE):    0.000ns

    Location             Delay type                Incr(ns)  Path(ns)    Netlist Resource(s)
  -------------------------------------------------------------------    -------------------
    C12                                               0.000     0.000 r  i_rst_n (IN)
                         net (fo=0)                   0.000     0.000    i_rst_n
    C12                  IBUF (Prop_ibuf_I_O)         1.507     1.507 r  i_rst_n_IBUF_inst/O
                         net (fo=1, routed)           2.677     4.184    i_rst_n_IBUF
    SLICE_X0Y100         LUT1 (Prop_lut1_I0_O)        0.124     4.308 f  r_cnt[27]_i_2/O
                         net (fo=31, routed)          1.511     5.819    r_cnt[27]_i_2_n_0
    SLICE_X4Y95          FDCE                                         f  r_cnt_reg[5]/CLR
  -------------------------------------------------------------------    -------------------

                         (clock sys_clk_pin rise edge)
                                                      0.000     0.000 r  
    E3                                                0.000     0.000 r  i_clk (IN)
                         net (fo=0)                   0.000     0.000    i_clk
    E3                   IBUF (Prop_ibuf_I_O)         1.411     1.411 r  i_clk_IBUF_inst/O
                         net (fo=1, routed)           1.920     3.331    i_clk_IBUF
    BUFGCTRL_X0Y16       BUFG (Prop_bufg_I_O)         0.091     3.422 r  i_clk_IBUF_BUFG_inst/O
                         net (fo=31, routed)          1.603     5.026    i_clk_IBUF_BUFG
    SLICE_X4Y95          FDCE                                         r  r_cnt_reg[5]/C

Slack:                    inf
  Source:                 i_rst_n
                            (input port)
  Destination:            r_cnt_reg[6]/CLR
                            (recovery check against rising-edge clock sys_clk_pin  {rise@0.000ns fall@5.000ns period=10.000ns})
  Path Group:             (none)
  Path Type:              Recovery (Max at Slow Process Corner)
  Data Path Delay:        5.819ns  (logic 1.631ns (28.027%)  route 4.188ns (71.973%))
  Logic Levels:           2  (IBUF=1 LUT1=1)
  Clock Path Skew:        5.026ns (DCD - SCD + CPR)
    Destination Clock Delay (DCD):    5.026ns
    Source Clock Delay      (SCD):    0.000ns
    Clock Pessimism Removal (CPR):    0.000ns
  Clock Uncertainty:      0.025ns  ((TSJ^2 + TIJ^2)^1/2 + DJ) / 2 + PE
    Total System Jitter     (TSJ):    0.050ns
    Total Input Jitter      (TIJ):    0.000ns
    Discrete Jitter          (DJ):    0.000ns
    Phase Error              (PE):    0.000ns

    Location             Delay type                Incr(ns)  Path(ns)    Netlist Resource(s)
  -------------------------------------------------------------------    -------------------
    C12                                               0.000     0.000 r  i_rst_n (IN)
                         net (fo=0)                   0.000     0.000    i_rst_n
    C12                  IBUF (Prop_ibuf_I_O)         1.507     1.507 r  i_rst_n_IBUF_inst/O
                         net (fo=1, routed)           2.677     4.184    i_rst_n_IBUF
    SLICE_X0Y100         LUT1 (Prop_lut1_I0_O)        0.124     4.308 f  r_cnt[27]_i_2/O
                         net (fo=31, routed)          1.511     5.819    r_cnt[27]_i_2_n_0
    SLICE_X4Y95          FDCE                                         f  r_cnt_reg[6]/CLR
  -------------------------------------------------------------------    -------------------

                         (clock sys_clk_pin rise edge)
                                                      0.000     0.000 r  
    E3                                                0.000     0.000 r  i_clk (IN)
                         net (fo=0)                   0.000     0.000    i_clk
    E3                   IBUF (Prop_ibuf_I_O)         1.411     1.411 r  i_clk_IBUF_inst/O
                         net (fo=1, routed)           1.920     3.331    i_clk_IBUF
    BUFGCTRL_X0Y16       BUFG (Prop_bufg_I_O)         0.091     3.422 r  i_clk_IBUF_BUFG_inst/O
                         net (fo=31, routed)          1.603     5.026    i_clk_IBUF_BUFG
    SLICE_X4Y95          FDCE                                         r  r_cnt_reg[6]/C

Slack:                    inf
  Source:                 i_rst_n
                            (input port)
  Destination:            r_cnt_reg[7]/CLR
                            (recovery check against rising-edge clock sys_clk_pin  {rise@0.000ns fall@5.000ns period=10.000ns})
  Path Group:             (none)
  Path Type:              Recovery (Max at Slow Process Corner)
  Data Path Delay:        5.819ns  (logic 1.631ns (28.027%)  route 4.188ns (71.973%))
  Logic Levels:           2  (IBUF=1 LUT1=1)
  Clock Path Skew:        5.026ns (DCD - SCD + CPR)
    Destination Clock Delay (DCD):    5.026ns
    Source Clock Delay      (SCD):    0.000ns
    Clock Pessimism Removal (CPR):    0.000ns
  Clock Uncertainty:      0.025ns  ((TSJ^2 + TIJ^2)^1/2 + DJ) / 2 + PE
    Total System Jitter     (TSJ):    0.050ns
    Total Input Jitter      (TIJ):    0.000ns
    Discrete Jitter          (DJ):    0.000ns
    Phase Error              (PE):    0.000ns

    Location             Delay type                Incr(ns)  Path(ns)    Netlist Resource(s)
  -------------------------------------------------------------------    -------------------
    C12                                               0.000     0.000 r  i_rst_n (IN)
                         net (fo=0)                   0.000     0.000    i_rst_n
    C12                  IBUF (Prop_ibuf_I_O)         1.507     1.507 r  i_rst_n_IBUF_inst/O
                         net (fo=1, routed)           2.677     4.184    i_rst_n_IBUF
    SLICE_X0Y100         LUT1 (Prop_lut1_I0_O)        0.124     4.308 f  r_cnt[27]_i_2/O
                         net (fo=31, routed)          1.511     5.819    r_cnt[27]_i_2_n_0
    SLICE_X4Y95          FDCE                                         f  r_cnt_reg[7]/CLR
  -------------------------------------------------------------------    -------------------

                         (clock sys_clk_pin rise edge)
                                                      0.000     0.000 r  
    E3                                                0.000     0.000 r  i_clk (IN)
                         net (fo=0)                   0.000     0.000    i_clk
    E3                   IBUF (Prop_ibuf_I_O)         1.411     1.411 r  i_clk_IBUF_inst/O
                         net (fo=1, routed)           1.920     3.331    i_clk_IBUF
    BUFGCTRL_X0Y16       BUFG (Prop_bufg_I_O)         0.091     3.422 r  i_clk_IBUF_BUFG_inst/O
                         net (fo=31, routed)          1.603     5.026    i_clk_IBUF_BUFG
    SLICE_X4Y95          FDCE                                         r  r_cnt_reg[7]/C

Slack:                    inf
  Source:                 i_rst_n
                            (input port)
  Destination:            r_cnt_reg[0]/CLR
                            (recovery check against rising-edge clock sys_clk_pin  {rise@0.000ns fall@5.000ns period=10.000ns})
  Path Group:             (none)
  Path Type:              Recovery (Max at Slow Process Corner)
  Data Path Delay:        5.792ns  (logic 1.631ns (28.159%)  route 4.161ns (71.841%))
  Logic Levels:           2  (IBUF=1 LUT1=1)
  Clock Path Skew:        5.028ns (DCD - SCD + CPR)
    Destination Clock Delay (DCD):    5.028ns
    Source Clock Delay      (SCD):    0.000ns
    Clock Pessimism Removal (CPR):    0.000ns
  Clock Uncertainty:      0.025ns  ((TSJ^2 + TIJ^2)^1/2 + DJ) / 2 + PE
    Total System Jitter     (TSJ):    0.050ns
    Total Input Jitter      (TIJ):    0.000ns
    Discrete Jitter          (DJ):    0.000ns
    Phase Error              (PE):    0.000ns

    Location             Delay type                Incr(ns)  Path(ns)    Netlist Resource(s)
  -------------------------------------------------------------------    -------------------
    C12                                               0.000     0.000 r  i_rst_n (IN)
                         net (fo=0)                   0.000     0.000    i_rst_n
    C12                  IBUF (Prop_ibuf_I_O)         1.507     1.507 r  i_rst_n_IBUF_inst/O
                         net (fo=1, routed)           2.677     4.184    i_rst_n_IBUF
    SLICE_X0Y100         LUT1 (Prop_lut1_I0_O)        0.124     4.308 f  r_cnt[27]_i_2/O
                         net (fo=31, routed)          1.484     5.792    r_cnt[27]_i_2_n_0
    SLICE_X3Y94          FDCE                                         f  r_cnt_reg[0]/CLR
  -------------------------------------------------------------------    -------------------

                         (clock sys_clk_pin rise edge)
                                                      0.000     0.000 r  
    E3                                                0.000     0.000 r  i_clk (IN)
                         net (fo=0)                   0.000     0.000    i_clk
    E3                   IBUF (Prop_ibuf_I_O)         1.411     1.411 r  i_clk_IBUF_inst/O
                         net (fo=1, routed)           1.920     3.331    i_clk_IBUF
    BUFGCTRL_X0Y16       BUFG (Prop_bufg_I_O)         0.091     3.422 r  i_clk_IBUF_BUFG_inst/O
                         net (fo=31, routed)          1.605     5.028    i_clk_IBUF_BUFG
    SLICE_X3Y94          FDCE                                         r  r_cnt_reg[0]/C

Slack:                    inf
  Source:                 i_rst_n
                            (input port)
  Destination:            r_cnt_reg[1]/CLR
                            (recovery check against rising-edge clock sys_clk_pin  {rise@0.000ns fall@5.000ns period=10.000ns})
  Path Group:             (none)
  Path Type:              Recovery (Max at Slow Process Corner)
  Data Path Delay:        5.792ns  (logic 1.631ns (28.159%)  route 4.161ns (71.841%))
  Logic Levels:           2  (IBUF=1 LUT1=1)
  Clock Path Skew:        5.028ns (DCD - SCD + CPR)
    Destination Clock Delay (DCD):    5.028ns
    Source Clock Delay      (SCD):    0.000ns
    Clock Pessimism Removal (CPR):    0.000ns
  Clock Uncertainty:      0.025ns  ((TSJ^2 + TIJ^2)^1/2 + DJ) / 2 + PE
    Total System Jitter     (TSJ):    0.050ns
    Total Input Jitter      (TIJ):    0.000ns
    Discrete Jitter          (DJ):    0.000ns
    Phase Error              (PE):    0.000ns

    Location             Delay type                Incr(ns)  Path(ns)    Netlist Resource(s)
  -------------------------------------------------------------------    -------------------
    C12                                               0.000     0.000 r  i_rst_n (IN)
                         net (fo=0)                   0.000     0.000    i_rst_n
    C12                  IBUF (Prop_ibuf_I_O)         1.507     1.507 r  i_rst_n_IBUF_inst/O
                         net (fo=1, routed)           2.677     4.184    i_rst_n_IBUF
    SLICE_X0Y100         LUT1 (Prop_lut1_I0_O)        0.124     4.308 f  r_cnt[27]_i_2/O
                         net (fo=31, routed)          1.484     5.792    r_cnt[27]_i_2_n_0
    SLICE_X3Y94          FDCE                                         f  r_cnt_reg[1]/CLR
  -------------------------------------------------------------------    -------------------

                         (clock sys_clk_pin rise edge)
                                                      0.000     0.000 r  
    E3                                                0.000     0.000 r  i_clk (IN)
                         net (fo=0)                   0.000     0.000    i_clk
    E3                   IBUF (Prop_ibuf_I_O)         1.411     1.411 r  i_clk_IBUF_inst/O
                         net (fo=1, routed)           1.920     3.331    i_clk_IBUF
    BUFGCTRL_X0Y16       BUFG (Prop_bufg_I_O)         0.091     3.422 r  i_clk_IBUF_BUFG_inst/O
                         net (fo=31, routed)          1.605     5.028    i_clk_IBUF_BUFG
    SLICE_X3Y94          FDCE                                         r  r_cnt_reg[1]/C

Slack:                    inf
  Source:                 i_rst_n
                            (input port)
  Destination:            r_cnt_reg[2]/CLR
                            (recovery check against rising-edge clock sys_clk_pin  {rise@0.000ns fall@5.000ns period=10.000ns})
  Path Group:             (none)
  Path Type:              Recovery (Max at Slow Process Corner)
  Data Path Delay:        5.792ns  (logic 1.631ns (28.159%)  route 4.161ns (71.841%))
  Logic Levels:           2  (IBUF=1 LUT1=1)
  Clock Path Skew:        5.028ns (DCD - SCD + CPR)
    Destination Clock Delay (DCD):    5.028ns
    Source Clock Delay      (SCD):    0.000ns
    Clock Pessimism Removal (CPR):    0.000ns
  Clock Uncertainty:      0.025ns  ((TSJ^2 + TIJ^2)^1/2 + DJ) / 2 + PE
    Total System Jitter     (TSJ):    0.050ns
    Total Input Jitter      (TIJ):    0.000ns
    Discrete Jitter          (DJ):    0.000ns
    Phase Error              (PE):    0.000ns

    Location             Delay type                Incr(ns)  Path(ns)    Netlist Resource(s)
  -------------------------------------------------------------------    -------------------
    C12                                               0.000     0.000 r  i_rst_n (IN)
                         net (fo=0)                   0.000     0.000    i_rst_n
    C12                  IBUF (Prop_ibuf_I_O)         1.507     1.507 r  i_rst_n_IBUF_inst/O
                         net (fo=1, routed)           2.677     4.184    i_rst_n_IBUF
    SLICE_X0Y100         LUT1 (Prop_lut1_I0_O)        0.124     4.308 f  r_cnt[27]_i_2/O
                         net (fo=31, routed)          1.484     5.792    r_cnt[27]_i_2_n_0
    SLICE_X3Y94          FDCE                                         f  r_cnt_reg[2]/CLR
  -------------------------------------------------------------------    -------------------

                         (clock sys_clk_pin rise edge)
                                                      0.000     0.000 r  
    E3                                                0.000     0.000 r  i_clk (IN)
                         net (fo=0)                   0.000     0.000    i_clk
    E3                   IBUF (Prop_ibuf_I_O)         1.411     1.411 r  i_clk_IBUF_inst/O
                         net (fo=1, routed)           1.920     3.331    i_clk_IBUF
    BUFGCTRL_X0Y16       BUFG (Prop_bufg_I_O)         0.091     3.422 r  i_clk_IBUF_BUFG_inst/O
                         net (fo=31, routed)          1.605     5.028    i_clk_IBUF_BUFG
    SLICE_X3Y94          FDCE                                         r  r_cnt_reg[2]/C

Slack:                    inf
  Source:                 i_rst_n
                            (input port)
  Destination:            r_cnt_reg[3]/CLR
                            (recovery check against rising-edge clock sys_clk_pin  {rise@0.000ns fall@5.000ns period=10.000ns})
  Path Group:             (none)
  Path Type:              Recovery (Max at Slow Process Corner)
  Data Path Delay:        5.792ns  (logic 1.631ns (28.159%)  route 4.161ns (71.841%))
  Logic Levels:           2  (IBUF=1 LUT1=1)
  Clock Path Skew:        5.028ns (DCD - SCD + CPR)
    Destination Clock Delay (DCD):    5.028ns
    Source Clock Delay      (SCD):    0.000ns
    Clock Pessimism Removal (CPR):    0.000ns
  Clock Uncertainty:      0.025ns  ((TSJ^2 + TIJ^2)^1/2 + DJ) / 2 + PE
    Total System Jitter     (TSJ):    0.050ns
    Total Input Jitter      (TIJ):    0.000ns
    Discrete Jitter          (DJ):    0.000ns
    Phase Error              (PE):    0.000ns

    Location             Delay type                Incr(ns)  Path(ns)    Netlist Resource(s)
  -------------------------------------------------------------------    -------------------
    C12                                               0.000     0.000 r  i_rst_n (IN)
                         net (fo=0)                   0.000     0.000    i_rst_n
    C12                  IBUF (Prop_ibuf_I_O)         1.507     1.507 r  i_rst_n_IBUF_inst/O
                         net (fo=1, routed)           2.677     4.184    i_rst_n_IBUF
    SLICE_X0Y100         LUT1 (Prop_lut1_I0_O)        0.124     4.308 f  r_cnt[27]_i_2/O
                         net (fo=31, routed)          1.484     5.792    r_cnt[27]_i_2_n_0
    SLICE_X3Y94          FDCE                                         f  r_cnt_reg[3]/CLR
  -------------------------------------------------------------------    -------------------

                         (clock sys_clk_pin rise edge)
                                                      0.000     0.000 r  
    E3                                                0.000     0.000 r  i_clk (IN)
                         net (fo=0)                   0.000     0.000    i_clk
    E3                   IBUF (Prop_ibuf_I_O)         1.411     1.411 r  i_clk_IBUF_inst/O
                         net (fo=1, routed)           1.920     3.331    i_clk_IBUF
    BUFGCTRL_X0Y16       BUFG (Prop_bufg_I_O)         0.091     3.422 r  i_clk_IBUF_BUFG_inst/O
                         net (fo=31, routed)          1.605     5.028    i_clk_IBUF_BUFG
    SLICE_X3Y94          FDCE                                         r  r_cnt_reg[3]/C

Slack:                    inf
  Source:                 i_rst_n
                            (input port)
  Destination:            r_cnt_reg[11]/CLR
                            (recovery check against rising-edge clock sys_clk_pin  {rise@0.000ns fall@5.000ns period=10.000ns})
  Path Group:             (none)
  Path Type:              Recovery (Max at Slow Process Corner)
  Data Path Delay:        5.770ns  (logic 1.631ns (28.265%)  route 4.139ns (71.735%))
  Logic Levels:           2  (IBUF=1 LUT1=1)
  Clock Path Skew:        5.026ns (DCD - SCD + CPR)
    Destination Clock Delay (DCD):    5.026ns
    Source Clock Delay      (SCD):    0.000ns
    Clock Pessimism Removal (CPR):    0.000ns
  Clock Uncertainty:      0.025ns  ((TSJ^2 + TIJ^2)^1/2 + DJ) / 2 + PE
    Total System Jitter     (TSJ):    0.050ns
    Total Input Jitter      (TIJ):    0.000ns
    Discrete Jitter          (DJ):    0.000ns
    Phase Error              (PE):    0.000ns

    Location             Delay type                Incr(ns)  Path(ns)    Netlist Resource(s)
  -------------------------------------------------------------------    -------------------
    C12                                               0.000     0.000 r  i_rst_n (IN)
                         net (fo=0)                   0.000     0.000    i_rst_n
    C12                  IBUF (Prop_ibuf_I_O)         1.507     1.507 r  i_rst_n_IBUF_inst/O
                         net (fo=1, routed)           2.677     4.184    i_rst_n_IBUF
    SLICE_X0Y100         LUT1 (Prop_lut1_I0_O)        0.124     4.308 f  r_cnt[27]_i_2/O
                         net (fo=31, routed)          1.462     5.770    r_cnt[27]_i_2_n_0
    SLICE_X4Y96          FDCE                                         f  r_cnt_reg[11]/CLR
  -------------------------------------------------------------------    -------------------

                         (clock sys_clk_pin rise edge)
                                                      0.000     0.000 r  
    E3                                                0.000     0.000 r  i_clk (IN)
                         net (fo=0)                   0.000     0.000    i_clk
    E3                   IBUF (Prop_ibuf_I_O)         1.411     1.411 r  i_clk_IBUF_inst/O
                         net (fo=1, routed)           1.920     3.331    i_clk_IBUF
    BUFGCTRL_X0Y16       BUFG (Prop_bufg_I_O)         0.091     3.422 r  i_clk_IBUF_BUFG_inst/O
                         net (fo=31, routed)          1.603     5.026    i_clk_IBUF_BUFG
    SLICE_X4Y96          FDCE                                         r  r_cnt_reg[11]/C

Slack:                    inf
  Source:                 i_rst_n
                            (input port)
  Destination:            r_cnt_reg[9]/CLR
                            (recovery check against rising-edge clock sys_clk_pin  {rise@0.000ns fall@5.000ns period=10.000ns})
  Path Group:             (none)
  Path Type:              Recovery (Max at Slow Process Corner)
  Data Path Delay:        5.770ns  (logic 1.631ns (28.265%)  route 4.139ns (71.735%))
  Logic Levels:           2  (IBUF=1 LUT1=1)
  Clock Path Skew:        5.026ns (DCD - SCD + CPR)
    Destination Clock Delay (DCD):    5.026ns
    Source Clock Delay      (SCD):    0.000ns
    Clock Pessimism Removal (CPR):    0.000ns
  Clock Uncertainty:      0.025ns  ((TSJ^2 + TIJ^2)^1/2 + DJ) / 2 + PE
    Total System Jitter     (TSJ):    0.050ns
    Total Input Jitter      (TIJ):    0.000ns
    Discrete Jitter          (DJ):    0.000ns
    Phase Error              (PE):    0.000ns

    Location             Delay type                Incr(ns)  Path(ns)    Netlist Resource(s)
  -------------------------------------------------------------------    -------------------
    C12                                               0.000     0.000 r  i_rst_n (IN)
                         net (fo=0)                   0.000     0.000    i_rst_n
    C12                  IBUF (Prop_ibuf_I_O)         1.507     1.507 r  i_rst_n_IBUF_inst/O
                         net (fo=1, routed)           2.677     4.184    i_rst_n_IBUF
    SLICE_X0Y100         LUT1 (Prop_lut1_I0_O)        0.124     4.308 f  r_cnt[27]_i_2/O
                         net (fo=31, routed)          1.462     5.770    r_cnt[27]_i_2_n_0
    SLICE_X4Y96          FDCE                                         f  r_cnt_reg[9]/CLR
  -------------------------------------------------------------------    -------------------

                         (clock sys_clk_pin rise edge)
                                                      0.000     0.000 r  
    E3                                                0.000     0.000 r  i_clk (IN)
                         net (fo=0)                   0.000     0.000    i_clk
    E3                   IBUF (Prop_ibuf_I_O)         1.411     1.411 r  i_clk_IBUF_inst/O
                         net (fo=1, routed)           1.920     3.331    i_clk_IBUF
    BUFGCTRL_X0Y16       BUFG (Prop_bufg_I_O)         0.091     3.422 r  i_clk_IBUF_BUFG_inst/O
                         net (fo=31, routed)          1.603     5.026    i_clk_IBUF_BUFG
    SLICE_X4Y96          FDCE                                         r  r_cnt_reg[9]/C

Slack:                    inf
  Source:                 i_rst_n
                            (input port)
  Destination:            r_cnt_reg[21]/CLR
                            (recovery check against rising-edge clock sys_clk_pin  {rise@0.000ns fall@5.000ns period=10.000ns})
  Path Group:             (none)
  Path Type:              Recovery (Max at Slow Process Corner)
  Data Path Delay:        5.769ns  (logic 1.631ns (28.274%)  route 4.138ns (71.726%))
  Logic Levels:           2  (IBUF=1 LUT1=1)
  Clock Path Skew:        5.027ns (DCD - SCD + CPR)
    Destination Clock Delay (DCD):    5.027ns
    Source Clock Delay      (SCD):    0.000ns
    Clock Pessimism Removal (CPR):    0.000ns
  Clock Uncertainty:      0.025ns  ((TSJ^2 + TIJ^2)^1/2 + DJ) / 2 + PE
    Total System Jitter     (TSJ):    0.050ns
    Total Input Jitter      (TIJ):    0.000ns
    Discrete Jitter          (DJ):    0.000ns
    Phase Error              (PE):    0.000ns

    Location             Delay type                Incr(ns)  Path(ns)    Netlist Resource(s)
  -------------------------------------------------------------------    -------------------
    C12                                               0.000     0.000 r  i_rst_n (IN)
                         net (fo=0)                   0.000     0.000    i_rst_n
    C12                  IBUF (Prop_ibuf_I_O)         1.507     1.507 r  i_rst_n_IBUF_inst/O
                         net (fo=1, routed)           2.677     4.184    i_rst_n_IBUF
    SLICE_X0Y100         LUT1 (Prop_lut1_I0_O)        0.124     4.308 f  r_cnt[27]_i_2/O
                         net (fo=31, routed)          1.460     5.769    r_cnt[27]_i_2_n_0
    SLICE_X4Y99          FDCE                                         f  r_cnt_reg[21]/CLR
  -------------------------------------------------------------------    -------------------

                         (clock sys_clk_pin rise edge)
                                                      0.000     0.000 r  
    E3                                                0.000     0.000 r  i_clk (IN)
                         net (fo=0)                   0.000     0.000    i_clk
    E3                   IBUF (Prop_ibuf_I_O)         1.411     1.411 r  i_clk_IBUF_inst/O
                         net (fo=1, routed)           1.920     3.331    i_clk_IBUF
    BUFGCTRL_X0Y16       BUFG (Prop_bufg_I_O)         0.091     3.422 r  i_clk_IBUF_BUFG_inst/O
                         net (fo=31, routed)          1.604     5.027    i_clk_IBUF_BUFG
    SLICE_X4Y99          FDCE                                         r  r_cnt_reg[21]/C





Min Delay Paths
--------------------------------------------------------------------------------------
Slack:                    inf
  Source:                 i_sw
                            (input port)
  Destination:            r_cnt_reg[23]/D
                            (rising edge-triggered cell FDCE clocked by sys_clk_pin  {rise@0.000ns fall@5.000ns period=10.000ns})
  Path Group:             (none)
  Path Type:              Hold (Min at Fast Process Corner)
  Data Path Delay:        0.722ns  (logic 0.290ns (40.243%)  route 0.431ns (59.757%))
  Logic Levels:           2  (IBUF=1 LUT5=1)
  Clock Path Skew:        2.043ns (DCD - SCD - CPR)
    Destination Clock Delay (DCD):    2.043ns
    Source Clock Delay      (SCD):    0.000ns
    Clock Pessimism Removal (CPR):    -0.000ns

    Location             Delay type                Incr(ns)  Path(ns)    Netlist Resource(s)
  -------------------------------------------------------------------    -------------------
    J15                                               0.000     0.000 r  i_sw (IN)
                         net (fo=0)                   0.000     0.000    i_sw
    J15                  IBUF (Prop_ibuf_I_O)         0.245     0.245 r  i_sw_IBUF_inst/O
                         net (fo=39, routed)          0.431     0.677    i_sw_IBUF
    SLICE_X3Y99          LUT5 (Prop_lut5_I1_O)        0.045     0.722 r  r_cnt[23]_i_1/O
                         net (fo=1, routed)           0.000     0.722    p_0_in[23]
    SLICE_X3Y99          FDCE                                         r  r_cnt_reg[23]/D
  -------------------------------------------------------------------    -------------------

                         (clock sys_clk_pin rise edge)
                                                      0.000     0.000 r  
    E3                                                0.000     0.000 r  i_clk (IN)
                         net (fo=0)                   0.000     0.000    i_clk
    E3                   IBUF (Prop_ibuf_I_O)         0.438     0.438 r  i_clk_IBUF_inst/O
                         net (fo=1, routed)           0.699     1.136    i_clk_IBUF
    BUFGCTRL_X0Y16       BUFG (Prop_bufg_I_O)         0.029     1.165 r  i_clk_IBUF_BUFG_inst/O
                         net (fo=31, routed)          0.878     2.043    i_clk_IBUF_BUFG
    SLICE_X3Y99          FDCE                                         r  r_cnt_reg[23]/C

Slack:                    inf
  Source:                 i_sw
                            (input port)
  Destination:            r_cnt_reg[22]/D
                            (rising edge-triggered cell FDCE clocked by sys_clk_pin  {rise@0.000ns fall@5.000ns period=10.000ns})
  Path Group:             (none)
  Path Type:              Hold (Min at Fast Process Corner)
  Data Path Delay:        0.723ns  (logic 0.290ns (40.188%)  route 0.432ns (59.812%))
  Logic Levels:           2  (IBUF=1 LUT5=1)
  Clock Path Skew:        2.043ns (DCD - SCD - CPR)
    Destination Clock Delay (DCD):    2.043ns
    Source Clock Delay      (SCD):    0.000ns
    Clock Pessimism Removal (CPR):    -0.000ns

    Location             Delay type                Incr(ns)  Path(ns)    Netlist Resource(s)
  -------------------------------------------------------------------    -------------------
    J15                                               0.000     0.000 r  i_sw (IN)
                         net (fo=0)                   0.000     0.000    i_sw
    J15                  IBUF (Prop_ibuf_I_O)         0.245     0.245 r  i_sw_IBUF_inst/O
                         net (fo=39, routed)          0.432     0.678    i_sw_IBUF
    SLICE_X3Y99          LUT5 (Prop_lut5_I1_O)        0.045     0.723 r  r_cnt[22]_i_1/O
                         net (fo=1, routed)           0.000     0.723    p_0_in[22]
    SLICE_X3Y99          FDCE                                         r  r_cnt_reg[22]/D
  -------------------------------------------------------------------    -------------------

                         (clock sys_clk_pin rise edge)
                                                      0.000     0.000 r  
    E3                                                0.000     0.000 r  i_clk (IN)
                         net (fo=0)                   0.000     0.000    i_clk
    E3                   IBUF (Prop_ibuf_I_O)         0.438     0.438 r  i_clk_IBUF_inst/O
                         net (fo=1, routed)           0.699     1.136    i_clk_IBUF
    BUFGCTRL_X0Y16       BUFG (Prop_bufg_I_O)         0.029     1.165 r  i_clk_IBUF_BUFG_inst/O
                         net (fo=31, routed)          0.878     2.043    i_clk_IBUF_BUFG
    SLICE_X3Y99          FDCE                                         r  r_cnt_reg[22]/C

Slack:                    inf
  Source:                 i_sw
                            (input port)
  Destination:            r_cnt_reg[25]/D
                            (rising edge-triggered cell FDCE clocked by sys_clk_pin  {rise@0.000ns fall@5.000ns period=10.000ns})
  Path Group:             (none)
  Path Type:              Hold (Min at Fast Process Corner)
  Data Path Delay:        0.787ns  (logic 0.290ns (36.916%)  route 0.496ns (63.084%))
  Logic Levels:           2  (IBUF=1 LUT5=1)
  Clock Path Skew:        2.037ns (DCD - SCD - CPR)
    Destination Clock Delay (DCD):    2.037ns
    Source Clock Delay      (SCD):    0.000ns
    Clock Pessimism Removal (CPR):    -0.000ns

    Location             Delay type                Incr(ns)  Path(ns)    Netlist Resource(s)
  -------------------------------------------------------------------    -------------------
    J15                                               0.000     0.000 r  i_sw (IN)
                         net (fo=0)                   0.000     0.000    i_sw
    J15                  IBUF (Prop_ibuf_I_O)         0.245     0.245 r  i_sw_IBUF_inst/O
                         net (fo=39, routed)          0.496     0.742    i_sw_IBUF
    SLICE_X3Y100         LUT5 (Prop_lut5_I1_O)        0.045     0.787 r  r_cnt[25]_i_1/O
                         net (fo=1, routed)           0.000     0.787    p_0_in[25]
    SLICE_X3Y100         FDCE                                         r  r_cnt_reg[25]/D
  -------------------------------------------------------------------    -------------------

                         (clock sys_clk_pin rise edge)
                                                      0.000     0.000 r  
    E3                                                0.000     0.000 r  i_clk (IN)
                         net (fo=0)                   0.000     0.000    i_clk
    E3                   IBUF (Prop_ibuf_I_O)         0.438     0.438 r  i_clk_IBUF_inst/O
                         net (fo=1, routed)           0.699     1.136    i_clk_IBUF
    BUFGCTRL_X0Y16       BUFG (Prop_bufg_I_O)         0.029     1.165 r  i_clk_IBUF_BUFG_inst/O
                         net (fo=31, routed)          0.872     2.037    i_clk_IBUF_BUFG
    SLICE_X3Y100         FDCE                                         r  r_cnt_reg[25]/C

Slack:                    inf
  Source:                 i_sw
                            (input port)
  Destination:            r_cnt_reg[26]/D
                            (rising edge-triggered cell FDCE clocked by sys_clk_pin  {rise@0.000ns fall@5.000ns period=10.000ns})
  Path Group:             (none)
  Path Type:              Hold (Min at Fast Process Corner)
  Data Path Delay:        0.803ns  (logic 0.290ns (36.164%)  route 0.513ns (63.836%))
  Logic Levels:           2  (IBUF=1 LUT5=1)
  Clock Path Skew:        2.037ns (DCD - SCD - CPR)
    Destination Clock Delay (DCD):    2.037ns
    Source Clock Delay      (SCD):    0.000ns
    Clock Pessimism Removal (CPR):    -0.000ns

    Location             Delay type                Incr(ns)  Path(ns)    Netlist Resource(s)
  -------------------------------------------------------------------    -------------------
    J15                                               0.000     0.000 r  i_sw (IN)
                         net (fo=0)                   0.000     0.000    i_sw
    J15                  IBUF (Prop_ibuf_I_O)         0.245     0.245 r  i_sw_IBUF_inst/O
                         net (fo=39, routed)          0.513     0.758    i_sw_IBUF
    SLICE_X3Y100         LUT5 (Prop_lut5_I1_O)        0.045     0.803 r  r_cnt[26]_i_1/O
                         net (fo=1, routed)           0.000     0.803    p_0_in[26]
    SLICE_X3Y100         FDCE                                         r  r_cnt_reg[26]/D
  -------------------------------------------------------------------    -------------------

                         (clock sys_clk_pin rise edge)
                                                      0.000     0.000 r  
    E3                                                0.000     0.000 r  i_clk (IN)
                         net (fo=0)                   0.000     0.000    i_clk
    E3                   IBUF (Prop_ibuf_I_O)         0.438     0.438 r  i_clk_IBUF_inst/O
                         net (fo=1, routed)           0.699     1.136    i_clk_IBUF
    BUFGCTRL_X0Y16       BUFG (Prop_bufg_I_O)         0.029     1.165 r  i_clk_IBUF_BUFG_inst/O
                         net (fo=31, routed)          0.872     2.037    i_clk_IBUF_BUFG
    SLICE_X3Y100         FDCE                                         r  r_cnt_reg[26]/C

Slack:                    inf
  Source:                 i_sw
                            (input port)
  Destination:            r_cnt_reg[18]/D
                            (rising edge-triggered cell FDCE clocked by sys_clk_pin  {rise@0.000ns fall@5.000ns period=10.000ns})
  Path Group:             (none)
  Path Type:              Hold (Min at Fast Process Corner)
  Data Path Delay:        0.813ns  (logic 0.290ns (35.743%)  route 0.522ns (64.257%))
  Logic Levels:           2  (IBUF=1 LUT5=1)
  Clock Path Skew:        2.043ns (DCD - SCD - CPR)
    Destination Clock Delay (DCD):    2.043ns
    Source Clock Delay      (SCD):    0.000ns
    Clock Pessimism Removal (CPR):    -0.000ns

    Location             Delay type                Incr(ns)  Path(ns)    Netlist Resource(s)
  -------------------------------------------------------------------    -------------------
    J15                                               0.000     0.000 r  i_sw (IN)
                         net (fo=0)                   0.000     0.000    i_sw
    J15                  IBUF (Prop_ibuf_I_O)         0.245     0.245 r  i_sw_IBUF_inst/O
                         net (fo=39, routed)          0.522     0.768    i_sw_IBUF
    SLICE_X3Y98          LUT5 (Prop_lut5_I1_O)        0.045     0.813 r  r_cnt[18]_i_1/O
                         net (fo=1, routed)           0.000     0.813    p_0_in[18]
    SLICE_X3Y98          FDCE                                         r  r_cnt_reg[18]/D
  -------------------------------------------------------------------    -------------------

                         (clock sys_clk_pin rise edge)
                                                      0.000     0.000 r  
    E3                                                0.000     0.000 r  i_clk (IN)
                         net (fo=0)                   0.000     0.000    i_clk
    E3                   IBUF (Prop_ibuf_I_O)         0.438     0.438 r  i_clk_IBUF_inst/O
                         net (fo=1, routed)           0.699     1.136    i_clk_IBUF
    BUFGCTRL_X0Y16       BUFG (Prop_bufg_I_O)         0.029     1.165 r  i_clk_IBUF_BUFG_inst/O
                         net (fo=31, routed)          0.878     2.043    i_clk_IBUF_BUFG
    SLICE_X3Y98          FDCE                                         r  r_cnt_reg[18]/C

Slack:                    inf
  Source:                 i_sw
                            (input port)
  Destination:            r_cnt_reg[17]/D
                            (rising edge-triggered cell FDCE clocked by sys_clk_pin  {rise@0.000ns fall@5.000ns period=10.000ns})
  Path Group:             (none)
  Path Type:              Hold (Min at Fast Process Corner)
  Data Path Delay:        0.814ns  (logic 0.290ns (35.699%)  route 0.523ns (64.301%))
  Logic Levels:           2  (IBUF=1 LUT5=1)
  Clock Path Skew:        2.043ns (DCD - SCD - CPR)
    Destination Clock Delay (DCD):    2.043ns
    Source Clock Delay      (SCD):    0.000ns
    Clock Pessimism Removal (CPR):    -0.000ns

    Location             Delay type                Incr(ns)  Path(ns)    Netlist Resource(s)
  -------------------------------------------------------------------    -------------------
    J15                                               0.000     0.000 r  i_sw (IN)
                         net (fo=0)                   0.000     0.000    i_sw
    J15                  IBUF (Prop_ibuf_I_O)         0.245     0.245 r  i_sw_IBUF_inst/O
                         net (fo=39, routed)          0.523     0.769    i_sw_IBUF
    SLICE_X3Y98          LUT5 (Prop_lut5_I1_O)        0.045     0.814 r  r_cnt[17]_i_1/O
                         net (fo=1, routed)           0.000     0.814    p_0_in[17]
    SLICE_X3Y98          FDCE                                         r  r_cnt_reg[17]/D
  -------------------------------------------------------------------    -------------------

                         (clock sys_clk_pin rise edge)
                                                      0.000     0.000 r  
    E3                                                0.000     0.000 r  i_clk (IN)
                         net (fo=0)                   0.000     0.000    i_clk
    E3                   IBUF (Prop_ibuf_I_O)         0.438     0.438 r  i_clk_IBUF_inst/O
                         net (fo=1, routed)           0.699     1.136    i_clk_IBUF
    BUFGCTRL_X0Y16       BUFG (Prop_bufg_I_O)         0.029     1.165 r  i_clk_IBUF_BUFG_inst/O
                         net (fo=31, routed)          0.878     2.043    i_clk_IBUF_BUFG
    SLICE_X3Y98          FDCE                                         r  r_cnt_reg[17]/C

Slack:                    inf
  Source:                 i_sw
                            (input port)
  Destination:            r_cnt_reg[27]/D
                            (rising edge-triggered cell FDCE clocked by sys_clk_pin  {rise@0.000ns fall@5.000ns period=10.000ns})
  Path Group:             (none)
  Path Type:              Hold (Min at Fast Process Corner)
  Data Path Delay:        0.874ns  (logic 0.290ns (33.241%)  route 0.583ns (66.759%))
  Logic Levels:           2  (IBUF=1 LUT5=1)
  Clock Path Skew:        2.037ns (DCD - SCD - CPR)
    Destination Clock Delay (DCD):    2.037ns
    Source Clock Delay      (SCD):    0.000ns
    Clock Pessimism Removal (CPR):    -0.000ns

    Location             Delay type                Incr(ns)  Path(ns)    Netlist Resource(s)
  -------------------------------------------------------------------    -------------------
    J15                                               0.000     0.000 r  i_sw (IN)
                         net (fo=0)                   0.000     0.000    i_sw
    J15                  IBUF (Prop_ibuf_I_O)         0.245     0.245 r  i_sw_IBUF_inst/O
                         net (fo=39, routed)          0.583     0.829    i_sw_IBUF
    SLICE_X3Y100         LUT5 (Prop_lut5_I1_O)        0.045     0.874 r  r_cnt[27]_i_1/O
                         net (fo=1, routed)           0.000     0.874    p_0_in[27]
    SLICE_X3Y100         FDCE                                         r  r_cnt_reg[27]/D
  -------------------------------------------------------------------    -------------------

                         (clock sys_clk_pin rise edge)
                                                      0.000     0.000 r  
    E3                                                0.000     0.000 r  i_clk (IN)
                         net (fo=0)                   0.000     0.000    i_clk
    E3                   IBUF (Prop_ibuf_I_O)         0.438     0.438 r  i_clk_IBUF_inst/O
                         net (fo=1, routed)           0.699     1.136    i_clk_IBUF
    BUFGCTRL_X0Y16       BUFG (Prop_bufg_I_O)         0.029     1.165 r  i_clk_IBUF_BUFG_inst/O
                         net (fo=31, routed)          0.872     2.037    i_clk_IBUF_BUFG
    SLICE_X3Y100         FDCE                                         r  r_cnt_reg[27]/C

Slack:                    inf
  Source:                 i_sw
                            (input port)
  Destination:            r_cnt_reg[24]/D
                            (rising edge-triggered cell FDCE clocked by sys_clk_pin  {rise@0.000ns fall@5.000ns period=10.000ns})
  Path Group:             (none)
  Path Type:              Hold (Min at Fast Process Corner)
  Data Path Delay:        0.892ns  (logic 0.290ns (32.571%)  route 0.601ns (67.429%))
  Logic Levels:           2  (IBUF=1 LUT5=1)
  Clock Path Skew:        2.043ns (DCD - SCD - CPR)
    Destination Clock Delay (DCD):    2.043ns
    Source Clock Delay      (SCD):    0.000ns
    Clock Pessimism Removal (CPR):    -0.000ns

    Location             Delay type                Incr(ns)  Path(ns)    Netlist Resource(s)
  -------------------------------------------------------------------    -------------------
    J15                                               0.000     0.000 r  i_sw (IN)
                         net (fo=0)                   0.000     0.000    i_sw
    J15                  IBUF (Prop_ibuf_I_O)         0.245     0.245 r  i_sw_IBUF_inst/O
                         net (fo=39, routed)          0.601     0.847    i_sw_IBUF
    SLICE_X3Y99          LUT5 (Prop_lut5_I1_O)        0.045     0.892 r  r_cnt[24]_i_1/O
                         net (fo=1, routed)           0.000     0.892    p_0_in[24]
    SLICE_X3Y99          FDCE                                         r  r_cnt_reg[24]/D
  -------------------------------------------------------------------    -------------------

                         (clock sys_clk_pin rise edge)
                                                      0.000     0.000 r  
    E3                                                0.000     0.000 r  i_clk (IN)
                         net (fo=0)                   0.000     0.000    i_clk
    E3                   IBUF (Prop_ibuf_I_O)         0.438     0.438 r  i_clk_IBUF_inst/O
                         net (fo=1, routed)           0.699     1.136    i_clk_IBUF
    BUFGCTRL_X0Y16       BUFG (Prop_bufg_I_O)         0.029     1.165 r  i_clk_IBUF_BUFG_inst/O
                         net (fo=31, routed)          0.878     2.043    i_clk_IBUF_BUFG
    SLICE_X3Y99          FDCE                                         r  r_cnt_reg[24]/C

Slack:                    inf
  Source:                 i_sw
                            (input port)
  Destination:            r_cnt_reg[14]/D
                            (rising edge-triggered cell FDCE clocked by sys_clk_pin  {rise@0.000ns fall@5.000ns period=10.000ns})
  Path Group:             (none)
  Path Type:              Hold (Min at Fast Process Corner)
  Data Path Delay:        0.913ns  (logic 0.290ns (31.828%)  route 0.622ns (68.172%))
  Logic Levels:           2  (IBUF=1 LUT5=1)
  Clock Path Skew:        2.043ns (DCD - SCD - CPR)
    Destination Clock Delay (DCD):    2.043ns
    Source Clock Delay      (SCD):    0.000ns
    Clock Pessimism Removal (CPR):    -0.000ns

    Location             Delay type                Incr(ns)  Path(ns)    Netlist Resource(s)
  -------------------------------------------------------------------    -------------------
    J15                                               0.000     0.000 r  i_sw (IN)
                         net (fo=0)                   0.000     0.000    i_sw
    J15                  IBUF (Prop_ibuf_I_O)         0.245     0.245 r  i_sw_IBUF_inst/O
                         net (fo=39, routed)          0.622     0.868    i_sw_IBUF
    SLICE_X3Y97          LUT5 (Prop_lut5_I1_O)        0.045     0.913 r  r_cnt[14]_i_1/O
                         net (fo=1, routed)           0.000     0.913    p_0_in[14]
    SLICE_X3Y97          FDCE                                         r  r_cnt_reg[14]/D
  -------------------------------------------------------------------    -------------------

                         (clock sys_clk_pin rise edge)
                                                      0.000     0.000 r  
    E3                                                0.000     0.000 r  i_clk (IN)
                         net (fo=0)                   0.000     0.000    i_clk
    E3                   IBUF (Prop_ibuf_I_O)         0.438     0.438 r  i_clk_IBUF_inst/O
                         net (fo=1, routed)           0.699     1.136    i_clk_IBUF
    BUFGCTRL_X0Y16       BUFG (Prop_bufg_I_O)         0.029     1.165 r  i_clk_IBUF_BUFG_inst/O
                         net (fo=31, routed)          0.878     2.043    i_clk_IBUF_BUFG
    SLICE_X3Y97          FDCE                                         r  r_cnt_reg[14]/C

Slack:                    inf
  Source:                 i_sw
                            (input port)
  Destination:            r_cnt_reg[13]/D
                            (rising edge-triggered cell FDCE clocked by sys_clk_pin  {rise@0.000ns fall@5.000ns period=10.000ns})
  Path Group:             (none)
  Path Type:              Hold (Min at Fast Process Corner)
  Data Path Delay:        0.914ns  (logic 0.290ns (31.793%)  route 0.623ns (68.207%))
  Logic Levels:           2  (IBUF=1 LUT5=1)
  Clock Path Skew:        2.043ns (DCD - SCD - CPR)
    Destination Clock Delay (DCD):    2.043ns
    Source Clock Delay      (SCD):    0.000ns
    Clock Pessimism Removal (CPR):    -0.000ns

    Location             Delay type                Incr(ns)  Path(ns)    Netlist Resource(s)
  -------------------------------------------------------------------    -------------------
    J15                                               0.000     0.000 r  i_sw (IN)
                         net (fo=0)                   0.000     0.000    i_sw
    J15                  IBUF (Prop_ibuf_I_O)         0.245     0.245 r  i_sw_IBUF_inst/O
                         net (fo=39, routed)          0.623     0.869    i_sw_IBUF
    SLICE_X3Y97          LUT5 (Prop_lut5_I1_O)        0.045     0.914 r  r_cnt[13]_i_1/O
                         net (fo=1, routed)           0.000     0.914    p_0_in[13]
    SLICE_X3Y97          FDCE                                         r  r_cnt_reg[13]/D
  -------------------------------------------------------------------    -------------------

                         (clock sys_clk_pin rise edge)
                                                      0.000     0.000 r  
    E3                                                0.000     0.000 r  i_clk (IN)
                         net (fo=0)                   0.000     0.000    i_clk
    E3                   IBUF (Prop_ibuf_I_O)         0.438     0.438 r  i_clk_IBUF_inst/O
                         net (fo=1, routed)           0.699     1.136    i_clk_IBUF
    BUFGCTRL_X0Y16       BUFG (Prop_bufg_I_O)         0.029     1.165 r  i_clk_IBUF_BUFG_inst/O
                         net (fo=31, routed)          0.878     2.043    i_clk_IBUF_BUFG
    SLICE_X3Y97          FDCE                                         r  r_cnt_reg[13]/C





