Copyright 1986-2022 Xilinx, Inc. All Rights Reserved.
------------------------------------------------------------------------------------------------------------------------------------------------------------------------------------------------------------
| Tool Version : Vivado v.2022.1 (win64) Build 3526262 Mon Apr 18 15:48:16 MDT 2022
| Date         : Sun Nov  2 12:56:05 2025
| Host         : BOOK-PI4T4K8H7V running 64-bit major release  (build 9200)
| Command      : report_timing_summary -max_paths 10 -report_unconstrained -file Exam1_timing_summary_routed.rpt -pb Exam1_timing_summary_routed.pb -rpx Exam1_timing_summary_routed.rpx -warn_on_violation
| Design       : Exam1
| Device       : 7a50t-csg324
| Speed File   : -1  PRODUCTION 1.23 2018-06-13
------------------------------------------------------------------------------------------------------------------------------------------------------------------------------------------------------------

Timing Summary Report

------------------------------------------------------------------------------------------------
| Timer Settings
| --------------
------------------------------------------------------------------------------------------------

  Enable Multi Corner Analysis               :  Yes
  Enable Pessimism Removal                   :  Yes
  Pessimism Removal Resolution               :  Nearest Common Node
  Enable Input Delay Default Clock           :  No
  Enable Preset / Clear Arcs                 :  No
  Disable Flight Delays                      :  No
  Ignore I/O Paths                           :  No
  Timing Early Launch at Borrowing Latches   :  No
  Borrow Time for Max Delay Exceptions       :  Yes
  Merge Timing Exceptions                    :  Yes

  Corner  Analyze    Analyze    
  Name    Max Paths  Min Paths  
  ------  ---------  ---------  
  Slow    Yes        Yes        
  Fast    Yes        Yes        


------------------------------------------------------------------------------------------------
| Report Methodology
| ------------------
------------------------------------------------------------------------------------------------

Rule       Severity  Description                    Violations  
---------  --------  -----------------------------  ----------  
TIMING-18  Warning   Missing input or output delay  17          

Note: This report is based on the most recent report_methodology run and may not be up-to-date. Run report_methodology on the current design for the latest report.



check_timing report

Table of Contents
-----------------
1. checking no_clock (0)
2. checking constant_clock (0)
3. checking pulse_width_clock (0)
4. checking unconstrained_internal_endpoints (0)
5. checking no_input_delay (1)
6. checking no_output_delay (11)
7. checking multiple_clock (0)
8. checking generated_clocks (0)
9. checking loops (0)
10. checking partial_input_delay (0)
11. checking partial_output_delay (0)
12. checking latch_loops (0)

1. checking no_clock (0)
------------------------
 There are 0 register/latch pins with no clock.


2. checking constant_clock (0)
------------------------------
 There are 0 register/latch pins with constant_clock.


3. checking pulse_width_clock (0)
---------------------------------
 There are 0 register/latch pins which need pulse_width check


4. checking unconstrained_internal_endpoints (0)
------------------------------------------------
 There are 0 pins that are not constrained for maximum delay.

 There are 0 pins that are not constrained for maximum delay due to constant clock.


5. checking no_input_delay (1)
------------------------------
 There is 1 input port with no input delay specified. (HIGH)

 There are 0 input ports with no input delay but user has a false path constraint.


6. checking no_output_delay (11)
--------------------------------
 There are 11 ports with no output delay specified. (HIGH)

 There are 0 ports with no output delay but user has a false path constraint

 There are 0 ports with no output delay but with a timing clock defined on it or propagating through it


7. checking multiple_clock (0)
------------------------------
 There are 0 register/latch pins with multiple clocks.


8. checking generated_clocks (0)
--------------------------------
 There are 0 generated clocks that are not connected to a clock source.


9. checking loops (0)
---------------------
 There are 0 combinational loops in the design.


10. checking partial_input_delay (0)
------------------------------------
 There are 0 input ports with partial input delay specified.


11. checking partial_output_delay (0)
-------------------------------------
 There are 0 ports with partial output delay specified.


12. checking latch_loops (0)
----------------------------
 There are 0 combinational latch loops in the design through latch input



------------------------------------------------------------------------------------------------
| Design Timing Summary
| ---------------------
------------------------------------------------------------------------------------------------

    WNS(ns)      TNS(ns)  TNS Failing Endpoints  TNS Total Endpoints      WHS(ns)      THS(ns)  THS Failing Endpoints  THS Total Endpoints     WPWS(ns)     TPWS(ns)  TPWS Failing Endpoints  TPWS Total Endpoints  
    -------      -------  ---------------------  -------------------      -------      -------  ---------------------  -------------------     --------     --------  ----------------------  --------------------  
      5.871        0.000                      0                   21        0.232        0.000                      0                   21        4.500        0.000                       0                    22  


All user specified timing constraints are met.


------------------------------------------------------------------------------------------------
| Clock Summary
| -------------
------------------------------------------------------------------------------------------------

Clock        Waveform(ns)       Period(ns)      Frequency(MHz)
-----        ------------       ----------      --------------
sys_clk_pin  {0.000 5.000}      10.000          100.000         


------------------------------------------------------------------------------------------------
| Intra Clock Table
| -----------------
------------------------------------------------------------------------------------------------

Clock             WNS(ns)      TNS(ns)  TNS Failing Endpoints  TNS Total Endpoints      WHS(ns)      THS(ns)  THS Failing Endpoints  THS Total Endpoints     WPWS(ns)     TPWS(ns)  TPWS Failing Endpoints  TPWS Total Endpoints  
-----             -------      -------  ---------------------  -------------------      -------      -------  ---------------------  -------------------     --------     --------  ----------------------  --------------------  
sys_clk_pin         5.871        0.000                      0                   21        0.232        0.000                      0                   21        4.500        0.000                       0                    22  


------------------------------------------------------------------------------------------------
| Inter Clock Table
| -----------------
------------------------------------------------------------------------------------------------

From Clock    To Clock          WNS(ns)      TNS(ns)  TNS Failing Endpoints  TNS Total Endpoints      WHS(ns)      THS(ns)  THS Failing Endpoints  THS Total Endpoints  
----------    --------          -------      -------  ---------------------  -------------------      -------      -------  ---------------------  -------------------  


------------------------------------------------------------------------------------------------
| Other Path Groups Table
| -----------------------
------------------------------------------------------------------------------------------------

Path Group    From Clock    To Clock          WNS(ns)      TNS(ns)  TNS Failing Endpoints  TNS Total Endpoints      WHS(ns)      THS(ns)  THS Failing Endpoints  THS Total Endpoints  
----------    ----------    --------          -------      -------  ---------------------  -------------------      -------      -------  ---------------------  -------------------  


------------------------------------------------------------------------------------------------
| User Ignored Path Table
| -----------------------
------------------------------------------------------------------------------------------------

Path Group    From Clock    To Clock    
----------    ----------    --------    


------------------------------------------------------------------------------------------------
| Unconstrained Path Table
| ------------------------
------------------------------------------------------------------------------------------------

Path Group    From Clock    To Clock    
----------    ----------    --------    
(none)                                    
(none)        sys_clk_pin                 
(none)                      sys_clk_pin   


------------------------------------------------------------------------------------------------
| Timing Details
| --------------
------------------------------------------------------------------------------------------------


---------------------------------------------------------------------------------------------------
From Clock:  sys_clk_pin
  To Clock:  sys_clk_pin

Setup :            0  Failing Endpoints,  Worst Slack        5.871ns,  Total Violation        0.000ns
Hold  :            0  Failing Endpoints,  Worst Slack        0.232ns,  Total Violation        0.000ns
PW    :            0  Failing Endpoints,  Worst Slack        4.500ns,  Total Violation        0.000ns
---------------------------------------------------------------------------------------------------


Max Delay Paths
--------------------------------------------------------------------------------------
Slack (MET) :             5.871ns  (required time - arrival time)
  Source:                 r_cnt_reg[16]/C
                            (rising edge-triggered cell FDCE clocked by sys_clk_pin  {rise@0.000ns fall@5.000ns period=10.000ns})
  Destination:            r_cnt_reg[17]/D
                            (rising edge-triggered cell FDCE clocked by sys_clk_pin  {rise@0.000ns fall@5.000ns period=10.000ns})
  Path Group:             sys_clk_pin
  Path Type:              Setup (Max at Slow Process Corner)
  Requirement:            10.000ns  (sys_clk_pin rise@10.000ns - sys_clk_pin rise@0.000ns)
  Data Path Delay:        4.155ns  (logic 1.912ns (46.012%)  route 2.243ns (53.988%))
  Logic Levels:           7  (CARRY4=5 LUT4=1 LUT5=1)
  Clock Path Skew:        0.000ns (DCD - SCD + CPR)
    Destination Clock Delay (DCD):    4.890ns = ( 14.890 - 10.000 ) 
    Source Clock Delay      (SCD):    5.188ns
    Clock Pessimism Removal (CPR):    0.298ns
  Clock Uncertainty:      0.035ns  ((TSJ^2 + TIJ^2)^1/2 + DJ) / 2 + PE
    Total System Jitter     (TSJ):    0.071ns
    Total Input Jitter      (TIJ):    0.000ns
    Discrete Jitter          (DJ):    0.000ns
    Phase Error              (PE):    0.000ns

    Location             Delay type                Incr(ns)  Path(ns)    Netlist Resource(s)
  -------------------------------------------------------------------    -------------------
                         (clock sys_clk_pin rise edge)
                                                      0.000     0.000 r  
    E3                                                0.000     0.000 r  i_clk (IN)
                         net (fo=0)                   0.000     0.000    i_clk
    E3                   IBUF (Prop_ibuf_I_O)         1.489     1.489 r  i_clk_IBUF_inst/O
                         net (fo=1, routed)           1.967     3.455    i_clk_IBUF
    BUFGCTRL_X0Y16       BUFG (Prop_bufg_I_O)         0.096     3.551 r  i_clk_IBUF_BUFG_inst/O
                         net (fo=21, routed)          1.636     5.188    i_clk_IBUF_BUFG
    SLICE_X0Y37          FDCE                                         r  r_cnt_reg[16]/C
  -------------------------------------------------------------------    -------------------
    SLICE_X0Y37          FDCE (Prop_fdce_C_Q)         0.456     5.644 r  r_cnt_reg[16]/Q
                         net (fo=2, routed)           0.822     6.466    r_cnt_reg[16]
    SLICE_X1Y36          LUT4 (Prop_lut4_I0_O)        0.124     6.590 f  r_idx[1]_i_4/O
                         net (fo=22, routed)          1.422     8.011    r_idx[1]_i_4_n_0
    SLICE_X0Y33          LUT5 (Prop_lut5_I3_O)        0.124     8.135 r  r_cnt[0]_i_6/O
                         net (fo=1, routed)           0.000     8.135    r_cnt[0]_i_6_n_0
    SLICE_X0Y33          CARRY4 (Prop_carry4_S[0]_CO[3])
                                                      0.532     8.667 r  r_cnt_reg[0]_i_1/CO[3]
                         net (fo=1, routed)           0.000     8.667    r_cnt_reg[0]_i_1_n_0
    SLICE_X0Y34          CARRY4 (Prop_carry4_CI_CO[3])
                                                      0.114     8.781 r  r_cnt_reg[4]_i_1/CO[3]
                         net (fo=1, routed)           0.000     8.781    r_cnt_reg[4]_i_1_n_0
    SLICE_X0Y35          CARRY4 (Prop_carry4_CI_CO[3])
                                                      0.114     8.895 r  r_cnt_reg[8]_i_1/CO[3]
                         net (fo=1, routed)           0.000     8.895    r_cnt_reg[8]_i_1_n_0
    SLICE_X0Y36          CARRY4 (Prop_carry4_CI_CO[3])
                                                      0.114     9.009 r  r_cnt_reg[12]_i_1/CO[3]
                         net (fo=1, routed)           0.000     9.009    r_cnt_reg[12]_i_1_n_0
    SLICE_X0Y37          CARRY4 (Prop_carry4_CI_O[1])
                                                      0.334     9.343 r  r_cnt_reg[16]_i_1/O[1]
                         net (fo=1, routed)           0.000     9.343    r_cnt_reg[16]_i_1_n_6
    SLICE_X0Y37          FDCE                                         r  r_cnt_reg[17]/D
  -------------------------------------------------------------------    -------------------

                         (clock sys_clk_pin rise edge)
                                                     10.000    10.000 r  
    E3                                                0.000    10.000 r  i_clk (IN)
                         net (fo=0)                   0.000    10.000    i_clk
    E3                   IBUF (Prop_ibuf_I_O)         1.418    11.418 r  i_clk_IBUF_inst/O
                         net (fo=1, routed)           1.862    13.280    i_clk_IBUF
    BUFGCTRL_X0Y16       BUFG (Prop_bufg_I_O)         0.091    13.371 r  i_clk_IBUF_BUFG_inst/O
                         net (fo=21, routed)          1.518    14.890    i_clk_IBUF_BUFG
    SLICE_X0Y37          FDCE                                         r  r_cnt_reg[17]/C
                         clock pessimism              0.298    15.188    
                         clock uncertainty           -0.035    15.152    
    SLICE_X0Y37          FDCE (Setup_fdce_C_D)        0.062    15.214    r_cnt_reg[17]
  -------------------------------------------------------------------
                         required time                         15.214    
                         arrival time                          -9.343    
  -------------------------------------------------------------------
                         slack                                  5.871    

Slack (MET) :             5.959ns  (required time - arrival time)
  Source:                 r_cnt_reg[16]/C
                            (rising edge-triggered cell FDCE clocked by sys_clk_pin  {rise@0.000ns fall@5.000ns period=10.000ns})
  Destination:            r_cnt_reg[13]/D
                            (rising edge-triggered cell FDCE clocked by sys_clk_pin  {rise@0.000ns fall@5.000ns period=10.000ns})
  Path Group:             sys_clk_pin
  Path Type:              Setup (Max at Slow Process Corner)
  Requirement:            10.000ns  (sys_clk_pin rise@10.000ns - sys_clk_pin rise@0.000ns)
  Data Path Delay:        4.041ns  (logic 1.798ns (44.489%)  route 2.243ns (55.511%))
  Logic Levels:           6  (CARRY4=4 LUT4=1 LUT5=1)
  Clock Path Skew:        -0.026ns (DCD - SCD + CPR)
    Destination Clock Delay (DCD):    4.889ns = ( 14.889 - 10.000 ) 
    Source Clock Delay      (SCD):    5.188ns
    Clock Pessimism Removal (CPR):    0.273ns
  Clock Uncertainty:      0.035ns  ((TSJ^2 + TIJ^2)^1/2 + DJ) / 2 + PE
    Total System Jitter     (TSJ):    0.071ns
    Total Input Jitter      (TIJ):    0.000ns
    Discrete Jitter          (DJ):    0.000ns
    Phase Error              (PE):    0.000ns

    Location             Delay type                Incr(ns)  Path(ns)    Netlist Resource(s)
  -------------------------------------------------------------------    -------------------
                         (clock sys_clk_pin rise edge)
                                                      0.000     0.000 r  
    E3                                                0.000     0.000 r  i_clk (IN)
                         net (fo=0)                   0.000     0.000    i_clk
    E3                   IBUF (Prop_ibuf_I_O)         1.489     1.489 r  i_clk_IBUF_inst/O
                         net (fo=1, routed)           1.967     3.455    i_clk_IBUF
    BUFGCTRL_X0Y16       BUFG (Prop_bufg_I_O)         0.096     3.551 r  i_clk_IBUF_BUFG_inst/O
                         net (fo=21, routed)          1.636     5.188    i_clk_IBUF_BUFG
    SLICE_X0Y37          FDCE                                         r  r_cnt_reg[16]/C
  -------------------------------------------------------------------    -------------------
    SLICE_X0Y37          FDCE (Prop_fdce_C_Q)         0.456     5.644 r  r_cnt_reg[16]/Q
                         net (fo=2, routed)           0.822     6.466    r_cnt_reg[16]
    SLICE_X1Y36          LUT4 (Prop_lut4_I0_O)        0.124     6.590 f  r_idx[1]_i_4/O
                         net (fo=22, routed)          1.422     8.011    r_idx[1]_i_4_n_0
    SLICE_X0Y33          LUT5 (Prop_lut5_I3_O)        0.124     8.135 r  r_cnt[0]_i_6/O
                         net (fo=1, routed)           0.000     8.135    r_cnt[0]_i_6_n_0
    SLICE_X0Y33          CARRY4 (Prop_carry4_S[0]_CO[3])
                                                      0.532     8.667 r  r_cnt_reg[0]_i_1/CO[3]
                         net (fo=1, routed)           0.000     8.667    r_cnt_reg[0]_i_1_n_0
    SLICE_X0Y34          CARRY4 (Prop_carry4_CI_CO[3])
                                                      0.114     8.781 r  r_cnt_reg[4]_i_1/CO[3]
                         net (fo=1, routed)           0.000     8.781    r_cnt_reg[4]_i_1_n_0
    SLICE_X0Y35          CARRY4 (Prop_carry4_CI_CO[3])
                                                      0.114     8.895 r  r_cnt_reg[8]_i_1/CO[3]
                         net (fo=1, routed)           0.000     8.895    r_cnt_reg[8]_i_1_n_0
    SLICE_X0Y36          CARRY4 (Prop_carry4_CI_O[1])
                                                      0.334     9.229 r  r_cnt_reg[12]_i_1/O[1]
                         net (fo=1, routed)           0.000     9.229    r_cnt_reg[12]_i_1_n_6
    SLICE_X0Y36          FDCE                                         r  r_cnt_reg[13]/D
  -------------------------------------------------------------------    -------------------

                         (clock sys_clk_pin rise edge)
                                                     10.000    10.000 r  
    E3                                                0.000    10.000 r  i_clk (IN)
                         net (fo=0)                   0.000    10.000    i_clk
    E3                   IBUF (Prop_ibuf_I_O)         1.418    11.418 r  i_clk_IBUF_inst/O
                         net (fo=1, routed)           1.862    13.280    i_clk_IBUF
    BUFGCTRL_X0Y16       BUFG (Prop_bufg_I_O)         0.091    13.371 r  i_clk_IBUF_BUFG_inst/O
                         net (fo=21, routed)          1.517    14.889    i_clk_IBUF_BUFG
    SLICE_X0Y36          FDCE                                         r  r_cnt_reg[13]/C
                         clock pessimism              0.273    15.162    
                         clock uncertainty           -0.035    15.126    
    SLICE_X0Y36          FDCE (Setup_fdce_C_D)        0.062    15.188    r_cnt_reg[13]
  -------------------------------------------------------------------
                         required time                         15.188    
                         arrival time                          -9.229    
  -------------------------------------------------------------------
                         slack                                  5.959    

Slack (MET) :             5.966ns  (required time - arrival time)
  Source:                 r_cnt_reg[16]/C
                            (rising edge-triggered cell FDCE clocked by sys_clk_pin  {rise@0.000ns fall@5.000ns period=10.000ns})
  Destination:            r_cnt_reg[18]/D
                            (rising edge-triggered cell FDCE clocked by sys_clk_pin  {rise@0.000ns fall@5.000ns period=10.000ns})
  Path Group:             sys_clk_pin
  Path Type:              Setup (Max at Slow Process Corner)
  Requirement:            10.000ns  (sys_clk_pin rise@10.000ns - sys_clk_pin rise@0.000ns)
  Data Path Delay:        4.060ns  (logic 1.817ns (44.749%)  route 2.243ns (55.251%))
  Logic Levels:           7  (CARRY4=5 LUT4=1 LUT5=1)
  Clock Path Skew:        0.000ns (DCD - SCD + CPR)
    Destination Clock Delay (DCD):    4.890ns = ( 14.890 - 10.000 ) 
    Source Clock Delay      (SCD):    5.188ns
    Clock Pessimism Removal (CPR):    0.298ns
  Clock Uncertainty:      0.035ns  ((TSJ^2 + TIJ^2)^1/2 + DJ) / 2 + PE
    Total System Jitter     (TSJ):    0.071ns
    Total Input Jitter      (TIJ):    0.000ns
    Discrete Jitter          (DJ):    0.000ns
    Phase Error              (PE):    0.000ns

    Location             Delay type                Incr(ns)  Path(ns)    Netlist Resource(s)
  -------------------------------------------------------------------    -------------------
                         (clock sys_clk_pin rise edge)
                                                      0.000     0.000 r  
    E3                                                0.000     0.000 r  i_clk (IN)
                         net (fo=0)                   0.000     0.000    i_clk
    E3                   IBUF (Prop_ibuf_I_O)         1.489     1.489 r  i_clk_IBUF_inst/O
                         net (fo=1, routed)           1.967     3.455    i_clk_IBUF
    BUFGCTRL_X0Y16       BUFG (Prop_bufg_I_O)         0.096     3.551 r  i_clk_IBUF_BUFG_inst/O
                         net (fo=21, routed)          1.636     5.188    i_clk_IBUF_BUFG
    SLICE_X0Y37          FDCE                                         r  r_cnt_reg[16]/C
  -------------------------------------------------------------------    -------------------
    SLICE_X0Y37          FDCE (Prop_fdce_C_Q)         0.456     5.644 r  r_cnt_reg[16]/Q
                         net (fo=2, routed)           0.822     6.466    r_cnt_reg[16]
    SLICE_X1Y36          LUT4 (Prop_lut4_I0_O)        0.124     6.590 f  r_idx[1]_i_4/O
                         net (fo=22, routed)          1.422     8.011    r_idx[1]_i_4_n_0
    SLICE_X0Y33          LUT5 (Prop_lut5_I3_O)        0.124     8.135 r  r_cnt[0]_i_6/O
                         net (fo=1, routed)           0.000     8.135    r_cnt[0]_i_6_n_0
    SLICE_X0Y33          CARRY4 (Prop_carry4_S[0]_CO[3])
                                                      0.532     8.667 r  r_cnt_reg[0]_i_1/CO[3]
                         net (fo=1, routed)           0.000     8.667    r_cnt_reg[0]_i_1_n_0
    SLICE_X0Y34          CARRY4 (Prop_carry4_CI_CO[3])
                                                      0.114     8.781 r  r_cnt_reg[4]_i_1/CO[3]
                         net (fo=1, routed)           0.000     8.781    r_cnt_reg[4]_i_1_n_0
    SLICE_X0Y35          CARRY4 (Prop_carry4_CI_CO[3])
                                                      0.114     8.895 r  r_cnt_reg[8]_i_1/CO[3]
                         net (fo=1, routed)           0.000     8.895    r_cnt_reg[8]_i_1_n_0
    SLICE_X0Y36          CARRY4 (Prop_carry4_CI_CO[3])
                                                      0.114     9.009 r  r_cnt_reg[12]_i_1/CO[3]
                         net (fo=1, routed)           0.000     9.009    r_cnt_reg[12]_i_1_n_0
    SLICE_X0Y37          CARRY4 (Prop_carry4_CI_O[2])
                                                      0.239     9.248 r  r_cnt_reg[16]_i_1/O[2]
                         net (fo=1, routed)           0.000     9.248    r_cnt_reg[16]_i_1_n_5
    SLICE_X0Y37          FDCE                                         r  r_cnt_reg[18]/D
  -------------------------------------------------------------------    -------------------

                         (clock sys_clk_pin rise edge)
                                                     10.000    10.000 r  
    E3                                                0.000    10.000 r  i_clk (IN)
                         net (fo=0)                   0.000    10.000    i_clk
    E3                   IBUF (Prop_ibuf_I_O)         1.418    11.418 r  i_clk_IBUF_inst/O
                         net (fo=1, routed)           1.862    13.280    i_clk_IBUF
    BUFGCTRL_X0Y16       BUFG (Prop_bufg_I_O)         0.091    13.371 r  i_clk_IBUF_BUFG_inst/O
                         net (fo=21, routed)          1.518    14.890    i_clk_IBUF_BUFG
    SLICE_X0Y37          FDCE                                         r  r_cnt_reg[18]/C
                         clock pessimism              0.298    15.188    
                         clock uncertainty           -0.035    15.152    
    SLICE_X0Y37          FDCE (Setup_fdce_C_D)        0.062    15.214    r_cnt_reg[18]
  -------------------------------------------------------------------
                         required time                         15.214    
                         arrival time                          -9.248    
  -------------------------------------------------------------------
                         slack                                  5.966    

Slack (MET) :             5.980ns  (required time - arrival time)
  Source:                 r_cnt_reg[16]/C
                            (rising edge-triggered cell FDCE clocked by sys_clk_pin  {rise@0.000ns fall@5.000ns period=10.000ns})
  Destination:            r_cnt_reg[15]/D
                            (rising edge-triggered cell FDCE clocked by sys_clk_pin  {rise@0.000ns fall@5.000ns period=10.000ns})
  Path Group:             sys_clk_pin
  Path Type:              Setup (Max at Slow Process Corner)
  Requirement:            10.000ns  (sys_clk_pin rise@10.000ns - sys_clk_pin rise@0.000ns)
  Data Path Delay:        4.020ns  (logic 1.777ns (44.199%)  route 2.243ns (55.801%))
  Logic Levels:           6  (CARRY4=4 LUT4=1 LUT5=1)
  Clock Path Skew:        -0.026ns (DCD - SCD + CPR)
    Destination Clock Delay (DCD):    4.889ns = ( 14.889 - 10.000 ) 
    Source Clock Delay      (SCD):    5.188ns
    Clock Pessimism Removal (CPR):    0.273ns
  Clock Uncertainty:      0.035ns  ((TSJ^2 + TIJ^2)^1/2 + DJ) / 2 + PE
    Total System Jitter     (TSJ):    0.071ns
    Total Input Jitter      (TIJ):    0.000ns
    Discrete Jitter          (DJ):    0.000ns
    Phase Error              (PE):    0.000ns

    Location             Delay type                Incr(ns)  Path(ns)    Netlist Resource(s)
  -------------------------------------------------------------------    -------------------
                         (clock sys_clk_pin rise edge)
                                                      0.000     0.000 r  
    E3                                                0.000     0.000 r  i_clk (IN)
                         net (fo=0)                   0.000     0.000    i_clk
    E3                   IBUF (Prop_ibuf_I_O)         1.489     1.489 r  i_clk_IBUF_inst/O
                         net (fo=1, routed)           1.967     3.455    i_clk_IBUF
    BUFGCTRL_X0Y16       BUFG (Prop_bufg_I_O)         0.096     3.551 r  i_clk_IBUF_BUFG_inst/O
                         net (fo=21, routed)          1.636     5.188    i_clk_IBUF_BUFG
    SLICE_X0Y37          FDCE                                         r  r_cnt_reg[16]/C
  -------------------------------------------------------------------    -------------------
    SLICE_X0Y37          FDCE (Prop_fdce_C_Q)         0.456     5.644 r  r_cnt_reg[16]/Q
                         net (fo=2, routed)           0.822     6.466    r_cnt_reg[16]
    SLICE_X1Y36          LUT4 (Prop_lut4_I0_O)        0.124     6.590 f  r_idx[1]_i_4/O
                         net (fo=22, routed)          1.422     8.011    r_idx[1]_i_4_n_0
    SLICE_X0Y33          LUT5 (Prop_lut5_I3_O)        0.124     8.135 r  r_cnt[0]_i_6/O
                         net (fo=1, routed)           0.000     8.135    r_cnt[0]_i_6_n_0
    SLICE_X0Y33          CARRY4 (Prop_carry4_S[0]_CO[3])
                                                      0.532     8.667 r  r_cnt_reg[0]_i_1/CO[3]
                         net (fo=1, routed)           0.000     8.667    r_cnt_reg[0]_i_1_n_0
    SLICE_X0Y34          CARRY4 (Prop_carry4_CI_CO[3])
                                                      0.114     8.781 r  r_cnt_reg[4]_i_1/CO[3]
                         net (fo=1, routed)           0.000     8.781    r_cnt_reg[4]_i_1_n_0
    SLICE_X0Y35          CARRY4 (Prop_carry4_CI_CO[3])
                                                      0.114     8.895 r  r_cnt_reg[8]_i_1/CO[3]
                         net (fo=1, routed)           0.000     8.895    r_cnt_reg[8]_i_1_n_0
    SLICE_X0Y36          CARRY4 (Prop_carry4_CI_O[3])
                                                      0.313     9.208 r  r_cnt_reg[12]_i_1/O[3]
                         net (fo=1, routed)           0.000     9.208    r_cnt_reg[12]_i_1_n_4
    SLICE_X0Y36          FDCE                                         r  r_cnt_reg[15]/D
  -------------------------------------------------------------------    -------------------

                         (clock sys_clk_pin rise edge)
                                                     10.000    10.000 r  
    E3                                                0.000    10.000 r  i_clk (IN)
                         net (fo=0)                   0.000    10.000    i_clk
    E3                   IBUF (Prop_ibuf_I_O)         1.418    11.418 r  i_clk_IBUF_inst/O
                         net (fo=1, routed)           1.862    13.280    i_clk_IBUF
    BUFGCTRL_X0Y16       BUFG (Prop_bufg_I_O)         0.091    13.371 r  i_clk_IBUF_BUFG_inst/O
                         net (fo=21, routed)          1.517    14.889    i_clk_IBUF_BUFG
    SLICE_X0Y36          FDCE                                         r  r_cnt_reg[15]/C
                         clock pessimism              0.273    15.162    
                         clock uncertainty           -0.035    15.126    
    SLICE_X0Y36          FDCE (Setup_fdce_C_D)        0.062    15.188    r_cnt_reg[15]
  -------------------------------------------------------------------
                         required time                         15.188    
                         arrival time                          -9.208    
  -------------------------------------------------------------------
                         slack                                  5.980    

Slack (MET) :             5.982ns  (required time - arrival time)
  Source:                 r_cnt_reg[16]/C
                            (rising edge-triggered cell FDCE clocked by sys_clk_pin  {rise@0.000ns fall@5.000ns period=10.000ns})
  Destination:            r_cnt_reg[16]/D
                            (rising edge-triggered cell FDCE clocked by sys_clk_pin  {rise@0.000ns fall@5.000ns period=10.000ns})
  Path Group:             sys_clk_pin
  Path Type:              Setup (Max at Slow Process Corner)
  Requirement:            10.000ns  (sys_clk_pin rise@10.000ns - sys_clk_pin rise@0.000ns)
  Data Path Delay:        4.044ns  (logic 1.801ns (44.530%)  route 2.243ns (55.470%))
  Logic Levels:           7  (CARRY4=5 LUT4=1 LUT5=1)
  Clock Path Skew:        0.000ns (DCD - SCD + CPR)
    Destination Clock Delay (DCD):    4.890ns = ( 14.890 - 10.000 ) 
    Source Clock Delay      (SCD):    5.188ns
    Clock Pessimism Removal (CPR):    0.298ns
  Clock Uncertainty:      0.035ns  ((TSJ^2 + TIJ^2)^1/2 + DJ) / 2 + PE
    Total System Jitter     (TSJ):    0.071ns
    Total Input Jitter      (TIJ):    0.000ns
    Discrete Jitter          (DJ):    0.000ns
    Phase Error              (PE):    0.000ns

    Location             Delay type                Incr(ns)  Path(ns)    Netlist Resource(s)
  -------------------------------------------------------------------    -------------------
                         (clock sys_clk_pin rise edge)
                                                      0.000     0.000 r  
    E3                                                0.000     0.000 r  i_clk (IN)
                         net (fo=0)                   0.000     0.000    i_clk
    E3                   IBUF (Prop_ibuf_I_O)         1.489     1.489 r  i_clk_IBUF_inst/O
                         net (fo=1, routed)           1.967     3.455    i_clk_IBUF
    BUFGCTRL_X0Y16       BUFG (Prop_bufg_I_O)         0.096     3.551 r  i_clk_IBUF_BUFG_inst/O
                         net (fo=21, routed)          1.636     5.188    i_clk_IBUF_BUFG
    SLICE_X0Y37          FDCE                                         r  r_cnt_reg[16]/C
  -------------------------------------------------------------------    -------------------
    SLICE_X0Y37          FDCE (Prop_fdce_C_Q)         0.456     5.644 r  r_cnt_reg[16]/Q
                         net (fo=2, routed)           0.822     6.466    r_cnt_reg[16]
    SLICE_X1Y36          LUT4 (Prop_lut4_I0_O)        0.124     6.590 f  r_idx[1]_i_4/O
                         net (fo=22, routed)          1.422     8.011    r_idx[1]_i_4_n_0
    SLICE_X0Y33          LUT5 (Prop_lut5_I3_O)        0.124     8.135 r  r_cnt[0]_i_6/O
                         net (fo=1, routed)           0.000     8.135    r_cnt[0]_i_6_n_0
    SLICE_X0Y33          CARRY4 (Prop_carry4_S[0]_CO[3])
                                                      0.532     8.667 r  r_cnt_reg[0]_i_1/CO[3]
                         net (fo=1, routed)           0.000     8.667    r_cnt_reg[0]_i_1_n_0
    SLICE_X0Y34          CARRY4 (Prop_carry4_CI_CO[3])
                                                      0.114     8.781 r  r_cnt_reg[4]_i_1/CO[3]
                         net (fo=1, routed)           0.000     8.781    r_cnt_reg[4]_i_1_n_0
    SLICE_X0Y35          CARRY4 (Prop_carry4_CI_CO[3])
                                                      0.114     8.895 r  r_cnt_reg[8]_i_1/CO[3]
                         net (fo=1, routed)           0.000     8.895    r_cnt_reg[8]_i_1_n_0
    SLICE_X0Y36          CARRY4 (Prop_carry4_CI_CO[3])
                                                      0.114     9.009 r  r_cnt_reg[12]_i_1/CO[3]
                         net (fo=1, routed)           0.000     9.009    r_cnt_reg[12]_i_1_n_0
    SLICE_X0Y37          CARRY4 (Prop_carry4_CI_O[0])
                                                      0.223     9.232 r  r_cnt_reg[16]_i_1/O[0]
                         net (fo=1, routed)           0.000     9.232    r_cnt_reg[16]_i_1_n_7
    SLICE_X0Y37          FDCE                                         r  r_cnt_reg[16]/D
  -------------------------------------------------------------------    -------------------

                         (clock sys_clk_pin rise edge)
                                                     10.000    10.000 r  
    E3                                                0.000    10.000 r  i_clk (IN)
                         net (fo=0)                   0.000    10.000    i_clk
    E3                   IBUF (Prop_ibuf_I_O)         1.418    11.418 r  i_clk_IBUF_inst/O
                         net (fo=1, routed)           1.862    13.280    i_clk_IBUF
    BUFGCTRL_X0Y16       BUFG (Prop_bufg_I_O)         0.091    13.371 r  i_clk_IBUF_BUFG_inst/O
                         net (fo=21, routed)          1.518    14.890    i_clk_IBUF_BUFG
    SLICE_X0Y37          FDCE                                         r  r_cnt_reg[16]/C
                         clock pessimism              0.298    15.188    
                         clock uncertainty           -0.035    15.152    
    SLICE_X0Y37          FDCE (Setup_fdce_C_D)        0.062    15.214    r_cnt_reg[16]
  -------------------------------------------------------------------
                         required time                         15.214    
                         arrival time                          -9.232    
  -------------------------------------------------------------------
                         slack                                  5.982    

Slack (MET) :             6.054ns  (required time - arrival time)
  Source:                 r_cnt_reg[16]/C
                            (rising edge-triggered cell FDCE clocked by sys_clk_pin  {rise@0.000ns fall@5.000ns period=10.000ns})
  Destination:            r_cnt_reg[14]/D
                            (rising edge-triggered cell FDCE clocked by sys_clk_pin  {rise@0.000ns fall@5.000ns period=10.000ns})
  Path Group:             sys_clk_pin
  Path Type:              Setup (Max at Slow Process Corner)
  Requirement:            10.000ns  (sys_clk_pin rise@10.000ns - sys_clk_pin rise@0.000ns)
  Data Path Delay:        3.946ns  (logic 1.703ns (43.152%)  route 2.243ns (56.847%))
  Logic Levels:           6  (CARRY4=4 LUT4=1 LUT5=1)
  Clock Path Skew:        -0.026ns (DCD - SCD + CPR)
    Destination Clock Delay (DCD):    4.889ns = ( 14.889 - 10.000 ) 
    Source Clock Delay      (SCD):    5.188ns
    Clock Pessimism Removal (CPR):    0.273ns
  Clock Uncertainty:      0.035ns  ((TSJ^2 + TIJ^2)^1/2 + DJ) / 2 + PE
    Total System Jitter     (TSJ):    0.071ns
    Total Input Jitter      (TIJ):    0.000ns
    Discrete Jitter          (DJ):    0.000ns
    Phase Error              (PE):    0.000ns

    Location             Delay type                Incr(ns)  Path(ns)    Netlist Resource(s)
  -------------------------------------------------------------------    -------------------
                         (clock sys_clk_pin rise edge)
                                                      0.000     0.000 r  
    E3                                                0.000     0.000 r  i_clk (IN)
                         net (fo=0)                   0.000     0.000    i_clk
    E3                   IBUF (Prop_ibuf_I_O)         1.489     1.489 r  i_clk_IBUF_inst/O
                         net (fo=1, routed)           1.967     3.455    i_clk_IBUF
    BUFGCTRL_X0Y16       BUFG (Prop_bufg_I_O)         0.096     3.551 r  i_clk_IBUF_BUFG_inst/O
                         net (fo=21, routed)          1.636     5.188    i_clk_IBUF_BUFG
    SLICE_X0Y37          FDCE                                         r  r_cnt_reg[16]/C
  -------------------------------------------------------------------    -------------------
    SLICE_X0Y37          FDCE (Prop_fdce_C_Q)         0.456     5.644 r  r_cnt_reg[16]/Q
                         net (fo=2, routed)           0.822     6.466    r_cnt_reg[16]
    SLICE_X1Y36          LUT4 (Prop_lut4_I0_O)        0.124     6.590 f  r_idx[1]_i_4/O
                         net (fo=22, routed)          1.422     8.011    r_idx[1]_i_4_n_0
    SLICE_X0Y33          LUT5 (Prop_lut5_I3_O)        0.124     8.135 r  r_cnt[0]_i_6/O
                         net (fo=1, routed)           0.000     8.135    r_cnt[0]_i_6_n_0
    SLICE_X0Y33          CARRY4 (Prop_carry4_S[0]_CO[3])
                                                      0.532     8.667 r  r_cnt_reg[0]_i_1/CO[3]
                         net (fo=1, routed)           0.000     8.667    r_cnt_reg[0]_i_1_n_0
    SLICE_X0Y34          CARRY4 (Prop_carry4_CI_CO[3])
                                                      0.114     8.781 r  r_cnt_reg[4]_i_1/CO[3]
                         net (fo=1, routed)           0.000     8.781    r_cnt_reg[4]_i_1_n_0
    SLICE_X0Y35          CARRY4 (Prop_carry4_CI_CO[3])
                                                      0.114     8.895 r  r_cnt_reg[8]_i_1/CO[3]
                         net (fo=1, routed)           0.000     8.895    r_cnt_reg[8]_i_1_n_0
    SLICE_X0Y36          CARRY4 (Prop_carry4_CI_O[2])
                                                      0.239     9.134 r  r_cnt_reg[12]_i_1/O[2]
                         net (fo=1, routed)           0.000     9.134    r_cnt_reg[12]_i_1_n_5
    SLICE_X0Y36          FDCE                                         r  r_cnt_reg[14]/D
  -------------------------------------------------------------------    -------------------

                         (clock sys_clk_pin rise edge)
                                                     10.000    10.000 r  
    E3                                                0.000    10.000 r  i_clk (IN)
                         net (fo=0)                   0.000    10.000    i_clk
    E3                   IBUF (Prop_ibuf_I_O)         1.418    11.418 r  i_clk_IBUF_inst/O
                         net (fo=1, routed)           1.862    13.280    i_clk_IBUF
    BUFGCTRL_X0Y16       BUFG (Prop_bufg_I_O)         0.091    13.371 r  i_clk_IBUF_BUFG_inst/O
                         net (fo=21, routed)          1.517    14.889    i_clk_IBUF_BUFG
    SLICE_X0Y36          FDCE                                         r  r_cnt_reg[14]/C
                         clock pessimism              0.273    15.162    
                         clock uncertainty           -0.035    15.126    
    SLICE_X0Y36          FDCE (Setup_fdce_C_D)        0.062    15.188    r_cnt_reg[14]
  -------------------------------------------------------------------
                         required time                         15.188    
                         arrival time                          -9.134    
  -------------------------------------------------------------------
                         slack                                  6.054    

Slack (MET) :             6.070ns  (required time - arrival time)
  Source:                 r_cnt_reg[16]/C
                            (rising edge-triggered cell FDCE clocked by sys_clk_pin  {rise@0.000ns fall@5.000ns period=10.000ns})
  Destination:            r_cnt_reg[12]/D
                            (rising edge-triggered cell FDCE clocked by sys_clk_pin  {rise@0.000ns fall@5.000ns period=10.000ns})
  Path Group:             sys_clk_pin
  Path Type:              Setup (Max at Slow Process Corner)
  Requirement:            10.000ns  (sys_clk_pin rise@10.000ns - sys_clk_pin rise@0.000ns)
  Data Path Delay:        3.930ns  (logic 1.687ns (42.921%)  route 2.243ns (57.079%))
  Logic Levels:           6  (CARRY4=4 LUT4=1 LUT5=1)
  Clock Path Skew:        -0.026ns (DCD - SCD + CPR)
    Destination Clock Delay (DCD):    4.889ns = ( 14.889 - 10.000 ) 
    Source Clock Delay      (SCD):    5.188ns
    Clock Pessimism Removal (CPR):    0.273ns
  Clock Uncertainty:      0.035ns  ((TSJ^2 + TIJ^2)^1/2 + DJ) / 2 + PE
    Total System Jitter     (TSJ):    0.071ns
    Total Input Jitter      (TIJ):    0.000ns
    Discrete Jitter          (DJ):    0.000ns
    Phase Error              (PE):    0.000ns

    Location             Delay type                Incr(ns)  Path(ns)    Netlist Resource(s)
  -------------------------------------------------------------------    -------------------
                         (clock sys_clk_pin rise edge)
                                                      0.000     0.000 r  
    E3                                                0.000     0.000 r  i_clk (IN)
                         net (fo=0)                   0.000     0.000    i_clk
    E3                   IBUF (Prop_ibuf_I_O)         1.489     1.489 r  i_clk_IBUF_inst/O
                         net (fo=1, routed)           1.967     3.455    i_clk_IBUF
    BUFGCTRL_X0Y16       BUFG (Prop_bufg_I_O)         0.096     3.551 r  i_clk_IBUF_BUFG_inst/O
                         net (fo=21, routed)          1.636     5.188    i_clk_IBUF_BUFG
    SLICE_X0Y37          FDCE                                         r  r_cnt_reg[16]/C
  -------------------------------------------------------------------    -------------------
    SLICE_X0Y37          FDCE (Prop_fdce_C_Q)         0.456     5.644 r  r_cnt_reg[16]/Q
                         net (fo=2, routed)           0.822     6.466    r_cnt_reg[16]
    SLICE_X1Y36          LUT4 (Prop_lut4_I0_O)        0.124     6.590 f  r_idx[1]_i_4/O
                         net (fo=22, routed)          1.422     8.011    r_idx[1]_i_4_n_0
    SLICE_X0Y33          LUT5 (Prop_lut5_I3_O)        0.124     8.135 r  r_cnt[0]_i_6/O
                         net (fo=1, routed)           0.000     8.135    r_cnt[0]_i_6_n_0
    SLICE_X0Y33          CARRY4 (Prop_carry4_S[0]_CO[3])
                                                      0.532     8.667 r  r_cnt_reg[0]_i_1/CO[3]
                         net (fo=1, routed)           0.000     8.667    r_cnt_reg[0]_i_1_n_0
    SLICE_X0Y34          CARRY4 (Prop_carry4_CI_CO[3])
                                                      0.114     8.781 r  r_cnt_reg[4]_i_1/CO[3]
                         net (fo=1, routed)           0.000     8.781    r_cnt_reg[4]_i_1_n_0
    SLICE_X0Y35          CARRY4 (Prop_carry4_CI_CO[3])
                                                      0.114     8.895 r  r_cnt_reg[8]_i_1/CO[3]
                         net (fo=1, routed)           0.000     8.895    r_cnt_reg[8]_i_1_n_0
    SLICE_X0Y36          CARRY4 (Prop_carry4_CI_O[0])
                                                      0.223     9.118 r  r_cnt_reg[12]_i_1/O[0]
                         net (fo=1, routed)           0.000     9.118    r_cnt_reg[12]_i_1_n_7
    SLICE_X0Y36          FDCE                                         r  r_cnt_reg[12]/D
  -------------------------------------------------------------------    -------------------

                         (clock sys_clk_pin rise edge)
                                                     10.000    10.000 r  
    E3                                                0.000    10.000 r  i_clk (IN)
                         net (fo=0)                   0.000    10.000    i_clk
    E3                   IBUF (Prop_ibuf_I_O)         1.418    11.418 r  i_clk_IBUF_inst/O
                         net (fo=1, routed)           1.862    13.280    i_clk_IBUF
    BUFGCTRL_X0Y16       BUFG (Prop_bufg_I_O)         0.091    13.371 r  i_clk_IBUF_BUFG_inst/O
                         net (fo=21, routed)          1.517    14.889    i_clk_IBUF_BUFG
    SLICE_X0Y36          FDCE                                         r  r_cnt_reg[12]/C
                         clock pessimism              0.273    15.162    
                         clock uncertainty           -0.035    15.126    
    SLICE_X0Y36          FDCE (Setup_fdce_C_D)        0.062    15.188    r_cnt_reg[12]
  -------------------------------------------------------------------
                         required time                         15.188    
                         arrival time                          -9.118    
  -------------------------------------------------------------------
                         slack                                  6.070    

Slack (MET) :             6.073ns  (required time - arrival time)
  Source:                 r_cnt_reg[16]/C
                            (rising edge-triggered cell FDCE clocked by sys_clk_pin  {rise@0.000ns fall@5.000ns period=10.000ns})
  Destination:            r_cnt_reg[9]/D
                            (rising edge-triggered cell FDCE clocked by sys_clk_pin  {rise@0.000ns fall@5.000ns period=10.000ns})
  Path Group:             sys_clk_pin
  Path Type:              Setup (Max at Slow Process Corner)
  Requirement:            10.000ns  (sys_clk_pin rise@10.000ns - sys_clk_pin rise@0.000ns)
  Data Path Delay:        3.927ns  (logic 1.684ns (42.877%)  route 2.243ns (57.123%))
  Logic Levels:           5  (CARRY4=3 LUT4=1 LUT5=1)
  Clock Path Skew:        -0.026ns (DCD - SCD + CPR)
    Destination Clock Delay (DCD):    4.889ns = ( 14.889 - 10.000 ) 
    Source Clock Delay      (SCD):    5.188ns
    Clock Pessimism Removal (CPR):    0.273ns
  Clock Uncertainty:      0.035ns  ((TSJ^2 + TIJ^2)^1/2 + DJ) / 2 + PE
    Total System Jitter     (TSJ):    0.071ns
    Total Input Jitter      (TIJ):    0.000ns
    Discrete Jitter          (DJ):    0.000ns
    Phase Error              (PE):    0.000ns

    Location             Delay type                Incr(ns)  Path(ns)    Netlist Resource(s)
  -------------------------------------------------------------------    -------------------
                         (clock sys_clk_pin rise edge)
                                                      0.000     0.000 r  
    E3                                                0.000     0.000 r  i_clk (IN)
                         net (fo=0)                   0.000     0.000    i_clk
    E3                   IBUF (Prop_ibuf_I_O)         1.489     1.489 r  i_clk_IBUF_inst/O
                         net (fo=1, routed)           1.967     3.455    i_clk_IBUF
    BUFGCTRL_X0Y16       BUFG (Prop_bufg_I_O)         0.096     3.551 r  i_clk_IBUF_BUFG_inst/O
                         net (fo=21, routed)          1.636     5.188    i_clk_IBUF_BUFG
    SLICE_X0Y37          FDCE                                         r  r_cnt_reg[16]/C
  -------------------------------------------------------------------    -------------------
    SLICE_X0Y37          FDCE (Prop_fdce_C_Q)         0.456     5.644 r  r_cnt_reg[16]/Q
                         net (fo=2, routed)           0.822     6.466    r_cnt_reg[16]
    SLICE_X1Y36          LUT4 (Prop_lut4_I0_O)        0.124     6.590 f  r_idx[1]_i_4/O
                         net (fo=22, routed)          1.422     8.011    r_idx[1]_i_4_n_0
    SLICE_X0Y33          LUT5 (Prop_lut5_I3_O)        0.124     8.135 r  r_cnt[0]_i_6/O
                         net (fo=1, routed)           0.000     8.135    r_cnt[0]_i_6_n_0
    SLICE_X0Y33          CARRY4 (Prop_carry4_S[0]_CO[3])
                                                      0.532     8.667 r  r_cnt_reg[0]_i_1/CO[3]
                         net (fo=1, routed)           0.000     8.667    r_cnt_reg[0]_i_1_n_0
    SLICE_X0Y34          CARRY4 (Prop_carry4_CI_CO[3])
                                                      0.114     8.781 r  r_cnt_reg[4]_i_1/CO[3]
                         net (fo=1, routed)           0.000     8.781    r_cnt_reg[4]_i_1_n_0
    SLICE_X0Y35          CARRY4 (Prop_carry4_CI_O[1])
                                                      0.334     9.115 r  r_cnt_reg[8]_i_1/O[1]
                         net (fo=1, routed)           0.000     9.115    r_cnt_reg[8]_i_1_n_6
    SLICE_X0Y35          FDCE                                         r  r_cnt_reg[9]/D
  -------------------------------------------------------------------    -------------------

                         (clock sys_clk_pin rise edge)
                                                     10.000    10.000 r  
    E3                                                0.000    10.000 r  i_clk (IN)
                         net (fo=0)                   0.000    10.000    i_clk
    E3                   IBUF (Prop_ibuf_I_O)         1.418    11.418 r  i_clk_IBUF_inst/O
                         net (fo=1, routed)           1.862    13.280    i_clk_IBUF
    BUFGCTRL_X0Y16       BUFG (Prop_bufg_I_O)         0.091    13.371 r  i_clk_IBUF_BUFG_inst/O
                         net (fo=21, routed)          1.517    14.889    i_clk_IBUF_BUFG
    SLICE_X0Y35          FDCE                                         r  r_cnt_reg[9]/C
                         clock pessimism              0.273    15.162    
                         clock uncertainty           -0.035    15.126    
    SLICE_X0Y35          FDCE (Setup_fdce_C_D)        0.062    15.188    r_cnt_reg[9]
  -------------------------------------------------------------------
                         required time                         15.188    
                         arrival time                          -9.115    
  -------------------------------------------------------------------
                         slack                                  6.073    

Slack (MET) :             6.094ns  (required time - arrival time)
  Source:                 r_cnt_reg[16]/C
                            (rising edge-triggered cell FDCE clocked by sys_clk_pin  {rise@0.000ns fall@5.000ns period=10.000ns})
  Destination:            r_cnt_reg[11]/D
                            (rising edge-triggered cell FDCE clocked by sys_clk_pin  {rise@0.000ns fall@5.000ns period=10.000ns})
  Path Group:             sys_clk_pin
  Path Type:              Setup (Max at Slow Process Corner)
  Requirement:            10.000ns  (sys_clk_pin rise@10.000ns - sys_clk_pin rise@0.000ns)
  Data Path Delay:        3.906ns  (logic 1.663ns (42.570%)  route 2.243ns (57.430%))
  Logic Levels:           5  (CARRY4=3 LUT4=1 LUT5=1)
  Clock Path Skew:        -0.026ns (DCD - SCD + CPR)
    Destination Clock Delay (DCD):    4.889ns = ( 14.889 - 10.000 ) 
    Source Clock Delay      (SCD):    5.188ns
    Clock Pessimism Removal (CPR):    0.273ns
  Clock Uncertainty:      0.035ns  ((TSJ^2 + TIJ^2)^1/2 + DJ) / 2 + PE
    Total System Jitter     (TSJ):    0.071ns
    Total Input Jitter      (TIJ):    0.000ns
    Discrete Jitter          (DJ):    0.000ns
    Phase Error              (PE):    0.000ns

    Location             Delay type                Incr(ns)  Path(ns)    Netlist Resource(s)
  -------------------------------------------------------------------    -------------------
                         (clock sys_clk_pin rise edge)
                                                      0.000     0.000 r  
    E3                                                0.000     0.000 r  i_clk (IN)
                         net (fo=0)                   0.000     0.000    i_clk
    E3                   IBUF (Prop_ibuf_I_O)         1.489     1.489 r  i_clk_IBUF_inst/O
                         net (fo=1, routed)           1.967     3.455    i_clk_IBUF
    BUFGCTRL_X0Y16       BUFG (Prop_bufg_I_O)         0.096     3.551 r  i_clk_IBUF_BUFG_inst/O
                         net (fo=21, routed)          1.636     5.188    i_clk_IBUF_BUFG
    SLICE_X0Y37          FDCE                                         r  r_cnt_reg[16]/C
  -------------------------------------------------------------------    -------------------
    SLICE_X0Y37          FDCE (Prop_fdce_C_Q)         0.456     5.644 r  r_cnt_reg[16]/Q
                         net (fo=2, routed)           0.822     6.466    r_cnt_reg[16]
    SLICE_X1Y36          LUT4 (Prop_lut4_I0_O)        0.124     6.590 f  r_idx[1]_i_4/O
                         net (fo=22, routed)          1.422     8.011    r_idx[1]_i_4_n_0
    SLICE_X0Y33          LUT5 (Prop_lut5_I3_O)        0.124     8.135 r  r_cnt[0]_i_6/O
                         net (fo=1, routed)           0.000     8.135    r_cnt[0]_i_6_n_0
    SLICE_X0Y33          CARRY4 (Prop_carry4_S[0]_CO[3])
                                                      0.532     8.667 r  r_cnt_reg[0]_i_1/CO[3]
                         net (fo=1, routed)           0.000     8.667    r_cnt_reg[0]_i_1_n_0
    SLICE_X0Y34          CARRY4 (Prop_carry4_CI_CO[3])
                                                      0.114     8.781 r  r_cnt_reg[4]_i_1/CO[3]
                         net (fo=1, routed)           0.000     8.781    r_cnt_reg[4]_i_1_n_0
    SLICE_X0Y35          CARRY4 (Prop_carry4_CI_O[3])
                                                      0.313     9.094 r  r_cnt_reg[8]_i_1/O[3]
                         net (fo=1, routed)           0.000     9.094    r_cnt_reg[8]_i_1_n_4
    SLICE_X0Y35          FDCE                                         r  r_cnt_reg[11]/D
  -------------------------------------------------------------------    -------------------

                         (clock sys_clk_pin rise edge)
                                                     10.000    10.000 r  
    E3                                                0.000    10.000 r  i_clk (IN)
                         net (fo=0)                   0.000    10.000    i_clk
    E3                   IBUF (Prop_ibuf_I_O)         1.418    11.418 r  i_clk_IBUF_inst/O
                         net (fo=1, routed)           1.862    13.280    i_clk_IBUF
    BUFGCTRL_X0Y16       BUFG (Prop_bufg_I_O)         0.091    13.371 r  i_clk_IBUF_BUFG_inst/O
                         net (fo=21, routed)          1.517    14.889    i_clk_IBUF_BUFG
    SLICE_X0Y35          FDCE                                         r  r_cnt_reg[11]/C
                         clock pessimism              0.273    15.162    
                         clock uncertainty           -0.035    15.126    
    SLICE_X0Y35          FDCE (Setup_fdce_C_D)        0.062    15.188    r_cnt_reg[11]
  -------------------------------------------------------------------
                         required time                         15.188    
                         arrival time                          -9.094    
  -------------------------------------------------------------------
                         slack                                  6.094    

Slack (MET) :             6.168ns  (required time - arrival time)
  Source:                 r_cnt_reg[16]/C
                            (rising edge-triggered cell FDCE clocked by sys_clk_pin  {rise@0.000ns fall@5.000ns period=10.000ns})
  Destination:            r_cnt_reg[10]/D
                            (rising edge-triggered cell FDCE clocked by sys_clk_pin  {rise@0.000ns fall@5.000ns period=10.000ns})
  Path Group:             sys_clk_pin
  Path Type:              Setup (Max at Slow Process Corner)
  Requirement:            10.000ns  (sys_clk_pin rise@10.000ns - sys_clk_pin rise@0.000ns)
  Data Path Delay:        3.832ns  (logic 1.589ns (41.462%)  route 2.243ns (58.538%))
  Logic Levels:           5  (CARRY4=3 LUT4=1 LUT5=1)
  Clock Path Skew:        -0.026ns (DCD - SCD + CPR)
    Destination Clock Delay (DCD):    4.889ns = ( 14.889 - 10.000 ) 
    Source Clock Delay      (SCD):    5.188ns
    Clock Pessimism Removal (CPR):    0.273ns
  Clock Uncertainty:      0.035ns  ((TSJ^2 + TIJ^2)^1/2 + DJ) / 2 + PE
    Total System Jitter     (TSJ):    0.071ns
    Total Input Jitter      (TIJ):    0.000ns
    Discrete Jitter          (DJ):    0.000ns
    Phase Error              (PE):    0.000ns

    Location             Delay type                Incr(ns)  Path(ns)    Netlist Resource(s)
  -------------------------------------------------------------------    -------------------
                         (clock sys_clk_pin rise edge)
                                                      0.000     0.000 r  
    E3                                                0.000     0.000 r  i_clk (IN)
                         net (fo=0)                   0.000     0.000    i_clk
    E3                   IBUF (Prop_ibuf_I_O)         1.489     1.489 r  i_clk_IBUF_inst/O
                         net (fo=1, routed)           1.967     3.455    i_clk_IBUF
    BUFGCTRL_X0Y16       BUFG (Prop_bufg_I_O)         0.096     3.551 r  i_clk_IBUF_BUFG_inst/O
                         net (fo=21, routed)          1.636     5.188    i_clk_IBUF_BUFG
    SLICE_X0Y37          FDCE                                         r  r_cnt_reg[16]/C
  -------------------------------------------------------------------    -------------------
    SLICE_X0Y37          FDCE (Prop_fdce_C_Q)         0.456     5.644 r  r_cnt_reg[16]/Q
                         net (fo=2, routed)           0.822     6.466    r_cnt_reg[16]
    SLICE_X1Y36          LUT4 (Prop_lut4_I0_O)        0.124     6.590 f  r_idx[1]_i_4/O
                         net (fo=22, routed)          1.422     8.011    r_idx[1]_i_4_n_0
    SLICE_X0Y33          LUT5 (Prop_lut5_I3_O)        0.124     8.135 r  r_cnt[0]_i_6/O
                         net (fo=1, routed)           0.000     8.135    r_cnt[0]_i_6_n_0
    SLICE_X0Y33          CARRY4 (Prop_carry4_S[0]_CO[3])
                                                      0.532     8.667 r  r_cnt_reg[0]_i_1/CO[3]
                         net (fo=1, routed)           0.000     8.667    r_cnt_reg[0]_i_1_n_0
    SLICE_X0Y34          CARRY4 (Prop_carry4_CI_CO[3])
                                                      0.114     8.781 r  r_cnt_reg[4]_i_1/CO[3]
                         net (fo=1, routed)           0.000     8.781    r_cnt_reg[4]_i_1_n_0
    SLICE_X0Y35          CARRY4 (Prop_carry4_CI_O[2])
                                                      0.239     9.020 r  r_cnt_reg[8]_i_1/O[2]
                         net (fo=1, routed)           0.000     9.020    r_cnt_reg[8]_i_1_n_5
    SLICE_X0Y35          FDCE                                         r  r_cnt_reg[10]/D
  -------------------------------------------------------------------    -------------------

                         (clock sys_clk_pin rise edge)
                                                     10.000    10.000 r  
    E3                                                0.000    10.000 r  i_clk (IN)
                         net (fo=0)                   0.000    10.000    i_clk
    E3                   IBUF (Prop_ibuf_I_O)         1.418    11.418 r  i_clk_IBUF_inst/O
                         net (fo=1, routed)           1.862    13.280    i_clk_IBUF
    BUFGCTRL_X0Y16       BUFG (Prop_bufg_I_O)         0.091    13.371 r  i_clk_IBUF_BUFG_inst/O
                         net (fo=21, routed)          1.517    14.889    i_clk_IBUF_BUFG
    SLICE_X0Y35          FDCE                                         r  r_cnt_reg[10]/C
                         clock pessimism              0.273    15.162    
                         clock uncertainty           -0.035    15.126    
    SLICE_X0Y35          FDCE (Setup_fdce_C_D)        0.062    15.188    r_cnt_reg[10]
  -------------------------------------------------------------------
                         required time                         15.188    
                         arrival time                          -9.020    
  -------------------------------------------------------------------
                         slack                                  6.168    





Min Delay Paths
--------------------------------------------------------------------------------------
Slack (MET) :             0.232ns  (arrival time - required time)
  Source:                 r_idx_reg[1]/C
                            (rising edge-triggered cell FDCE clocked by sys_clk_pin  {rise@0.000ns fall@5.000ns period=10.000ns})
  Destination:            r_idx_reg[1]/D
                            (rising edge-triggered cell FDCE clocked by sys_clk_pin  {rise@0.000ns fall@5.000ns period=10.000ns})
  Path Group:             sys_clk_pin
  Path Type:              Hold (Min at Fast Process Corner)
  Requirement:            0.000ns  (sys_clk_pin rise@0.000ns - sys_clk_pin rise@0.000ns)
  Data Path Delay:        0.324ns  (logic 0.186ns (57.340%)  route 0.138ns (42.660%))
  Logic Levels:           1  (LUT6=1)
  Clock Path Skew:        0.000ns (DCD - SCD - CPR)
    Destination Clock Delay (DCD):    2.022ns
    Source Clock Delay      (SCD):    1.507ns
    Clock Pessimism Removal (CPR):    0.515ns

    Location             Delay type                Incr(ns)  Path(ns)    Netlist Resource(s)
  -------------------------------------------------------------------    -------------------
                         (clock sys_clk_pin rise edge)
                                                      0.000     0.000 r  
    E3                                                0.000     0.000 r  i_clk (IN)
                         net (fo=0)                   0.000     0.000    i_clk
    E3                   IBUF (Prop_ibuf_I_O)         0.257     0.257 r  i_clk_IBUF_inst/O
                         net (fo=1, routed)           0.631     0.888    i_clk_IBUF
    BUFGCTRL_X0Y16       BUFG (Prop_bufg_I_O)         0.026     0.914 r  i_clk_IBUF_BUFG_inst/O
                         net (fo=21, routed)          0.594     1.507    i_clk_IBUF_BUFG
    SLICE_X1Y37          FDCE                                         r  r_idx_reg[1]/C
  -------------------------------------------------------------------    -------------------
    SLICE_X1Y37          FDCE (Prop_fdce_C_Q)         0.141     1.648 r  r_idx_reg[1]/Q
                         net (fo=9, routed)           0.138     1.787    r_idx[1]
    SLICE_X1Y37          LUT6 (Prop_lut6_I5_O)        0.045     1.832 r  r_idx[1]_i_1/O
                         net (fo=1, routed)           0.000     1.832    r_idx[1]_i_1_n_0
    SLICE_X1Y37          FDCE                                         r  r_idx_reg[1]/D
  -------------------------------------------------------------------    -------------------

                         (clock sys_clk_pin rise edge)
                                                      0.000     0.000 r  
    E3                                                0.000     0.000 r  i_clk (IN)
                         net (fo=0)                   0.000     0.000    i_clk
    E3                   IBUF (Prop_ibuf_I_O)         0.445     0.445 r  i_clk_IBUF_inst/O
                         net (fo=1, routed)           0.685     1.129    i_clk_IBUF
    BUFGCTRL_X0Y16       BUFG (Prop_bufg_I_O)         0.029     1.158 r  i_clk_IBUF_BUFG_inst/O
                         net (fo=21, routed)          0.864     2.022    i_clk_IBUF_BUFG
    SLICE_X1Y37          FDCE                                         r  r_idx_reg[1]/C
                         clock pessimism             -0.515     1.507    
    SLICE_X1Y37          FDCE (Hold_fdce_C_D)         0.092     1.599    r_idx_reg[1]
  -------------------------------------------------------------------
                         required time                         -1.599    
                         arrival time                           1.832    
  -------------------------------------------------------------------
                         slack                                  0.232    

Slack (MET) :             0.316ns  (arrival time - required time)
  Source:                 r_cnt_reg[11]/C
                            (rising edge-triggered cell FDCE clocked by sys_clk_pin  {rise@0.000ns fall@5.000ns period=10.000ns})
  Destination:            r_cnt_reg[11]/D
                            (rising edge-triggered cell FDCE clocked by sys_clk_pin  {rise@0.000ns fall@5.000ns period=10.000ns})
  Path Group:             sys_clk_pin
  Path Type:              Hold (Min at Fast Process Corner)
  Requirement:            0.000ns  (sys_clk_pin rise@0.000ns - sys_clk_pin rise@0.000ns)
  Data Path Delay:        0.421ns  (logic 0.249ns (59.140%)  route 0.172ns (40.860%))
  Logic Levels:           2  (CARRY4=1 LUT5=1)
  Clock Path Skew:        0.000ns (DCD - SCD - CPR)
    Destination Clock Delay (DCD):    2.021ns
    Source Clock Delay      (SCD):    1.506ns
    Clock Pessimism Removal (CPR):    0.515ns

    Location             Delay type                Incr(ns)  Path(ns)    Netlist Resource(s)
  -------------------------------------------------------------------    -------------------
                         (clock sys_clk_pin rise edge)
                                                      0.000     0.000 r  
    E3                                                0.000     0.000 r  i_clk (IN)
                         net (fo=0)                   0.000     0.000    i_clk
    E3                   IBUF (Prop_ibuf_I_O)         0.257     0.257 r  i_clk_IBUF_inst/O
                         net (fo=1, routed)           0.631     0.888    i_clk_IBUF
    BUFGCTRL_X0Y16       BUFG (Prop_bufg_I_O)         0.026     0.914 r  i_clk_IBUF_BUFG_inst/O
                         net (fo=21, routed)          0.593     1.506    i_clk_IBUF_BUFG
    SLICE_X0Y35          FDCE                                         r  r_cnt_reg[11]/C
  -------------------------------------------------------------------    -------------------
    SLICE_X0Y35          FDCE (Prop_fdce_C_Q)         0.141     1.647 r  r_cnt_reg[11]/Q
                         net (fo=2, routed)           0.172     1.819    r_cnt_reg[11]
    SLICE_X0Y35          LUT5 (Prop_lut5_I0_O)        0.045     1.864 r  r_cnt[8]_i_2/O
                         net (fo=1, routed)           0.000     1.864    r_cnt[8]_i_2_n_0
    SLICE_X0Y35          CARRY4 (Prop_carry4_S[3]_O[3])
                                                      0.063     1.927 r  r_cnt_reg[8]_i_1/O[3]
                         net (fo=1, routed)           0.000     1.927    r_cnt_reg[8]_i_1_n_4
    SLICE_X0Y35          FDCE                                         r  r_cnt_reg[11]/D
  -------------------------------------------------------------------    -------------------

                         (clock sys_clk_pin rise edge)
                                                      0.000     0.000 r  
    E3                                                0.000     0.000 r  i_clk (IN)
                         net (fo=0)                   0.000     0.000    i_clk
    E3                   IBUF (Prop_ibuf_I_O)         0.445     0.445 r  i_clk_IBUF_inst/O
                         net (fo=1, routed)           0.685     1.129    i_clk_IBUF
    BUFGCTRL_X0Y16       BUFG (Prop_bufg_I_O)         0.029     1.158 r  i_clk_IBUF_BUFG_inst/O
                         net (fo=21, routed)          0.863     2.021    i_clk_IBUF_BUFG
    SLICE_X0Y35          FDCE                                         r  r_cnt_reg[11]/C
                         clock pessimism             -0.515     1.506    
    SLICE_X0Y35          FDCE (Hold_fdce_C_D)         0.105     1.611    r_cnt_reg[11]
  -------------------------------------------------------------------
                         required time                         -1.611    
                         arrival time                           1.927    
  -------------------------------------------------------------------
                         slack                                  0.316    

Slack (MET) :             0.316ns  (arrival time - required time)
  Source:                 r_cnt_reg[15]/C
                            (rising edge-triggered cell FDCE clocked by sys_clk_pin  {rise@0.000ns fall@5.000ns period=10.000ns})
  Destination:            r_cnt_reg[15]/D
                            (rising edge-triggered cell FDCE clocked by sys_clk_pin  {rise@0.000ns fall@5.000ns period=10.000ns})
  Path Group:             sys_clk_pin
  Path Type:              Hold (Min at Fast Process Corner)
  Requirement:            0.000ns  (sys_clk_pin rise@0.000ns - sys_clk_pin rise@0.000ns)
  Data Path Delay:        0.421ns  (logic 0.249ns (59.140%)  route 0.172ns (40.860%))
  Logic Levels:           2  (CARRY4=1 LUT5=1)
  Clock Path Skew:        0.000ns (DCD - SCD - CPR)
    Destination Clock Delay (DCD):    2.021ns
    Source Clock Delay      (SCD):    1.506ns
    Clock Pessimism Removal (CPR):    0.515ns

    Location             Delay type                Incr(ns)  Path(ns)    Netlist Resource(s)
  -------------------------------------------------------------------    -------------------
                         (clock sys_clk_pin rise edge)
                                                      0.000     0.000 r  
    E3                                                0.000     0.000 r  i_clk (IN)
                         net (fo=0)                   0.000     0.000    i_clk
    E3                   IBUF (Prop_ibuf_I_O)         0.257     0.257 r  i_clk_IBUF_inst/O
                         net (fo=1, routed)           0.631     0.888    i_clk_IBUF
    BUFGCTRL_X0Y16       BUFG (Prop_bufg_I_O)         0.026     0.914 r  i_clk_IBUF_BUFG_inst/O
                         net (fo=21, routed)          0.593     1.506    i_clk_IBUF_BUFG
    SLICE_X0Y36          FDCE                                         r  r_cnt_reg[15]/C
  -------------------------------------------------------------------    -------------------
    SLICE_X0Y36          FDCE (Prop_fdce_C_Q)         0.141     1.647 r  r_cnt_reg[15]/Q
                         net (fo=2, routed)           0.172     1.819    r_cnt_reg[15]
    SLICE_X0Y36          LUT5 (Prop_lut5_I0_O)        0.045     1.864 r  r_cnt[12]_i_2/O
                         net (fo=1, routed)           0.000     1.864    r_cnt[12]_i_2_n_0
    SLICE_X0Y36          CARRY4 (Prop_carry4_S[3]_O[3])
                                                      0.063     1.927 r  r_cnt_reg[12]_i_1/O[3]
                         net (fo=1, routed)           0.000     1.927    r_cnt_reg[12]_i_1_n_4
    SLICE_X0Y36          FDCE                                         r  r_cnt_reg[15]/D
  -------------------------------------------------------------------    -------------------

                         (clock sys_clk_pin rise edge)
                                                      0.000     0.000 r  
    E3                                                0.000     0.000 r  i_clk (IN)
                         net (fo=0)                   0.000     0.000    i_clk
    E3                   IBUF (Prop_ibuf_I_O)         0.445     0.445 r  i_clk_IBUF_inst/O
                         net (fo=1, routed)           0.685     1.129    i_clk_IBUF
    BUFGCTRL_X0Y16       BUFG (Prop_bufg_I_O)         0.029     1.158 r  i_clk_IBUF_BUFG_inst/O
                         net (fo=21, routed)          0.863     2.021    i_clk_IBUF_BUFG
    SLICE_X0Y36          FDCE                                         r  r_cnt_reg[15]/C
                         clock pessimism             -0.515     1.506    
    SLICE_X0Y36          FDCE (Hold_fdce_C_D)         0.105     1.611    r_cnt_reg[15]
  -------------------------------------------------------------------
                         required time                         -1.611    
                         arrival time                           1.927    
  -------------------------------------------------------------------
                         slack                                  0.316    

Slack (MET) :             0.316ns  (arrival time - required time)
  Source:                 r_cnt_reg[3]/C
                            (rising edge-triggered cell FDCE clocked by sys_clk_pin  {rise@0.000ns fall@5.000ns period=10.000ns})
  Destination:            r_cnt_reg[3]/D
                            (rising edge-triggered cell FDCE clocked by sys_clk_pin  {rise@0.000ns fall@5.000ns period=10.000ns})
  Path Group:             sys_clk_pin
  Path Type:              Hold (Min at Fast Process Corner)
  Requirement:            0.000ns  (sys_clk_pin rise@0.000ns - sys_clk_pin rise@0.000ns)
  Data Path Delay:        0.421ns  (logic 0.249ns (59.140%)  route 0.172ns (40.860%))
  Logic Levels:           2  (CARRY4=1 LUT5=1)
  Clock Path Skew:        0.000ns (DCD - SCD - CPR)
    Destination Clock Delay (DCD):    2.019ns
    Source Clock Delay      (SCD):    1.505ns
    Clock Pessimism Removal (CPR):    0.514ns

    Location             Delay type                Incr(ns)  Path(ns)    Netlist Resource(s)
  -------------------------------------------------------------------    -------------------
                         (clock sys_clk_pin rise edge)
                                                      0.000     0.000 r  
    E3                                                0.000     0.000 r  i_clk (IN)
                         net (fo=0)                   0.000     0.000    i_clk
    E3                   IBUF (Prop_ibuf_I_O)         0.257     0.257 r  i_clk_IBUF_inst/O
                         net (fo=1, routed)           0.631     0.888    i_clk_IBUF
    BUFGCTRL_X0Y16       BUFG (Prop_bufg_I_O)         0.026     0.914 r  i_clk_IBUF_BUFG_inst/O
                         net (fo=21, routed)          0.592     1.505    i_clk_IBUF_BUFG
    SLICE_X0Y33          FDCE                                         r  r_cnt_reg[3]/C
  -------------------------------------------------------------------    -------------------
    SLICE_X0Y33          FDCE (Prop_fdce_C_Q)         0.141     1.646 r  r_cnt_reg[3]/Q
                         net (fo=2, routed)           0.172     1.818    r_cnt_reg[3]
    SLICE_X0Y33          LUT5 (Prop_lut5_I0_O)        0.045     1.863 r  r_cnt[0]_i_3/O
                         net (fo=1, routed)           0.000     1.863    r_cnt[0]_i_3_n_0
    SLICE_X0Y33          CARRY4 (Prop_carry4_S[3]_O[3])
                                                      0.063     1.926 r  r_cnt_reg[0]_i_1/O[3]
                         net (fo=1, routed)           0.000     1.926    r_cnt_reg[0]_i_1_n_4
    SLICE_X0Y33          FDCE                                         r  r_cnt_reg[3]/D
  -------------------------------------------------------------------    -------------------

                         (clock sys_clk_pin rise edge)
                                                      0.000     0.000 r  
    E3                                                0.000     0.000 r  i_clk (IN)
                         net (fo=0)                   0.000     0.000    i_clk
    E3                   IBUF (Prop_ibuf_I_O)         0.445     0.445 r  i_clk_IBUF_inst/O
                         net (fo=1, routed)           0.685     1.129    i_clk_IBUF
    BUFGCTRL_X0Y16       BUFG (Prop_bufg_I_O)         0.029     1.158 r  i_clk_IBUF_BUFG_inst/O
                         net (fo=21, routed)          0.861     2.019    i_clk_IBUF_BUFG
    SLICE_X0Y33          FDCE                                         r  r_cnt_reg[3]/C
                         clock pessimism             -0.514     1.505    
    SLICE_X0Y33          FDCE (Hold_fdce_C_D)         0.105     1.610    r_cnt_reg[3]
  -------------------------------------------------------------------
                         required time                         -1.610    
                         arrival time                           1.926    
  -------------------------------------------------------------------
                         slack                                  0.316    

Slack (MET) :             0.317ns  (arrival time - required time)
  Source:                 r_cnt_reg[7]/C
                            (rising edge-triggered cell FDCE clocked by sys_clk_pin  {rise@0.000ns fall@5.000ns period=10.000ns})
  Destination:            r_cnt_reg[7]/D
                            (rising edge-triggered cell FDCE clocked by sys_clk_pin  {rise@0.000ns fall@5.000ns period=10.000ns})
  Path Group:             sys_clk_pin
  Path Type:              Hold (Min at Fast Process Corner)
  Requirement:            0.000ns  (sys_clk_pin rise@0.000ns - sys_clk_pin rise@0.000ns)
  Data Path Delay:        0.422ns  (logic 0.249ns (58.987%)  route 0.173ns (41.013%))
  Logic Levels:           2  (CARRY4=1 LUT5=1)
  Clock Path Skew:        0.000ns (DCD - SCD - CPR)
    Destination Clock Delay (DCD):    2.020ns
    Source Clock Delay      (SCD):    1.506ns
    Clock Pessimism Removal (CPR):    0.514ns

    Location             Delay type                Incr(ns)  Path(ns)    Netlist Resource(s)
  -------------------------------------------------------------------    -------------------
                         (clock sys_clk_pin rise edge)
                                                      0.000     0.000 r  
    E3                                                0.000     0.000 r  i_clk (IN)
                         net (fo=0)                   0.000     0.000    i_clk
    E3                   IBUF (Prop_ibuf_I_O)         0.257     0.257 r  i_clk_IBUF_inst/O
                         net (fo=1, routed)           0.631     0.888    i_clk_IBUF
    BUFGCTRL_X0Y16       BUFG (Prop_bufg_I_O)         0.026     0.914 r  i_clk_IBUF_BUFG_inst/O
                         net (fo=21, routed)          0.593     1.506    i_clk_IBUF_BUFG
    SLICE_X0Y34          FDCE                                         r  r_cnt_reg[7]/C
  -------------------------------------------------------------------    -------------------
    SLICE_X0Y34          FDCE (Prop_fdce_C_Q)         0.141     1.647 r  r_cnt_reg[7]/Q
                         net (fo=2, routed)           0.173     1.821    r_cnt_reg[7]
    SLICE_X0Y34          LUT5 (Prop_lut5_I0_O)        0.045     1.866 r  r_cnt[4]_i_2/O
                         net (fo=1, routed)           0.000     1.866    r_cnt[4]_i_2_n_0
    SLICE_X0Y34          CARRY4 (Prop_carry4_S[3]_O[3])
                                                      0.063     1.929 r  r_cnt_reg[4]_i_1/O[3]
                         net (fo=1, routed)           0.000     1.929    r_cnt_reg[4]_i_1_n_4
    SLICE_X0Y34          FDCE                                         r  r_cnt_reg[7]/D
  -------------------------------------------------------------------    -------------------

                         (clock sys_clk_pin rise edge)
                                                      0.000     0.000 r  
    E3                                                0.000     0.000 r  i_clk (IN)
                         net (fo=0)                   0.000     0.000    i_clk
    E3                   IBUF (Prop_ibuf_I_O)         0.445     0.445 r  i_clk_IBUF_inst/O
                         net (fo=1, routed)           0.685     1.129    i_clk_IBUF
    BUFGCTRL_X0Y16       BUFG (Prop_bufg_I_O)         0.029     1.158 r  i_clk_IBUF_BUFG_inst/O
                         net (fo=21, routed)          0.862     2.020    i_clk_IBUF_BUFG
    SLICE_X0Y34          FDCE                                         r  r_cnt_reg[7]/C
                         clock pessimism             -0.514     1.506    
    SLICE_X0Y34          FDCE (Hold_fdce_C_D)         0.105     1.611    r_cnt_reg[7]
  -------------------------------------------------------------------
                         required time                         -1.611    
                         arrival time                           1.929    
  -------------------------------------------------------------------
                         slack                                  0.317    

Slack (MET) :             0.335ns  (arrival time - required time)
  Source:                 r_cnt_reg[0]/C
                            (rising edge-triggered cell FDCE clocked by sys_clk_pin  {rise@0.000ns fall@5.000ns period=10.000ns})
  Destination:            r_cnt_reg[0]/D
                            (rising edge-triggered cell FDCE clocked by sys_clk_pin  {rise@0.000ns fall@5.000ns period=10.000ns})
  Path Group:             sys_clk_pin
  Path Type:              Hold (Min at Fast Process Corner)
  Requirement:            0.000ns  (sys_clk_pin rise@0.000ns - sys_clk_pin rise@0.000ns)
  Data Path Delay:        0.440ns  (logic 0.256ns (58.221%)  route 0.184ns (41.779%))
  Logic Levels:           2  (CARRY4=1 LUT5=1)
  Clock Path Skew:        0.000ns (DCD - SCD - CPR)
    Destination Clock Delay (DCD):    2.019ns
    Source Clock Delay      (SCD):    1.505ns
    Clock Pessimism Removal (CPR):    0.514ns

    Location             Delay type                Incr(ns)  Path(ns)    Netlist Resource(s)
  -------------------------------------------------------------------    -------------------
                         (clock sys_clk_pin rise edge)
                                                      0.000     0.000 r  
    E3                                                0.000     0.000 r  i_clk (IN)
                         net (fo=0)                   0.000     0.000    i_clk
    E3                   IBUF (Prop_ibuf_I_O)         0.257     0.257 r  i_clk_IBUF_inst/O
                         net (fo=1, routed)           0.631     0.888    i_clk_IBUF
    BUFGCTRL_X0Y16       BUFG (Prop_bufg_I_O)         0.026     0.914 r  i_clk_IBUF_BUFG_inst/O
                         net (fo=21, routed)          0.592     1.505    i_clk_IBUF_BUFG
    SLICE_X0Y33          FDCE                                         r  r_cnt_reg[0]/C
  -------------------------------------------------------------------    -------------------
    SLICE_X0Y33          FDCE (Prop_fdce_C_Q)         0.141     1.646 f  r_cnt_reg[0]/Q
                         net (fo=3, routed)           0.184     1.830    r_cnt_reg[0]
    SLICE_X0Y33          LUT5 (Prop_lut5_I0_O)        0.045     1.875 r  r_cnt[0]_i_6/O
                         net (fo=1, routed)           0.000     1.875    r_cnt[0]_i_6_n_0
    SLICE_X0Y33          CARRY4 (Prop_carry4_S[0]_O[0])
                                                      0.070     1.945 r  r_cnt_reg[0]_i_1/O[0]
                         net (fo=1, routed)           0.000     1.945    r_cnt_reg[0]_i_1_n_7
    SLICE_X0Y33          FDCE                                         r  r_cnt_reg[0]/D
  -------------------------------------------------------------------    -------------------

                         (clock sys_clk_pin rise edge)
                                                      0.000     0.000 r  
    E3                                                0.000     0.000 r  i_clk (IN)
                         net (fo=0)                   0.000     0.000    i_clk
    E3                   IBUF (Prop_ibuf_I_O)         0.445     0.445 r  i_clk_IBUF_inst/O
                         net (fo=1, routed)           0.685     1.129    i_clk_IBUF
    BUFGCTRL_X0Y16       BUFG (Prop_bufg_I_O)         0.029     1.158 r  i_clk_IBUF_BUFG_inst/O
                         net (fo=21, routed)          0.861     2.019    i_clk_IBUF_BUFG
    SLICE_X0Y33          FDCE                                         r  r_cnt_reg[0]/C
                         clock pessimism             -0.514     1.505    
    SLICE_X0Y33          FDCE (Hold_fdce_C_D)         0.105     1.610    r_cnt_reg[0]
  -------------------------------------------------------------------
                         required time                         -1.610    
                         arrival time                           1.945    
  -------------------------------------------------------------------
                         slack                                  0.335    

Slack (MET) :             0.336ns  (arrival time - required time)
  Source:                 r_cnt_reg[16]/C
                            (rising edge-triggered cell FDCE clocked by sys_clk_pin  {rise@0.000ns fall@5.000ns period=10.000ns})
  Destination:            r_cnt_reg[16]/D
                            (rising edge-triggered cell FDCE clocked by sys_clk_pin  {rise@0.000ns fall@5.000ns period=10.000ns})
  Path Group:             sys_clk_pin
  Path Type:              Hold (Min at Fast Process Corner)
  Requirement:            0.000ns  (sys_clk_pin rise@0.000ns - sys_clk_pin rise@0.000ns)
  Data Path Delay:        0.441ns  (logic 0.256ns (58.085%)  route 0.185ns (41.915%))
  Logic Levels:           2  (CARRY4=1 LUT5=1)
  Clock Path Skew:        0.000ns (DCD - SCD - CPR)
    Destination Clock Delay (DCD):    2.022ns
    Source Clock Delay      (SCD):    1.507ns
    Clock Pessimism Removal (CPR):    0.515ns

    Location             Delay type                Incr(ns)  Path(ns)    Netlist Resource(s)
  -------------------------------------------------------------------    -------------------
                         (clock sys_clk_pin rise edge)
                                                      0.000     0.000 r  
    E3                                                0.000     0.000 r  i_clk (IN)
                         net (fo=0)                   0.000     0.000    i_clk
    E3                   IBUF (Prop_ibuf_I_O)         0.257     0.257 r  i_clk_IBUF_inst/O
                         net (fo=1, routed)           0.631     0.888    i_clk_IBUF
    BUFGCTRL_X0Y16       BUFG (Prop_bufg_I_O)         0.026     0.914 r  i_clk_IBUF_BUFG_inst/O
                         net (fo=21, routed)          0.594     1.507    i_clk_IBUF_BUFG
    SLICE_X0Y37          FDCE                                         r  r_cnt_reg[16]/C
  -------------------------------------------------------------------    -------------------
    SLICE_X0Y37          FDCE (Prop_fdce_C_Q)         0.141     1.648 r  r_cnt_reg[16]/Q
                         net (fo=2, routed)           0.185     1.833    r_cnt_reg[16]
    SLICE_X0Y37          LUT5 (Prop_lut5_I0_O)        0.045     1.878 r  r_cnt[16]_i_4/O
                         net (fo=1, routed)           0.000     1.878    r_cnt[16]_i_4_n_0
    SLICE_X0Y37          CARRY4 (Prop_carry4_S[0]_O[0])
                                                      0.070     1.948 r  r_cnt_reg[16]_i_1/O[0]
                         net (fo=1, routed)           0.000     1.948    r_cnt_reg[16]_i_1_n_7
    SLICE_X0Y37          FDCE                                         r  r_cnt_reg[16]/D
  -------------------------------------------------------------------    -------------------

                         (clock sys_clk_pin rise edge)
                                                      0.000     0.000 r  
    E3                                                0.000     0.000 r  i_clk (IN)
                         net (fo=0)                   0.000     0.000    i_clk
    E3                   IBUF (Prop_ibuf_I_O)         0.445     0.445 r  i_clk_IBUF_inst/O
                         net (fo=1, routed)           0.685     1.129    i_clk_IBUF
    BUFGCTRL_X0Y16       BUFG (Prop_bufg_I_O)         0.029     1.158 r  i_clk_IBUF_BUFG_inst/O
                         net (fo=21, routed)          0.864     2.022    i_clk_IBUF_BUFG
    SLICE_X0Y37          FDCE                                         r  r_cnt_reg[16]/C
                         clock pessimism             -0.515     1.507    
    SLICE_X0Y37          FDCE (Hold_fdce_C_D)         0.105     1.612    r_cnt_reg[16]
  -------------------------------------------------------------------
                         required time                         -1.612    
                         arrival time                           1.948    
  -------------------------------------------------------------------
                         slack                                  0.336    

Slack (MET) :             0.336ns  (arrival time - required time)
  Source:                 r_cnt_reg[4]/C
                            (rising edge-triggered cell FDCE clocked by sys_clk_pin  {rise@0.000ns fall@5.000ns period=10.000ns})
  Destination:            r_cnt_reg[4]/D
                            (rising edge-triggered cell FDCE clocked by sys_clk_pin  {rise@0.000ns fall@5.000ns period=10.000ns})
  Path Group:             sys_clk_pin
  Path Type:              Hold (Min at Fast Process Corner)
  Requirement:            0.000ns  (sys_clk_pin rise@0.000ns - sys_clk_pin rise@0.000ns)
  Data Path Delay:        0.441ns  (logic 0.256ns (58.085%)  route 0.185ns (41.915%))
  Logic Levels:           2  (CARRY4=1 LUT5=1)
  Clock Path Skew:        0.000ns (DCD - SCD - CPR)
    Destination Clock Delay (DCD):    2.020ns
    Source Clock Delay      (SCD):    1.506ns
    Clock Pessimism Removal (CPR):    0.514ns

    Location             Delay type                Incr(ns)  Path(ns)    Netlist Resource(s)
  -------------------------------------------------------------------    -------------------
                         (clock sys_clk_pin rise edge)
                                                      0.000     0.000 r  
    E3                                                0.000     0.000 r  i_clk (IN)
                         net (fo=0)                   0.000     0.000    i_clk
    E3                   IBUF (Prop_ibuf_I_O)         0.257     0.257 r  i_clk_IBUF_inst/O
                         net (fo=1, routed)           0.631     0.888    i_clk_IBUF
    BUFGCTRL_X0Y16       BUFG (Prop_bufg_I_O)         0.026     0.914 r  i_clk_IBUF_BUFG_inst/O
                         net (fo=21, routed)          0.593     1.506    i_clk_IBUF_BUFG
    SLICE_X0Y34          FDCE                                         r  r_cnt_reg[4]/C
  -------------------------------------------------------------------    -------------------
    SLICE_X0Y34          FDCE (Prop_fdce_C_Q)         0.141     1.647 r  r_cnt_reg[4]/Q
                         net (fo=2, routed)           0.185     1.832    r_cnt_reg[4]
    SLICE_X0Y34          LUT5 (Prop_lut5_I0_O)        0.045     1.877 r  r_cnt[4]_i_5/O
                         net (fo=1, routed)           0.000     1.877    r_cnt[4]_i_5_n_0
    SLICE_X0Y34          CARRY4 (Prop_carry4_S[0]_O[0])
                                                      0.070     1.947 r  r_cnt_reg[4]_i_1/O[0]
                         net (fo=1, routed)           0.000     1.947    r_cnt_reg[4]_i_1_n_7
    SLICE_X0Y34          FDCE                                         r  r_cnt_reg[4]/D
  -------------------------------------------------------------------    -------------------

                         (clock sys_clk_pin rise edge)
                                                      0.000     0.000 r  
    E3                                                0.000     0.000 r  i_clk (IN)
                         net (fo=0)                   0.000     0.000    i_clk
    E3                   IBUF (Prop_ibuf_I_O)         0.445     0.445 r  i_clk_IBUF_inst/O
                         net (fo=1, routed)           0.685     1.129    i_clk_IBUF
    BUFGCTRL_X0Y16       BUFG (Prop_bufg_I_O)         0.029     1.158 r  i_clk_IBUF_BUFG_inst/O
                         net (fo=21, routed)          0.862     2.020    i_clk_IBUF_BUFG
    SLICE_X0Y34          FDCE                                         r  r_cnt_reg[4]/C
                         clock pessimism             -0.514     1.506    
    SLICE_X0Y34          FDCE (Hold_fdce_C_D)         0.105     1.611    r_cnt_reg[4]
  -------------------------------------------------------------------
                         required time                         -1.611    
                         arrival time                           1.947    
  -------------------------------------------------------------------
                         slack                                  0.336    

Slack (MET) :             0.336ns  (arrival time - required time)
  Source:                 r_cnt_reg[12]/C
                            (rising edge-triggered cell FDCE clocked by sys_clk_pin  {rise@0.000ns fall@5.000ns period=10.000ns})
  Destination:            r_cnt_reg[12]/D
                            (rising edge-triggered cell FDCE clocked by sys_clk_pin  {rise@0.000ns fall@5.000ns period=10.000ns})
  Path Group:             sys_clk_pin
  Path Type:              Hold (Min at Fast Process Corner)
  Requirement:            0.000ns  (sys_clk_pin rise@0.000ns - sys_clk_pin rise@0.000ns)
  Data Path Delay:        0.441ns  (logic 0.256ns (58.085%)  route 0.185ns (41.915%))
  Logic Levels:           2  (CARRY4=1 LUT5=1)
  Clock Path Skew:        0.000ns (DCD - SCD - CPR)
    Destination Clock Delay (DCD):    2.021ns
    Source Clock Delay      (SCD):    1.506ns
    Clock Pessimism Removal (CPR):    0.515ns

    Location             Delay type                Incr(ns)  Path(ns)    Netlist Resource(s)
  -------------------------------------------------------------------    -------------------
                         (clock sys_clk_pin rise edge)
                                                      0.000     0.000 r  
    E3                                                0.000     0.000 r  i_clk (IN)
                         net (fo=0)                   0.000     0.000    i_clk
    E3                   IBUF (Prop_ibuf_I_O)         0.257     0.257 r  i_clk_IBUF_inst/O
                         net (fo=1, routed)           0.631     0.888    i_clk_IBUF
    BUFGCTRL_X0Y16       BUFG (Prop_bufg_I_O)         0.026     0.914 r  i_clk_IBUF_BUFG_inst/O
                         net (fo=21, routed)          0.593     1.506    i_clk_IBUF_BUFG
    SLICE_X0Y36          FDCE                                         r  r_cnt_reg[12]/C
  -------------------------------------------------------------------    -------------------
    SLICE_X0Y36          FDCE (Prop_fdce_C_Q)         0.141     1.647 r  r_cnt_reg[12]/Q
                         net (fo=2, routed)           0.185     1.832    r_cnt_reg[12]
    SLICE_X0Y36          LUT5 (Prop_lut5_I0_O)        0.045     1.877 r  r_cnt[12]_i_5/O
                         net (fo=1, routed)           0.000     1.877    r_cnt[12]_i_5_n_0
    SLICE_X0Y36          CARRY4 (Prop_carry4_S[0]_O[0])
                                                      0.070     1.947 r  r_cnt_reg[12]_i_1/O[0]
                         net (fo=1, routed)           0.000     1.947    r_cnt_reg[12]_i_1_n_7
    SLICE_X0Y36          FDCE                                         r  r_cnt_reg[12]/D
  -------------------------------------------------------------------    -------------------

                         (clock sys_clk_pin rise edge)
                                                      0.000     0.000 r  
    E3                                                0.000     0.000 r  i_clk (IN)
                         net (fo=0)                   0.000     0.000    i_clk
    E3                   IBUF (Prop_ibuf_I_O)         0.445     0.445 r  i_clk_IBUF_inst/O
                         net (fo=1, routed)           0.685     1.129    i_clk_IBUF
    BUFGCTRL_X0Y16       BUFG (Prop_bufg_I_O)         0.029     1.158 r  i_clk_IBUF_BUFG_inst/O
                         net (fo=21, routed)          0.863     2.021    i_clk_IBUF_BUFG
    SLICE_X0Y36          FDCE                                         r  r_cnt_reg[12]/C
                         clock pessimism             -0.515     1.506    
    SLICE_X0Y36          FDCE (Hold_fdce_C_D)         0.105     1.611    r_cnt_reg[12]
  -------------------------------------------------------------------
                         required time                         -1.611    
                         arrival time                           1.947    
  -------------------------------------------------------------------
                         slack                                  0.336    

Slack (MET) :             0.336ns  (arrival time - required time)
  Source:                 r_cnt_reg[8]/C
                            (rising edge-triggered cell FDCE clocked by sys_clk_pin  {rise@0.000ns fall@5.000ns period=10.000ns})
  Destination:            r_cnt_reg[8]/D
                            (rising edge-triggered cell FDCE clocked by sys_clk_pin  {rise@0.000ns fall@5.000ns period=10.000ns})
  Path Group:             sys_clk_pin
  Path Type:              Hold (Min at Fast Process Corner)
  Requirement:            0.000ns  (sys_clk_pin rise@0.000ns - sys_clk_pin rise@0.000ns)
  Data Path Delay:        0.441ns  (logic 0.256ns (58.077%)  route 0.185ns (41.923%))
  Logic Levels:           2  (CARRY4=1 LUT5=1)
  Clock Path Skew:        0.000ns (DCD - SCD - CPR)
    Destination Clock Delay (DCD):    2.021ns
    Source Clock Delay      (SCD):    1.506ns
    Clock Pessimism Removal (CPR):    0.515ns

    Location             Delay type                Incr(ns)  Path(ns)    Netlist Resource(s)
  -------------------------------------------------------------------    -------------------
                         (clock sys_clk_pin rise edge)
                                                      0.000     0.000 r  
    E3                                                0.000     0.000 r  i_clk (IN)
                         net (fo=0)                   0.000     0.000    i_clk
    E3                   IBUF (Prop_ibuf_I_O)         0.257     0.257 r  i_clk_IBUF_inst/O
                         net (fo=1, routed)           0.631     0.888    i_clk_IBUF
    BUFGCTRL_X0Y16       BUFG (Prop_bufg_I_O)         0.026     0.914 r  i_clk_IBUF_BUFG_inst/O
                         net (fo=21, routed)          0.593     1.506    i_clk_IBUF_BUFG
    SLICE_X0Y35          FDCE                                         r  r_cnt_reg[8]/C
  -------------------------------------------------------------------    -------------------
    SLICE_X0Y35          FDCE (Prop_fdce_C_Q)         0.141     1.647 r  r_cnt_reg[8]/Q
                         net (fo=2, routed)           0.185     1.832    r_cnt_reg[8]
    SLICE_X0Y35          LUT5 (Prop_lut5_I0_O)        0.045     1.877 r  r_cnt[8]_i_5/O
                         net (fo=1, routed)           0.000     1.877    r_cnt[8]_i_5_n_0
    SLICE_X0Y35          CARRY4 (Prop_carry4_S[0]_O[0])
                                                      0.070     1.947 r  r_cnt_reg[8]_i_1/O[0]
                         net (fo=1, routed)           0.000     1.947    r_cnt_reg[8]_i_1_n_7
    SLICE_X0Y35          FDCE                                         r  r_cnt_reg[8]/D
  -------------------------------------------------------------------    -------------------

                         (clock sys_clk_pin rise edge)
                                                      0.000     0.000 r  
    E3                                                0.000     0.000 r  i_clk (IN)
                         net (fo=0)                   0.000     0.000    i_clk
    E3                   IBUF (Prop_ibuf_I_O)         0.445     0.445 r  i_clk_IBUF_inst/O
                         net (fo=1, routed)           0.685     1.129    i_clk_IBUF
    BUFGCTRL_X0Y16       BUFG (Prop_bufg_I_O)         0.029     1.158 r  i_clk_IBUF_BUFG_inst/O
                         net (fo=21, routed)          0.863     2.021    i_clk_IBUF_BUFG
    SLICE_X0Y35          FDCE                                         r  r_cnt_reg[8]/C
                         clock pessimism             -0.515     1.506    
    SLICE_X0Y35          FDCE (Hold_fdce_C_D)         0.105     1.611    r_cnt_reg[8]
  -------------------------------------------------------------------
                         required time                         -1.611    
                         arrival time                           1.947    
  -------------------------------------------------------------------
                         slack                                  0.336    





Pulse Width Checks
--------------------------------------------------------------------------------------
Clock Name:         sys_clk_pin
Waveform(ns):       { 0.000 5.000 }
Period(ns):         10.000
Sources:            { i_clk }

Check Type        Corner  Lib Pin  Reference Pin  Required(ns)  Actual(ns)  Slack(ns)  Location        Pin
Min Period        n/a     BUFG/I   n/a            2.155         10.000      7.845      BUFGCTRL_X0Y16  i_clk_IBUF_BUFG_inst/I
Min Period        n/a     FDCE/C   n/a            1.000         10.000      9.000      SLICE_X0Y33     r_cnt_reg[0]/C
Min Period        n/a     FDCE/C   n/a            1.000         10.000      9.000      SLICE_X0Y35     r_cnt_reg[10]/C
Min Period        n/a     FDCE/C   n/a            1.000         10.000      9.000      SLICE_X0Y35     r_cnt_reg[11]/C
Min Period        n/a     FDCE/C   n/a            1.000         10.000      9.000      SLICE_X0Y36     r_cnt_reg[12]/C
Min Period        n/a     FDCE/C   n/a            1.000         10.000      9.000      SLICE_X0Y36     r_cnt_reg[13]/C
Min Period        n/a     FDCE/C   n/a            1.000         10.000      9.000      SLICE_X0Y36     r_cnt_reg[14]/C
Min Period        n/a     FDCE/C   n/a            1.000         10.000      9.000      SLICE_X0Y36     r_cnt_reg[15]/C
Min Period        n/a     FDCE/C   n/a            1.000         10.000      9.000      SLICE_X0Y37     r_cnt_reg[16]/C
Min Period        n/a     FDCE/C   n/a            1.000         10.000      9.000      SLICE_X0Y37     r_cnt_reg[17]/C
Low Pulse Width   Slow    FDCE/C   n/a            0.500         5.000       4.500      SLICE_X0Y33     r_cnt_reg[0]/C
Low Pulse Width   Fast    FDCE/C   n/a            0.500         5.000       4.500      SLICE_X0Y33     r_cnt_reg[0]/C
Low Pulse Width   Slow    FDCE/C   n/a            0.500         5.000       4.500      SLICE_X0Y35     r_cnt_reg[10]/C
Low Pulse Width   Fast    FDCE/C   n/a            0.500         5.000       4.500      SLICE_X0Y35     r_cnt_reg[10]/C
Low Pulse Width   Slow    FDCE/C   n/a            0.500         5.000       4.500      SLICE_X0Y35     r_cnt_reg[11]/C
Low Pulse Width   Fast    FDCE/C   n/a            0.500         5.000       4.500      SLICE_X0Y35     r_cnt_reg[11]/C
Low Pulse Width   Slow    FDCE/C   n/a            0.500         5.000       4.500      SLICE_X0Y36     r_cnt_reg[12]/C
Low Pulse Width   Fast    FDCE/C   n/a            0.500         5.000       4.500      SLICE_X0Y36     r_cnt_reg[12]/C
Low Pulse Width   Slow    FDCE/C   n/a            0.500         5.000       4.500      SLICE_X0Y36     r_cnt_reg[13]/C
Low Pulse Width   Fast    FDCE/C   n/a            0.500         5.000       4.500      SLICE_X0Y36     r_cnt_reg[13]/C
High Pulse Width  Slow    FDCE/C   n/a            0.500         5.000       4.500      SLICE_X0Y33     r_cnt_reg[0]/C
High Pulse Width  Fast    FDCE/C   n/a            0.500         5.000       4.500      SLICE_X0Y33     r_cnt_reg[0]/C
High Pulse Width  Slow    FDCE/C   n/a            0.500         5.000       4.500      SLICE_X0Y35     r_cnt_reg[10]/C
High Pulse Width  Fast    FDCE/C   n/a            0.500         5.000       4.500      SLICE_X0Y35     r_cnt_reg[10]/C
High Pulse Width  Slow    FDCE/C   n/a            0.500         5.000       4.500      SLICE_X0Y35     r_cnt_reg[11]/C
High Pulse Width  Fast    FDCE/C   n/a            0.500         5.000       4.500      SLICE_X0Y35     r_cnt_reg[11]/C
High Pulse Width  Slow    FDCE/C   n/a            0.500         5.000       4.500      SLICE_X0Y36     r_cnt_reg[12]/C
High Pulse Width  Fast    FDCE/C   n/a            0.500         5.000       4.500      SLICE_X0Y36     r_cnt_reg[12]/C
High Pulse Width  Slow    FDCE/C   n/a            0.500         5.000       4.500      SLICE_X0Y36     r_cnt_reg[13]/C
High Pulse Width  Fast    FDCE/C   n/a            0.500         5.000       4.500      SLICE_X0Y36     r_cnt_reg[13]/C



--------------------------------------------------------------------------------------
Path Group:  (none)
From Clock:  
  To Clock:  

Max Delay            11 Endpoints
Min Delay            11 Endpoints
--------------------------------------------------------------------------------------


Max Delay Paths
--------------------------------------------------------------------------------------
Slack:                    inf
  Source:                 i_sw[12]
                            (input port)
  Destination:            o_ca[0]
                            (output port)
  Path Group:             (none)
  Path Type:              Max at Slow Process Corner
  Data Path Delay:        12.860ns  (logic 5.485ns (42.651%)  route 7.375ns (57.349%))
  Logic Levels:           4  (IBUF=1 LUT5=1 LUT6=1 OBUF=1)

    Location             Delay type                Incr(ns)  Path(ns)    Netlist Resource(s)
  -------------------------------------------------------------------    -------------------
    H6                                                0.000     0.000 r  i_sw[12] (IN)
                         net (fo=0)                   0.000     0.000    i_sw[12]
    H6                   IBUF (Prop_ibuf_I_O)         1.467     1.467 r  i_sw_IBUF[12]_inst/O
                         net (fo=1, routed)           3.618     5.085    i_sw_IBUF[12]
    SLICE_X1Y36          LUT6 (Prop_lut6_I2_O)        0.124     5.209 r  o_ca_OBUF[6]_inst_i_4/O
                         net (fo=7, routed)           0.965     6.174    o_ca_OBUF[6]_inst_i_4_n_0
    SLICE_X1Y34          LUT5 (Prop_lut5_I3_O)        0.152     6.326 r  o_ca_OBUF[0]_inst_i_1/O
                         net (fo=1, routed)           2.792     9.118    o_ca_OBUF[0]
    T10                  OBUF (Prop_obuf_I_O)         3.741    12.860 r  o_ca_OBUF[0]_inst/O
                         net (fo=0)                   0.000    12.860    o_ca[0]
    T10                                                               r  o_ca[0] (OUT)
  -------------------------------------------------------------------    -------------------

Slack:                    inf
  Source:                 i_sw[12]
                            (input port)
  Destination:            o_ca[1]
                            (output port)
  Path Group:             (none)
  Path Type:              Max at Slow Process Corner
  Data Path Delay:        12.753ns  (logic 5.251ns (41.174%)  route 7.502ns (58.826%))
  Logic Levels:           4  (IBUF=1 LUT5=1 LUT6=1 OBUF=1)

    Location             Delay type                Incr(ns)  Path(ns)    Netlist Resource(s)
  -------------------------------------------------------------------    -------------------
    H6                                                0.000     0.000 r  i_sw[12] (IN)
                         net (fo=0)                   0.000     0.000    i_sw[12]
    H6                   IBUF (Prop_ibuf_I_O)         1.467     1.467 r  i_sw_IBUF[12]_inst/O
                         net (fo=1, routed)           3.618     5.085    i_sw_IBUF[12]
    SLICE_X1Y36          LUT6 (Prop_lut6_I2_O)        0.124     5.209 r  o_ca_OBUF[6]_inst_i_4/O
                         net (fo=7, routed)           0.965     6.174    o_ca_OBUF[6]_inst_i_4_n_0
    SLICE_X1Y34          LUT5 (Prop_lut5_I4_O)        0.124     6.298 r  o_ca_OBUF[1]_inst_i_1/O
                         net (fo=1, routed)           2.919     9.217    o_ca_OBUF[1]
    R10                  OBUF (Prop_obuf_I_O)         3.536    12.753 r  o_ca_OBUF[1]_inst/O
                         net (fo=0)                   0.000    12.753    o_ca[1]
    R10                                                               r  o_ca[1] (OUT)
  -------------------------------------------------------------------    -------------------

Slack:                    inf
  Source:                 i_sw[12]
                            (input port)
  Destination:            o_ca[5]
                            (output port)
  Path Group:             (none)
  Path Type:              Max at Slow Process Corner
  Data Path Delay:        12.436ns  (logic 5.488ns (44.130%)  route 6.948ns (55.870%))
  Logic Levels:           4  (IBUF=1 LUT5=1 LUT6=1 OBUF=1)

    Location             Delay type                Incr(ns)  Path(ns)    Netlist Resource(s)
  -------------------------------------------------------------------    -------------------
    H6                                                0.000     0.000 r  i_sw[12] (IN)
                         net (fo=0)                   0.000     0.000    i_sw[12]
    H6                   IBUF (Prop_ibuf_I_O)         1.467     1.467 r  i_sw_IBUF[12]_inst/O
                         net (fo=1, routed)           3.618     5.085    i_sw_IBUF[12]
    SLICE_X1Y36          LUT6 (Prop_lut6_I2_O)        0.124     5.209 r  o_ca_OBUF[6]_inst_i_4/O
                         net (fo=7, routed)           0.964     6.173    o_ca_OBUF[6]_inst_i_4_n_0
    SLICE_X1Y34          LUT5 (Prop_lut5_I4_O)        0.152     6.325 r  o_ca_OBUF[5]_inst_i_1/O
                         net (fo=1, routed)           2.366     8.691    o_ca_OBUF[5]
    T11                  OBUF (Prop_obuf_I_O)         3.744    12.436 r  o_ca_OBUF[5]_inst/O
                         net (fo=0)                   0.000    12.436    o_ca[5]
    T11                                                               r  o_ca[5] (OUT)
  -------------------------------------------------------------------    -------------------

Slack:                    inf
  Source:                 i_sw[12]
                            (input port)
  Destination:            o_ca[3]
                            (output port)
  Path Group:             (none)
  Path Type:              Max at Slow Process Corner
  Data Path Delay:        12.429ns  (logic 5.479ns (44.082%)  route 6.950ns (55.918%))
  Logic Levels:           4  (IBUF=1 LUT5=1 LUT6=1 OBUF=1)

    Location             Delay type                Incr(ns)  Path(ns)    Netlist Resource(s)
  -------------------------------------------------------------------    -------------------
    H6                                                0.000     0.000 r  i_sw[12] (IN)
                         net (fo=0)                   0.000     0.000    i_sw[12]
    H6                   IBUF (Prop_ibuf_I_O)         1.467     1.467 r  i_sw_IBUF[12]_inst/O
                         net (fo=1, routed)           3.618     5.085    i_sw_IBUF[12]
    SLICE_X1Y36          LUT6 (Prop_lut6_I2_O)        0.124     5.209 r  o_ca_OBUF[6]_inst_i_4/O
                         net (fo=7, routed)           0.652     5.861    o_ca_OBUF[6]_inst_i_4_n_0
    SLICE_X1Y35          LUT5 (Prop_lut5_I3_O)        0.150     6.011 r  o_ca_OBUF[3]_inst_i_1/O
                         net (fo=1, routed)           2.680     8.692    o_ca_OBUF[3]
    K13                  OBUF (Prop_obuf_I_O)         3.738    12.429 r  o_ca_OBUF[3]_inst/O
                         net (fo=0)                   0.000    12.429    o_ca[3]
    K13                                                               r  o_ca[3] (OUT)
  -------------------------------------------------------------------    -------------------

Slack:                    inf
  Source:                 i_sw[12]
                            (input port)
  Destination:            o_ca[4]
                            (output port)
  Path Group:             (none)
  Path Type:              Max at Slow Process Corner
  Data Path Delay:        11.919ns  (logic 5.233ns (43.906%)  route 6.686ns (56.094%))
  Logic Levels:           4  (IBUF=1 LUT5=1 LUT6=1 OBUF=1)

    Location             Delay type                Incr(ns)  Path(ns)    Netlist Resource(s)
  -------------------------------------------------------------------    -------------------
    H6                                                0.000     0.000 r  i_sw[12] (IN)
                         net (fo=0)                   0.000     0.000    i_sw[12]
    H6                   IBUF (Prop_ibuf_I_O)         1.467     1.467 r  i_sw_IBUF[12]_inst/O
                         net (fo=1, routed)           3.618     5.085    i_sw_IBUF[12]
    SLICE_X1Y36          LUT6 (Prop_lut6_I2_O)        0.124     5.209 r  o_ca_OBUF[6]_inst_i_4/O
                         net (fo=7, routed)           0.964     6.173    o_ca_OBUF[6]_inst_i_4_n_0
    SLICE_X1Y34          LUT5 (Prop_lut5_I4_O)        0.124     6.297 r  o_ca_OBUF[4]_inst_i_1/O
                         net (fo=1, routed)           2.104     8.401    o_ca_OBUF[4]
    P15                  OBUF (Prop_obuf_I_O)         3.518    11.919 r  o_ca_OBUF[4]_inst/O
                         net (fo=0)                   0.000    11.919    o_ca[4]
    P15                                                               r  o_ca[4] (OUT)
  -------------------------------------------------------------------    -------------------

Slack:                    inf
  Source:                 i_sw[12]
                            (input port)
  Destination:            o_ca[2]
                            (output port)
  Path Group:             (none)
  Path Type:              Max at Slow Process Corner
  Data Path Delay:        11.596ns  (logic 5.221ns (45.022%)  route 6.376ns (54.978%))
  Logic Levels:           4  (IBUF=1 LUT5=1 LUT6=1 OBUF=1)

    Location             Delay type                Incr(ns)  Path(ns)    Netlist Resource(s)
  -------------------------------------------------------------------    -------------------
    H6                                                0.000     0.000 f  i_sw[12] (IN)
                         net (fo=0)                   0.000     0.000    i_sw[12]
    H6                   IBUF (Prop_ibuf_I_O)         1.467     1.467 f  i_sw_IBUF[12]_inst/O
                         net (fo=1, routed)           3.618     5.085    i_sw_IBUF[12]
    SLICE_X1Y36          LUT6 (Prop_lut6_I2_O)        0.124     5.209 f  o_ca_OBUF[6]_inst_i_4/O
                         net (fo=7, routed)           0.652     5.861    o_ca_OBUF[6]_inst_i_4_n_0
    SLICE_X1Y35          LUT5 (Prop_lut5_I2_O)        0.124     5.985 r  o_ca_OBUF[2]_inst_i_1/O
                         net (fo=1, routed)           2.106     8.091    o_ca_OBUF[2]
    K16                  OBUF (Prop_obuf_I_O)         3.506    11.596 r  o_ca_OBUF[2]_inst/O
                         net (fo=0)                   0.000    11.596    o_ca[2]
    K16                                                               r  o_ca[2] (OUT)
  -------------------------------------------------------------------    -------------------

Slack:                    inf
  Source:                 i_rst_n
                            (input port)
  Destination:            o_an[2]
                            (output port)
  Path Group:             (none)
  Path Type:              Max at Slow Process Corner
  Data Path Delay:        11.487ns  (logic 5.404ns (47.044%)  route 6.083ns (52.956%))
  Logic Levels:           3  (IBUF=1 LUT3=1 OBUF=1)

    Location             Delay type                Incr(ns)  Path(ns)    Netlist Resource(s)
  -------------------------------------------------------------------    -------------------
    C12                                               0.000     0.000 r  i_rst_n (IN)
                         net (fo=0)                   0.000     0.000    i_rst_n
    C12                  IBUF (Prop_ibuf_I_O)         1.506     1.506 r  i_rst_n_IBUF_inst/O
                         net (fo=12, routed)          3.158     4.663    i_rst_n_IBUF
    SLICE_X1Y37          LUT3 (Prop_lut3_I0_O)        0.150     4.813 r  o_an_OBUF[2]_inst_i_1/O
                         net (fo=1, routed)           2.925     7.739    o_an_OBUF[2]
    T9                   OBUF (Prop_obuf_I_O)         3.748    11.487 r  o_an_OBUF[2]_inst/O
                         net (fo=0)                   0.000    11.487    o_an[2]
    T9                                                                r  o_an[2] (OUT)
  -------------------------------------------------------------------    -------------------

Slack:                    inf
  Source:                 i_sw[12]
                            (input port)
  Destination:            o_ca[6]
                            (output port)
  Path Group:             (none)
  Path Type:              Max at Slow Process Corner
  Data Path Delay:        11.407ns  (logic 5.254ns (46.058%)  route 6.153ns (53.942%))
  Logic Levels:           4  (IBUF=1 LUT5=1 LUT6=1 OBUF=1)

    Location             Delay type                Incr(ns)  Path(ns)    Netlist Resource(s)
  -------------------------------------------------------------------    -------------------
    H6                                                0.000     0.000 r  i_sw[12] (IN)
                         net (fo=0)                   0.000     0.000    i_sw[12]
    H6                   IBUF (Prop_ibuf_I_O)         1.467     1.467 r  i_sw_IBUF[12]_inst/O
                         net (fo=1, routed)           3.618     5.085    i_sw_IBUF[12]
    SLICE_X1Y36          LUT6 (Prop_lut6_I2_O)        0.124     5.209 r  o_ca_OBUF[6]_inst_i_4/O
                         net (fo=7, routed)           0.657     5.866    o_ca_OBUF[6]_inst_i_4_n_0
    SLICE_X1Y35          LUT5 (Prop_lut5_I2_O)        0.124     5.990 r  o_ca_OBUF[6]_inst_i_1/O
                         net (fo=1, routed)           1.878     7.868    o_ca_OBUF[6]
    L18                  OBUF (Prop_obuf_I_O)         3.538    11.407 r  o_ca_OBUF[6]_inst/O
                         net (fo=0)                   0.000    11.407    o_ca[6]
    L18                                                               r  o_ca[6] (OUT)
  -------------------------------------------------------------------    -------------------

Slack:                    inf
  Source:                 i_rst_n
                            (input port)
  Destination:            o_an[0]
                            (output port)
  Path Group:             (none)
  Path Type:              Max at Slow Process Corner
  Data Path Delay:        10.838ns  (logic 5.412ns (49.941%)  route 5.425ns (50.059%))
  Logic Levels:           3  (IBUF=1 LUT3=1 OBUF=1)

    Location             Delay type                Incr(ns)  Path(ns)    Netlist Resource(s)
  -------------------------------------------------------------------    -------------------
    C12                                               0.000     0.000 r  i_rst_n (IN)
                         net (fo=0)                   0.000     0.000    i_rst_n
    C12                  IBUF (Prop_ibuf_I_O)         1.506     1.506 r  i_rst_n_IBUF_inst/O
                         net (fo=12, routed)          3.163     4.668    i_rst_n_IBUF
    SLICE_X1Y37          LUT3 (Prop_lut3_I0_O)        0.152     4.820 r  o_an_OBUF[0]_inst_i_1/O
                         net (fo=1, routed)           2.263     7.083    o_an_OBUF[0]
    J17                  OBUF (Prop_obuf_I_O)         3.755    10.838 r  o_an_OBUF[0]_inst/O
                         net (fo=0)                   0.000    10.838    o_an[0]
    J17                                                               r  o_an[0] (OUT)
  -------------------------------------------------------------------    -------------------

Slack:                    inf
  Source:                 i_rst_n
                            (input port)
  Destination:            o_an[3]
                            (output port)
  Path Group:             (none)
  Path Type:              Max at Slow Process Corner
  Data Path Delay:        10.803ns  (logic 5.176ns (47.911%)  route 5.627ns (52.089%))
  Logic Levels:           3  (IBUF=1 LUT3=1 OBUF=1)

    Location             Delay type                Incr(ns)  Path(ns)    Netlist Resource(s)
  -------------------------------------------------------------------    -------------------
    C12                                               0.000     0.000 r  i_rst_n (IN)
                         net (fo=0)                   0.000     0.000    i_rst_n
    C12                  IBUF (Prop_ibuf_I_O)         1.506     1.506 r  i_rst_n_IBUF_inst/O
                         net (fo=12, routed)          3.163     4.668    i_rst_n_IBUF
    SLICE_X1Y37          LUT3 (Prop_lut3_I0_O)        0.124     4.792 r  o_an_OBUF[3]_inst_i_1/O
                         net (fo=1, routed)           2.464     7.257    o_an_OBUF[3]
    J14                  OBUF (Prop_obuf_I_O)         3.546    10.803 r  o_an_OBUF[3]_inst/O
                         net (fo=0)                   0.000    10.803    o_an[3]
    J14                                                               r  o_an[3] (OUT)
  -------------------------------------------------------------------    -------------------





Min Delay Paths
--------------------------------------------------------------------------------------
Slack:                    inf
  Source:                 i_sw[2]
                            (input port)
  Destination:            o_ca[6]
                            (output port)
  Path Group:             (none)
  Path Type:              Min at Fast Process Corner
  Data Path Delay:        2.613ns  (logic 1.567ns (59.977%)  route 1.046ns (40.023%))
  Logic Levels:           4  (IBUF=1 LUT5=1 LUT6=1 OBUF=1)

    Location             Delay type                Incr(ns)  Path(ns)    Netlist Resource(s)
  -------------------------------------------------------------------    -------------------
    M13                                               0.000     0.000 r  i_sw[2] (IN)
                         net (fo=0)                   0.000     0.000    i_sw[2]
    M13                  IBUF (Prop_ibuf_I_O)         0.238     0.238 r  i_sw_IBUF[2]_inst/O
                         net (fo=1, routed)           0.433     0.671    i_sw_IBUF[2]
    SLICE_X1Y34          LUT6 (Prop_lut6_I1_O)        0.045     0.716 r  o_ca_OBUF[6]_inst_i_3/O
                         net (fo=7, routed)           0.198     0.915    o_ca_OBUF[6]_inst_i_3_n_0
    SLICE_X1Y35          LUT5 (Prop_lut5_I1_O)        0.045     0.960 r  o_ca_OBUF[6]_inst_i_1/O
                         net (fo=1, routed)           0.414     1.374    o_ca_OBUF[6]
    L18                  OBUF (Prop_obuf_I_O)         1.239     2.613 r  o_ca_OBUF[6]_inst/O
                         net (fo=0)                   0.000     2.613    o_ca[6]
    L18                                                               r  o_ca[6] (OUT)
  -------------------------------------------------------------------    -------------------

Slack:                    inf
  Source:                 i_sw[2]
                            (input port)
  Destination:            o_ca[2]
                            (output port)
  Path Group:             (none)
  Path Type:              Min at Fast Process Corner
  Data Path Delay:        2.691ns  (logic 1.535ns (57.030%)  route 1.156ns (42.970%))
  Logic Levels:           4  (IBUF=1 LUT5=1 LUT6=1 OBUF=1)

    Location             Delay type                Incr(ns)  Path(ns)    Netlist Resource(s)
  -------------------------------------------------------------------    -------------------
    M13                                               0.000     0.000 r  i_sw[2] (IN)
                         net (fo=0)                   0.000     0.000    i_sw[2]
    M13                  IBUF (Prop_ibuf_I_O)         0.238     0.238 r  i_sw_IBUF[2]_inst/O
                         net (fo=1, routed)           0.433     0.671    i_sw_IBUF[2]
    SLICE_X1Y34          LUT6 (Prop_lut6_I1_O)        0.045     0.716 r  o_ca_OBUF[6]_inst_i_3/O
                         net (fo=7, routed)           0.198     0.915    o_ca_OBUF[6]_inst_i_3_n_0
    SLICE_X1Y35          LUT5 (Prop_lut5_I4_O)        0.045     0.960 r  o_ca_OBUF[2]_inst_i_1/O
                         net (fo=1, routed)           0.525     1.484    o_ca_OBUF[2]
    K16                  OBUF (Prop_obuf_I_O)         1.207     2.691 r  o_ca_OBUF[2]_inst/O
                         net (fo=0)                   0.000     2.691    o_ca[2]
    K16                                                               r  o_ca[2] (OUT)
  -------------------------------------------------------------------    -------------------

Slack:                    inf
  Source:                 i_sw[2]
                            (input port)
  Destination:            o_ca[4]
                            (output port)
  Path Group:             (none)
  Path Type:              Min at Fast Process Corner
  Data Path Delay:        2.693ns  (logic 1.547ns (57.443%)  route 1.146ns (42.557%))
  Logic Levels:           4  (IBUF=1 LUT5=1 LUT6=1 OBUF=1)

    Location             Delay type                Incr(ns)  Path(ns)    Netlist Resource(s)
  -------------------------------------------------------------------    -------------------
    M13                                               0.000     0.000 r  i_sw[2] (IN)
                         net (fo=0)                   0.000     0.000    i_sw[2]
    M13                  IBUF (Prop_ibuf_I_O)         0.238     0.238 r  i_sw_IBUF[2]_inst/O
                         net (fo=1, routed)           0.433     0.671    i_sw_IBUF[2]
    SLICE_X1Y34          LUT6 (Prop_lut6_I1_O)        0.045     0.716 r  o_ca_OBUF[6]_inst_i_3/O
                         net (fo=7, routed)           0.182     0.898    o_ca_OBUF[6]_inst_i_3_n_0
    SLICE_X1Y34          LUT5 (Prop_lut5_I3_O)        0.045     0.943 r  o_ca_OBUF[4]_inst_i_1/O
                         net (fo=1, routed)           0.531     1.474    o_ca_OBUF[4]
    P15                  OBUF (Prop_obuf_I_O)         1.219     2.693 r  o_ca_OBUF[4]_inst/O
                         net (fo=0)                   0.000     2.693    o_ca[4]
    P15                                                               r  o_ca[4] (OUT)
  -------------------------------------------------------------------    -------------------

Slack:                    inf
  Source:                 i_sw[2]
                            (input port)
  Destination:            o_ca[5]
                            (output port)
  Path Group:             (none)
  Path Type:              Min at Fast Process Corner
  Data Path Delay:        2.906ns  (logic 1.636ns (56.307%)  route 1.270ns (43.693%))
  Logic Levels:           4  (IBUF=1 LUT5=1 LUT6=1 OBUF=1)

    Location             Delay type                Incr(ns)  Path(ns)    Netlist Resource(s)
  -------------------------------------------------------------------    -------------------
    M13                                               0.000     0.000 r  i_sw[2] (IN)
                         net (fo=0)                   0.000     0.000    i_sw[2]
    M13                  IBUF (Prop_ibuf_I_O)         0.238     0.238 r  i_sw_IBUF[2]_inst/O
                         net (fo=1, routed)           0.433     0.671    i_sw_IBUF[2]
    SLICE_X1Y34          LUT6 (Prop_lut6_I1_O)        0.045     0.716 r  o_ca_OBUF[6]_inst_i_3/O
                         net (fo=7, routed)           0.182     0.898    o_ca_OBUF[6]_inst_i_3_n_0
    SLICE_X1Y34          LUT5 (Prop_lut5_I2_O)        0.049     0.947 r  o_ca_OBUF[5]_inst_i_1/O
                         net (fo=1, routed)           0.655     1.602    o_ca_OBUF[5]
    T11                  OBUF (Prop_obuf_I_O)         1.304     2.906 r  o_ca_OBUF[5]_inst/O
                         net (fo=0)                   0.000     2.906    o_ca[5]
    T11                                                               r  o_ca[5] (OUT)
  -------------------------------------------------------------------    -------------------

Slack:                    inf
  Source:                 i_sw[2]
                            (input port)
  Destination:            o_ca[3]
                            (output port)
  Path Group:             (none)
  Path Type:              Min at Fast Process Corner
  Data Path Delay:        3.026ns  (logic 1.627ns (53.775%)  route 1.399ns (46.225%))
  Logic Levels:           4  (IBUF=1 LUT5=1 LUT6=1 OBUF=1)

    Location             Delay type                Incr(ns)  Path(ns)    Netlist Resource(s)
  -------------------------------------------------------------------    -------------------
    M13                                               0.000     0.000 r  i_sw[2] (IN)
                         net (fo=0)                   0.000     0.000    i_sw[2]
    M13                  IBUF (Prop_ibuf_I_O)         0.238     0.238 r  i_sw_IBUF[2]_inst/O
                         net (fo=1, routed)           0.433     0.671    i_sw_IBUF[2]
    SLICE_X1Y34          LUT6 (Prop_lut6_I1_O)        0.045     0.716 r  o_ca_OBUF[6]_inst_i_3/O
                         net (fo=7, routed)           0.198     0.915    o_ca_OBUF[6]_inst_i_3_n_0
    SLICE_X1Y35          LUT5 (Prop_lut5_I2_O)        0.046     0.961 r  o_ca_OBUF[3]_inst_i_1/O
                         net (fo=1, routed)           0.767     1.728    o_ca_OBUF[3]
    K13                  OBUF (Prop_obuf_I_O)         1.298     3.026 r  o_ca_OBUF[3]_inst/O
                         net (fo=0)                   0.000     3.026    o_ca[3]
    K13                                                               r  o_ca[3] (OUT)
  -------------------------------------------------------------------    -------------------

Slack:                    inf
  Source:                 i_sw[2]
                            (input port)
  Destination:            o_ca[1]
                            (output port)
  Path Group:             (none)
  Path Type:              Min at Fast Process Corner
  Data Path Delay:        3.042ns  (logic 1.564ns (51.420%)  route 1.478ns (48.580%))
  Logic Levels:           4  (IBUF=1 LUT5=1 LUT6=1 OBUF=1)

    Location             Delay type                Incr(ns)  Path(ns)    Netlist Resource(s)
  -------------------------------------------------------------------    -------------------
    M13                                               0.000     0.000 r  i_sw[2] (IN)
                         net (fo=0)                   0.000     0.000    i_sw[2]
    M13                  IBUF (Prop_ibuf_I_O)         0.238     0.238 r  i_sw_IBUF[2]_inst/O
                         net (fo=1, routed)           0.433     0.671    i_sw_IBUF[2]
    SLICE_X1Y34          LUT6 (Prop_lut6_I1_O)        0.045     0.716 r  o_ca_OBUF[6]_inst_i_3/O
                         net (fo=7, routed)           0.181     0.897    o_ca_OBUF[6]_inst_i_3_n_0
    SLICE_X1Y34          LUT5 (Prop_lut5_I2_O)        0.045     0.942 r  o_ca_OBUF[1]_inst_i_1/O
                         net (fo=1, routed)           0.864     1.806    o_ca_OBUF[1]
    R10                  OBUF (Prop_obuf_I_O)         1.236     3.042 r  o_ca_OBUF[1]_inst/O
                         net (fo=0)                   0.000     3.042    o_ca[1]
    R10                                                               r  o_ca[1] (OUT)
  -------------------------------------------------------------------    -------------------

Slack:                    inf
  Source:                 i_sw[2]
                            (input port)
  Destination:            o_ca[0]
                            (output port)
  Path Group:             (none)
  Path Type:              Min at Fast Process Corner
  Data Path Delay:        3.084ns  (logic 1.633ns (52.953%)  route 1.451ns (47.047%))
  Logic Levels:           4  (IBUF=1 LUT5=1 LUT6=1 OBUF=1)

    Location             Delay type                Incr(ns)  Path(ns)    Netlist Resource(s)
  -------------------------------------------------------------------    -------------------
    M13                                               0.000     0.000 r  i_sw[2] (IN)
                         net (fo=0)                   0.000     0.000    i_sw[2]
    M13                  IBUF (Prop_ibuf_I_O)         0.238     0.238 r  i_sw_IBUF[2]_inst/O
                         net (fo=1, routed)           0.433     0.671    i_sw_IBUF[2]
    SLICE_X1Y34          LUT6 (Prop_lut6_I1_O)        0.045     0.716 r  o_ca_OBUF[6]_inst_i_3/O
                         net (fo=7, routed)           0.181     0.897    o_ca_OBUF[6]_inst_i_3_n_0
    SLICE_X1Y34          LUT5 (Prop_lut5_I2_O)        0.048     0.945 r  o_ca_OBUF[0]_inst_i_1/O
                         net (fo=1, routed)           0.837     1.782    o_ca_OBUF[0]
    T10                  OBUF (Prop_obuf_I_O)         1.302     3.084 r  o_ca_OBUF[0]_inst/O
                         net (fo=0)                   0.000     3.084    o_ca[0]
    T10                                                               r  o_ca[0] (OUT)
  -------------------------------------------------------------------    -------------------

Slack:                    inf
  Source:                 i_rst_n
                            (input port)
  Destination:            o_an[1]
                            (output port)
  Path Group:             (none)
  Path Type:              Min at Fast Process Corner
  Data Path Delay:        3.406ns  (logic 1.574ns (46.221%)  route 1.832ns (53.779%))
  Logic Levels:           3  (IBUF=1 LUT3=1 OBUF=1)

    Location             Delay type                Incr(ns)  Path(ns)    Netlist Resource(s)
  -------------------------------------------------------------------    -------------------
    C12                                               0.000     0.000 r  i_rst_n (IN)
                         net (fo=0)                   0.000     0.000    i_rst_n
    C12                  IBUF (Prop_ibuf_I_O)         0.273     0.273 r  i_rst_n_IBUF_inst/O
                         net (fo=12, routed)          1.313     1.586    i_rst_n_IBUF
    SLICE_X1Y37          LUT3 (Prop_lut3_I0_O)        0.045     1.631 r  o_an_OBUF[1]_inst_i_1/O
                         net (fo=1, routed)           0.519     2.150    o_an_OBUF[1]
    J18                  OBUF (Prop_obuf_I_O)         1.256     3.406 r  o_an_OBUF[1]_inst/O
                         net (fo=0)                   0.000     3.406    o_an[1]
    J18                                                               r  o_an[1] (OUT)
  -------------------------------------------------------------------    -------------------

Slack:                    inf
  Source:                 i_rst_n
                            (input port)
  Destination:            o_an[0]
                            (output port)
  Path Group:             (none)
  Path Type:              Min at Fast Process Corner
  Data Path Delay:        3.531ns  (logic 1.631ns (46.184%)  route 1.900ns (53.816%))
  Logic Levels:           3  (IBUF=1 LUT3=1 OBUF=1)

    Location             Delay type                Incr(ns)  Path(ns)    Netlist Resource(s)
  -------------------------------------------------------------------    -------------------
    C12                                               0.000     0.000 r  i_rst_n (IN)
                         net (fo=0)                   0.000     0.000    i_rst_n
    C12                  IBUF (Prop_ibuf_I_O)         0.273     0.273 r  i_rst_n_IBUF_inst/O
                         net (fo=12, routed)          1.315     1.588    i_rst_n_IBUF
    SLICE_X1Y37          LUT3 (Prop_lut3_I0_O)        0.043     1.631 r  o_an_OBUF[0]_inst_i_1/O
                         net (fo=1, routed)           0.586     2.217    o_an_OBUF[0]
    J17                  OBUF (Prop_obuf_I_O)         1.314     3.531 r  o_an_OBUF[0]_inst/O
                         net (fo=0)                   0.000     3.531    o_an[0]
    J17                                                               r  o_an[0] (OUT)
  -------------------------------------------------------------------    -------------------

Slack:                    inf
  Source:                 i_rst_n
                            (input port)
  Destination:            o_an[3]
                            (output port)
  Path Group:             (none)
  Path Type:              Min at Fast Process Corner
  Data Path Delay:        3.550ns  (logic 1.565ns (44.083%)  route 1.985ns (55.917%))
  Logic Levels:           3  (IBUF=1 LUT3=1 OBUF=1)

    Location             Delay type                Incr(ns)  Path(ns)    Netlist Resource(s)
  -------------------------------------------------------------------    -------------------
    C12                                               0.000     0.000 r  i_rst_n (IN)
                         net (fo=0)                   0.000     0.000    i_rst_n
    C12                  IBUF (Prop_ibuf_I_O)         0.273     0.273 r  i_rst_n_IBUF_inst/O
                         net (fo=12, routed)          1.315     1.588    i_rst_n_IBUF
    SLICE_X1Y37          LUT3 (Prop_lut3_I0_O)        0.045     1.633 r  o_an_OBUF[3]_inst_i_1/O
                         net (fo=1, routed)           0.670     2.303    o_an_OBUF[3]
    J14                  OBUF (Prop_obuf_I_O)         1.247     3.550 r  o_an_OBUF[3]_inst/O
                         net (fo=0)                   0.000     3.550    o_an[3]
    J14                                                               r  o_an[3] (OUT)
  -------------------------------------------------------------------    -------------------





--------------------------------------------------------------------------------------
Path Group:  (none)
From Clock:  sys_clk_pin
  To Clock:  

Max Delay            11 Endpoints
Min Delay            11 Endpoints
--------------------------------------------------------------------------------------


Max Delay Paths
--------------------------------------------------------------------------------------
Slack:                    inf
  Source:                 r_idx_reg[0]/C
                            (rising edge-triggered cell FDCE clocked by sys_clk_pin  {rise@0.000ns fall@5.000ns period=10.000ns})
  Destination:            o_ca[0]
                            (output port)
  Path Group:             (none)
  Path Type:              Max at Slow Process Corner
  Data Path Delay:        9.134ns  (logic 4.471ns (48.956%)  route 4.662ns (51.044%))
  Logic Levels:           3  (LUT5=1 LUT6=1 OBUF=1)
  Clock Uncertainty:      0.025ns  ((TSJ^2 + TIJ^2)^1/2 + DJ) / 2 + PE
    Total System Jitter     (TSJ):    0.050ns
    Total Input Jitter      (TIJ):    0.000ns
    Discrete Jitter          (DJ):    0.000ns
    Phase Error              (PE):    0.000ns

    Location             Delay type                Incr(ns)  Path(ns)    Netlist Resource(s)
  -------------------------------------------------------------------    -------------------
                         (clock sys_clk_pin rise edge)
                                                      0.000     0.000 r  
    E3                                                0.000     0.000 r  i_clk (IN)
                         net (fo=0)                   0.000     0.000    i_clk
    E3                   IBUF (Prop_ibuf_I_O)         1.489     1.489 r  i_clk_IBUF_inst/O
                         net (fo=1, routed)           1.967     3.455    i_clk_IBUF
    BUFGCTRL_X0Y16       BUFG (Prop_bufg_I_O)         0.096     3.551 r  i_clk_IBUF_BUFG_inst/O
                         net (fo=21, routed)          1.636     5.188    i_clk_IBUF_BUFG
    SLICE_X1Y37          FDCE                                         r  r_idx_reg[0]/C
  -------------------------------------------------------------------    -------------------
    SLICE_X1Y37          FDCE (Prop_fdce_C_Q)         0.456     5.644 r  r_idx_reg[0]/Q
                         net (fo=10, routed)          0.990     6.634    r_idx[0]
    SLICE_X1Y35          LUT6 (Prop_lut6_I3_O)        0.124     6.758 r  o_ca_OBUF[6]_inst_i_2/O
                         net (fo=7, routed)           0.880     7.638    o_ca_OBUF[6]_inst_i_2_n_0
    SLICE_X1Y34          LUT5 (Prop_lut5_I4_O)        0.150     7.788 r  o_ca_OBUF[0]_inst_i_1/O
                         net (fo=1, routed)           2.792    10.580    o_ca_OBUF[0]
    T10                  OBUF (Prop_obuf_I_O)         3.741    14.321 r  o_ca_OBUF[0]_inst/O
                         net (fo=0)                   0.000    14.321    o_ca[0]
    T10                                                               r  o_ca[0] (OUT)
  -------------------------------------------------------------------    -------------------

Slack:                    inf
  Source:                 r_idx_reg[0]/C
                            (rising edge-triggered cell FDCE clocked by sys_clk_pin  {rise@0.000ns fall@5.000ns period=10.000ns})
  Destination:            o_ca[3]
                            (output port)
  Path Group:             (none)
  Path Type:              Max at Slow Process Corner
  Data Path Delay:        9.128ns  (logic 4.470ns (48.966%)  route 4.658ns (51.034%))
  Logic Levels:           3  (LUT5=1 LUT6=1 OBUF=1)
  Clock Uncertainty:      0.025ns  ((TSJ^2 + TIJ^2)^1/2 + DJ) / 2 + PE
    Total System Jitter     (TSJ):    0.050ns
    Total Input Jitter      (TIJ):    0.000ns
    Discrete Jitter          (DJ):    0.000ns
    Phase Error              (PE):    0.000ns

    Location             Delay type                Incr(ns)  Path(ns)    Netlist Resource(s)
  -------------------------------------------------------------------    -------------------
                         (clock sys_clk_pin rise edge)
                                                      0.000     0.000 r  
    E3                                                0.000     0.000 r  i_clk (IN)
                         net (fo=0)                   0.000     0.000    i_clk
    E3                   IBUF (Prop_ibuf_I_O)         1.489     1.489 r  i_clk_IBUF_inst/O
                         net (fo=1, routed)           1.967     3.455    i_clk_IBUF
    BUFGCTRL_X0Y16       BUFG (Prop_bufg_I_O)         0.096     3.551 r  i_clk_IBUF_BUFG_inst/O
                         net (fo=21, routed)          1.636     5.188    i_clk_IBUF_BUFG
    SLICE_X1Y37          FDCE                                         r  r_idx_reg[0]/C
  -------------------------------------------------------------------    -------------------
    SLICE_X1Y37          FDCE (Prop_fdce_C_Q)         0.456     5.644 r  r_idx_reg[0]/Q
                         net (fo=10, routed)          1.141     6.785    r_idx[0]
    SLICE_X1Y34          LUT6 (Prop_lut6_I3_O)        0.124     6.909 r  o_ca_OBUF[6]_inst_i_5/O
                         net (fo=7, routed)           0.837     7.746    o_ca_OBUF[6]_inst_i_5_n_0
    SLICE_X1Y35          LUT5 (Prop_lut5_I0_O)        0.152     7.898 r  o_ca_OBUF[3]_inst_i_1/O
                         net (fo=1, routed)           2.680    10.578    o_ca_OBUF[3]
    K13                  OBUF (Prop_obuf_I_O)         3.738    14.316 r  o_ca_OBUF[3]_inst/O
                         net (fo=0)                   0.000    14.316    o_ca[3]
    K13                                                               r  o_ca[3] (OUT)
  -------------------------------------------------------------------    -------------------

Slack:                    inf
  Source:                 r_idx_reg[0]/C
                            (rising edge-triggered cell FDCE clocked by sys_clk_pin  {rise@0.000ns fall@5.000ns period=10.000ns})
  Destination:            o_ca[1]
                            (output port)
  Path Group:             (none)
  Path Type:              Max at Slow Process Corner
  Data Path Delay:        9.029ns  (logic 4.240ns (46.957%)  route 4.789ns (53.043%))
  Logic Levels:           3  (LUT5=1 LUT6=1 OBUF=1)
  Clock Uncertainty:      0.025ns  ((TSJ^2 + TIJ^2)^1/2 + DJ) / 2 + PE
    Total System Jitter     (TSJ):    0.050ns
    Total Input Jitter      (TIJ):    0.000ns
    Discrete Jitter          (DJ):    0.000ns
    Phase Error              (PE):    0.000ns

    Location             Delay type                Incr(ns)  Path(ns)    Netlist Resource(s)
  -------------------------------------------------------------------    -------------------
                         (clock sys_clk_pin rise edge)
                                                      0.000     0.000 r  
    E3                                                0.000     0.000 r  i_clk (IN)
                         net (fo=0)                   0.000     0.000    i_clk
    E3                   IBUF (Prop_ibuf_I_O)         1.489     1.489 r  i_clk_IBUF_inst/O
                         net (fo=1, routed)           1.967     3.455    i_clk_IBUF
    BUFGCTRL_X0Y16       BUFG (Prop_bufg_I_O)         0.096     3.551 r  i_clk_IBUF_BUFG_inst/O
                         net (fo=21, routed)          1.636     5.188    i_clk_IBUF_BUFG
    SLICE_X1Y37          FDCE                                         r  r_idx_reg[0]/C
  -------------------------------------------------------------------    -------------------
    SLICE_X1Y37          FDCE (Prop_fdce_C_Q)         0.456     5.644 r  r_idx_reg[0]/Q
                         net (fo=10, routed)          0.990     6.634    r_idx[0]
    SLICE_X1Y35          LUT6 (Prop_lut6_I3_O)        0.124     6.758 r  o_ca_OBUF[6]_inst_i_2/O
                         net (fo=7, routed)           0.880     7.638    o_ca_OBUF[6]_inst_i_2_n_0
    SLICE_X1Y34          LUT5 (Prop_lut5_I3_O)        0.124     7.762 r  o_ca_OBUF[1]_inst_i_1/O
                         net (fo=1, routed)           2.919    10.681    o_ca_OBUF[1]
    R10                  OBUF (Prop_obuf_I_O)         3.536    14.216 r  o_ca_OBUF[1]_inst/O
                         net (fo=0)                   0.000    14.216    o_ca[1]
    R10                                                               r  o_ca[1] (OUT)
  -------------------------------------------------------------------    -------------------

Slack:                    inf
  Source:                 r_idx_reg[0]/C
                            (rising edge-triggered cell FDCE clocked by sys_clk_pin  {rise@0.000ns fall@5.000ns period=10.000ns})
  Destination:            o_ca[5]
                            (output port)
  Path Group:             (none)
  Path Type:              Max at Slow Process Corner
  Data Path Delay:        8.717ns  (logic 4.476ns (51.352%)  route 4.241ns (48.648%))
  Logic Levels:           3  (LUT5=1 LUT6=1 OBUF=1)
  Clock Uncertainty:      0.025ns  ((TSJ^2 + TIJ^2)^1/2 + DJ) / 2 + PE
    Total System Jitter     (TSJ):    0.050ns
    Total Input Jitter      (TIJ):    0.000ns
    Discrete Jitter          (DJ):    0.000ns
    Phase Error              (PE):    0.000ns

    Location             Delay type                Incr(ns)  Path(ns)    Netlist Resource(s)
  -------------------------------------------------------------------    -------------------
                         (clock sys_clk_pin rise edge)
                                                      0.000     0.000 r  
    E3                                                0.000     0.000 r  i_clk (IN)
                         net (fo=0)                   0.000     0.000    i_clk
    E3                   IBUF (Prop_ibuf_I_O)         1.489     1.489 r  i_clk_IBUF_inst/O
                         net (fo=1, routed)           1.967     3.455    i_clk_IBUF
    BUFGCTRL_X0Y16       BUFG (Prop_bufg_I_O)         0.096     3.551 r  i_clk_IBUF_BUFG_inst/O
                         net (fo=21, routed)          1.636     5.188    i_clk_IBUF_BUFG
    SLICE_X1Y37          FDCE                                         r  r_idx_reg[0]/C
  -------------------------------------------------------------------    -------------------
    SLICE_X1Y37          FDCE (Prop_fdce_C_Q)         0.456     5.644 r  r_idx_reg[0]/Q
                         net (fo=10, routed)          0.990     6.634    r_idx[0]
    SLICE_X1Y35          LUT6 (Prop_lut6_I3_O)        0.124     6.758 r  o_ca_OBUF[6]_inst_i_2/O
                         net (fo=7, routed)           0.885     7.643    o_ca_OBUF[6]_inst_i_2_n_0
    SLICE_X1Y34          LUT5 (Prop_lut5_I3_O)        0.152     7.795 r  o_ca_OBUF[5]_inst_i_1/O
                         net (fo=1, routed)           2.366    10.161    o_ca_OBUF[5]
    T11                  OBUF (Prop_obuf_I_O)         3.744    13.905 r  o_ca_OBUF[5]_inst/O
                         net (fo=0)                   0.000    13.905    o_ca[5]
    T11                                                               r  o_ca[5] (OUT)
  -------------------------------------------------------------------    -------------------

Slack:                    inf
  Source:                 r_idx_reg[0]/C
                            (rising edge-triggered cell FDCE clocked by sys_clk_pin  {rise@0.000ns fall@5.000ns period=10.000ns})
  Destination:            o_ca[2]
                            (output port)
  Path Group:             (none)
  Path Type:              Max at Slow Process Corner
  Data Path Delay:        8.293ns  (logic 4.210ns (50.759%)  route 4.084ns (49.241%))
  Logic Levels:           3  (LUT5=1 LUT6=1 OBUF=1)
  Clock Uncertainty:      0.025ns  ((TSJ^2 + TIJ^2)^1/2 + DJ) / 2 + PE
    Total System Jitter     (TSJ):    0.050ns
    Total Input Jitter      (TIJ):    0.000ns
    Discrete Jitter          (DJ):    0.000ns
    Phase Error              (PE):    0.000ns

    Location             Delay type                Incr(ns)  Path(ns)    Netlist Resource(s)
  -------------------------------------------------------------------    -------------------
                         (clock sys_clk_pin rise edge)
                                                      0.000     0.000 r  
    E3                                                0.000     0.000 r  i_clk (IN)
                         net (fo=0)                   0.000     0.000    i_clk
    E3                   IBUF (Prop_ibuf_I_O)         1.489     1.489 r  i_clk_IBUF_inst/O
                         net (fo=1, routed)           1.967     3.455    i_clk_IBUF
    BUFGCTRL_X0Y16       BUFG (Prop_bufg_I_O)         0.096     3.551 r  i_clk_IBUF_BUFG_inst/O
                         net (fo=21, routed)          1.636     5.188    i_clk_IBUF_BUFG
    SLICE_X1Y37          FDCE                                         r  r_idx_reg[0]/C
  -------------------------------------------------------------------    -------------------
    SLICE_X1Y37          FDCE (Prop_fdce_C_Q)         0.456     5.644 r  r_idx_reg[0]/Q
                         net (fo=10, routed)          1.141     6.785    r_idx[0]
    SLICE_X1Y34          LUT6 (Prop_lut6_I3_O)        0.124     6.909 r  o_ca_OBUF[6]_inst_i_5/O
                         net (fo=7, routed)           0.837     7.746    o_ca_OBUF[6]_inst_i_5_n_0
    SLICE_X1Y35          LUT5 (Prop_lut5_I0_O)        0.124     7.870 r  o_ca_OBUF[2]_inst_i_1/O
                         net (fo=1, routed)           2.106     9.975    o_ca_OBUF[2]
    K16                  OBUF (Prop_obuf_I_O)         3.506    13.481 r  o_ca_OBUF[2]_inst/O
                         net (fo=0)                   0.000    13.481    o_ca[2]
    K16                                                               r  o_ca[2] (OUT)
  -------------------------------------------------------------------    -------------------

Slack:                    inf
  Source:                 r_idx_reg[0]/C
                            (rising edge-triggered cell FDCE clocked by sys_clk_pin  {rise@0.000ns fall@5.000ns period=10.000ns})
  Destination:            o_ca[4]
                            (output port)
  Path Group:             (none)
  Path Type:              Max at Slow Process Corner
  Data Path Delay:        8.201ns  (logic 4.222ns (51.480%)  route 3.979ns (48.520%))
  Logic Levels:           3  (LUT5=1 LUT6=1 OBUF=1)
  Clock Uncertainty:      0.025ns  ((TSJ^2 + TIJ^2)^1/2 + DJ) / 2 + PE
    Total System Jitter     (TSJ):    0.050ns
    Total Input Jitter      (TIJ):    0.000ns
    Discrete Jitter          (DJ):    0.000ns
    Phase Error              (PE):    0.000ns

    Location             Delay type                Incr(ns)  Path(ns)    Netlist Resource(s)
  -------------------------------------------------------------------    -------------------
                         (clock sys_clk_pin rise edge)
                                                      0.000     0.000 r  
    E3                                                0.000     0.000 r  i_clk (IN)
                         net (fo=0)                   0.000     0.000    i_clk
    E3                   IBUF (Prop_ibuf_I_O)         1.489     1.489 r  i_clk_IBUF_inst/O
                         net (fo=1, routed)           1.967     3.455    i_clk_IBUF
    BUFGCTRL_X0Y16       BUFG (Prop_bufg_I_O)         0.096     3.551 r  i_clk_IBUF_BUFG_inst/O
                         net (fo=21, routed)          1.636     5.188    i_clk_IBUF_BUFG
    SLICE_X1Y37          FDCE                                         r  r_idx_reg[0]/C
  -------------------------------------------------------------------    -------------------
    SLICE_X1Y37          FDCE (Prop_fdce_C_Q)         0.456     5.644 r  r_idx_reg[0]/Q
                         net (fo=10, routed)          0.990     6.634    r_idx[0]
    SLICE_X1Y35          LUT6 (Prop_lut6_I3_O)        0.124     6.758 f  o_ca_OBUF[6]_inst_i_2/O
                         net (fo=7, routed)           0.885     7.643    o_ca_OBUF[6]_inst_i_2_n_0
    SLICE_X1Y34          LUT5 (Prop_lut5_I2_O)        0.124     7.767 r  o_ca_OBUF[4]_inst_i_1/O
                         net (fo=1, routed)           2.104     9.871    o_ca_OBUF[4]
    P15                  OBUF (Prop_obuf_I_O)         3.518    13.389 r  o_ca_OBUF[4]_inst/O
                         net (fo=0)                   0.000    13.389    o_ca[4]
    P15                                                               r  o_ca[4] (OUT)
  -------------------------------------------------------------------    -------------------

Slack:                    inf
  Source:                 r_idx_reg[0]/C
                            (rising edge-triggered cell FDCE clocked by sys_clk_pin  {rise@0.000ns fall@5.000ns period=10.000ns})
  Destination:            o_an[2]
                            (output port)
  Path Group:             (none)
  Path Type:              Max at Slow Process Corner
  Data Path Delay:        8.181ns  (logic 4.356ns (53.242%)  route 3.825ns (46.758%))
  Logic Levels:           2  (LUT3=1 OBUF=1)
  Clock Uncertainty:      0.025ns  ((TSJ^2 + TIJ^2)^1/2 + DJ) / 2 + PE
    Total System Jitter     (TSJ):    0.050ns
    Total Input Jitter      (TIJ):    0.000ns
    Discrete Jitter          (DJ):    0.000ns
    Phase Error              (PE):    0.000ns

    Location             Delay type                Incr(ns)  Path(ns)    Netlist Resource(s)
  -------------------------------------------------------------------    -------------------
                         (clock sys_clk_pin rise edge)
                                                      0.000     0.000 r  
    E3                                                0.000     0.000 r  i_clk (IN)
                         net (fo=0)                   0.000     0.000    i_clk
    E3                   IBUF (Prop_ibuf_I_O)         1.489     1.489 r  i_clk_IBUF_inst/O
                         net (fo=1, routed)           1.967     3.455    i_clk_IBUF
    BUFGCTRL_X0Y16       BUFG (Prop_bufg_I_O)         0.096     3.551 r  i_clk_IBUF_BUFG_inst/O
                         net (fo=21, routed)          1.636     5.188    i_clk_IBUF_BUFG
    SLICE_X1Y37          FDCE                                         r  r_idx_reg[0]/C
  -------------------------------------------------------------------    -------------------
    SLICE_X1Y37          FDCE (Prop_fdce_C_Q)         0.456     5.644 r  r_idx_reg[0]/Q
                         net (fo=10, routed)          0.900     6.544    r_idx[0]
    SLICE_X1Y37          LUT3 (Prop_lut3_I1_O)        0.152     6.696 r  o_an_OBUF[2]_inst_i_1/O
                         net (fo=1, routed)           2.925     9.621    o_an_OBUF[2]
    T9                   OBUF (Prop_obuf_I_O)         3.748    13.369 r  o_an_OBUF[2]_inst/O
                         net (fo=0)                   0.000    13.369    o_an[2]
    T9                                                                r  o_an[2] (OUT)
  -------------------------------------------------------------------    -------------------

Slack:                    inf
  Source:                 r_idx_reg[0]/C
                            (rising edge-triggered cell FDCE clocked by sys_clk_pin  {rise@0.000ns fall@5.000ns period=10.000ns})
  Destination:            o_ca[6]
                            (output port)
  Path Group:             (none)
  Path Type:              Max at Slow Process Corner
  Data Path Delay:        8.101ns  (logic 4.242ns (52.372%)  route 3.858ns (47.628%))
  Logic Levels:           3  (LUT5=1 LUT6=1 OBUF=1)
  Clock Uncertainty:      0.025ns  ((TSJ^2 + TIJ^2)^1/2 + DJ) / 2 + PE
    Total System Jitter     (TSJ):    0.050ns
    Total Input Jitter      (TIJ):    0.000ns
    Discrete Jitter          (DJ):    0.000ns
    Phase Error              (PE):    0.000ns

    Location             Delay type                Incr(ns)  Path(ns)    Netlist Resource(s)
  -------------------------------------------------------------------    -------------------
                         (clock sys_clk_pin rise edge)
                                                      0.000     0.000 r  
    E3                                                0.000     0.000 r  i_clk (IN)
                         net (fo=0)                   0.000     0.000    i_clk
    E3                   IBUF (Prop_ibuf_I_O)         1.489     1.489 r  i_clk_IBUF_inst/O
                         net (fo=1, routed)           1.967     3.455    i_clk_IBUF
    BUFGCTRL_X0Y16       BUFG (Prop_bufg_I_O)         0.096     3.551 r  i_clk_IBUF_BUFG_inst/O
                         net (fo=21, routed)          1.636     5.188    i_clk_IBUF_BUFG
    SLICE_X1Y37          FDCE                                         r  r_idx_reg[0]/C
  -------------------------------------------------------------------    -------------------
    SLICE_X1Y37          FDCE (Prop_fdce_C_Q)         0.456     5.644 r  r_idx_reg[0]/Q
                         net (fo=10, routed)          1.141     6.785    r_idx[0]
    SLICE_X1Y34          LUT6 (Prop_lut6_I3_O)        0.124     6.909 f  o_ca_OBUF[6]_inst_i_5/O
                         net (fo=7, routed)           0.839     7.748    o_ca_OBUF[6]_inst_i_5_n_0
    SLICE_X1Y35          LUT5 (Prop_lut5_I4_O)        0.124     7.872 r  o_ca_OBUF[6]_inst_i_1/O
                         net (fo=1, routed)           1.878     9.750    o_ca_OBUF[6]
    L18                  OBUF (Prop_obuf_I_O)         3.538    13.288 r  o_ca_OBUF[6]_inst/O
                         net (fo=0)                   0.000    13.288    o_ca[6]
    L18                                                               r  o_ca[6] (OUT)
  -------------------------------------------------------------------    -------------------

Slack:                    inf
  Source:                 r_idx_reg[0]/C
                            (rising edge-triggered cell FDCE clocked by sys_clk_pin  {rise@0.000ns fall@5.000ns period=10.000ns})
  Destination:            o_an[0]
                            (output port)
  Path Group:             (none)
  Path Type:              Max at Slow Process Corner
  Data Path Delay:        7.527ns  (logic 4.363ns (57.957%)  route 3.165ns (42.043%))
  Logic Levels:           2  (LUT3=1 OBUF=1)
  Clock Uncertainty:      0.025ns  ((TSJ^2 + TIJ^2)^1/2 + DJ) / 2 + PE
    Total System Jitter     (TSJ):    0.050ns
    Total Input Jitter      (TIJ):    0.000ns
    Discrete Jitter          (DJ):    0.000ns
    Phase Error              (PE):    0.000ns

    Location             Delay type                Incr(ns)  Path(ns)    Netlist Resource(s)
  -------------------------------------------------------------------    -------------------
                         (clock sys_clk_pin rise edge)
                                                      0.000     0.000 r  
    E3                                                0.000     0.000 r  i_clk (IN)
                         net (fo=0)                   0.000     0.000    i_clk
    E3                   IBUF (Prop_ibuf_I_O)         1.489     1.489 r  i_clk_IBUF_inst/O
                         net (fo=1, routed)           1.967     3.455    i_clk_IBUF
    BUFGCTRL_X0Y16       BUFG (Prop_bufg_I_O)         0.096     3.551 r  i_clk_IBUF_BUFG_inst/O
                         net (fo=21, routed)          1.636     5.188    i_clk_IBUF_BUFG
    SLICE_X1Y37          FDCE                                         r  r_idx_reg[0]/C
  -------------------------------------------------------------------    -------------------
    SLICE_X1Y37          FDCE (Prop_fdce_C_Q)         0.456     5.644 r  r_idx_reg[0]/Q
                         net (fo=10, routed)          0.902     6.546    r_idx[0]
    SLICE_X1Y37          LUT3 (Prop_lut3_I2_O)        0.152     6.698 r  o_an_OBUF[0]_inst_i_1/O
                         net (fo=1, routed)           2.263     8.961    o_an_OBUF[0]
    J17                  OBUF (Prop_obuf_I_O)         3.755    12.715 r  o_an_OBUF[0]_inst/O
                         net (fo=0)                   0.000    12.715    o_an[0]
    J17                                                               r  o_an[0] (OUT)
  -------------------------------------------------------------------    -------------------

Slack:                    inf
  Source:                 r_idx_reg[0]/C
                            (rising edge-triggered cell FDCE clocked by sys_clk_pin  {rise@0.000ns fall@5.000ns period=10.000ns})
  Destination:            o_an[3]
                            (output port)
  Path Group:             (none)
  Path Type:              Max at Slow Process Corner
  Data Path Delay:        7.492ns  (logic 4.126ns (55.066%)  route 3.367ns (44.934%))
  Logic Levels:           2  (LUT3=1 OBUF=1)
  Clock Uncertainty:      0.025ns  ((TSJ^2 + TIJ^2)^1/2 + DJ) / 2 + PE
    Total System Jitter     (TSJ):    0.050ns
    Total Input Jitter      (TIJ):    0.000ns
    Discrete Jitter          (DJ):    0.000ns
    Phase Error              (PE):    0.000ns

    Location             Delay type                Incr(ns)  Path(ns)    Netlist Resource(s)
  -------------------------------------------------------------------    -------------------
                         (clock sys_clk_pin rise edge)
                                                      0.000     0.000 r  
    E3                                                0.000     0.000 r  i_clk (IN)
                         net (fo=0)                   0.000     0.000    i_clk
    E3                   IBUF (Prop_ibuf_I_O)         1.489     1.489 r  i_clk_IBUF_inst/O
                         net (fo=1, routed)           1.967     3.455    i_clk_IBUF
    BUFGCTRL_X0Y16       BUFG (Prop_bufg_I_O)         0.096     3.551 r  i_clk_IBUF_BUFG_inst/O
                         net (fo=21, routed)          1.636     5.188    i_clk_IBUF_BUFG
    SLICE_X1Y37          FDCE                                         r  r_idx_reg[0]/C
  -------------------------------------------------------------------    -------------------
    SLICE_X1Y37          FDCE (Prop_fdce_C_Q)         0.456     5.644 f  r_idx_reg[0]/Q
                         net (fo=10, routed)          0.902     6.546    r_idx[0]
    SLICE_X1Y37          LUT3 (Prop_lut3_I2_O)        0.124     6.670 r  o_an_OBUF[3]_inst_i_1/O
                         net (fo=1, routed)           2.464     9.134    o_an_OBUF[3]
    J14                  OBUF (Prop_obuf_I_O)         3.546    12.680 r  o_an_OBUF[3]_inst/O
                         net (fo=0)                   0.000    12.680    o_an[3]
    J14                                                               r  o_an[3] (OUT)
  -------------------------------------------------------------------    -------------------





Min Delay Paths
--------------------------------------------------------------------------------------
Slack:                    inf
  Source:                 r_idx_reg[1]/C
                            (rising edge-triggered cell FDCE clocked by sys_clk_pin  {rise@0.000ns fall@5.000ns period=10.000ns})
  Destination:            o_an[1]
                            (output port)
  Path Group:             (none)
  Path Type:              Min at Fast Process Corner
  Data Path Delay:        2.182ns  (logic 1.442ns (66.069%)  route 0.741ns (33.931%))
  Logic Levels:           2  (LUT3=1 OBUF=1)
  Clock Uncertainty:      0.025ns  ((TSJ^2 + TIJ^2)^1/2 + DJ) / 2 + PE
    Total System Jitter     (TSJ):    0.050ns
    Total Input Jitter      (TIJ):    0.000ns
    Discrete Jitter          (DJ):    0.000ns
    Phase Error              (PE):    0.000ns

    Location             Delay type                Incr(ns)  Path(ns)    Netlist Resource(s)
  -------------------------------------------------------------------    -------------------
                         (clock sys_clk_pin rise edge)
                                                      0.000     0.000 r  
    E3                                                0.000     0.000 r  i_clk (IN)
                         net (fo=0)                   0.000     0.000    i_clk
    E3                   IBUF (Prop_ibuf_I_O)         0.257     0.257 r  i_clk_IBUF_inst/O
                         net (fo=1, routed)           0.631     0.888    i_clk_IBUF
    BUFGCTRL_X0Y16       BUFG (Prop_bufg_I_O)         0.026     0.914 r  i_clk_IBUF_BUFG_inst/O
                         net (fo=21, routed)          0.594     1.507    i_clk_IBUF_BUFG
    SLICE_X1Y37          FDCE                                         r  r_idx_reg[1]/C
  -------------------------------------------------------------------    -------------------
    SLICE_X1Y37          FDCE (Prop_fdce_C_Q)         0.141     1.648 r  r_idx_reg[1]/Q
                         net (fo=9, routed)           0.221     1.870    r_idx[1]
    SLICE_X1Y37          LUT3 (Prop_lut3_I1_O)        0.045     1.915 r  o_an_OBUF[1]_inst_i_1/O
                         net (fo=1, routed)           0.519     2.434    o_an_OBUF[1]
    J18                  OBUF (Prop_obuf_I_O)         1.256     3.690 r  o_an_OBUF[1]_inst/O
                         net (fo=0)                   0.000     3.690    o_an[1]
    J18                                                               r  o_an[1] (OUT)
  -------------------------------------------------------------------    -------------------

Slack:                    inf
  Source:                 r_idx_reg[0]/C
                            (rising edge-triggered cell FDCE clocked by sys_clk_pin  {rise@0.000ns fall@5.000ns period=10.000ns})
  Destination:            o_ca[6]
                            (output port)
  Path Group:             (none)
  Path Type:              Min at Fast Process Corner
  Data Path Delay:        2.263ns  (logic 1.470ns (64.977%)  route 0.792ns (35.023%))
  Logic Levels:           3  (LUT5=1 LUT6=1 OBUF=1)
  Clock Uncertainty:      0.025ns  ((TSJ^2 + TIJ^2)^1/2 + DJ) / 2 + PE
    Total System Jitter     (TSJ):    0.050ns
    Total Input Jitter      (TIJ):    0.000ns
    Discrete Jitter          (DJ):    0.000ns
    Phase Error              (PE):    0.000ns

    Location             Delay type                Incr(ns)  Path(ns)    Netlist Resource(s)
  -------------------------------------------------------------------    -------------------
                         (clock sys_clk_pin rise edge)
                                                      0.000     0.000 r  
    E3                                                0.000     0.000 r  i_clk (IN)
                         net (fo=0)                   0.000     0.000    i_clk
    E3                   IBUF (Prop_ibuf_I_O)         0.257     0.257 r  i_clk_IBUF_inst/O
                         net (fo=1, routed)           0.631     0.888    i_clk_IBUF
    BUFGCTRL_X0Y16       BUFG (Prop_bufg_I_O)         0.026     0.914 r  i_clk_IBUF_BUFG_inst/O
                         net (fo=21, routed)          0.594     1.507    i_clk_IBUF_BUFG
    SLICE_X1Y37          FDCE                                         r  r_idx_reg[0]/C
  -------------------------------------------------------------------    -------------------
    SLICE_X1Y37          FDCE (Prop_fdce_C_Q)         0.141     1.648 r  r_idx_reg[0]/Q
                         net (fo=10, routed)          0.148     1.797    r_idx[0]
    SLICE_X1Y36          LUT6 (Prop_lut6_I3_O)        0.045     1.842 r  o_ca_OBUF[6]_inst_i_4/O
                         net (fo=7, routed)           0.230     2.072    o_ca_OBUF[6]_inst_i_4_n_0
    SLICE_X1Y35          LUT5 (Prop_lut5_I2_O)        0.045     2.117 r  o_ca_OBUF[6]_inst_i_1/O
                         net (fo=1, routed)           0.414     2.531    o_ca_OBUF[6]
    L18                  OBUF (Prop_obuf_I_O)         1.239     3.770 r  o_ca_OBUF[6]_inst/O
                         net (fo=0)                   0.000     3.770    o_ca[6]
    L18                                                               r  o_ca[6] (OUT)
  -------------------------------------------------------------------    -------------------

Slack:                    inf
  Source:                 r_idx_reg[1]/C
                            (rising edge-triggered cell FDCE clocked by sys_clk_pin  {rise@0.000ns fall@5.000ns period=10.000ns})
  Destination:            o_an[0]
                            (output port)
  Path Group:             (none)
  Path Type:              Min at Fast Process Corner
  Data Path Delay:        2.307ns  (logic 1.500ns (65.026%)  route 0.807ns (34.974%))
  Logic Levels:           2  (LUT3=1 OBUF=1)
  Clock Uncertainty:      0.025ns  ((TSJ^2 + TIJ^2)^1/2 + DJ) / 2 + PE
    Total System Jitter     (TSJ):    0.050ns
    Total Input Jitter      (TIJ):    0.000ns
    Discrete Jitter          (DJ):    0.000ns
    Phase Error              (PE):    0.000ns

    Location             Delay type                Incr(ns)  Path(ns)    Netlist Resource(s)
  -------------------------------------------------------------------    -------------------
                         (clock sys_clk_pin rise edge)
                                                      0.000     0.000 r  
    E3                                                0.000     0.000 r  i_clk (IN)
                         net (fo=0)                   0.000     0.000    i_clk
    E3                   IBUF (Prop_ibuf_I_O)         0.257     0.257 r  i_clk_IBUF_inst/O
                         net (fo=1, routed)           0.631     0.888    i_clk_IBUF
    BUFGCTRL_X0Y16       BUFG (Prop_bufg_I_O)         0.026     0.914 r  i_clk_IBUF_BUFG_inst/O
                         net (fo=21, routed)          0.594     1.507    i_clk_IBUF_BUFG
    SLICE_X1Y37          FDCE                                         r  r_idx_reg[1]/C
  -------------------------------------------------------------------    -------------------
    SLICE_X1Y37          FDCE (Prop_fdce_C_Q)         0.141     1.648 r  r_idx_reg[1]/Q
                         net (fo=9, routed)           0.221     1.870    r_idx[1]
    SLICE_X1Y37          LUT3 (Prop_lut3_I1_O)        0.045     1.915 r  o_an_OBUF[0]_inst_i_1/O
                         net (fo=1, routed)           0.586     2.500    o_an_OBUF[0]
    J17                  OBUF (Prop_obuf_I_O)         1.314     3.815 r  o_an_OBUF[0]_inst/O
                         net (fo=0)                   0.000     3.815    o_an[0]
    J17                                                               r  o_an[0] (OUT)
  -------------------------------------------------------------------    -------------------

Slack:                    inf
  Source:                 r_idx_reg[1]/C
                            (rising edge-triggered cell FDCE clocked by sys_clk_pin  {rise@0.000ns fall@5.000ns period=10.000ns})
  Destination:            o_an[3]
                            (output port)
  Path Group:             (none)
  Path Type:              Min at Fast Process Corner
  Data Path Delay:        2.324ns  (logic 1.433ns (61.632%)  route 0.892ns (38.368%))
  Logic Levels:           2  (LUT3=1 OBUF=1)
  Clock Uncertainty:      0.025ns  ((TSJ^2 + TIJ^2)^1/2 + DJ) / 2 + PE
    Total System Jitter     (TSJ):    0.050ns
    Total Input Jitter      (TIJ):    0.000ns
    Discrete Jitter          (DJ):    0.000ns
    Phase Error              (PE):    0.000ns

    Location             Delay type                Incr(ns)  Path(ns)    Netlist Resource(s)
  -------------------------------------------------------------------    -------------------
                         (clock sys_clk_pin rise edge)
                                                      0.000     0.000 r  
    E3                                                0.000     0.000 r  i_clk (IN)
                         net (fo=0)                   0.000     0.000    i_clk
    E3                   IBUF (Prop_ibuf_I_O)         0.257     0.257 r  i_clk_IBUF_inst/O
                         net (fo=1, routed)           0.631     0.888    i_clk_IBUF
    BUFGCTRL_X0Y16       BUFG (Prop_bufg_I_O)         0.026     0.914 r  i_clk_IBUF_BUFG_inst/O
                         net (fo=21, routed)          0.594     1.507    i_clk_IBUF_BUFG
    SLICE_X1Y37          FDCE                                         r  r_idx_reg[1]/C
  -------------------------------------------------------------------    -------------------
    SLICE_X1Y37          FDCE (Prop_fdce_C_Q)         0.141     1.648 f  r_idx_reg[1]/Q
                         net (fo=9, routed)           0.221     1.870    r_idx[1]
    SLICE_X1Y37          LUT3 (Prop_lut3_I1_O)        0.045     1.915 r  o_an_OBUF[3]_inst_i_1/O
                         net (fo=1, routed)           0.670     2.585    o_an_OBUF[3]
    J14                  OBUF (Prop_obuf_I_O)         1.247     3.832 r  o_an_OBUF[3]_inst/O
                         net (fo=0)                   0.000     3.832    o_an[3]
    J14                                                               r  o_an[3] (OUT)
  -------------------------------------------------------------------    -------------------

Slack:                    inf
  Source:                 r_idx_reg[0]/C
                            (rising edge-triggered cell FDCE clocked by sys_clk_pin  {rise@0.000ns fall@5.000ns period=10.000ns})
  Destination:            o_ca[2]
                            (output port)
  Path Group:             (none)
  Path Type:              Min at Fast Process Corner
  Data Path Delay:        2.339ns  (logic 1.438ns (61.475%)  route 0.901ns (38.525%))
  Logic Levels:           3  (LUT5=1 LUT6=1 OBUF=1)
  Clock Uncertainty:      0.025ns  ((TSJ^2 + TIJ^2)^1/2 + DJ) / 2 + PE
    Total System Jitter     (TSJ):    0.050ns
    Total Input Jitter      (TIJ):    0.000ns
    Discrete Jitter          (DJ):    0.000ns
    Phase Error              (PE):    0.000ns

    Location             Delay type                Incr(ns)  Path(ns)    Netlist Resource(s)
  -------------------------------------------------------------------    -------------------
                         (clock sys_clk_pin rise edge)
                                                      0.000     0.000 r  
    E3                                                0.000     0.000 r  i_clk (IN)
                         net (fo=0)                   0.000     0.000    i_clk
    E3                   IBUF (Prop_ibuf_I_O)         0.257     0.257 r  i_clk_IBUF_inst/O
                         net (fo=1, routed)           0.631     0.888    i_clk_IBUF
    BUFGCTRL_X0Y16       BUFG (Prop_bufg_I_O)         0.026     0.914 r  i_clk_IBUF_BUFG_inst/O
                         net (fo=21, routed)          0.594     1.507    i_clk_IBUF_BUFG
    SLICE_X1Y37          FDCE                                         r  r_idx_reg[0]/C
  -------------------------------------------------------------------    -------------------
    SLICE_X1Y37          FDCE (Prop_fdce_C_Q)         0.141     1.648 r  r_idx_reg[0]/Q
                         net (fo=10, routed)          0.148     1.797    r_idx[0]
    SLICE_X1Y36          LUT6 (Prop_lut6_I3_O)        0.045     1.842 f  o_ca_OBUF[6]_inst_i_4/O
                         net (fo=7, routed)           0.228     2.070    o_ca_OBUF[6]_inst_i_4_n_0
    SLICE_X1Y35          LUT5 (Prop_lut5_I2_O)        0.045     2.115 r  o_ca_OBUF[2]_inst_i_1/O
                         net (fo=1, routed)           0.525     2.639    o_ca_OBUF[2]
    K16                  OBUF (Prop_obuf_I_O)         1.207     3.846 r  o_ca_OBUF[2]_inst/O
                         net (fo=0)                   0.000     3.846    o_ca[2]
    K16                                                               r  o_ca[2] (OUT)
  -------------------------------------------------------------------    -------------------

Slack:                    inf
  Source:                 r_idx_reg[1]/C
                            (rising edge-triggered cell FDCE clocked by sys_clk_pin  {rise@0.000ns fall@5.000ns period=10.000ns})
  Destination:            o_ca[4]
                            (output port)
  Path Group:             (none)
  Path Type:              Min at Fast Process Corner
  Data Path Delay:        2.475ns  (logic 1.450ns (58.578%)  route 1.025ns (41.422%))
  Logic Levels:           3  (LUT5=1 LUT6=1 OBUF=1)
  Clock Uncertainty:      0.025ns  ((TSJ^2 + TIJ^2)^1/2 + DJ) / 2 + PE
    Total System Jitter     (TSJ):    0.050ns
    Total Input Jitter      (TIJ):    0.000ns
    Discrete Jitter          (DJ):    0.000ns
    Phase Error              (PE):    0.000ns

    Location             Delay type                Incr(ns)  Path(ns)    Netlist Resource(s)
  -------------------------------------------------------------------    -------------------
                         (clock sys_clk_pin rise edge)
                                                      0.000     0.000 r  
    E3                                                0.000     0.000 r  i_clk (IN)
                         net (fo=0)                   0.000     0.000    i_clk
    E3                   IBUF (Prop_ibuf_I_O)         0.257     0.257 r  i_clk_IBUF_inst/O
                         net (fo=1, routed)           0.631     0.888    i_clk_IBUF
    BUFGCTRL_X0Y16       BUFG (Prop_bufg_I_O)         0.026     0.914 r  i_clk_IBUF_BUFG_inst/O
                         net (fo=21, routed)          0.594     1.507    i_clk_IBUF_BUFG
    SLICE_X1Y37          FDCE                                         r  r_idx_reg[1]/C
  -------------------------------------------------------------------    -------------------
    SLICE_X1Y37          FDCE (Prop_fdce_C_Q)         0.141     1.648 r  r_idx_reg[1]/Q
                         net (fo=9, routed)           0.313     1.961    r_idx[1]
    SLICE_X1Y34          LUT6 (Prop_lut6_I4_O)        0.045     2.006 r  o_ca_OBUF[6]_inst_i_3/O
                         net (fo=7, routed)           0.182     2.188    o_ca_OBUF[6]_inst_i_3_n_0
    SLICE_X1Y34          LUT5 (Prop_lut5_I3_O)        0.045     2.233 r  o_ca_OBUF[4]_inst_i_1/O
                         net (fo=1, routed)           0.531     2.764    o_ca_OBUF[4]
    P15                  OBUF (Prop_obuf_I_O)         1.219     3.982 r  o_ca_OBUF[4]_inst/O
                         net (fo=0)                   0.000     3.982    o_ca[4]
    P15                                                               r  o_ca[4] (OUT)
  -------------------------------------------------------------------    -------------------

Slack:                    inf
  Source:                 r_idx_reg[1]/C
                            (rising edge-triggered cell FDCE clocked by sys_clk_pin  {rise@0.000ns fall@5.000ns period=10.000ns})
  Destination:            o_an[2]
                            (output port)
  Path Group:             (none)
  Path Type:              Min at Fast Process Corner
  Data Path Delay:        2.602ns  (logic 1.496ns (57.475%)  route 1.107ns (42.525%))
  Logic Levels:           2  (LUT3=1 OBUF=1)
  Clock Uncertainty:      0.025ns  ((TSJ^2 + TIJ^2)^1/2 + DJ) / 2 + PE
    Total System Jitter     (TSJ):    0.050ns
    Total Input Jitter      (TIJ):    0.000ns
    Discrete Jitter          (DJ):    0.000ns
    Phase Error              (PE):    0.000ns

    Location             Delay type                Incr(ns)  Path(ns)    Netlist Resource(s)
  -------------------------------------------------------------------    -------------------
                         (clock sys_clk_pin rise edge)
                                                      0.000     0.000 r  
    E3                                                0.000     0.000 r  i_clk (IN)
                         net (fo=0)                   0.000     0.000    i_clk
    E3                   IBUF (Prop_ibuf_I_O)         0.257     0.257 r  i_clk_IBUF_inst/O
                         net (fo=1, routed)           0.631     0.888    i_clk_IBUF
    BUFGCTRL_X0Y16       BUFG (Prop_bufg_I_O)         0.026     0.914 r  i_clk_IBUF_BUFG_inst/O
                         net (fo=21, routed)          0.594     1.507    i_clk_IBUF_BUFG
    SLICE_X1Y37          FDCE                                         r  r_idx_reg[1]/C
  -------------------------------------------------------------------    -------------------
    SLICE_X1Y37          FDCE (Prop_fdce_C_Q)         0.141     1.648 f  r_idx_reg[1]/Q
                         net (fo=9, routed)           0.221     1.870    r_idx[1]
    SLICE_X1Y37          LUT3 (Prop_lut3_I2_O)        0.046     1.916 r  o_an_OBUF[2]_inst_i_1/O
                         net (fo=1, routed)           0.885     2.801    o_an_OBUF[2]
    T9                   OBUF (Prop_obuf_I_O)         1.309     4.110 r  o_an_OBUF[2]_inst/O
                         net (fo=0)                   0.000     4.110    o_an[2]
    T9                                                                r  o_an[2] (OUT)
  -------------------------------------------------------------------    -------------------

Slack:                    inf
  Source:                 r_idx_reg[0]/C
                            (rising edge-triggered cell FDCE clocked by sys_clk_pin  {rise@0.000ns fall@5.000ns period=10.000ns})
  Destination:            o_ca[3]
                            (output port)
  Path Group:             (none)
  Path Type:              Min at Fast Process Corner
  Data Path Delay:        2.670ns  (logic 1.526ns (57.169%)  route 1.144ns (42.831%))
  Logic Levels:           3  (LUT5=1 LUT6=1 OBUF=1)
  Clock Uncertainty:      0.025ns  ((TSJ^2 + TIJ^2)^1/2 + DJ) / 2 + PE
    Total System Jitter     (TSJ):    0.050ns
    Total Input Jitter      (TIJ):    0.000ns
    Discrete Jitter          (DJ):    0.000ns
    Phase Error              (PE):    0.000ns

    Location             Delay type                Incr(ns)  Path(ns)    Netlist Resource(s)
  -------------------------------------------------------------------    -------------------
                         (clock sys_clk_pin rise edge)
                                                      0.000     0.000 r  
    E3                                                0.000     0.000 r  i_clk (IN)
                         net (fo=0)                   0.000     0.000    i_clk
    E3                   IBUF (Prop_ibuf_I_O)         0.257     0.257 r  i_clk_IBUF_inst/O
                         net (fo=1, routed)           0.631     0.888    i_clk_IBUF
    BUFGCTRL_X0Y16       BUFG (Prop_bufg_I_O)         0.026     0.914 r  i_clk_IBUF_BUFG_inst/O
                         net (fo=21, routed)          0.594     1.507    i_clk_IBUF_BUFG
    SLICE_X1Y37          FDCE                                         r  r_idx_reg[0]/C
  -------------------------------------------------------------------    -------------------
    SLICE_X1Y37          FDCE (Prop_fdce_C_Q)         0.141     1.648 r  r_idx_reg[0]/Q
                         net (fo=10, routed)          0.148     1.797    r_idx[0]
    SLICE_X1Y36          LUT6 (Prop_lut6_I3_O)        0.045     1.842 r  o_ca_OBUF[6]_inst_i_4/O
                         net (fo=7, routed)           0.228     2.070    o_ca_OBUF[6]_inst_i_4_n_0
    SLICE_X1Y35          LUT5 (Prop_lut5_I3_O)        0.042     2.112 r  o_ca_OBUF[3]_inst_i_1/O
                         net (fo=1, routed)           0.767     2.879    o_ca_OBUF[3]
    K13                  OBUF (Prop_obuf_I_O)         1.298     4.177 r  o_ca_OBUF[3]_inst/O
                         net (fo=0)                   0.000     4.177    o_ca[3]
    K13                                                               r  o_ca[3] (OUT)
  -------------------------------------------------------------------    -------------------

Slack:                    inf
  Source:                 r_idx_reg[1]/C
                            (rising edge-triggered cell FDCE clocked by sys_clk_pin  {rise@0.000ns fall@5.000ns period=10.000ns})
  Destination:            o_ca[5]
                            (output port)
  Path Group:             (none)
  Path Type:              Min at Fast Process Corner
  Data Path Delay:        2.688ns  (logic 1.539ns (57.260%)  route 1.149ns (42.740%))
  Logic Levels:           3  (LUT5=1 LUT6=1 OBUF=1)
  Clock Uncertainty:      0.025ns  ((TSJ^2 + TIJ^2)^1/2 + DJ) / 2 + PE
    Total System Jitter     (TSJ):    0.050ns
    Total Input Jitter      (TIJ):    0.000ns
    Discrete Jitter          (DJ):    0.000ns
    Phase Error              (PE):    0.000ns

    Location             Delay type                Incr(ns)  Path(ns)    Netlist Resource(s)
  -------------------------------------------------------------------    -------------------
                         (clock sys_clk_pin rise edge)
                                                      0.000     0.000 r  
    E3                                                0.000     0.000 r  i_clk (IN)
                         net (fo=0)                   0.000     0.000    i_clk
    E3                   IBUF (Prop_ibuf_I_O)         0.257     0.257 r  i_clk_IBUF_inst/O
                         net (fo=1, routed)           0.631     0.888    i_clk_IBUF
    BUFGCTRL_X0Y16       BUFG (Prop_bufg_I_O)         0.026     0.914 r  i_clk_IBUF_BUFG_inst/O
                         net (fo=21, routed)          0.594     1.507    i_clk_IBUF_BUFG
    SLICE_X1Y37          FDCE                                         r  r_idx_reg[1]/C
  -------------------------------------------------------------------    -------------------
    SLICE_X1Y37          FDCE (Prop_fdce_C_Q)         0.141     1.648 r  r_idx_reg[1]/Q
                         net (fo=9, routed)           0.313     1.961    r_idx[1]
    SLICE_X1Y34          LUT6 (Prop_lut6_I4_O)        0.045     2.006 r  o_ca_OBUF[6]_inst_i_3/O
                         net (fo=7, routed)           0.182     2.188    o_ca_OBUF[6]_inst_i_3_n_0
    SLICE_X1Y34          LUT5 (Prop_lut5_I2_O)        0.049     2.237 r  o_ca_OBUF[5]_inst_i_1/O
                         net (fo=1, routed)           0.655     2.891    o_ca_OBUF[5]
    T11                  OBUF (Prop_obuf_I_O)         1.304     4.196 r  o_ca_OBUF[5]_inst/O
                         net (fo=0)                   0.000     4.196    o_ca[5]
    T11                                                               r  o_ca[5] (OUT)
  -------------------------------------------------------------------    -------------------

Slack:                    inf
  Source:                 r_idx_reg[1]/C
                            (rising edge-triggered cell FDCE clocked by sys_clk_pin  {rise@0.000ns fall@5.000ns period=10.000ns})
  Destination:            o_ca[1]
                            (output port)
  Path Group:             (none)
  Path Type:              Min at Fast Process Corner
  Data Path Delay:        2.825ns  (logic 1.467ns (51.950%)  route 1.357ns (48.050%))
  Logic Levels:           3  (LUT5=1 LUT6=1 OBUF=1)
  Clock Uncertainty:      0.025ns  ((TSJ^2 + TIJ^2)^1/2 + DJ) / 2 + PE
    Total System Jitter     (TSJ):    0.050ns
    Total Input Jitter      (TIJ):    0.000ns
    Discrete Jitter          (DJ):    0.000ns
    Phase Error              (PE):    0.000ns

    Location             Delay type                Incr(ns)  Path(ns)    Netlist Resource(s)
  -------------------------------------------------------------------    -------------------
                         (clock sys_clk_pin rise edge)
                                                      0.000     0.000 r  
    E3                                                0.000     0.000 r  i_clk (IN)
                         net (fo=0)                   0.000     0.000    i_clk
    E3                   IBUF (Prop_ibuf_I_O)         0.257     0.257 r  i_clk_IBUF_inst/O
                         net (fo=1, routed)           0.631     0.888    i_clk_IBUF
    BUFGCTRL_X0Y16       BUFG (Prop_bufg_I_O)         0.026     0.914 r  i_clk_IBUF_BUFG_inst/O
                         net (fo=21, routed)          0.594     1.507    i_clk_IBUF_BUFG
    SLICE_X1Y37          FDCE                                         r  r_idx_reg[1]/C
  -------------------------------------------------------------------    -------------------
    SLICE_X1Y37          FDCE (Prop_fdce_C_Q)         0.141     1.648 r  r_idx_reg[1]/Q
                         net (fo=9, routed)           0.313     1.961    r_idx[1]
    SLICE_X1Y34          LUT6 (Prop_lut6_I4_O)        0.045     2.006 r  o_ca_OBUF[6]_inst_i_3/O
                         net (fo=7, routed)           0.181     2.187    o_ca_OBUF[6]_inst_i_3_n_0
    SLICE_X1Y34          LUT5 (Prop_lut5_I2_O)        0.045     2.232 r  o_ca_OBUF[1]_inst_i_1/O
                         net (fo=1, routed)           0.864     3.096    o_ca_OBUF[1]
    R10                  OBUF (Prop_obuf_I_O)         1.236     4.332 r  o_ca_OBUF[1]_inst/O
                         net (fo=0)                   0.000     4.332    o_ca[1]
    R10                                                               r  o_ca[1] (OUT)
  -------------------------------------------------------------------    -------------------





--------------------------------------------------------------------------------------
Path Group:  (none)
From Clock:  
  To Clock:  sys_clk_pin

Max Delay            21 Endpoints
Min Delay            21 Endpoints
--------------------------------------------------------------------------------------


Max Delay Paths
--------------------------------------------------------------------------------------
Slack:                    inf
  Source:                 i_rst_n
                            (input port)
  Destination:            r_cnt_reg[16]/CLR
                            (recovery check against rising-edge clock sys_clk_pin  {rise@0.000ns fall@5.000ns period=10.000ns})
  Path Group:             (none)
  Path Type:              Recovery (Max at Slow Process Corner)
  Data Path Delay:        6.660ns  (logic 1.658ns (24.891%)  route 5.003ns (75.109%))
  Logic Levels:           2  (IBUF=1 LUT1=1)
  Clock Path Skew:        4.890ns (DCD - SCD + CPR)
    Destination Clock Delay (DCD):    4.890ns
    Source Clock Delay      (SCD):    0.000ns
    Clock Pessimism Removal (CPR):    0.000ns
  Clock Uncertainty:      0.025ns  ((TSJ^2 + TIJ^2)^1/2 + DJ) / 2 + PE
    Total System Jitter     (TSJ):    0.050ns
    Total Input Jitter      (TIJ):    0.000ns
    Discrete Jitter          (DJ):    0.000ns
    Phase Error              (PE):    0.000ns

    Location             Delay type                Incr(ns)  Path(ns)    Netlist Resource(s)
  -------------------------------------------------------------------    -------------------
    C12                                               0.000     0.000 r  i_rst_n (IN)
                         net (fo=0)                   0.000     0.000    i_rst_n
    C12                  IBUF (Prop_ibuf_I_O)         1.506     1.506 r  i_rst_n_IBUF_inst/O
                         net (fo=12, routed)          3.646     5.151    i_rst_n_IBUF
    SLICE_X1Y35          LUT1 (Prop_lut1_I0_O)        0.152     5.303 f  r_idx[1]_i_2/O
                         net (fo=21, routed)          1.357     6.660    r_idx[1]_i_2_n_0
    SLICE_X0Y37          FDCE                                         f  r_cnt_reg[16]/CLR
  -------------------------------------------------------------------    -------------------

                         (clock sys_clk_pin rise edge)
                                                      0.000     0.000 r  
    E3                                                0.000     0.000 r  i_clk (IN)
                         net (fo=0)                   0.000     0.000    i_clk
    E3                   IBUF (Prop_ibuf_I_O)         1.418     1.418 r  i_clk_IBUF_inst/O
                         net (fo=1, routed)           1.862     3.280    i_clk_IBUF
    BUFGCTRL_X0Y16       BUFG (Prop_bufg_I_O)         0.091     3.371 r  i_clk_IBUF_BUFG_inst/O
                         net (fo=21, routed)          1.518     4.890    i_clk_IBUF_BUFG
    SLICE_X0Y37          FDCE                                         r  r_cnt_reg[16]/C

Slack:                    inf
  Source:                 i_rst_n
                            (input port)
  Destination:            r_cnt_reg[17]/CLR
                            (recovery check against rising-edge clock sys_clk_pin  {rise@0.000ns fall@5.000ns period=10.000ns})
  Path Group:             (none)
  Path Type:              Recovery (Max at Slow Process Corner)
  Data Path Delay:        6.660ns  (logic 1.658ns (24.891%)  route 5.003ns (75.109%))
  Logic Levels:           2  (IBUF=1 LUT1=1)
  Clock Path Skew:        4.890ns (DCD - SCD + CPR)
    Destination Clock Delay (DCD):    4.890ns
    Source Clock Delay      (SCD):    0.000ns
    Clock Pessimism Removal (CPR):    0.000ns
  Clock Uncertainty:      0.025ns  ((TSJ^2 + TIJ^2)^1/2 + DJ) / 2 + PE
    Total System Jitter     (TSJ):    0.050ns
    Total Input Jitter      (TIJ):    0.000ns
    Discrete Jitter          (DJ):    0.000ns
    Phase Error              (PE):    0.000ns

    Location             Delay type                Incr(ns)  Path(ns)    Netlist Resource(s)
  -------------------------------------------------------------------    -------------------
    C12                                               0.000     0.000 r  i_rst_n (IN)
                         net (fo=0)                   0.000     0.000    i_rst_n
    C12                  IBUF (Prop_ibuf_I_O)         1.506     1.506 r  i_rst_n_IBUF_inst/O
                         net (fo=12, routed)          3.646     5.151    i_rst_n_IBUF
    SLICE_X1Y35          LUT1 (Prop_lut1_I0_O)        0.152     5.303 f  r_idx[1]_i_2/O
                         net (fo=21, routed)          1.357     6.660    r_idx[1]_i_2_n_0
    SLICE_X0Y37          FDCE                                         f  r_cnt_reg[17]/CLR
  -------------------------------------------------------------------    -------------------

                         (clock sys_clk_pin rise edge)
                                                      0.000     0.000 r  
    E3                                                0.000     0.000 r  i_clk (IN)
                         net (fo=0)                   0.000     0.000    i_clk
    E3                   IBUF (Prop_ibuf_I_O)         1.418     1.418 r  i_clk_IBUF_inst/O
                         net (fo=1, routed)           1.862     3.280    i_clk_IBUF
    BUFGCTRL_X0Y16       BUFG (Prop_bufg_I_O)         0.091     3.371 r  i_clk_IBUF_BUFG_inst/O
                         net (fo=21, routed)          1.518     4.890    i_clk_IBUF_BUFG
    SLICE_X0Y37          FDCE                                         r  r_cnt_reg[17]/C

Slack:                    inf
  Source:                 i_rst_n
                            (input port)
  Destination:            r_cnt_reg[18]/CLR
                            (recovery check against rising-edge clock sys_clk_pin  {rise@0.000ns fall@5.000ns period=10.000ns})
  Path Group:             (none)
  Path Type:              Recovery (Max at Slow Process Corner)
  Data Path Delay:        6.660ns  (logic 1.658ns (24.891%)  route 5.003ns (75.109%))
  Logic Levels:           2  (IBUF=1 LUT1=1)
  Clock Path Skew:        4.890ns (DCD - SCD + CPR)
    Destination Clock Delay (DCD):    4.890ns
    Source Clock Delay      (SCD):    0.000ns
    Clock Pessimism Removal (CPR):    0.000ns
  Clock Uncertainty:      0.025ns  ((TSJ^2 + TIJ^2)^1/2 + DJ) / 2 + PE
    Total System Jitter     (TSJ):    0.050ns
    Total Input Jitter      (TIJ):    0.000ns
    Discrete Jitter          (DJ):    0.000ns
    Phase Error              (PE):    0.000ns

    Location             Delay type                Incr(ns)  Path(ns)    Netlist Resource(s)
  -------------------------------------------------------------------    -------------------
    C12                                               0.000     0.000 r  i_rst_n (IN)
                         net (fo=0)                   0.000     0.000    i_rst_n
    C12                  IBUF (Prop_ibuf_I_O)         1.506     1.506 r  i_rst_n_IBUF_inst/O
                         net (fo=12, routed)          3.646     5.151    i_rst_n_IBUF
    SLICE_X1Y35          LUT1 (Prop_lut1_I0_O)        0.152     5.303 f  r_idx[1]_i_2/O
                         net (fo=21, routed)          1.357     6.660    r_idx[1]_i_2_n_0
    SLICE_X0Y37          FDCE                                         f  r_cnt_reg[18]/CLR
  -------------------------------------------------------------------    -------------------

                         (clock sys_clk_pin rise edge)
                                                      0.000     0.000 r  
    E3                                                0.000     0.000 r  i_clk (IN)
                         net (fo=0)                   0.000     0.000    i_clk
    E3                   IBUF (Prop_ibuf_I_O)         1.418     1.418 r  i_clk_IBUF_inst/O
                         net (fo=1, routed)           1.862     3.280    i_clk_IBUF
    BUFGCTRL_X0Y16       BUFG (Prop_bufg_I_O)         0.091     3.371 r  i_clk_IBUF_BUFG_inst/O
                         net (fo=21, routed)          1.518     4.890    i_clk_IBUF_BUFG
    SLICE_X0Y37          FDCE                                         r  r_cnt_reg[18]/C

Slack:                    inf
  Source:                 i_rst_n
                            (input port)
  Destination:            r_idx_reg[0]/CLR
                            (recovery check against rising-edge clock sys_clk_pin  {rise@0.000ns fall@5.000ns period=10.000ns})
  Path Group:             (none)
  Path Type:              Recovery (Max at Slow Process Corner)
  Data Path Delay:        6.656ns  (logic 1.658ns (24.907%)  route 4.998ns (75.093%))
  Logic Levels:           2  (IBUF=1 LUT1=1)
  Clock Path Skew:        4.890ns (DCD - SCD + CPR)
    Destination Clock Delay (DCD):    4.890ns
    Source Clock Delay      (SCD):    0.000ns
    Clock Pessimism Removal (CPR):    0.000ns
  Clock Uncertainty:      0.025ns  ((TSJ^2 + TIJ^2)^1/2 + DJ) / 2 + PE
    Total System Jitter     (TSJ):    0.050ns
    Total Input Jitter      (TIJ):    0.000ns
    Discrete Jitter          (DJ):    0.000ns
    Phase Error              (PE):    0.000ns

    Location             Delay type                Incr(ns)  Path(ns)    Netlist Resource(s)
  -------------------------------------------------------------------    -------------------
    C12                                               0.000     0.000 r  i_rst_n (IN)
                         net (fo=0)                   0.000     0.000    i_rst_n
    C12                  IBUF (Prop_ibuf_I_O)         1.506     1.506 r  i_rst_n_IBUF_inst/O
                         net (fo=12, routed)          3.646     5.151    i_rst_n_IBUF
    SLICE_X1Y35          LUT1 (Prop_lut1_I0_O)        0.152     5.303 f  r_idx[1]_i_2/O
                         net (fo=21, routed)          1.353     6.656    r_idx[1]_i_2_n_0
    SLICE_X1Y37          FDCE                                         f  r_idx_reg[0]/CLR
  -------------------------------------------------------------------    -------------------

                         (clock sys_clk_pin rise edge)
                                                      0.000     0.000 r  
    E3                                                0.000     0.000 r  i_clk (IN)
                         net (fo=0)                   0.000     0.000    i_clk
    E3                   IBUF (Prop_ibuf_I_O)         1.418     1.418 r  i_clk_IBUF_inst/O
                         net (fo=1, routed)           1.862     3.280    i_clk_IBUF
    BUFGCTRL_X0Y16       BUFG (Prop_bufg_I_O)         0.091     3.371 r  i_clk_IBUF_BUFG_inst/O
                         net (fo=21, routed)          1.518     4.890    i_clk_IBUF_BUFG
    SLICE_X1Y37          FDCE                                         r  r_idx_reg[0]/C

Slack:                    inf
  Source:                 i_rst_n
                            (input port)
  Destination:            r_idx_reg[1]/CLR
                            (recovery check against rising-edge clock sys_clk_pin  {rise@0.000ns fall@5.000ns period=10.000ns})
  Path Group:             (none)
  Path Type:              Recovery (Max at Slow Process Corner)
  Data Path Delay:        6.656ns  (logic 1.658ns (24.907%)  route 4.998ns (75.093%))
  Logic Levels:           2  (IBUF=1 LUT1=1)
  Clock Path Skew:        4.890ns (DCD - SCD + CPR)
    Destination Clock Delay (DCD):    4.890ns
    Source Clock Delay      (SCD):    0.000ns
    Clock Pessimism Removal (CPR):    0.000ns
  Clock Uncertainty:      0.025ns  ((TSJ^2 + TIJ^2)^1/2 + DJ) / 2 + PE
    Total System Jitter     (TSJ):    0.050ns
    Total Input Jitter      (TIJ):    0.000ns
    Discrete Jitter          (DJ):    0.000ns
    Phase Error              (PE):    0.000ns

    Location             Delay type                Incr(ns)  Path(ns)    Netlist Resource(s)
  -------------------------------------------------------------------    -------------------
    C12                                               0.000     0.000 r  i_rst_n (IN)
                         net (fo=0)                   0.000     0.000    i_rst_n
    C12                  IBUF (Prop_ibuf_I_O)         1.506     1.506 r  i_rst_n_IBUF_inst/O
                         net (fo=12, routed)          3.646     5.151    i_rst_n_IBUF
    SLICE_X1Y35          LUT1 (Prop_lut1_I0_O)        0.152     5.303 f  r_idx[1]_i_2/O
                         net (fo=21, routed)          1.353     6.656    r_idx[1]_i_2_n_0
    SLICE_X1Y37          FDCE                                         f  r_idx_reg[1]/CLR
  -------------------------------------------------------------------    -------------------

                         (clock sys_clk_pin rise edge)
                                                      0.000     0.000 r  
    E3                                                0.000     0.000 r  i_clk (IN)
                         net (fo=0)                   0.000     0.000    i_clk
    E3                   IBUF (Prop_ibuf_I_O)         1.418     1.418 r  i_clk_IBUF_inst/O
                         net (fo=1, routed)           1.862     3.280    i_clk_IBUF
    BUFGCTRL_X0Y16       BUFG (Prop_bufg_I_O)         0.091     3.371 r  i_clk_IBUF_BUFG_inst/O
                         net (fo=21, routed)          1.518     4.890    i_clk_IBUF_BUFG
    SLICE_X1Y37          FDCE                                         r  r_idx_reg[1]/C

Slack:                    inf
  Source:                 i_rst_n
                            (input port)
  Destination:            r_cnt_reg[0]/CLR
                            (recovery check against rising-edge clock sys_clk_pin  {rise@0.000ns fall@5.000ns period=10.000ns})
  Path Group:             (none)
  Path Type:              Recovery (Max at Slow Process Corner)
  Data Path Delay:        6.446ns  (logic 1.658ns (25.721%)  route 4.788ns (74.279%))
  Logic Levels:           2  (IBUF=1 LUT1=1)
  Clock Path Skew:        4.887ns (DCD - SCD + CPR)
    Destination Clock Delay (DCD):    4.887ns
    Source Clock Delay      (SCD):    0.000ns
    Clock Pessimism Removal (CPR):    0.000ns
  Clock Uncertainty:      0.025ns  ((TSJ^2 + TIJ^2)^1/2 + DJ) / 2 + PE
    Total System Jitter     (TSJ):    0.050ns
    Total Input Jitter      (TIJ):    0.000ns
    Discrete Jitter          (DJ):    0.000ns
    Phase Error              (PE):    0.000ns

    Location             Delay type                Incr(ns)  Path(ns)    Netlist Resource(s)
  -------------------------------------------------------------------    -------------------
    C12                                               0.000     0.000 r  i_rst_n (IN)
                         net (fo=0)                   0.000     0.000    i_rst_n
    C12                  IBUF (Prop_ibuf_I_O)         1.506     1.506 r  i_rst_n_IBUF_inst/O
                         net (fo=12, routed)          3.646     5.151    i_rst_n_IBUF
    SLICE_X1Y35          LUT1 (Prop_lut1_I0_O)        0.152     5.303 f  r_idx[1]_i_2/O
                         net (fo=21, routed)          1.142     6.446    r_idx[1]_i_2_n_0
    SLICE_X0Y33          FDCE                                         f  r_cnt_reg[0]/CLR
  -------------------------------------------------------------------    -------------------

                         (clock sys_clk_pin rise edge)
                                                      0.000     0.000 r  
    E3                                                0.000     0.000 r  i_clk (IN)
                         net (fo=0)                   0.000     0.000    i_clk
    E3                   IBUF (Prop_ibuf_I_O)         1.418     1.418 r  i_clk_IBUF_inst/O
                         net (fo=1, routed)           1.862     3.280    i_clk_IBUF
    BUFGCTRL_X0Y16       BUFG (Prop_bufg_I_O)         0.091     3.371 r  i_clk_IBUF_BUFG_inst/O
                         net (fo=21, routed)          1.515     4.887    i_clk_IBUF_BUFG
    SLICE_X0Y33          FDCE                                         r  r_cnt_reg[0]/C

Slack:                    inf
  Source:                 i_rst_n
                            (input port)
  Destination:            r_cnt_reg[1]/CLR
                            (recovery check against rising-edge clock sys_clk_pin  {rise@0.000ns fall@5.000ns period=10.000ns})
  Path Group:             (none)
  Path Type:              Recovery (Max at Slow Process Corner)
  Data Path Delay:        6.446ns  (logic 1.658ns (25.721%)  route 4.788ns (74.279%))
  Logic Levels:           2  (IBUF=1 LUT1=1)
  Clock Path Skew:        4.887ns (DCD - SCD + CPR)
    Destination Clock Delay (DCD):    4.887ns
    Source Clock Delay      (SCD):    0.000ns
    Clock Pessimism Removal (CPR):    0.000ns
  Clock Uncertainty:      0.025ns  ((TSJ^2 + TIJ^2)^1/2 + DJ) / 2 + PE
    Total System Jitter     (TSJ):    0.050ns
    Total Input Jitter      (TIJ):    0.000ns
    Discrete Jitter          (DJ):    0.000ns
    Phase Error              (PE):    0.000ns

    Location             Delay type                Incr(ns)  Path(ns)    Netlist Resource(s)
  -------------------------------------------------------------------    -------------------
    C12                                               0.000     0.000 r  i_rst_n (IN)
                         net (fo=0)                   0.000     0.000    i_rst_n
    C12                  IBUF (Prop_ibuf_I_O)         1.506     1.506 r  i_rst_n_IBUF_inst/O
                         net (fo=12, routed)          3.646     5.151    i_rst_n_IBUF
    SLICE_X1Y35          LUT1 (Prop_lut1_I0_O)        0.152     5.303 f  r_idx[1]_i_2/O
                         net (fo=21, routed)          1.142     6.446    r_idx[1]_i_2_n_0
    SLICE_X0Y33          FDCE                                         f  r_cnt_reg[1]/CLR
  -------------------------------------------------------------------    -------------------

                         (clock sys_clk_pin rise edge)
                                                      0.000     0.000 r  
    E3                                                0.000     0.000 r  i_clk (IN)
                         net (fo=0)                   0.000     0.000    i_clk
    E3                   IBUF (Prop_ibuf_I_O)         1.418     1.418 r  i_clk_IBUF_inst/O
                         net (fo=1, routed)           1.862     3.280    i_clk_IBUF
    BUFGCTRL_X0Y16       BUFG (Prop_bufg_I_O)         0.091     3.371 r  i_clk_IBUF_BUFG_inst/O
                         net (fo=21, routed)          1.515     4.887    i_clk_IBUF_BUFG
    SLICE_X0Y33          FDCE                                         r  r_cnt_reg[1]/C

Slack:                    inf
  Source:                 i_rst_n
                            (input port)
  Destination:            r_cnt_reg[2]/CLR
                            (recovery check against rising-edge clock sys_clk_pin  {rise@0.000ns fall@5.000ns period=10.000ns})
  Path Group:             (none)
  Path Type:              Recovery (Max at Slow Process Corner)
  Data Path Delay:        6.446ns  (logic 1.658ns (25.721%)  route 4.788ns (74.279%))
  Logic Levels:           2  (IBUF=1 LUT1=1)
  Clock Path Skew:        4.887ns (DCD - SCD + CPR)
    Destination Clock Delay (DCD):    4.887ns
    Source Clock Delay      (SCD):    0.000ns
    Clock Pessimism Removal (CPR):    0.000ns
  Clock Uncertainty:      0.025ns  ((TSJ^2 + TIJ^2)^1/2 + DJ) / 2 + PE
    Total System Jitter     (TSJ):    0.050ns
    Total Input Jitter      (TIJ):    0.000ns
    Discrete Jitter          (DJ):    0.000ns
    Phase Error              (PE):    0.000ns

    Location             Delay type                Incr(ns)  Path(ns)    Netlist Resource(s)
  -------------------------------------------------------------------    -------------------
    C12                                               0.000     0.000 r  i_rst_n (IN)
                         net (fo=0)                   0.000     0.000    i_rst_n
    C12                  IBUF (Prop_ibuf_I_O)         1.506     1.506 r  i_rst_n_IBUF_inst/O
                         net (fo=12, routed)          3.646     5.151    i_rst_n_IBUF
    SLICE_X1Y35          LUT1 (Prop_lut1_I0_O)        0.152     5.303 f  r_idx[1]_i_2/O
                         net (fo=21, routed)          1.142     6.446    r_idx[1]_i_2_n_0
    SLICE_X0Y33          FDCE                                         f  r_cnt_reg[2]/CLR
  -------------------------------------------------------------------    -------------------

                         (clock sys_clk_pin rise edge)
                                                      0.000     0.000 r  
    E3                                                0.000     0.000 r  i_clk (IN)
                         net (fo=0)                   0.000     0.000    i_clk
    E3                   IBUF (Prop_ibuf_I_O)         1.418     1.418 r  i_clk_IBUF_inst/O
                         net (fo=1, routed)           1.862     3.280    i_clk_IBUF
    BUFGCTRL_X0Y16       BUFG (Prop_bufg_I_O)         0.091     3.371 r  i_clk_IBUF_BUFG_inst/O
                         net (fo=21, routed)          1.515     4.887    i_clk_IBUF_BUFG
    SLICE_X0Y33          FDCE                                         r  r_cnt_reg[2]/C

Slack:                    inf
  Source:                 i_rst_n
                            (input port)
  Destination:            r_cnt_reg[3]/CLR
                            (recovery check against rising-edge clock sys_clk_pin  {rise@0.000ns fall@5.000ns period=10.000ns})
  Path Group:             (none)
  Path Type:              Recovery (Max at Slow Process Corner)
  Data Path Delay:        6.446ns  (logic 1.658ns (25.721%)  route 4.788ns (74.279%))
  Logic Levels:           2  (IBUF=1 LUT1=1)
  Clock Path Skew:        4.887ns (DCD - SCD + CPR)
    Destination Clock Delay (DCD):    4.887ns
    Source Clock Delay      (SCD):    0.000ns
    Clock Pessimism Removal (CPR):    0.000ns
  Clock Uncertainty:      0.025ns  ((TSJ^2 + TIJ^2)^1/2 + DJ) / 2 + PE
    Total System Jitter     (TSJ):    0.050ns
    Total Input Jitter      (TIJ):    0.000ns
    Discrete Jitter          (DJ):    0.000ns
    Phase Error              (PE):    0.000ns

    Location             Delay type                Incr(ns)  Path(ns)    Netlist Resource(s)
  -------------------------------------------------------------------    -------------------
    C12                                               0.000     0.000 r  i_rst_n (IN)
                         net (fo=0)                   0.000     0.000    i_rst_n
    C12                  IBUF (Prop_ibuf_I_O)         1.506     1.506 r  i_rst_n_IBUF_inst/O
                         net (fo=12, routed)          3.646     5.151    i_rst_n_IBUF
    SLICE_X1Y35          LUT1 (Prop_lut1_I0_O)        0.152     5.303 f  r_idx[1]_i_2/O
                         net (fo=21, routed)          1.142     6.446    r_idx[1]_i_2_n_0
    SLICE_X0Y33          FDCE                                         f  r_cnt_reg[3]/CLR
  -------------------------------------------------------------------    -------------------

                         (clock sys_clk_pin rise edge)
                                                      0.000     0.000 r  
    E3                                                0.000     0.000 r  i_clk (IN)
                         net (fo=0)                   0.000     0.000    i_clk
    E3                   IBUF (Prop_ibuf_I_O)         1.418     1.418 r  i_clk_IBUF_inst/O
                         net (fo=1, routed)           1.862     3.280    i_clk_IBUF
    BUFGCTRL_X0Y16       BUFG (Prop_bufg_I_O)         0.091     3.371 r  i_clk_IBUF_BUFG_inst/O
                         net (fo=21, routed)          1.515     4.887    i_clk_IBUF_BUFG
    SLICE_X0Y33          FDCE                                         r  r_cnt_reg[3]/C

Slack:                    inf
  Source:                 i_rst_n
                            (input port)
  Destination:            r_cnt_reg[4]/CLR
                            (recovery check against rising-edge clock sys_clk_pin  {rise@0.000ns fall@5.000ns period=10.000ns})
  Path Group:             (none)
  Path Type:              Recovery (Max at Slow Process Corner)
  Data Path Delay:        6.021ns  (logic 1.658ns (27.533%)  route 4.363ns (72.467%))
  Logic Levels:           2  (IBUF=1 LUT1=1)
  Clock Path Skew:        4.888ns (DCD - SCD + CPR)
    Destination Clock Delay (DCD):    4.888ns
    Source Clock Delay      (SCD):    0.000ns
    Clock Pessimism Removal (CPR):    0.000ns
  Clock Uncertainty:      0.025ns  ((TSJ^2 + TIJ^2)^1/2 + DJ) / 2 + PE
    Total System Jitter     (TSJ):    0.050ns
    Total Input Jitter      (TIJ):    0.000ns
    Discrete Jitter          (DJ):    0.000ns
    Phase Error              (PE):    0.000ns

    Location             Delay type                Incr(ns)  Path(ns)    Netlist Resource(s)
  -------------------------------------------------------------------    -------------------
    C12                                               0.000     0.000 r  i_rst_n (IN)
                         net (fo=0)                   0.000     0.000    i_rst_n
    C12                  IBUF (Prop_ibuf_I_O)         1.506     1.506 r  i_rst_n_IBUF_inst/O
                         net (fo=12, routed)          3.646     5.151    i_rst_n_IBUF
    SLICE_X1Y35          LUT1 (Prop_lut1_I0_O)        0.152     5.303 f  r_idx[1]_i_2/O
                         net (fo=21, routed)          0.718     6.021    r_idx[1]_i_2_n_0
    SLICE_X0Y34          FDCE                                         f  r_cnt_reg[4]/CLR
  -------------------------------------------------------------------    -------------------

                         (clock sys_clk_pin rise edge)
                                                      0.000     0.000 r  
    E3                                                0.000     0.000 r  i_clk (IN)
                         net (fo=0)                   0.000     0.000    i_clk
    E3                   IBUF (Prop_ibuf_I_O)         1.418     1.418 r  i_clk_IBUF_inst/O
                         net (fo=1, routed)           1.862     3.280    i_clk_IBUF
    BUFGCTRL_X0Y16       BUFG (Prop_bufg_I_O)         0.091     3.371 r  i_clk_IBUF_BUFG_inst/O
                         net (fo=21, routed)          1.516     4.888    i_clk_IBUF_BUFG
    SLICE_X0Y34          FDCE                                         r  r_cnt_reg[4]/C





Min Delay Paths
--------------------------------------------------------------------------------------
Slack:                    inf
  Source:                 i_rst_n
                            (input port)
  Destination:            r_cnt_reg[10]/CLR
                            (removal check against rising-edge clock sys_clk_pin  {rise@0.000ns fall@5.000ns period=10.000ns})
  Path Group:             (none)
  Path Type:              Removal (Min at Fast Process Corner)
  Data Path Delay:        2.071ns  (logic 0.316ns (15.280%)  route 1.755ns (84.720%))
  Logic Levels:           2  (IBUF=1 LUT1=1)
  Clock Path Skew:        2.021ns (DCD - SCD - CPR)
    Destination Clock Delay (DCD):    2.021ns
    Source Clock Delay      (SCD):    0.000ns
    Clock Pessimism Removal (CPR):    -0.000ns

    Location             Delay type                Incr(ns)  Path(ns)    Netlist Resource(s)
  -------------------------------------------------------------------    -------------------
    C12                                               0.000     0.000 r  i_rst_n (IN)
                         net (fo=0)                   0.000     0.000    i_rst_n
    C12                  IBUF (Prop_ibuf_I_O)         0.273     0.273 r  i_rst_n_IBUF_inst/O
                         net (fo=12, routed)          1.596     1.869    i_rst_n_IBUF
    SLICE_X1Y35          LUT1 (Prop_lut1_I0_O)        0.043     1.912 f  r_idx[1]_i_2/O
                         net (fo=21, routed)          0.159     2.071    r_idx[1]_i_2_n_0
    SLICE_X0Y35          FDCE                                         f  r_cnt_reg[10]/CLR
  -------------------------------------------------------------------    -------------------

                         (clock sys_clk_pin rise edge)
                                                      0.000     0.000 r  
    E3                                                0.000     0.000 r  i_clk (IN)
                         net (fo=0)                   0.000     0.000    i_clk
    E3                   IBUF (Prop_ibuf_I_O)         0.445     0.445 r  i_clk_IBUF_inst/O
                         net (fo=1, routed)           0.685     1.129    i_clk_IBUF
    BUFGCTRL_X0Y16       BUFG (Prop_bufg_I_O)         0.029     1.158 r  i_clk_IBUF_BUFG_inst/O
                         net (fo=21, routed)          0.863     2.021    i_clk_IBUF_BUFG
    SLICE_X0Y35          FDCE                                         r  r_cnt_reg[10]/C

Slack:                    inf
  Source:                 i_rst_n
                            (input port)
  Destination:            r_cnt_reg[11]/CLR
                            (removal check against rising-edge clock sys_clk_pin  {rise@0.000ns fall@5.000ns period=10.000ns})
  Path Group:             (none)
  Path Type:              Removal (Min at Fast Process Corner)
  Data Path Delay:        2.071ns  (logic 0.316ns (15.280%)  route 1.755ns (84.720%))
  Logic Levels:           2  (IBUF=1 LUT1=1)
  Clock Path Skew:        2.021ns (DCD - SCD - CPR)
    Destination Clock Delay (DCD):    2.021ns
    Source Clock Delay      (SCD):    0.000ns
    Clock Pessimism Removal (CPR):    -0.000ns

    Location             Delay type                Incr(ns)  Path(ns)    Netlist Resource(s)
  -------------------------------------------------------------------    -------------------
    C12                                               0.000     0.000 r  i_rst_n (IN)
                         net (fo=0)                   0.000     0.000    i_rst_n
    C12                  IBUF (Prop_ibuf_I_O)         0.273     0.273 r  i_rst_n_IBUF_inst/O
                         net (fo=12, routed)          1.596     1.869    i_rst_n_IBUF
    SLICE_X1Y35          LUT1 (Prop_lut1_I0_O)        0.043     1.912 f  r_idx[1]_i_2/O
                         net (fo=21, routed)          0.159     2.071    r_idx[1]_i_2_n_0
    SLICE_X0Y35          FDCE                                         f  r_cnt_reg[11]/CLR
  -------------------------------------------------------------------    -------------------

                         (clock sys_clk_pin rise edge)
                                                      0.000     0.000 r  
    E3                                                0.000     0.000 r  i_clk (IN)
                         net (fo=0)                   0.000     0.000    i_clk
    E3                   IBUF (Prop_ibuf_I_O)         0.445     0.445 r  i_clk_IBUF_inst/O
                         net (fo=1, routed)           0.685     1.129    i_clk_IBUF
    BUFGCTRL_X0Y16       BUFG (Prop_bufg_I_O)         0.029     1.158 r  i_clk_IBUF_BUFG_inst/O
                         net (fo=21, routed)          0.863     2.021    i_clk_IBUF_BUFG
    SLICE_X0Y35          FDCE                                         r  r_cnt_reg[11]/C

Slack:                    inf
  Source:                 i_rst_n
                            (input port)
  Destination:            r_cnt_reg[8]/CLR
                            (removal check against rising-edge clock sys_clk_pin  {rise@0.000ns fall@5.000ns period=10.000ns})
  Path Group:             (none)
  Path Type:              Removal (Min at Fast Process Corner)
  Data Path Delay:        2.071ns  (logic 0.316ns (15.280%)  route 1.755ns (84.720%))
  Logic Levels:           2  (IBUF=1 LUT1=1)
  Clock Path Skew:        2.021ns (DCD - SCD - CPR)
    Destination Clock Delay (DCD):    2.021ns
    Source Clock Delay      (SCD):    0.000ns
    Clock Pessimism Removal (CPR):    -0.000ns

    Location             Delay type                Incr(ns)  Path(ns)    Netlist Resource(s)
  -------------------------------------------------------------------    -------------------
    C12                                               0.000     0.000 r  i_rst_n (IN)
                         net (fo=0)                   0.000     0.000    i_rst_n
    C12                  IBUF (Prop_ibuf_I_O)         0.273     0.273 r  i_rst_n_IBUF_inst/O
                         net (fo=12, routed)          1.596     1.869    i_rst_n_IBUF
    SLICE_X1Y35          LUT1 (Prop_lut1_I0_O)        0.043     1.912 f  r_idx[1]_i_2/O
                         net (fo=21, routed)          0.159     2.071    r_idx[1]_i_2_n_0
    SLICE_X0Y35          FDCE                                         f  r_cnt_reg[8]/CLR
  -------------------------------------------------------------------    -------------------

                         (clock sys_clk_pin rise edge)
                                                      0.000     0.000 r  
    E3                                                0.000     0.000 r  i_clk (IN)
                         net (fo=0)                   0.000     0.000    i_clk
    E3                   IBUF (Prop_ibuf_I_O)         0.445     0.445 r  i_clk_IBUF_inst/O
                         net (fo=1, routed)           0.685     1.129    i_clk_IBUF
    BUFGCTRL_X0Y16       BUFG (Prop_bufg_I_O)         0.029     1.158 r  i_clk_IBUF_BUFG_inst/O
                         net (fo=21, routed)          0.863     2.021    i_clk_IBUF_BUFG
    SLICE_X0Y35          FDCE                                         r  r_cnt_reg[8]/C

Slack:                    inf
  Source:                 i_rst_n
                            (input port)
  Destination:            r_cnt_reg[9]/CLR
                            (removal check against rising-edge clock sys_clk_pin  {rise@0.000ns fall@5.000ns period=10.000ns})
  Path Group:             (none)
  Path Type:              Removal (Min at Fast Process Corner)
  Data Path Delay:        2.071ns  (logic 0.316ns (15.280%)  route 1.755ns (84.720%))
  Logic Levels:           2  (IBUF=1 LUT1=1)
  Clock Path Skew:        2.021ns (DCD - SCD - CPR)
    Destination Clock Delay (DCD):    2.021ns
    Source Clock Delay      (SCD):    0.000ns
    Clock Pessimism Removal (CPR):    -0.000ns

    Location             Delay type                Incr(ns)  Path(ns)    Netlist Resource(s)
  -------------------------------------------------------------------    -------------------
    C12                                               0.000     0.000 r  i_rst_n (IN)
                         net (fo=0)                   0.000     0.000    i_rst_n
    C12                  IBUF (Prop_ibuf_I_O)         0.273     0.273 r  i_rst_n_IBUF_inst/O
                         net (fo=12, routed)          1.596     1.869    i_rst_n_IBUF
    SLICE_X1Y35          LUT1 (Prop_lut1_I0_O)        0.043     1.912 f  r_idx[1]_i_2/O
                         net (fo=21, routed)          0.159     2.071    r_idx[1]_i_2_n_0
    SLICE_X0Y35          FDCE                                         f  r_cnt_reg[9]/CLR
  -------------------------------------------------------------------    -------------------

                         (clock sys_clk_pin rise edge)
                                                      0.000     0.000 r  
    E3                                                0.000     0.000 r  i_clk (IN)
                         net (fo=0)                   0.000     0.000    i_clk
    E3                   IBUF (Prop_ibuf_I_O)         0.445     0.445 r  i_clk_IBUF_inst/O
                         net (fo=1, routed)           0.685     1.129    i_clk_IBUF
    BUFGCTRL_X0Y16       BUFG (Prop_bufg_I_O)         0.029     1.158 r  i_clk_IBUF_BUFG_inst/O
                         net (fo=21, routed)          0.863     2.021    i_clk_IBUF_BUFG
    SLICE_X0Y35          FDCE                                         r  r_cnt_reg[9]/C

Slack:                    inf
  Source:                 i_rst_n
                            (input port)
  Destination:            r_cnt_reg[12]/CLR
                            (removal check against rising-edge clock sys_clk_pin  {rise@0.000ns fall@5.000ns period=10.000ns})
  Path Group:             (none)
  Path Type:              Removal (Min at Fast Process Corner)
  Data Path Delay:        2.126ns  (logic 0.316ns (14.885%)  route 1.809ns (85.115%))
  Logic Levels:           2  (IBUF=1 LUT1=1)
  Clock Path Skew:        2.021ns (DCD - SCD - CPR)
    Destination Clock Delay (DCD):    2.021ns
    Source Clock Delay      (SCD):    0.000ns
    Clock Pessimism Removal (CPR):    -0.000ns

    Location             Delay type                Incr(ns)  Path(ns)    Netlist Resource(s)
  -------------------------------------------------------------------    -------------------
    C12                                               0.000     0.000 r  i_rst_n (IN)
                         net (fo=0)                   0.000     0.000    i_rst_n
    C12                  IBUF (Prop_ibuf_I_O)         0.273     0.273 r  i_rst_n_IBUF_inst/O
                         net (fo=12, routed)          1.596     1.869    i_rst_n_IBUF
    SLICE_X1Y35          LUT1 (Prop_lut1_I0_O)        0.043     1.912 f  r_idx[1]_i_2/O
                         net (fo=21, routed)          0.214     2.126    r_idx[1]_i_2_n_0
    SLICE_X0Y36          FDCE                                         f  r_cnt_reg[12]/CLR
  -------------------------------------------------------------------    -------------------

                         (clock sys_clk_pin rise edge)
                                                      0.000     0.000 r  
    E3                                                0.000     0.000 r  i_clk (IN)
                         net (fo=0)                   0.000     0.000    i_clk
    E3                   IBUF (Prop_ibuf_I_O)         0.445     0.445 r  i_clk_IBUF_inst/O
                         net (fo=1, routed)           0.685     1.129    i_clk_IBUF
    BUFGCTRL_X0Y16       BUFG (Prop_bufg_I_O)         0.029     1.158 r  i_clk_IBUF_BUFG_inst/O
                         net (fo=21, routed)          0.863     2.021    i_clk_IBUF_BUFG
    SLICE_X0Y36          FDCE                                         r  r_cnt_reg[12]/C

Slack:                    inf
  Source:                 i_rst_n
                            (input port)
  Destination:            r_cnt_reg[13]/CLR
                            (removal check against rising-edge clock sys_clk_pin  {rise@0.000ns fall@5.000ns period=10.000ns})
  Path Group:             (none)
  Path Type:              Removal (Min at Fast Process Corner)
  Data Path Delay:        2.126ns  (logic 0.316ns (14.885%)  route 1.809ns (85.115%))
  Logic Levels:           2  (IBUF=1 LUT1=1)
  Clock Path Skew:        2.021ns (DCD - SCD - CPR)
    Destination Clock Delay (DCD):    2.021ns
    Source Clock Delay      (SCD):    0.000ns
    Clock Pessimism Removal (CPR):    -0.000ns

    Location             Delay type                Incr(ns)  Path(ns)    Netlist Resource(s)
  -------------------------------------------------------------------    -------------------
    C12                                               0.000     0.000 r  i_rst_n (IN)
                         net (fo=0)                   0.000     0.000    i_rst_n
    C12                  IBUF (Prop_ibuf_I_O)         0.273     0.273 r  i_rst_n_IBUF_inst/O
                         net (fo=12, routed)          1.596     1.869    i_rst_n_IBUF
    SLICE_X1Y35          LUT1 (Prop_lut1_I0_O)        0.043     1.912 f  r_idx[1]_i_2/O
                         net (fo=21, routed)          0.214     2.126    r_idx[1]_i_2_n_0
    SLICE_X0Y36          FDCE                                         f  r_cnt_reg[13]/CLR
  -------------------------------------------------------------------    -------------------

                         (clock sys_clk_pin rise edge)
                                                      0.000     0.000 r  
    E3                                                0.000     0.000 r  i_clk (IN)
                         net (fo=0)                   0.000     0.000    i_clk
    E3                   IBUF (Prop_ibuf_I_O)         0.445     0.445 r  i_clk_IBUF_inst/O
                         net (fo=1, routed)           0.685     1.129    i_clk_IBUF
    BUFGCTRL_X0Y16       BUFG (Prop_bufg_I_O)         0.029     1.158 r  i_clk_IBUF_BUFG_inst/O
                         net (fo=21, routed)          0.863     2.021    i_clk_IBUF_BUFG
    SLICE_X0Y36          FDCE                                         r  r_cnt_reg[13]/C

Slack:                    inf
  Source:                 i_rst_n
                            (input port)
  Destination:            r_cnt_reg[14]/CLR
                            (removal check against rising-edge clock sys_clk_pin  {rise@0.000ns fall@5.000ns period=10.000ns})
  Path Group:             (none)
  Path Type:              Removal (Min at Fast Process Corner)
  Data Path Delay:        2.126ns  (logic 0.316ns (14.885%)  route 1.809ns (85.115%))
  Logic Levels:           2  (IBUF=1 LUT1=1)
  Clock Path Skew:        2.021ns (DCD - SCD - CPR)
    Destination Clock Delay (DCD):    2.021ns
    Source Clock Delay      (SCD):    0.000ns
    Clock Pessimism Removal (CPR):    -0.000ns

    Location             Delay type                Incr(ns)  Path(ns)    Netlist Resource(s)
  -------------------------------------------------------------------    -------------------
    C12                                               0.000     0.000 r  i_rst_n (IN)
                         net (fo=0)                   0.000     0.000    i_rst_n
    C12                  IBUF (Prop_ibuf_I_O)         0.273     0.273 r  i_rst_n_IBUF_inst/O
                         net (fo=12, routed)          1.596     1.869    i_rst_n_IBUF
    SLICE_X1Y35          LUT1 (Prop_lut1_I0_O)        0.043     1.912 f  r_idx[1]_i_2/O
                         net (fo=21, routed)          0.214     2.126    r_idx[1]_i_2_n_0
    SLICE_X0Y36          FDCE                                         f  r_cnt_reg[14]/CLR
  -------------------------------------------------------------------    -------------------

                         (clock sys_clk_pin rise edge)
                                                      0.000     0.000 r  
    E3                                                0.000     0.000 r  i_clk (IN)
                         net (fo=0)                   0.000     0.000    i_clk
    E3                   IBUF (Prop_ibuf_I_O)         0.445     0.445 r  i_clk_IBUF_inst/O
                         net (fo=1, routed)           0.685     1.129    i_clk_IBUF
    BUFGCTRL_X0Y16       BUFG (Prop_bufg_I_O)         0.029     1.158 r  i_clk_IBUF_BUFG_inst/O
                         net (fo=21, routed)          0.863     2.021    i_clk_IBUF_BUFG
    SLICE_X0Y36          FDCE                                         r  r_cnt_reg[14]/C

Slack:                    inf
  Source:                 i_rst_n
                            (input port)
  Destination:            r_cnt_reg[15]/CLR
                            (removal check against rising-edge clock sys_clk_pin  {rise@0.000ns fall@5.000ns period=10.000ns})
  Path Group:             (none)
  Path Type:              Removal (Min at Fast Process Corner)
  Data Path Delay:        2.126ns  (logic 0.316ns (14.885%)  route 1.809ns (85.115%))
  Logic Levels:           2  (IBUF=1 LUT1=1)
  Clock Path Skew:        2.021ns (DCD - SCD - CPR)
    Destination Clock Delay (DCD):    2.021ns
    Source Clock Delay      (SCD):    0.000ns
    Clock Pessimism Removal (CPR):    -0.000ns

    Location             Delay type                Incr(ns)  Path(ns)    Netlist Resource(s)
  -------------------------------------------------------------------    -------------------
    C12                                               0.000     0.000 r  i_rst_n (IN)
                         net (fo=0)                   0.000     0.000    i_rst_n
    C12                  IBUF (Prop_ibuf_I_O)         0.273     0.273 r  i_rst_n_IBUF_inst/O
                         net (fo=12, routed)          1.596     1.869    i_rst_n_IBUF
    SLICE_X1Y35          LUT1 (Prop_lut1_I0_O)        0.043     1.912 f  r_idx[1]_i_2/O
                         net (fo=21, routed)          0.214     2.126    r_idx[1]_i_2_n_0
    SLICE_X0Y36          FDCE                                         f  r_cnt_reg[15]/CLR
  -------------------------------------------------------------------    -------------------

                         (clock sys_clk_pin rise edge)
                                                      0.000     0.000 r  
    E3                                                0.000     0.000 r  i_clk (IN)
                         net (fo=0)                   0.000     0.000    i_clk
    E3                   IBUF (Prop_ibuf_I_O)         0.445     0.445 r  i_clk_IBUF_inst/O
                         net (fo=1, routed)           0.685     1.129    i_clk_IBUF
    BUFGCTRL_X0Y16       BUFG (Prop_bufg_I_O)         0.029     1.158 r  i_clk_IBUF_BUFG_inst/O
                         net (fo=21, routed)          0.863     2.021    i_clk_IBUF_BUFG
    SLICE_X0Y36          FDCE                                         r  r_cnt_reg[15]/C

Slack:                    inf
  Source:                 i_rst_n
                            (input port)
  Destination:            r_cnt_reg[4]/CLR
                            (removal check against rising-edge clock sys_clk_pin  {rise@0.000ns fall@5.000ns period=10.000ns})
  Path Group:             (none)
  Path Type:              Removal (Min at Fast Process Corner)
  Data Path Delay:        2.168ns  (logic 0.316ns (14.597%)  route 1.851ns (85.403%))
  Logic Levels:           2  (IBUF=1 LUT1=1)
  Clock Path Skew:        2.020ns (DCD - SCD - CPR)
    Destination Clock Delay (DCD):    2.020ns
    Source Clock Delay      (SCD):    0.000ns
    Clock Pessimism Removal (CPR):    -0.000ns

    Location             Delay type                Incr(ns)  Path(ns)    Netlist Resource(s)
  -------------------------------------------------------------------    -------------------
    C12                                               0.000     0.000 r  i_rst_n (IN)
                         net (fo=0)                   0.000     0.000    i_rst_n
    C12                  IBUF (Prop_ibuf_I_O)         0.273     0.273 r  i_rst_n_IBUF_inst/O
                         net (fo=12, routed)          1.596     1.869    i_rst_n_IBUF
    SLICE_X1Y35          LUT1 (Prop_lut1_I0_O)        0.043     1.912 f  r_idx[1]_i_2/O
                         net (fo=21, routed)          0.256     2.168    r_idx[1]_i_2_n_0
    SLICE_X0Y34          FDCE                                         f  r_cnt_reg[4]/CLR
  -------------------------------------------------------------------    -------------------

                         (clock sys_clk_pin rise edge)
                                                      0.000     0.000 r  
    E3                                                0.000     0.000 r  i_clk (IN)
                         net (fo=0)                   0.000     0.000    i_clk
    E3                   IBUF (Prop_ibuf_I_O)         0.445     0.445 r  i_clk_IBUF_inst/O
                         net (fo=1, routed)           0.685     1.129    i_clk_IBUF
    BUFGCTRL_X0Y16       BUFG (Prop_bufg_I_O)         0.029     1.158 r  i_clk_IBUF_BUFG_inst/O
                         net (fo=21, routed)          0.862     2.020    i_clk_IBUF_BUFG
    SLICE_X0Y34          FDCE                                         r  r_cnt_reg[4]/C

Slack:                    inf
  Source:                 i_rst_n
                            (input port)
  Destination:            r_cnt_reg[5]/CLR
                            (removal check against rising-edge clock sys_clk_pin  {rise@0.000ns fall@5.000ns period=10.000ns})
  Path Group:             (none)
  Path Type:              Removal (Min at Fast Process Corner)
  Data Path Delay:        2.168ns  (logic 0.316ns (14.597%)  route 1.851ns (85.403%))
  Logic Levels:           2  (IBUF=1 LUT1=1)
  Clock Path Skew:        2.020ns (DCD - SCD - CPR)
    Destination Clock Delay (DCD):    2.020ns
    Source Clock Delay      (SCD):    0.000ns
    Clock Pessimism Removal (CPR):    -0.000ns

    Location             Delay type                Incr(ns)  Path(ns)    Netlist Resource(s)
  -------------------------------------------------------------------    -------------------
    C12                                               0.000     0.000 r  i_rst_n (IN)
                         net (fo=0)                   0.000     0.000    i_rst_n
    C12                  IBUF (Prop_ibuf_I_O)         0.273     0.273 r  i_rst_n_IBUF_inst/O
                         net (fo=12, routed)          1.596     1.869    i_rst_n_IBUF
    SLICE_X1Y35          LUT1 (Prop_lut1_I0_O)        0.043     1.912 f  r_idx[1]_i_2/O
                         net (fo=21, routed)          0.256     2.168    r_idx[1]_i_2_n_0
    SLICE_X0Y34          FDCE                                         f  r_cnt_reg[5]/CLR
  -------------------------------------------------------------------    -------------------

                         (clock sys_clk_pin rise edge)
                                                      0.000     0.000 r  
    E3                                                0.000     0.000 r  i_clk (IN)
                         net (fo=0)                   0.000     0.000    i_clk
    E3                   IBUF (Prop_ibuf_I_O)         0.445     0.445 r  i_clk_IBUF_inst/O
                         net (fo=1, routed)           0.685     1.129    i_clk_IBUF
    BUFGCTRL_X0Y16       BUFG (Prop_bufg_I_O)         0.029     1.158 r  i_clk_IBUF_BUFG_inst/O
                         net (fo=21, routed)          0.862     2.020    i_clk_IBUF_BUFG
    SLICE_X0Y34          FDCE                                         r  r_cnt_reg[5]/C





