Copyright 1986-2022 Xilinx, Inc. All Rights Reserved.
------------------------------------------------------------------------------------------------------------------------------------------------------------------------------------------------------------------------------------
| Tool Version : Vivado v.2022.1 (win64) Build 3526262 Mon Apr 18 15:48:16 MDT 2022
| Date         : Fri May 22 14:44:59 2026
| Host         : BOOK-PI4T4K8H7V running 64-bit major release  (build 9200)
| Command      : report_timing_summary -max_paths 10 -report_unconstrained -file Stopwatch_Top_timing_summary_routed.rpt -pb Stopwatch_Top_timing_summary_routed.pb -rpx Stopwatch_Top_timing_summary_routed.rpx -warn_on_violation
| Design       : Stopwatch_Top
| Device       : 7z007s-clg400
| Speed File   : -1  PRODUCTION 1.12 2019-11-22
------------------------------------------------------------------------------------------------------------------------------------------------------------------------------------------------------------------------------------

Timing Summary Report

------------------------------------------------------------------------------------------------
| Timer Settings
| --------------
------------------------------------------------------------------------------------------------

  Enable Multi Corner Analysis               :  Yes
  Enable Pessimism Removal                   :  Yes
  Pessimism Removal Resolution               :  Nearest Common Node
  Enable Input Delay Default Clock           :  No
  Enable Preset / Clear Arcs                 :  No
  Disable Flight Delays                      :  No
  Ignore I/O Paths                           :  No
  Timing Early Launch at Borrowing Latches   :  No
  Borrow Time for Max Delay Exceptions       :  Yes
  Merge Timing Exceptions                    :  Yes

  Corner  Analyze    Analyze    
  Name    Max Paths  Min Paths  
  ------  ---------  ---------  
  Slow    Yes        Yes        
  Fast    Yes        Yes        


------------------------------------------------------------------------------------------------
| Report Methodology
| ------------------
------------------------------------------------------------------------------------------------

Rule       Severity  Description                    Violations  
---------  --------  -----------------------------  ----------  
TIMING-18  Warning   Missing input or output delay  20          

Note: This report is based on the most recent report_methodology run and may not be up-to-date. Run report_methodology on the current design for the latest report.



check_timing report

Table of Contents
-----------------
1. checking no_clock (0)
2. checking constant_clock (0)
3. checking pulse_width_clock (0)
4. checking unconstrained_internal_endpoints (0)
5. checking no_input_delay (4)
6. checking no_output_delay (16)
7. checking multiple_clock (0)
8. checking generated_clocks (0)
9. checking loops (0)
10. checking partial_input_delay (0)
11. checking partial_output_delay (0)
12. checking latch_loops (0)

1. checking no_clock (0)
------------------------
 There are 0 register/latch pins with no clock.


2. checking constant_clock (0)
------------------------------
 There are 0 register/latch pins with constant_clock.


3. checking pulse_width_clock (0)
---------------------------------
 There are 0 register/latch pins which need pulse_width check


4. checking unconstrained_internal_endpoints (0)
------------------------------------------------
 There are 0 pins that are not constrained for maximum delay.

 There are 0 pins that are not constrained for maximum delay due to constant clock.


5. checking no_input_delay (4)
------------------------------
 There are 4 input ports with no input delay specified. (HIGH)

 There are 0 input ports with no input delay but user has a false path constraint.


6. checking no_output_delay (16)
--------------------------------
 There are 16 ports with no output delay specified. (HIGH)

 There are 0 ports with no output delay but user has a false path constraint

 There are 0 ports with no output delay but with a timing clock defined on it or propagating through it


7. checking multiple_clock (0)
------------------------------
 There are 0 register/latch pins with multiple clocks.


8. checking generated_clocks (0)
--------------------------------
 There are 0 generated clocks that are not connected to a clock source.


9. checking loops (0)
---------------------
 There are 0 combinational loops in the design.


10. checking partial_input_delay (0)
------------------------------------
 There are 0 input ports with partial input delay specified.


11. checking partial_output_delay (0)
-------------------------------------
 There are 0 ports with partial output delay specified.


12. checking latch_loops (0)
----------------------------
 There are 0 combinational latch loops in the design through latch input



------------------------------------------------------------------------------------------------
| Design Timing Summary
| ---------------------
------------------------------------------------------------------------------------------------

    WNS(ns)      TNS(ns)  TNS Failing Endpoints  TNS Total Endpoints      WHS(ns)      THS(ns)  THS Failing Endpoints  THS Total Endpoints     WPWS(ns)     TPWS(ns)  TPWS Failing Endpoints  TPWS Total Endpoints  
    -------      -------  ---------------------  -------------------      -------      -------  ---------------------  -------------------     --------     --------  ----------------------  --------------------  
      3.757        0.000                      0                 1884        0.041        0.000                      0                 1884        4.020        0.000                       0                   899  


All user specified timing constraints are met.


------------------------------------------------------------------------------------------------
| Clock Summary
| -------------
------------------------------------------------------------------------------------------------

Clock       Waveform(ns)         Period(ns)      Frequency(MHz)
-----       ------------         ----------      --------------
clk_fpga_0  {0.000 5.000}        10.000          100.000         
clk_fpga_1  {0.000 3.438}        6.875           145.455         


------------------------------------------------------------------------------------------------
| Intra Clock Table
| -----------------
------------------------------------------------------------------------------------------------

Clock             WNS(ns)      TNS(ns)  TNS Failing Endpoints  TNS Total Endpoints      WHS(ns)      THS(ns)  THS Failing Endpoints  THS Total Endpoints     WPWS(ns)     TPWS(ns)  TPWS Failing Endpoints  TPWS Total Endpoints  
-----             -------      -------  ---------------------  -------------------      -------      -------  ---------------------  -------------------     --------     --------  ----------------------  --------------------  
clk_fpga_0          3.757        0.000                      0                 1884        0.041        0.000                      0                 1884        4.020        0.000                       0                   899  


------------------------------------------------------------------------------------------------
| Inter Clock Table
| -----------------
------------------------------------------------------------------------------------------------

From Clock    To Clock          WNS(ns)      TNS(ns)  TNS Failing Endpoints  TNS Total Endpoints      WHS(ns)      THS(ns)  THS Failing Endpoints  THS Total Endpoints  
----------    --------          -------      -------  ---------------------  -------------------      -------      -------  ---------------------  -------------------  


------------------------------------------------------------------------------------------------
| Other Path Groups Table
| -----------------------
------------------------------------------------------------------------------------------------

Path Group    From Clock    To Clock          WNS(ns)      TNS(ns)  TNS Failing Endpoints  TNS Total Endpoints      WHS(ns)      THS(ns)  THS Failing Endpoints  THS Total Endpoints  
----------    ----------    --------          -------      -------  ---------------------  -------------------      -------      -------  ---------------------  -------------------  


------------------------------------------------------------------------------------------------
| User Ignored Path Table
| -----------------------
------------------------------------------------------------------------------------------------

Path Group    From Clock    To Clock    
----------    ----------    --------    
(none)                      clk_fpga_0    


------------------------------------------------------------------------------------------------
| Unconstrained Path Table
| ------------------------
------------------------------------------------------------------------------------------------

Path Group    From Clock    To Clock    
----------    ----------    --------    
(none)        clk_fpga_0                  
(none)                      clk_fpga_0    


------------------------------------------------------------------------------------------------
| Timing Details
| --------------
------------------------------------------------------------------------------------------------


---------------------------------------------------------------------------------------------------
From Clock:  clk_fpga_0
  To Clock:  clk_fpga_0

Setup :            0  Failing Endpoints,  Worst Slack        3.757ns,  Total Violation        0.000ns
Hold  :            0  Failing Endpoints,  Worst Slack        0.041ns,  Total Violation        0.000ns
PW    :            0  Failing Endpoints,  Worst Slack        4.020ns,  Total Violation        0.000ns
---------------------------------------------------------------------------------------------------


Max Delay Paths
--------------------------------------------------------------------------------------
Slack (MET) :             3.757ns  (required time - arrival time)
  Source:                 u_week11_wrapper/week11_i/ps7_0_axi_periph/s00_couplers/auto_pc/inst/gen_axilite.gen_b2s_conv.axilite_b2s/SI_REG/aw.aw_pipe/m_payload_i_reg[39]/C
                            (rising edge-triggered cell FDRE clocked by clk_fpga_0  {rise@0.000ns fall@5.000ns period=10.000ns})
  Destination:            u_week11_wrapper/week11_i/ps7_0_axi_periph/s00_couplers/auto_pc/inst/gen_axilite.gen_b2s_conv.axilite_b2s/WR.aw_channel_0/cmd_translator_0/incr_cmd_0/axaddr_incr_reg[6]/D
                            (rising edge-triggered cell FDRE clocked by clk_fpga_0  {rise@0.000ns fall@5.000ns period=10.000ns})
  Path Group:             clk_fpga_0
  Path Type:              Setup (Max at Slow Process Corner)
  Requirement:            10.000ns  (clk_fpga_0 rise@10.000ns - clk_fpga_0 rise@0.000ns)
  Data Path Delay:        6.005ns  (logic 2.464ns (41.035%)  route 3.541ns (58.965%))
  Logic Levels:           7  (CARRY4=2 LUT3=3 LUT4=1 LUT6=1)
  Clock Path Skew:        -0.160ns (DCD - SCD + CPR)
    Destination Clock Delay (DCD):    3.266ns = ( 13.266 - 10.000 ) 
    Source Clock Delay      (SCD):    3.707ns
    Clock Pessimism Removal (CPR):    0.282ns
  Clock Uncertainty:      0.154ns  ((TSJ^2 + TIJ^2)^1/2 + DJ) / 2 + PE
    Total System Jitter     (TSJ):    0.071ns
    Total Input Jitter      (TIJ):    0.300ns
    Discrete Jitter          (DJ):    0.000ns
    Phase Error              (PE):    0.000ns

    Location             Delay type                Incr(ns)  Path(ns)    Netlist Resource(s)
  -------------------------------------------------------------------    -------------------
                         (clock clk_fpga_0 rise edge)
                                                      0.000     0.000 r  
    PS7_X0Y0             PS7                          0.000     0.000 r  u_week11_wrapper/week11_i/processing_system7_0/inst/PS7_i/FCLKCLK[0]
                         net (fo=1, routed)           1.938     1.938    u_week11_wrapper/week11_i/processing_system7_0/inst/FCLK_CLK_unbuffered[0]
    BUFGCTRL_X0Y16       BUFG (Prop_bufg_I_O)         0.101     2.039 r  u_week11_wrapper/week11_i/processing_system7_0/inst/buffer_fclk_clk_0.FCLK_CLK_0_BUFG/O
                         net (fo=900, routed)         1.668     3.707    u_week11_wrapper/week11_i/ps7_0_axi_periph/s00_couplers/auto_pc/inst/gen_axilite.gen_b2s_conv.axilite_b2s/SI_REG/aw.aw_pipe/aclk
    SLICE_X7Y50          FDRE                                         r  u_week11_wrapper/week11_i/ps7_0_axi_periph/s00_couplers/auto_pc/inst/gen_axilite.gen_b2s_conv.axilite_b2s/SI_REG/aw.aw_pipe/m_payload_i_reg[39]/C
  -------------------------------------------------------------------    -------------------
    SLICE_X7Y50          FDRE (Prop_fdre_C_Q)         0.419     4.126 r  u_week11_wrapper/week11_i/ps7_0_axi_periph/s00_couplers/auto_pc/inst/gen_axilite.gen_b2s_conv.axilite_b2s/SI_REG/aw.aw_pipe/m_payload_i_reg[39]/Q
                         net (fo=12, routed)          0.839     4.965    u_week11_wrapper/week11_i/ps7_0_axi_periph/s00_couplers/auto_pc/inst/gen_axilite.gen_b2s_conv.axilite_b2s/WR.aw_channel_0/cmd_translator_0/axlen_cnt_reg[3][11]
    SLICE_X10Y46         LUT3 (Prop_lut3_I1_O)        0.321     5.286 f  u_week11_wrapper/week11_i/ps7_0_axi_periph/s00_couplers/auto_pc/inst/gen_axilite.gen_b2s_conv.axilite_b2s/WR.aw_channel_0/cmd_translator_0/FSM_sequential_state[1]_i_2/O
                         net (fo=3, routed)           0.335     5.621    u_week11_wrapper/week11_i/ps7_0_axi_periph/s00_couplers/auto_pc/inst/gen_axilite.gen_b2s_conv.axilite_b2s/WR.aw_channel_0/aw_cmd_fsm_0/FSM_sequential_state_reg[1]_0
    SLICE_X10Y47         LUT6 (Prop_lut6_I3_O)        0.355     5.976 r  u_week11_wrapper/week11_i/ps7_0_axi_periph/s00_couplers/auto_pc/inst/gen_axilite.gen_b2s_conv.axilite_b2s/WR.aw_channel_0/aw_cmd_fsm_0/memory_reg[3][0]_srl4_i_1/O
                         net (fo=30, routed)          0.669     6.645    u_week11_wrapper/week11_i/ps7_0_axi_periph/s00_couplers/auto_pc/inst/gen_axilite.gen_b2s_conv.axilite_b2s/WR.aw_channel_0/aw_cmd_fsm_0/m_axi_awready_0
    SLICE_X10Y48         LUT3 (Prop_lut3_I2_O)        0.124     6.769 r  u_week11_wrapper/week11_i/ps7_0_axi_periph/s00_couplers/auto_pc/inst/gen_axilite.gen_b2s_conv.axilite_b2s/WR.aw_channel_0/aw_cmd_fsm_0/next_pending_r_i_3/O
                         net (fo=19, routed)          0.884     7.653    u_week11_wrapper/week11_i/ps7_0_axi_periph/s00_couplers/auto_pc/inst/gen_axilite.gen_b2s_conv.axilite_b2s/WR.aw_channel_0/cmd_translator_0/incr_cmd_0/next
    SLICE_X9Y41          LUT4 (Prop_lut4_I3_O)        0.124     7.777 r  u_week11_wrapper/week11_i/ps7_0_axi_periph/s00_couplers/auto_pc/inst/gen_axilite.gen_b2s_conv.axilite_b2s/WR.aw_channel_0/cmd_translator_0/incr_cmd_0/axaddr_incr[3]_i_9/O
                         net (fo=1, routed)           0.000     7.777    u_week11_wrapper/week11_i/ps7_0_axi_periph/s00_couplers/auto_pc/inst/gen_axilite.gen_b2s_conv.axilite_b2s/SI_REG/aw.aw_pipe/axaddr_incr_reg[3][1]
    SLICE_X9Y41          CARRY4 (Prop_carry4_S[1]_CO[3])
                                                      0.550     8.327 r  u_week11_wrapper/week11_i/ps7_0_axi_periph/s00_couplers/auto_pc/inst/gen_axilite.gen_b2s_conv.axilite_b2s/SI_REG/aw.aw_pipe/axaddr_incr_reg[3]_i_2/CO[3]
                         net (fo=1, routed)           0.000     8.327    u_week11_wrapper/week11_i/ps7_0_axi_periph/s00_couplers/auto_pc/inst/gen_axilite.gen_b2s_conv.axilite_b2s/SI_REG/aw.aw_pipe/axaddr_incr_reg[3]_i_2_n_0
    SLICE_X9Y42          CARRY4 (Prop_carry4_CI_O[2])
                                                      0.239     8.566 r  u_week11_wrapper/week11_i/ps7_0_axi_periph/s00_couplers/auto_pc/inst/gen_axilite.gen_b2s_conv.axilite_b2s/SI_REG/aw.aw_pipe/axaddr_incr_reg[7]_i_2/O[2]
                         net (fo=1, routed)           0.814     9.380    u_week11_wrapper/week11_i/ps7_0_axi_periph/s00_couplers/auto_pc/inst/gen_axilite.gen_b2s_conv.axilite_b2s/WR.aw_channel_0/cmd_translator_0/incr_cmd_0/axaddr_incr[6]
    SLICE_X9Y40          LUT3 (Prop_lut3_I0_O)        0.332     9.712 r  u_week11_wrapper/week11_i/ps7_0_axi_periph/s00_couplers/auto_pc/inst/gen_axilite.gen_b2s_conv.axilite_b2s/WR.aw_channel_0/cmd_translator_0/incr_cmd_0/axaddr_incr[6]_i_1/O
                         net (fo=1, routed)           0.000     9.712    u_week11_wrapper/week11_i/ps7_0_axi_periph/s00_couplers/auto_pc/inst/gen_axilite.gen_b2s_conv.axilite_b2s/WR.aw_channel_0/cmd_translator_0/incr_cmd_0/p_1_in[6]
    SLICE_X9Y40          FDRE                                         r  u_week11_wrapper/week11_i/ps7_0_axi_periph/s00_couplers/auto_pc/inst/gen_axilite.gen_b2s_conv.axilite_b2s/WR.aw_channel_0/cmd_translator_0/incr_cmd_0/axaddr_incr_reg[6]/D
  -------------------------------------------------------------------    -------------------

                         (clock clk_fpga_0 rise edge)
                                                     10.000    10.000 r  
    PS7_X0Y0             PS7                          0.000    10.000 r  u_week11_wrapper/week11_i/processing_system7_0/inst/PS7_i/FCLKCLK[0]
                         net (fo=1, routed)           1.666    11.666    u_week11_wrapper/week11_i/processing_system7_0/inst/FCLK_CLK_unbuffered[0]
    BUFGCTRL_X0Y16       BUFG (Prop_bufg_I_O)         0.091    11.757 r  u_week11_wrapper/week11_i/processing_system7_0/inst/buffer_fclk_clk_0.FCLK_CLK_0_BUFG/O
                         net (fo=900, routed)         1.508    13.266    u_week11_wrapper/week11_i/ps7_0_axi_periph/s00_couplers/auto_pc/inst/gen_axilite.gen_b2s_conv.axilite_b2s/WR.aw_channel_0/cmd_translator_0/incr_cmd_0/aclk
    SLICE_X9Y40          FDRE                                         r  u_week11_wrapper/week11_i/ps7_0_axi_periph/s00_couplers/auto_pc/inst/gen_axilite.gen_b2s_conv.axilite_b2s/WR.aw_channel_0/cmd_translator_0/incr_cmd_0/axaddr_incr_reg[6]/C
                         clock pessimism              0.282    13.548    
                         clock uncertainty           -0.154    13.394    
    SLICE_X9Y40          FDRE (Setup_fdre_C_D)        0.075    13.469    u_week11_wrapper/week11_i/ps7_0_axi_periph/s00_couplers/auto_pc/inst/gen_axilite.gen_b2s_conv.axilite_b2s/WR.aw_channel_0/cmd_translator_0/incr_cmd_0/axaddr_incr_reg[6]
  -------------------------------------------------------------------
                         required time                         13.469    
                         arrival time                          -9.712    
  -------------------------------------------------------------------
                         slack                                  3.757    

Slack (MET) :             3.766ns  (required time - arrival time)
  Source:                 u_week11_wrapper/week11_i/ps7_0_axi_periph/s00_couplers/auto_pc/inst/gen_axilite.gen_b2s_conv.axilite_b2s/SI_REG/aw.aw_pipe/m_payload_i_reg[39]/C
                            (rising edge-triggered cell FDRE clocked by clk_fpga_0  {rise@0.000ns fall@5.000ns period=10.000ns})
  Destination:            u_week11_wrapper/week11_i/ps7_0_axi_periph/s00_couplers/auto_pc/inst/gen_axilite.gen_b2s_conv.axilite_b2s/WR.aw_channel_0/cmd_translator_0/incr_cmd_0/axaddr_incr_reg[5]/D
                            (rising edge-triggered cell FDRE clocked by clk_fpga_0  {rise@0.000ns fall@5.000ns period=10.000ns})
  Path Group:             clk_fpga_0
  Path Type:              Setup (Max at Slow Process Corner)
  Requirement:            10.000ns  (clk_fpga_0 rise@10.000ns - clk_fpga_0 rise@0.000ns)
  Data Path Delay:        6.003ns  (logic 2.530ns (42.149%)  route 3.473ns (57.851%))
  Logic Levels:           7  (CARRY4=2 LUT3=3 LUT4=1 LUT6=1)
  Clock Path Skew:        -0.159ns (DCD - SCD + CPR)
    Destination Clock Delay (DCD):    3.267ns = ( 13.267 - 10.000 ) 
    Source Clock Delay      (SCD):    3.707ns
    Clock Pessimism Removal (CPR):    0.282ns
  Clock Uncertainty:      0.154ns  ((TSJ^2 + TIJ^2)^1/2 + DJ) / 2 + PE
    Total System Jitter     (TSJ):    0.071ns
    Total Input Jitter      (TIJ):    0.300ns
    Discrete Jitter          (DJ):    0.000ns
    Phase Error              (PE):    0.000ns

    Location             Delay type                Incr(ns)  Path(ns)    Netlist Resource(s)
  -------------------------------------------------------------------    -------------------
                         (clock clk_fpga_0 rise edge)
                                                      0.000     0.000 r  
    PS7_X0Y0             PS7                          0.000     0.000 r  u_week11_wrapper/week11_i/processing_system7_0/inst/PS7_i/FCLKCLK[0]
                         net (fo=1, routed)           1.938     1.938    u_week11_wrapper/week11_i/processing_system7_0/inst/FCLK_CLK_unbuffered[0]
    BUFGCTRL_X0Y16       BUFG (Prop_bufg_I_O)         0.101     2.039 r  u_week11_wrapper/week11_i/processing_system7_0/inst/buffer_fclk_clk_0.FCLK_CLK_0_BUFG/O
                         net (fo=900, routed)         1.668     3.707    u_week11_wrapper/week11_i/ps7_0_axi_periph/s00_couplers/auto_pc/inst/gen_axilite.gen_b2s_conv.axilite_b2s/SI_REG/aw.aw_pipe/aclk
    SLICE_X7Y50          FDRE                                         r  u_week11_wrapper/week11_i/ps7_0_axi_periph/s00_couplers/auto_pc/inst/gen_axilite.gen_b2s_conv.axilite_b2s/SI_REG/aw.aw_pipe/m_payload_i_reg[39]/C
  -------------------------------------------------------------------    -------------------
    SLICE_X7Y50          FDRE (Prop_fdre_C_Q)         0.419     4.126 r  u_week11_wrapper/week11_i/ps7_0_axi_periph/s00_couplers/auto_pc/inst/gen_axilite.gen_b2s_conv.axilite_b2s/SI_REG/aw.aw_pipe/m_payload_i_reg[39]/Q
                         net (fo=12, routed)          0.839     4.965    u_week11_wrapper/week11_i/ps7_0_axi_periph/s00_couplers/auto_pc/inst/gen_axilite.gen_b2s_conv.axilite_b2s/WR.aw_channel_0/cmd_translator_0/axlen_cnt_reg[3][11]
    SLICE_X10Y46         LUT3 (Prop_lut3_I1_O)        0.321     5.286 f  u_week11_wrapper/week11_i/ps7_0_axi_periph/s00_couplers/auto_pc/inst/gen_axilite.gen_b2s_conv.axilite_b2s/WR.aw_channel_0/cmd_translator_0/FSM_sequential_state[1]_i_2/O
                         net (fo=3, routed)           0.335     5.621    u_week11_wrapper/week11_i/ps7_0_axi_periph/s00_couplers/auto_pc/inst/gen_axilite.gen_b2s_conv.axilite_b2s/WR.aw_channel_0/aw_cmd_fsm_0/FSM_sequential_state_reg[1]_0
    SLICE_X10Y47         LUT6 (Prop_lut6_I3_O)        0.355     5.976 r  u_week11_wrapper/week11_i/ps7_0_axi_periph/s00_couplers/auto_pc/inst/gen_axilite.gen_b2s_conv.axilite_b2s/WR.aw_channel_0/aw_cmd_fsm_0/memory_reg[3][0]_srl4_i_1/O
                         net (fo=30, routed)          0.669     6.645    u_week11_wrapper/week11_i/ps7_0_axi_periph/s00_couplers/auto_pc/inst/gen_axilite.gen_b2s_conv.axilite_b2s/WR.aw_channel_0/aw_cmd_fsm_0/m_axi_awready_0
    SLICE_X10Y48         LUT3 (Prop_lut3_I2_O)        0.124     6.769 r  u_week11_wrapper/week11_i/ps7_0_axi_periph/s00_couplers/auto_pc/inst/gen_axilite.gen_b2s_conv.axilite_b2s/WR.aw_channel_0/aw_cmd_fsm_0/next_pending_r_i_3/O
                         net (fo=19, routed)          0.884     7.653    u_week11_wrapper/week11_i/ps7_0_axi_periph/s00_couplers/auto_pc/inst/gen_axilite.gen_b2s_conv.axilite_b2s/WR.aw_channel_0/cmd_translator_0/incr_cmd_0/next
    SLICE_X9Y41          LUT4 (Prop_lut4_I3_O)        0.124     7.777 r  u_week11_wrapper/week11_i/ps7_0_axi_periph/s00_couplers/auto_pc/inst/gen_axilite.gen_b2s_conv.axilite_b2s/WR.aw_channel_0/cmd_translator_0/incr_cmd_0/axaddr_incr[3]_i_9/O
                         net (fo=1, routed)           0.000     7.777    u_week11_wrapper/week11_i/ps7_0_axi_periph/s00_couplers/auto_pc/inst/gen_axilite.gen_b2s_conv.axilite_b2s/SI_REG/aw.aw_pipe/axaddr_incr_reg[3][1]
    SLICE_X9Y41          CARRY4 (Prop_carry4_S[1]_CO[3])
                                                      0.550     8.327 r  u_week11_wrapper/week11_i/ps7_0_axi_periph/s00_couplers/auto_pc/inst/gen_axilite.gen_b2s_conv.axilite_b2s/SI_REG/aw.aw_pipe/axaddr_incr_reg[3]_i_2/CO[3]
                         net (fo=1, routed)           0.000     8.327    u_week11_wrapper/week11_i/ps7_0_axi_periph/s00_couplers/auto_pc/inst/gen_axilite.gen_b2s_conv.axilite_b2s/SI_REG/aw.aw_pipe/axaddr_incr_reg[3]_i_2_n_0
    SLICE_X9Y42          CARRY4 (Prop_carry4_CI_O[1])
                                                      0.334     8.661 r  u_week11_wrapper/week11_i/ps7_0_axi_periph/s00_couplers/auto_pc/inst/gen_axilite.gen_b2s_conv.axilite_b2s/SI_REG/aw.aw_pipe/axaddr_incr_reg[7]_i_2/O[1]
                         net (fo=1, routed)           0.746     9.407    u_week11_wrapper/week11_i/ps7_0_axi_periph/s00_couplers/auto_pc/inst/gen_axilite.gen_b2s_conv.axilite_b2s/WR.aw_channel_0/cmd_translator_0/incr_cmd_0/axaddr_incr[5]
    SLICE_X12Y42         LUT3 (Prop_lut3_I0_O)        0.303     9.710 r  u_week11_wrapper/week11_i/ps7_0_axi_periph/s00_couplers/auto_pc/inst/gen_axilite.gen_b2s_conv.axilite_b2s/WR.aw_channel_0/cmd_translator_0/incr_cmd_0/axaddr_incr[5]_i_1/O
                         net (fo=1, routed)           0.000     9.710    u_week11_wrapper/week11_i/ps7_0_axi_periph/s00_couplers/auto_pc/inst/gen_axilite.gen_b2s_conv.axilite_b2s/WR.aw_channel_0/cmd_translator_0/incr_cmd_0/p_1_in[5]
    SLICE_X12Y42         FDRE                                         r  u_week11_wrapper/week11_i/ps7_0_axi_periph/s00_couplers/auto_pc/inst/gen_axilite.gen_b2s_conv.axilite_b2s/WR.aw_channel_0/cmd_translator_0/incr_cmd_0/axaddr_incr_reg[5]/D
  -------------------------------------------------------------------    -------------------

                         (clock clk_fpga_0 rise edge)
                                                     10.000    10.000 r  
    PS7_X0Y0             PS7                          0.000    10.000 r  u_week11_wrapper/week11_i/processing_system7_0/inst/PS7_i/FCLKCLK[0]
                         net (fo=1, routed)           1.666    11.666    u_week11_wrapper/week11_i/processing_system7_0/inst/FCLK_CLK_unbuffered[0]
    BUFGCTRL_X0Y16       BUFG (Prop_bufg_I_O)         0.091    11.757 r  u_week11_wrapper/week11_i/processing_system7_0/inst/buffer_fclk_clk_0.FCLK_CLK_0_BUFG/O
                         net (fo=900, routed)         1.509    13.267    u_week11_wrapper/week11_i/ps7_0_axi_periph/s00_couplers/auto_pc/inst/gen_axilite.gen_b2s_conv.axilite_b2s/WR.aw_channel_0/cmd_translator_0/incr_cmd_0/aclk
    SLICE_X12Y42         FDRE                                         r  u_week11_wrapper/week11_i/ps7_0_axi_periph/s00_couplers/auto_pc/inst/gen_axilite.gen_b2s_conv.axilite_b2s/WR.aw_channel_0/cmd_translator_0/incr_cmd_0/axaddr_incr_reg[5]/C
                         clock pessimism              0.282    13.549    
                         clock uncertainty           -0.154    13.395    
    SLICE_X12Y42         FDRE (Setup_fdre_C_D)        0.081    13.476    u_week11_wrapper/week11_i/ps7_0_axi_periph/s00_couplers/auto_pc/inst/gen_axilite.gen_b2s_conv.axilite_b2s/WR.aw_channel_0/cmd_translator_0/incr_cmd_0/axaddr_incr_reg[5]
  -------------------------------------------------------------------
                         required time                         13.476    
                         arrival time                          -9.710    
  -------------------------------------------------------------------
                         slack                                  3.766    

Slack (MET) :             3.817ns  (required time - arrival time)
  Source:                 u_week11_wrapper/week11_i/ps7_0_axi_periph/s00_couplers/auto_pc/inst/gen_axilite.gen_b2s_conv.axilite_b2s/RD.ar_channel_0/ar_cmd_fsm_0/FSM_sequential_state_reg[0]/C
                            (rising edge-triggered cell FDSE clocked by clk_fpga_0  {rise@0.000ns fall@5.000ns period=10.000ns})
  Destination:            u_week11_wrapper/week11_i/axi_apb_bridge_0/U0/AXILITE_SLAVE_IF_MODULE/address_i_reg[6]/D
                            (rising edge-triggered cell FDRE clocked by clk_fpga_0  {rise@0.000ns fall@5.000ns period=10.000ns})
  Path Group:             clk_fpga_0
  Path Type:              Setup (Max at Slow Process Corner)
  Requirement:            10.000ns  (clk_fpga_0 rise@10.000ns - clk_fpga_0 rise@0.000ns)
  Data Path Delay:        5.758ns  (logic 1.148ns (19.936%)  route 4.610ns (80.064%))
  Logic Levels:           3  (LUT2=1 LUT3=1 LUT6=1)
  Clock Path Skew:        -0.023ns (DCD - SCD + CPR)
    Destination Clock Delay (DCD):    3.262ns = ( 13.262 - 10.000 ) 
    Source Clock Delay      (SCD):    3.716ns
    Clock Pessimism Removal (CPR):    0.432ns
  Clock Uncertainty:      0.154ns  ((TSJ^2 + TIJ^2)^1/2 + DJ) / 2 + PE
    Total System Jitter     (TSJ):    0.071ns
    Total Input Jitter      (TIJ):    0.300ns
    Discrete Jitter          (DJ):    0.000ns
    Phase Error              (PE):    0.000ns

    Location             Delay type                Incr(ns)  Path(ns)    Netlist Resource(s)
  -------------------------------------------------------------------    -------------------
                         (clock clk_fpga_0 rise edge)
                                                      0.000     0.000 r  
    PS7_X0Y0             PS7                          0.000     0.000 r  u_week11_wrapper/week11_i/processing_system7_0/inst/PS7_i/FCLKCLK[0]
                         net (fo=1, routed)           1.938     1.938    u_week11_wrapper/week11_i/processing_system7_0/inst/FCLK_CLK_unbuffered[0]
    BUFGCTRL_X0Y16       BUFG (Prop_bufg_I_O)         0.101     2.039 r  u_week11_wrapper/week11_i/processing_system7_0/inst/buffer_fclk_clk_0.FCLK_CLK_0_BUFG/O
                         net (fo=900, routed)         1.677     3.716    u_week11_wrapper/week11_i/ps7_0_axi_periph/s00_couplers/auto_pc/inst/gen_axilite.gen_b2s_conv.axilite_b2s/RD.ar_channel_0/ar_cmd_fsm_0/aclk
    SLICE_X6Y34          FDSE                                         r  u_week11_wrapper/week11_i/ps7_0_axi_periph/s00_couplers/auto_pc/inst/gen_axilite.gen_b2s_conv.axilite_b2s/RD.ar_channel_0/ar_cmd_fsm_0/FSM_sequential_state_reg[0]/C
  -------------------------------------------------------------------    -------------------
    SLICE_X6Y34          FDSE (Prop_fdse_C_Q)         0.518     4.234 f  u_week11_wrapper/week11_i/ps7_0_axi_periph/s00_couplers/auto_pc/inst/gen_axilite.gen_b2s_conv.axilite_b2s/RD.ar_channel_0/ar_cmd_fsm_0/FSM_sequential_state_reg[0]/Q
                         net (fo=29, routed)          1.724     5.958    u_week11_wrapper/week11_i/ps7_0_axi_periph/s00_couplers/auto_pc/inst/gen_axilite.gen_b2s_conv.axilite_b2s/RD.ar_channel_0/ar_cmd_fsm_0/Q[0]
    SLICE_X3Y36          LUT2 (Prop_lut2_I1_O)        0.150     6.108 f  u_week11_wrapper/week11_i/ps7_0_axi_periph/s00_couplers/auto_pc/inst/gen_axilite.gen_b2s_conv.axilite_b2s/RD.ar_channel_0/ar_cmd_fsm_0/m_axi_arvalid_INST_0/O
                         net (fo=8, routed)           0.830     6.938    u_week11_wrapper/week11_i/axi_apb_bridge_0/U0/AXILITE_SLAVE_IF_MODULE/s_axi_arvalid
    SLICE_X3Y38          LUT6 (Prop_lut6_I2_O)        0.326     7.264 r  u_week11_wrapper/week11_i/axi_apb_bridge_0/U0/AXILITE_SLAVE_IF_MODULE/AWREADY_i_i_2/O
                         net (fo=25, routed)          1.410     8.674    u_week11_wrapper/week11_i/axi_apb_bridge_0/U0/AXILITE_SLAVE_IF_MODULE/waddr_ready_sm
    SLICE_X7Y36          LUT3 (Prop_lut3_I1_O)        0.154     8.828 r  u_week11_wrapper/week11_i/axi_apb_bridge_0/U0/AXILITE_SLAVE_IF_MODULE/address_i[6]_i_1/O
                         net (fo=1, routed)           0.647     9.475    u_week11_wrapper/week11_i/axi_apb_bridge_0/U0/AXILITE_SLAVE_IF_MODULE/address_i[6]_i_1_n_0
    SLICE_X6Y36          FDRE                                         r  u_week11_wrapper/week11_i/axi_apb_bridge_0/U0/AXILITE_SLAVE_IF_MODULE/address_i_reg[6]/D
  -------------------------------------------------------------------    -------------------

                         (clock clk_fpga_0 rise edge)
                                                     10.000    10.000 r  
    PS7_X0Y0             PS7                          0.000    10.000 r  u_week11_wrapper/week11_i/processing_system7_0/inst/PS7_i/FCLKCLK[0]
                         net (fo=1, routed)           1.666    11.666    u_week11_wrapper/week11_i/processing_system7_0/inst/FCLK_CLK_unbuffered[0]
    BUFGCTRL_X0Y16       BUFG (Prop_bufg_I_O)         0.091    11.757 r  u_week11_wrapper/week11_i/processing_system7_0/inst/buffer_fclk_clk_0.FCLK_CLK_0_BUFG/O
                         net (fo=900, routed)         1.504    13.262    u_week11_wrapper/week11_i/axi_apb_bridge_0/U0/AXILITE_SLAVE_IF_MODULE/s_axi_aclk
    SLICE_X6Y36          FDRE                                         r  u_week11_wrapper/week11_i/axi_apb_bridge_0/U0/AXILITE_SLAVE_IF_MODULE/address_i_reg[6]/C
                         clock pessimism              0.432    13.693    
                         clock uncertainty           -0.154    13.539    
    SLICE_X6Y36          FDRE (Setup_fdre_C_D)       -0.248    13.291    u_week11_wrapper/week11_i/axi_apb_bridge_0/U0/AXILITE_SLAVE_IF_MODULE/address_i_reg[6]
  -------------------------------------------------------------------
                         required time                         13.291    
                         arrival time                          -9.475    
  -------------------------------------------------------------------
                         slack                                  3.817    

Slack (MET) :             3.928ns  (required time - arrival time)
  Source:                 u_week11_wrapper/week11_i/ps7_0_axi_periph/s00_couplers/auto_pc/inst/gen_axilite.gen_b2s_conv.axilite_b2s/RD.ar_channel_0/ar_cmd_fsm_0/FSM_sequential_state_reg[0]/C
                            (rising edge-triggered cell FDSE clocked by clk_fpga_0  {rise@0.000ns fall@5.000ns period=10.000ns})
  Destination:            u_week11_wrapper/week11_i/axi_apb_bridge_0/U0/APB_MASTER_IF_MODULE/PWDATA_i_reg[10]/CE
                            (rising edge-triggered cell FDRE clocked by clk_fpga_0  {rise@0.000ns fall@5.000ns period=10.000ns})
  Path Group:             clk_fpga_0
  Path Type:              Setup (Max at Slow Process Corner)
  Requirement:            10.000ns  (clk_fpga_0 rise@10.000ns - clk_fpga_0 rise@0.000ns)
  Data Path Delay:        5.700ns  (logic 1.242ns (21.791%)  route 4.458ns (78.209%))
  Logic Levels:           4  (LUT2=2 LUT5=1 LUT6=1)
  Clock Path Skew:        -0.013ns (DCD - SCD + CPR)
    Destination Clock Delay (DCD):    3.307ns = ( 13.307 - 10.000 ) 
    Source Clock Delay      (SCD):    3.716ns
    Clock Pessimism Removal (CPR):    0.397ns
  Clock Uncertainty:      0.154ns  ((TSJ^2 + TIJ^2)^1/2 + DJ) / 2 + PE
    Total System Jitter     (TSJ):    0.071ns
    Total Input Jitter      (TIJ):    0.300ns
    Discrete Jitter          (DJ):    0.000ns
    Phase Error              (PE):    0.000ns

    Location             Delay type                Incr(ns)  Path(ns)    Netlist Resource(s)
  -------------------------------------------------------------------    -------------------
                         (clock clk_fpga_0 rise edge)
                                                      0.000     0.000 r  
    PS7_X0Y0             PS7                          0.000     0.000 r  u_week11_wrapper/week11_i/processing_system7_0/inst/PS7_i/FCLKCLK[0]
                         net (fo=1, routed)           1.938     1.938    u_week11_wrapper/week11_i/processing_system7_0/inst/FCLK_CLK_unbuffered[0]
    BUFGCTRL_X0Y16       BUFG (Prop_bufg_I_O)         0.101     2.039 r  u_week11_wrapper/week11_i/processing_system7_0/inst/buffer_fclk_clk_0.FCLK_CLK_0_BUFG/O
                         net (fo=900, routed)         1.677     3.716    u_week11_wrapper/week11_i/ps7_0_axi_periph/s00_couplers/auto_pc/inst/gen_axilite.gen_b2s_conv.axilite_b2s/RD.ar_channel_0/ar_cmd_fsm_0/aclk
    SLICE_X6Y34          FDSE                                         r  u_week11_wrapper/week11_i/ps7_0_axi_periph/s00_couplers/auto_pc/inst/gen_axilite.gen_b2s_conv.axilite_b2s/RD.ar_channel_0/ar_cmd_fsm_0/FSM_sequential_state_reg[0]/C
  -------------------------------------------------------------------    -------------------
    SLICE_X6Y34          FDSE (Prop_fdse_C_Q)         0.518     4.234 f  u_week11_wrapper/week11_i/ps7_0_axi_periph/s00_couplers/auto_pc/inst/gen_axilite.gen_b2s_conv.axilite_b2s/RD.ar_channel_0/ar_cmd_fsm_0/FSM_sequential_state_reg[0]/Q
                         net (fo=29, routed)          1.724     5.958    u_week11_wrapper/week11_i/ps7_0_axi_periph/s00_couplers/auto_pc/inst/gen_axilite.gen_b2s_conv.axilite_b2s/RD.ar_channel_0/ar_cmd_fsm_0/Q[0]
    SLICE_X3Y36          LUT2 (Prop_lut2_I1_O)        0.150     6.108 f  u_week11_wrapper/week11_i/ps7_0_axi_periph/s00_couplers/auto_pc/inst/gen_axilite.gen_b2s_conv.axilite_b2s/RD.ar_channel_0/ar_cmd_fsm_0/m_axi_arvalid_INST_0/O
                         net (fo=8, routed)           0.641     6.749    u_week11_wrapper/week11_i/axi_apb_bridge_0/U0/AXILITE_SLAVE_IF_MODULE/s_axi_arvalid
    SLICE_X2Y39          LUT5 (Prop_lut5_I3_O)        0.326     7.075 f  u_week11_wrapper/week11_i/axi_apb_bridge_0/U0/AXILITE_SLAVE_IF_MODULE/WREADY_i_i_2/O
                         net (fo=2, routed)           0.463     7.538    u_week11_wrapper/week11_i/axi_apb_bridge_0/U0/AXILITE_SLAVE_IF_MODULE/WREADY_i_i_2_n_0
    SLICE_X1Y39          LUT6 (Prop_lut6_I1_O)        0.124     7.662 r  u_week11_wrapper/week11_i/axi_apb_bridge_0/U0/AXILITE_SLAVE_IF_MODULE/WREADY_i_i_1/O
                         net (fo=31, routed)          0.984     8.646    u_week11_wrapper/week11_i/axi_apb_bridge_0/U0/APB_MASTER_IF_MODULE/apb_wr_request
    SLICE_X5Y42          LUT2 (Prop_lut2_I1_O)        0.124     8.770 r  u_week11_wrapper/week11_i/axi_apb_bridge_0/U0/APB_MASTER_IF_MODULE/PWDATA_i[31]_i_1/O
                         net (fo=16, routed)          0.646     9.416    u_week11_wrapper/week11_i/axi_apb_bridge_0/U0/APB_MASTER_IF_MODULE/PWDATA_i[31]_i_1_n_0
    SLICE_X1Y41          FDRE                                         r  u_week11_wrapper/week11_i/axi_apb_bridge_0/U0/APB_MASTER_IF_MODULE/PWDATA_i_reg[10]/CE
  -------------------------------------------------------------------    -------------------

                         (clock clk_fpga_0 rise edge)
                                                     10.000    10.000 r  
    PS7_X0Y0             PS7                          0.000    10.000 r  u_week11_wrapper/week11_i/processing_system7_0/inst/PS7_i/FCLKCLK[0]
                         net (fo=1, routed)           1.666    11.666    u_week11_wrapper/week11_i/processing_system7_0/inst/FCLK_CLK_unbuffered[0]
    BUFGCTRL_X0Y16       BUFG (Prop_bufg_I_O)         0.091    11.757 r  u_week11_wrapper/week11_i/processing_system7_0/inst/buffer_fclk_clk_0.FCLK_CLK_0_BUFG/O
                         net (fo=900, routed)         1.549    13.307    u_week11_wrapper/week11_i/axi_apb_bridge_0/U0/APB_MASTER_IF_MODULE/s_axi_aclk
    SLICE_X1Y41          FDRE                                         r  u_week11_wrapper/week11_i/axi_apb_bridge_0/U0/APB_MASTER_IF_MODULE/PWDATA_i_reg[10]/C
                         clock pessimism              0.397    13.703    
                         clock uncertainty           -0.154    13.549    
    SLICE_X1Y41          FDRE (Setup_fdre_C_CE)      -0.205    13.344    u_week11_wrapper/week11_i/axi_apb_bridge_0/U0/APB_MASTER_IF_MODULE/PWDATA_i_reg[10]
  -------------------------------------------------------------------
                         required time                         13.344    
                         arrival time                          -9.416    
  -------------------------------------------------------------------
                         slack                                  3.928    

Slack (MET) :             3.928ns  (required time - arrival time)
  Source:                 u_week11_wrapper/week11_i/ps7_0_axi_periph/s00_couplers/auto_pc/inst/gen_axilite.gen_b2s_conv.axilite_b2s/RD.ar_channel_0/ar_cmd_fsm_0/FSM_sequential_state_reg[0]/C
                            (rising edge-triggered cell FDSE clocked by clk_fpga_0  {rise@0.000ns fall@5.000ns period=10.000ns})
  Destination:            u_week11_wrapper/week11_i/axi_apb_bridge_0/U0/APB_MASTER_IF_MODULE/PWDATA_i_reg[11]/CE
                            (rising edge-triggered cell FDRE clocked by clk_fpga_0  {rise@0.000ns fall@5.000ns period=10.000ns})
  Path Group:             clk_fpga_0
  Path Type:              Setup (Max at Slow Process Corner)
  Requirement:            10.000ns  (clk_fpga_0 rise@10.000ns - clk_fpga_0 rise@0.000ns)
  Data Path Delay:        5.700ns  (logic 1.242ns (21.791%)  route 4.458ns (78.209%))
  Logic Levels:           4  (LUT2=2 LUT5=1 LUT6=1)
  Clock Path Skew:        -0.013ns (DCD - SCD + CPR)
    Destination Clock Delay (DCD):    3.307ns = ( 13.307 - 10.000 ) 
    Source Clock Delay      (SCD):    3.716ns
    Clock Pessimism Removal (CPR):    0.397ns
  Clock Uncertainty:      0.154ns  ((TSJ^2 + TIJ^2)^1/2 + DJ) / 2 + PE
    Total System Jitter     (TSJ):    0.071ns
    Total Input Jitter      (TIJ):    0.300ns
    Discrete Jitter          (DJ):    0.000ns
    Phase Error              (PE):    0.000ns

    Location             Delay type                Incr(ns)  Path(ns)    Netlist Resource(s)
  -------------------------------------------------------------------    -------------------
                         (clock clk_fpga_0 rise edge)
                                                      0.000     0.000 r  
    PS7_X0Y0             PS7                          0.000     0.000 r  u_week11_wrapper/week11_i/processing_system7_0/inst/PS7_i/FCLKCLK[0]
                         net (fo=1, routed)           1.938     1.938    u_week11_wrapper/week11_i/processing_system7_0/inst/FCLK_CLK_unbuffered[0]
    BUFGCTRL_X0Y16       BUFG (Prop_bufg_I_O)         0.101     2.039 r  u_week11_wrapper/week11_i/processing_system7_0/inst/buffer_fclk_clk_0.FCLK_CLK_0_BUFG/O
                         net (fo=900, routed)         1.677     3.716    u_week11_wrapper/week11_i/ps7_0_axi_periph/s00_couplers/auto_pc/inst/gen_axilite.gen_b2s_conv.axilite_b2s/RD.ar_channel_0/ar_cmd_fsm_0/aclk
    SLICE_X6Y34          FDSE                                         r  u_week11_wrapper/week11_i/ps7_0_axi_periph/s00_couplers/auto_pc/inst/gen_axilite.gen_b2s_conv.axilite_b2s/RD.ar_channel_0/ar_cmd_fsm_0/FSM_sequential_state_reg[0]/C
  -------------------------------------------------------------------    -------------------
    SLICE_X6Y34          FDSE (Prop_fdse_C_Q)         0.518     4.234 f  u_week11_wrapper/week11_i/ps7_0_axi_periph/s00_couplers/auto_pc/inst/gen_axilite.gen_b2s_conv.axilite_b2s/RD.ar_channel_0/ar_cmd_fsm_0/FSM_sequential_state_reg[0]/Q
                         net (fo=29, routed)          1.724     5.958    u_week11_wrapper/week11_i/ps7_0_axi_periph/s00_couplers/auto_pc/inst/gen_axilite.gen_b2s_conv.axilite_b2s/RD.ar_channel_0/ar_cmd_fsm_0/Q[0]
    SLICE_X3Y36          LUT2 (Prop_lut2_I1_O)        0.150     6.108 f  u_week11_wrapper/week11_i/ps7_0_axi_periph/s00_couplers/auto_pc/inst/gen_axilite.gen_b2s_conv.axilite_b2s/RD.ar_channel_0/ar_cmd_fsm_0/m_axi_arvalid_INST_0/O
                         net (fo=8, routed)           0.641     6.749    u_week11_wrapper/week11_i/axi_apb_bridge_0/U0/AXILITE_SLAVE_IF_MODULE/s_axi_arvalid
    SLICE_X2Y39          LUT5 (Prop_lut5_I3_O)        0.326     7.075 f  u_week11_wrapper/week11_i/axi_apb_bridge_0/U0/AXILITE_SLAVE_IF_MODULE/WREADY_i_i_2/O
                         net (fo=2, routed)           0.463     7.538    u_week11_wrapper/week11_i/axi_apb_bridge_0/U0/AXILITE_SLAVE_IF_MODULE/WREADY_i_i_2_n_0
    SLICE_X1Y39          LUT6 (Prop_lut6_I1_O)        0.124     7.662 r  u_week11_wrapper/week11_i/axi_apb_bridge_0/U0/AXILITE_SLAVE_IF_MODULE/WREADY_i_i_1/O
                         net (fo=31, routed)          0.984     8.646    u_week11_wrapper/week11_i/axi_apb_bridge_0/U0/APB_MASTER_IF_MODULE/apb_wr_request
    SLICE_X5Y42          LUT2 (Prop_lut2_I1_O)        0.124     8.770 r  u_week11_wrapper/week11_i/axi_apb_bridge_0/U0/APB_MASTER_IF_MODULE/PWDATA_i[31]_i_1/O
                         net (fo=16, routed)          0.646     9.416    u_week11_wrapper/week11_i/axi_apb_bridge_0/U0/APB_MASTER_IF_MODULE/PWDATA_i[31]_i_1_n_0
    SLICE_X1Y41          FDRE                                         r  u_week11_wrapper/week11_i/axi_apb_bridge_0/U0/APB_MASTER_IF_MODULE/PWDATA_i_reg[11]/CE
  -------------------------------------------------------------------    -------------------

                         (clock clk_fpga_0 rise edge)
                                                     10.000    10.000 r  
    PS7_X0Y0             PS7                          0.000    10.000 r  u_week11_wrapper/week11_i/processing_system7_0/inst/PS7_i/FCLKCLK[0]
                         net (fo=1, routed)           1.666    11.666    u_week11_wrapper/week11_i/processing_system7_0/inst/FCLK_CLK_unbuffered[0]
    BUFGCTRL_X0Y16       BUFG (Prop_bufg_I_O)         0.091    11.757 r  u_week11_wrapper/week11_i/processing_system7_0/inst/buffer_fclk_clk_0.FCLK_CLK_0_BUFG/O
                         net (fo=900, routed)         1.549    13.307    u_week11_wrapper/week11_i/axi_apb_bridge_0/U0/APB_MASTER_IF_MODULE/s_axi_aclk
    SLICE_X1Y41          FDRE                                         r  u_week11_wrapper/week11_i/axi_apb_bridge_0/U0/APB_MASTER_IF_MODULE/PWDATA_i_reg[11]/C
                         clock pessimism              0.397    13.703    
                         clock uncertainty           -0.154    13.549    
    SLICE_X1Y41          FDRE (Setup_fdre_C_CE)      -0.205    13.344    u_week11_wrapper/week11_i/axi_apb_bridge_0/U0/APB_MASTER_IF_MODULE/PWDATA_i_reg[11]
  -------------------------------------------------------------------
                         required time                         13.344    
                         arrival time                          -9.416    
  -------------------------------------------------------------------
                         slack                                  3.928    

Slack (MET) :             3.928ns  (required time - arrival time)
  Source:                 u_week11_wrapper/week11_i/ps7_0_axi_periph/s00_couplers/auto_pc/inst/gen_axilite.gen_b2s_conv.axilite_b2s/RD.ar_channel_0/ar_cmd_fsm_0/FSM_sequential_state_reg[0]/C
                            (rising edge-triggered cell FDSE clocked by clk_fpga_0  {rise@0.000ns fall@5.000ns period=10.000ns})
  Destination:            u_week11_wrapper/week11_i/axi_apb_bridge_0/U0/APB_MASTER_IF_MODULE/PWDATA_i_reg[8]/CE
                            (rising edge-triggered cell FDRE clocked by clk_fpga_0  {rise@0.000ns fall@5.000ns period=10.000ns})
  Path Group:             clk_fpga_0
  Path Type:              Setup (Max at Slow Process Corner)
  Requirement:            10.000ns  (clk_fpga_0 rise@10.000ns - clk_fpga_0 rise@0.000ns)
  Data Path Delay:        5.700ns  (logic 1.242ns (21.791%)  route 4.458ns (78.209%))
  Logic Levels:           4  (LUT2=2 LUT5=1 LUT6=1)
  Clock Path Skew:        -0.013ns (DCD - SCD + CPR)
    Destination Clock Delay (DCD):    3.307ns = ( 13.307 - 10.000 ) 
    Source Clock Delay      (SCD):    3.716ns
    Clock Pessimism Removal (CPR):    0.397ns
  Clock Uncertainty:      0.154ns  ((TSJ^2 + TIJ^2)^1/2 + DJ) / 2 + PE
    Total System Jitter     (TSJ):    0.071ns
    Total Input Jitter      (TIJ):    0.300ns
    Discrete Jitter          (DJ):    0.000ns
    Phase Error              (PE):    0.000ns

    Location             Delay type                Incr(ns)  Path(ns)    Netlist Resource(s)
  -------------------------------------------------------------------    -------------------
                         (clock clk_fpga_0 rise edge)
                                                      0.000     0.000 r  
    PS7_X0Y0             PS7                          0.000     0.000 r  u_week11_wrapper/week11_i/processing_system7_0/inst/PS7_i/FCLKCLK[0]
                         net (fo=1, routed)           1.938     1.938    u_week11_wrapper/week11_i/processing_system7_0/inst/FCLK_CLK_unbuffered[0]
    BUFGCTRL_X0Y16       BUFG (Prop_bufg_I_O)         0.101     2.039 r  u_week11_wrapper/week11_i/processing_system7_0/inst/buffer_fclk_clk_0.FCLK_CLK_0_BUFG/O
                         net (fo=900, routed)         1.677     3.716    u_week11_wrapper/week11_i/ps7_0_axi_periph/s00_couplers/auto_pc/inst/gen_axilite.gen_b2s_conv.axilite_b2s/RD.ar_channel_0/ar_cmd_fsm_0/aclk
    SLICE_X6Y34          FDSE                                         r  u_week11_wrapper/week11_i/ps7_0_axi_periph/s00_couplers/auto_pc/inst/gen_axilite.gen_b2s_conv.axilite_b2s/RD.ar_channel_0/ar_cmd_fsm_0/FSM_sequential_state_reg[0]/C
  -------------------------------------------------------------------    -------------------
    SLICE_X6Y34          FDSE (Prop_fdse_C_Q)         0.518     4.234 f  u_week11_wrapper/week11_i/ps7_0_axi_periph/s00_couplers/auto_pc/inst/gen_axilite.gen_b2s_conv.axilite_b2s/RD.ar_channel_0/ar_cmd_fsm_0/FSM_sequential_state_reg[0]/Q
                         net (fo=29, routed)          1.724     5.958    u_week11_wrapper/week11_i/ps7_0_axi_periph/s00_couplers/auto_pc/inst/gen_axilite.gen_b2s_conv.axilite_b2s/RD.ar_channel_0/ar_cmd_fsm_0/Q[0]
    SLICE_X3Y36          LUT2 (Prop_lut2_I1_O)        0.150     6.108 f  u_week11_wrapper/week11_i/ps7_0_axi_periph/s00_couplers/auto_pc/inst/gen_axilite.gen_b2s_conv.axilite_b2s/RD.ar_channel_0/ar_cmd_fsm_0/m_axi_arvalid_INST_0/O
                         net (fo=8, routed)           0.641     6.749    u_week11_wrapper/week11_i/axi_apb_bridge_0/U0/AXILITE_SLAVE_IF_MODULE/s_axi_arvalid
    SLICE_X2Y39          LUT5 (Prop_lut5_I3_O)        0.326     7.075 f  u_week11_wrapper/week11_i/axi_apb_bridge_0/U0/AXILITE_SLAVE_IF_MODULE/WREADY_i_i_2/O
                         net (fo=2, routed)           0.463     7.538    u_week11_wrapper/week11_i/axi_apb_bridge_0/U0/AXILITE_SLAVE_IF_MODULE/WREADY_i_i_2_n_0
    SLICE_X1Y39          LUT6 (Prop_lut6_I1_O)        0.124     7.662 r  u_week11_wrapper/week11_i/axi_apb_bridge_0/U0/AXILITE_SLAVE_IF_MODULE/WREADY_i_i_1/O
                         net (fo=31, routed)          0.984     8.646    u_week11_wrapper/week11_i/axi_apb_bridge_0/U0/APB_MASTER_IF_MODULE/apb_wr_request
    SLICE_X5Y42          LUT2 (Prop_lut2_I1_O)        0.124     8.770 r  u_week11_wrapper/week11_i/axi_apb_bridge_0/U0/APB_MASTER_IF_MODULE/PWDATA_i[31]_i_1/O
                         net (fo=16, routed)          0.646     9.416    u_week11_wrapper/week11_i/axi_apb_bridge_0/U0/APB_MASTER_IF_MODULE/PWDATA_i[31]_i_1_n_0
    SLICE_X1Y41          FDRE                                         r  u_week11_wrapper/week11_i/axi_apb_bridge_0/U0/APB_MASTER_IF_MODULE/PWDATA_i_reg[8]/CE
  -------------------------------------------------------------------    -------------------

                         (clock clk_fpga_0 rise edge)
                                                     10.000    10.000 r  
    PS7_X0Y0             PS7                          0.000    10.000 r  u_week11_wrapper/week11_i/processing_system7_0/inst/PS7_i/FCLKCLK[0]
                         net (fo=1, routed)           1.666    11.666    u_week11_wrapper/week11_i/processing_system7_0/inst/FCLK_CLK_unbuffered[0]
    BUFGCTRL_X0Y16       BUFG (Prop_bufg_I_O)         0.091    11.757 r  u_week11_wrapper/week11_i/processing_system7_0/inst/buffer_fclk_clk_0.FCLK_CLK_0_BUFG/O
                         net (fo=900, routed)         1.549    13.307    u_week11_wrapper/week11_i/axi_apb_bridge_0/U0/APB_MASTER_IF_MODULE/s_axi_aclk
    SLICE_X1Y41          FDRE                                         r  u_week11_wrapper/week11_i/axi_apb_bridge_0/U0/APB_MASTER_IF_MODULE/PWDATA_i_reg[8]/C
                         clock pessimism              0.397    13.703    
                         clock uncertainty           -0.154    13.549    
    SLICE_X1Y41          FDRE (Setup_fdre_C_CE)      -0.205    13.344    u_week11_wrapper/week11_i/axi_apb_bridge_0/U0/APB_MASTER_IF_MODULE/PWDATA_i_reg[8]
  -------------------------------------------------------------------
                         required time                         13.344    
                         arrival time                          -9.416    
  -------------------------------------------------------------------
                         slack                                  3.928    

Slack (MET) :             3.928ns  (required time - arrival time)
  Source:                 u_week11_wrapper/week11_i/ps7_0_axi_periph/s00_couplers/auto_pc/inst/gen_axilite.gen_b2s_conv.axilite_b2s/RD.ar_channel_0/ar_cmd_fsm_0/FSM_sequential_state_reg[0]/C
                            (rising edge-triggered cell FDSE clocked by clk_fpga_0  {rise@0.000ns fall@5.000ns period=10.000ns})
  Destination:            u_week11_wrapper/week11_i/axi_apb_bridge_0/U0/APB_MASTER_IF_MODULE/PWDATA_i_reg[9]/CE
                            (rising edge-triggered cell FDRE clocked by clk_fpga_0  {rise@0.000ns fall@5.000ns period=10.000ns})
  Path Group:             clk_fpga_0
  Path Type:              Setup (Max at Slow Process Corner)
  Requirement:            10.000ns  (clk_fpga_0 rise@10.000ns - clk_fpga_0 rise@0.000ns)
  Data Path Delay:        5.700ns  (logic 1.242ns (21.791%)  route 4.458ns (78.209%))
  Logic Levels:           4  (LUT2=2 LUT5=1 LUT6=1)
  Clock Path Skew:        -0.013ns (DCD - SCD + CPR)
    Destination Clock Delay (DCD):    3.307ns = ( 13.307 - 10.000 ) 
    Source Clock Delay      (SCD):    3.716ns
    Clock Pessimism Removal (CPR):    0.397ns
  Clock Uncertainty:      0.154ns  ((TSJ^2 + TIJ^2)^1/2 + DJ) / 2 + PE
    Total System Jitter     (TSJ):    0.071ns
    Total Input Jitter      (TIJ):    0.300ns
    Discrete Jitter          (DJ):    0.000ns
    Phase Error              (PE):    0.000ns

    Location             Delay type                Incr(ns)  Path(ns)    Netlist Resource(s)
  -------------------------------------------------------------------    -------------------
                         (clock clk_fpga_0 rise edge)
                                                      0.000     0.000 r  
    PS7_X0Y0             PS7                          0.000     0.000 r  u_week11_wrapper/week11_i/processing_system7_0/inst/PS7_i/FCLKCLK[0]
                         net (fo=1, routed)           1.938     1.938    u_week11_wrapper/week11_i/processing_system7_0/inst/FCLK_CLK_unbuffered[0]
    BUFGCTRL_X0Y16       BUFG (Prop_bufg_I_O)         0.101     2.039 r  u_week11_wrapper/week11_i/processing_system7_0/inst/buffer_fclk_clk_0.FCLK_CLK_0_BUFG/O
                         net (fo=900, routed)         1.677     3.716    u_week11_wrapper/week11_i/ps7_0_axi_periph/s00_couplers/auto_pc/inst/gen_axilite.gen_b2s_conv.axilite_b2s/RD.ar_channel_0/ar_cmd_fsm_0/aclk
    SLICE_X6Y34          FDSE                                         r  u_week11_wrapper/week11_i/ps7_0_axi_periph/s00_couplers/auto_pc/inst/gen_axilite.gen_b2s_conv.axilite_b2s/RD.ar_channel_0/ar_cmd_fsm_0/FSM_sequential_state_reg[0]/C
  -------------------------------------------------------------------    -------------------
    SLICE_X6Y34          FDSE (Prop_fdse_C_Q)         0.518     4.234 f  u_week11_wrapper/week11_i/ps7_0_axi_periph/s00_couplers/auto_pc/inst/gen_axilite.gen_b2s_conv.axilite_b2s/RD.ar_channel_0/ar_cmd_fsm_0/FSM_sequential_state_reg[0]/Q
                         net (fo=29, routed)          1.724     5.958    u_week11_wrapper/week11_i/ps7_0_axi_periph/s00_couplers/auto_pc/inst/gen_axilite.gen_b2s_conv.axilite_b2s/RD.ar_channel_0/ar_cmd_fsm_0/Q[0]
    SLICE_X3Y36          LUT2 (Prop_lut2_I1_O)        0.150     6.108 f  u_week11_wrapper/week11_i/ps7_0_axi_periph/s00_couplers/auto_pc/inst/gen_axilite.gen_b2s_conv.axilite_b2s/RD.ar_channel_0/ar_cmd_fsm_0/m_axi_arvalid_INST_0/O
                         net (fo=8, routed)           0.641     6.749    u_week11_wrapper/week11_i/axi_apb_bridge_0/U0/AXILITE_SLAVE_IF_MODULE/s_axi_arvalid
    SLICE_X2Y39          LUT5 (Prop_lut5_I3_O)        0.326     7.075 f  u_week11_wrapper/week11_i/axi_apb_bridge_0/U0/AXILITE_SLAVE_IF_MODULE/WREADY_i_i_2/O
                         net (fo=2, routed)           0.463     7.538    u_week11_wrapper/week11_i/axi_apb_bridge_0/U0/AXILITE_SLAVE_IF_MODULE/WREADY_i_i_2_n_0
    SLICE_X1Y39          LUT6 (Prop_lut6_I1_O)        0.124     7.662 r  u_week11_wrapper/week11_i/axi_apb_bridge_0/U0/AXILITE_SLAVE_IF_MODULE/WREADY_i_i_1/O
                         net (fo=31, routed)          0.984     8.646    u_week11_wrapper/week11_i/axi_apb_bridge_0/U0/APB_MASTER_IF_MODULE/apb_wr_request
    SLICE_X5Y42          LUT2 (Prop_lut2_I1_O)        0.124     8.770 r  u_week11_wrapper/week11_i/axi_apb_bridge_0/U0/APB_MASTER_IF_MODULE/PWDATA_i[31]_i_1/O
                         net (fo=16, routed)          0.646     9.416    u_week11_wrapper/week11_i/axi_apb_bridge_0/U0/APB_MASTER_IF_MODULE/PWDATA_i[31]_i_1_n_0
    SLICE_X1Y41          FDRE                                         r  u_week11_wrapper/week11_i/axi_apb_bridge_0/U0/APB_MASTER_IF_MODULE/PWDATA_i_reg[9]/CE
  -------------------------------------------------------------------    -------------------

                         (clock clk_fpga_0 rise edge)
                                                     10.000    10.000 r  
    PS7_X0Y0             PS7                          0.000    10.000 r  u_week11_wrapper/week11_i/processing_system7_0/inst/PS7_i/FCLKCLK[0]
                         net (fo=1, routed)           1.666    11.666    u_week11_wrapper/week11_i/processing_system7_0/inst/FCLK_CLK_unbuffered[0]
    BUFGCTRL_X0Y16       BUFG (Prop_bufg_I_O)         0.091    11.757 r  u_week11_wrapper/week11_i/processing_system7_0/inst/buffer_fclk_clk_0.FCLK_CLK_0_BUFG/O
                         net (fo=900, routed)         1.549    13.307    u_week11_wrapper/week11_i/axi_apb_bridge_0/U0/APB_MASTER_IF_MODULE/s_axi_aclk
    SLICE_X1Y41          FDRE                                         r  u_week11_wrapper/week11_i/axi_apb_bridge_0/U0/APB_MASTER_IF_MODULE/PWDATA_i_reg[9]/C
                         clock pessimism              0.397    13.703    
                         clock uncertainty           -0.154    13.549    
    SLICE_X1Y41          FDRE (Setup_fdre_C_CE)      -0.205    13.344    u_week11_wrapper/week11_i/axi_apb_bridge_0/U0/APB_MASTER_IF_MODULE/PWDATA_i_reg[9]
  -------------------------------------------------------------------
                         required time                         13.344    
                         arrival time                          -9.416    
  -------------------------------------------------------------------
                         slack                                  3.928    

Slack (MET) :             3.985ns  (required time - arrival time)
  Source:                 u_week11_wrapper/week11_i/ps7_0_axi_periph/s00_couplers/auto_pc/inst/gen_axilite.gen_b2s_conv.axilite_b2s/SI_REG/aw.aw_pipe/m_payload_i_reg[39]/C
                            (rising edge-triggered cell FDRE clocked by clk_fpga_0  {rise@0.000ns fall@5.000ns period=10.000ns})
  Destination:            u_week11_wrapper/week11_i/ps7_0_axi_periph/s00_couplers/auto_pc/inst/gen_axilite.gen_b2s_conv.axilite_b2s/WR.aw_channel_0/cmd_translator_0/incr_cmd_0/axaddr_incr_reg[7]/D
                            (rising edge-triggered cell FDRE clocked by clk_fpga_0  {rise@0.000ns fall@5.000ns period=10.000ns})
  Path Group:             clk_fpga_0
  Path Type:              Setup (Max at Slow Process Corner)
  Requirement:            10.000ns  (clk_fpga_0 rise@10.000ns - clk_fpga_0 rise@0.000ns)
  Data Path Delay:        5.820ns  (logic 2.505ns (43.040%)  route 3.315ns (56.960%))
  Logic Levels:           7  (CARRY4=2 LUT3=3 LUT4=1 LUT6=1)
  Clock Path Skew:        -0.159ns (DCD - SCD + CPR)
    Destination Clock Delay (DCD):    3.267ns = ( 13.267 - 10.000 ) 
    Source Clock Delay      (SCD):    3.707ns
    Clock Pessimism Removal (CPR):    0.282ns
  Clock Uncertainty:      0.154ns  ((TSJ^2 + TIJ^2)^1/2 + DJ) / 2 + PE
    Total System Jitter     (TSJ):    0.071ns
    Total Input Jitter      (TIJ):    0.300ns
    Discrete Jitter          (DJ):    0.000ns
    Phase Error              (PE):    0.000ns

    Location             Delay type                Incr(ns)  Path(ns)    Netlist Resource(s)
  -------------------------------------------------------------------    -------------------
                         (clock clk_fpga_0 rise edge)
                                                      0.000     0.000 r  
    PS7_X0Y0             PS7                          0.000     0.000 r  u_week11_wrapper/week11_i/processing_system7_0/inst/PS7_i/FCLKCLK[0]
                         net (fo=1, routed)           1.938     1.938    u_week11_wrapper/week11_i/processing_system7_0/inst/FCLK_CLK_unbuffered[0]
    BUFGCTRL_X0Y16       BUFG (Prop_bufg_I_O)         0.101     2.039 r  u_week11_wrapper/week11_i/processing_system7_0/inst/buffer_fclk_clk_0.FCLK_CLK_0_BUFG/O
                         net (fo=900, routed)         1.668     3.707    u_week11_wrapper/week11_i/ps7_0_axi_periph/s00_couplers/auto_pc/inst/gen_axilite.gen_b2s_conv.axilite_b2s/SI_REG/aw.aw_pipe/aclk
    SLICE_X7Y50          FDRE                                         r  u_week11_wrapper/week11_i/ps7_0_axi_periph/s00_couplers/auto_pc/inst/gen_axilite.gen_b2s_conv.axilite_b2s/SI_REG/aw.aw_pipe/m_payload_i_reg[39]/C
  -------------------------------------------------------------------    -------------------
    SLICE_X7Y50          FDRE (Prop_fdre_C_Q)         0.419     4.126 r  u_week11_wrapper/week11_i/ps7_0_axi_periph/s00_couplers/auto_pc/inst/gen_axilite.gen_b2s_conv.axilite_b2s/SI_REG/aw.aw_pipe/m_payload_i_reg[39]/Q
                         net (fo=12, routed)          0.839     4.965    u_week11_wrapper/week11_i/ps7_0_axi_periph/s00_couplers/auto_pc/inst/gen_axilite.gen_b2s_conv.axilite_b2s/WR.aw_channel_0/cmd_translator_0/axlen_cnt_reg[3][11]
    SLICE_X10Y46         LUT3 (Prop_lut3_I1_O)        0.321     5.286 f  u_week11_wrapper/week11_i/ps7_0_axi_periph/s00_couplers/auto_pc/inst/gen_axilite.gen_b2s_conv.axilite_b2s/WR.aw_channel_0/cmd_translator_0/FSM_sequential_state[1]_i_2/O
                         net (fo=3, routed)           0.335     5.621    u_week11_wrapper/week11_i/ps7_0_axi_periph/s00_couplers/auto_pc/inst/gen_axilite.gen_b2s_conv.axilite_b2s/WR.aw_channel_0/aw_cmd_fsm_0/FSM_sequential_state_reg[1]_0
    SLICE_X10Y47         LUT6 (Prop_lut6_I3_O)        0.355     5.976 r  u_week11_wrapper/week11_i/ps7_0_axi_periph/s00_couplers/auto_pc/inst/gen_axilite.gen_b2s_conv.axilite_b2s/WR.aw_channel_0/aw_cmd_fsm_0/memory_reg[3][0]_srl4_i_1/O
                         net (fo=30, routed)          0.669     6.645    u_week11_wrapper/week11_i/ps7_0_axi_periph/s00_couplers/auto_pc/inst/gen_axilite.gen_b2s_conv.axilite_b2s/WR.aw_channel_0/aw_cmd_fsm_0/m_axi_awready_0
    SLICE_X10Y48         LUT3 (Prop_lut3_I2_O)        0.124     6.769 r  u_week11_wrapper/week11_i/ps7_0_axi_periph/s00_couplers/auto_pc/inst/gen_axilite.gen_b2s_conv.axilite_b2s/WR.aw_channel_0/aw_cmd_fsm_0/next_pending_r_i_3/O
                         net (fo=19, routed)          0.884     7.653    u_week11_wrapper/week11_i/ps7_0_axi_periph/s00_couplers/auto_pc/inst/gen_axilite.gen_b2s_conv.axilite_b2s/WR.aw_channel_0/cmd_translator_0/incr_cmd_0/next
    SLICE_X9Y41          LUT4 (Prop_lut4_I3_O)        0.124     7.777 r  u_week11_wrapper/week11_i/ps7_0_axi_periph/s00_couplers/auto_pc/inst/gen_axilite.gen_b2s_conv.axilite_b2s/WR.aw_channel_0/cmd_translator_0/incr_cmd_0/axaddr_incr[3]_i_9/O
                         net (fo=1, routed)           0.000     7.777    u_week11_wrapper/week11_i/ps7_0_axi_periph/s00_couplers/auto_pc/inst/gen_axilite.gen_b2s_conv.axilite_b2s/SI_REG/aw.aw_pipe/axaddr_incr_reg[3][1]
    SLICE_X9Y41          CARRY4 (Prop_carry4_S[1]_CO[3])
                                                      0.550     8.327 r  u_week11_wrapper/week11_i/ps7_0_axi_periph/s00_couplers/auto_pc/inst/gen_axilite.gen_b2s_conv.axilite_b2s/SI_REG/aw.aw_pipe/axaddr_incr_reg[3]_i_2/CO[3]
                         net (fo=1, routed)           0.000     8.327    u_week11_wrapper/week11_i/ps7_0_axi_periph/s00_couplers/auto_pc/inst/gen_axilite.gen_b2s_conv.axilite_b2s/SI_REG/aw.aw_pipe/axaddr_incr_reg[3]_i_2_n_0
    SLICE_X9Y42          CARRY4 (Prop_carry4_CI_O[3])
                                                      0.313     8.640 r  u_week11_wrapper/week11_i/ps7_0_axi_periph/s00_couplers/auto_pc/inst/gen_axilite.gen_b2s_conv.axilite_b2s/SI_REG/aw.aw_pipe/axaddr_incr_reg[7]_i_2/O[3]
                         net (fo=1, routed)           0.588     9.229    u_week11_wrapper/week11_i/ps7_0_axi_periph/s00_couplers/auto_pc/inst/gen_axilite.gen_b2s_conv.axilite_b2s/WR.aw_channel_0/cmd_translator_0/incr_cmd_0/axaddr_incr[7]
    SLICE_X12Y42         LUT3 (Prop_lut3_I0_O)        0.299     9.528 r  u_week11_wrapper/week11_i/ps7_0_axi_periph/s00_couplers/auto_pc/inst/gen_axilite.gen_b2s_conv.axilite_b2s/WR.aw_channel_0/cmd_translator_0/incr_cmd_0/axaddr_incr[7]_i_1/O
                         net (fo=1, routed)           0.000     9.528    u_week11_wrapper/week11_i/ps7_0_axi_periph/s00_couplers/auto_pc/inst/gen_axilite.gen_b2s_conv.axilite_b2s/WR.aw_channel_0/cmd_translator_0/incr_cmd_0/p_1_in[7]
    SLICE_X12Y42         FDRE                                         r  u_week11_wrapper/week11_i/ps7_0_axi_periph/s00_couplers/auto_pc/inst/gen_axilite.gen_b2s_conv.axilite_b2s/WR.aw_channel_0/cmd_translator_0/incr_cmd_0/axaddr_incr_reg[7]/D
  -------------------------------------------------------------------    -------------------

                         (clock clk_fpga_0 rise edge)
                                                     10.000    10.000 r  
    PS7_X0Y0             PS7                          0.000    10.000 r  u_week11_wrapper/week11_i/processing_system7_0/inst/PS7_i/FCLKCLK[0]
                         net (fo=1, routed)           1.666    11.666    u_week11_wrapper/week11_i/processing_system7_0/inst/FCLK_CLK_unbuffered[0]
    BUFGCTRL_X0Y16       BUFG (Prop_bufg_I_O)         0.091    11.757 r  u_week11_wrapper/week11_i/processing_system7_0/inst/buffer_fclk_clk_0.FCLK_CLK_0_BUFG/O
                         net (fo=900, routed)         1.509    13.267    u_week11_wrapper/week11_i/ps7_0_axi_periph/s00_couplers/auto_pc/inst/gen_axilite.gen_b2s_conv.axilite_b2s/WR.aw_channel_0/cmd_translator_0/incr_cmd_0/aclk
    SLICE_X12Y42         FDRE                                         r  u_week11_wrapper/week11_i/ps7_0_axi_periph/s00_couplers/auto_pc/inst/gen_axilite.gen_b2s_conv.axilite_b2s/WR.aw_channel_0/cmd_translator_0/incr_cmd_0/axaddr_incr_reg[7]/C
                         clock pessimism              0.282    13.549    
                         clock uncertainty           -0.154    13.395    
    SLICE_X12Y42         FDRE (Setup_fdre_C_D)        0.118    13.513    u_week11_wrapper/week11_i/ps7_0_axi_periph/s00_couplers/auto_pc/inst/gen_axilite.gen_b2s_conv.axilite_b2s/WR.aw_channel_0/cmd_translator_0/incr_cmd_0/axaddr_incr_reg[7]
  -------------------------------------------------------------------
                         required time                         13.513    
                         arrival time                          -9.528    
  -------------------------------------------------------------------
                         slack                                  3.985    

Slack (MET) :             4.001ns  (required time - arrival time)
  Source:                 u_week11_wrapper/week11_i/ps7_0_axi_periph/s00_couplers/auto_pc/inst/gen_axilite.gen_b2s_conv.axilite_b2s/SI_REG/aw.aw_pipe/m_payload_i_reg[39]/C
                            (rising edge-triggered cell FDRE clocked by clk_fpga_0  {rise@0.000ns fall@5.000ns period=10.000ns})
  Destination:            u_week11_wrapper/week11_i/ps7_0_axi_periph/s00_couplers/auto_pc/inst/gen_axilite.gen_b2s_conv.axilite_b2s/WR.aw_channel_0/cmd_translator_0/incr_cmd_0/axaddr_incr_reg[4]/D
                            (rising edge-triggered cell FDRE clocked by clk_fpga_0  {rise@0.000ns fall@5.000ns period=10.000ns})
  Path Group:             clk_fpga_0
  Path Type:              Setup (Max at Slow Process Corner)
  Requirement:            10.000ns  (clk_fpga_0 rise@10.000ns - clk_fpga_0 rise@0.000ns)
  Data Path Delay:        5.716ns  (logic 2.414ns (42.234%)  route 3.302ns (57.766%))
  Logic Levels:           7  (CARRY4=2 LUT3=3 LUT4=1 LUT6=1)
  Clock Path Skew:        -0.160ns (DCD - SCD + CPR)
    Destination Clock Delay (DCD):    3.266ns = ( 13.266 - 10.000 ) 
    Source Clock Delay      (SCD):    3.707ns
    Clock Pessimism Removal (CPR):    0.282ns
  Clock Uncertainty:      0.154ns  ((TSJ^2 + TIJ^2)^1/2 + DJ) / 2 + PE
    Total System Jitter     (TSJ):    0.071ns
    Total Input Jitter      (TIJ):    0.300ns
    Discrete Jitter          (DJ):    0.000ns
    Phase Error              (PE):    0.000ns

    Location             Delay type                Incr(ns)  Path(ns)    Netlist Resource(s)
  -------------------------------------------------------------------    -------------------
                         (clock clk_fpga_0 rise edge)
                                                      0.000     0.000 r  
    PS7_X0Y0             PS7                          0.000     0.000 r  u_week11_wrapper/week11_i/processing_system7_0/inst/PS7_i/FCLKCLK[0]
                         net (fo=1, routed)           1.938     1.938    u_week11_wrapper/week11_i/processing_system7_0/inst/FCLK_CLK_unbuffered[0]
    BUFGCTRL_X0Y16       BUFG (Prop_bufg_I_O)         0.101     2.039 r  u_week11_wrapper/week11_i/processing_system7_0/inst/buffer_fclk_clk_0.FCLK_CLK_0_BUFG/O
                         net (fo=900, routed)         1.668     3.707    u_week11_wrapper/week11_i/ps7_0_axi_periph/s00_couplers/auto_pc/inst/gen_axilite.gen_b2s_conv.axilite_b2s/SI_REG/aw.aw_pipe/aclk
    SLICE_X7Y50          FDRE                                         r  u_week11_wrapper/week11_i/ps7_0_axi_periph/s00_couplers/auto_pc/inst/gen_axilite.gen_b2s_conv.axilite_b2s/SI_REG/aw.aw_pipe/m_payload_i_reg[39]/C
  -------------------------------------------------------------------    -------------------
    SLICE_X7Y50          FDRE (Prop_fdre_C_Q)         0.419     4.126 r  u_week11_wrapper/week11_i/ps7_0_axi_periph/s00_couplers/auto_pc/inst/gen_axilite.gen_b2s_conv.axilite_b2s/SI_REG/aw.aw_pipe/m_payload_i_reg[39]/Q
                         net (fo=12, routed)          0.839     4.965    u_week11_wrapper/week11_i/ps7_0_axi_periph/s00_couplers/auto_pc/inst/gen_axilite.gen_b2s_conv.axilite_b2s/WR.aw_channel_0/cmd_translator_0/axlen_cnt_reg[3][11]
    SLICE_X10Y46         LUT3 (Prop_lut3_I1_O)        0.321     5.286 f  u_week11_wrapper/week11_i/ps7_0_axi_periph/s00_couplers/auto_pc/inst/gen_axilite.gen_b2s_conv.axilite_b2s/WR.aw_channel_0/cmd_translator_0/FSM_sequential_state[1]_i_2/O
                         net (fo=3, routed)           0.335     5.621    u_week11_wrapper/week11_i/ps7_0_axi_periph/s00_couplers/auto_pc/inst/gen_axilite.gen_b2s_conv.axilite_b2s/WR.aw_channel_0/aw_cmd_fsm_0/FSM_sequential_state_reg[1]_0
    SLICE_X10Y47         LUT6 (Prop_lut6_I3_O)        0.355     5.976 r  u_week11_wrapper/week11_i/ps7_0_axi_periph/s00_couplers/auto_pc/inst/gen_axilite.gen_b2s_conv.axilite_b2s/WR.aw_channel_0/aw_cmd_fsm_0/memory_reg[3][0]_srl4_i_1/O
                         net (fo=30, routed)          0.669     6.645    u_week11_wrapper/week11_i/ps7_0_axi_periph/s00_couplers/auto_pc/inst/gen_axilite.gen_b2s_conv.axilite_b2s/WR.aw_channel_0/aw_cmd_fsm_0/m_axi_awready_0
    SLICE_X10Y48         LUT3 (Prop_lut3_I2_O)        0.124     6.769 r  u_week11_wrapper/week11_i/ps7_0_axi_periph/s00_couplers/auto_pc/inst/gen_axilite.gen_b2s_conv.axilite_b2s/WR.aw_channel_0/aw_cmd_fsm_0/next_pending_r_i_3/O
                         net (fo=19, routed)          0.884     7.653    u_week11_wrapper/week11_i/ps7_0_axi_periph/s00_couplers/auto_pc/inst/gen_axilite.gen_b2s_conv.axilite_b2s/WR.aw_channel_0/cmd_translator_0/incr_cmd_0/next
    SLICE_X9Y41          LUT4 (Prop_lut4_I3_O)        0.124     7.777 r  u_week11_wrapper/week11_i/ps7_0_axi_periph/s00_couplers/auto_pc/inst/gen_axilite.gen_b2s_conv.axilite_b2s/WR.aw_channel_0/cmd_translator_0/incr_cmd_0/axaddr_incr[3]_i_9/O
                         net (fo=1, routed)           0.000     7.777    u_week11_wrapper/week11_i/ps7_0_axi_periph/s00_couplers/auto_pc/inst/gen_axilite.gen_b2s_conv.axilite_b2s/SI_REG/aw.aw_pipe/axaddr_incr_reg[3][1]
    SLICE_X9Y41          CARRY4 (Prop_carry4_S[1]_CO[3])
                                                      0.550     8.327 r  u_week11_wrapper/week11_i/ps7_0_axi_periph/s00_couplers/auto_pc/inst/gen_axilite.gen_b2s_conv.axilite_b2s/SI_REG/aw.aw_pipe/axaddr_incr_reg[3]_i_2/CO[3]
                         net (fo=1, routed)           0.000     8.327    u_week11_wrapper/week11_i/ps7_0_axi_periph/s00_couplers/auto_pc/inst/gen_axilite.gen_b2s_conv.axilite_b2s/SI_REG/aw.aw_pipe/axaddr_incr_reg[3]_i_2_n_0
    SLICE_X9Y42          CARRY4 (Prop_carry4_CI_O[0])
                                                      0.222     8.549 r  u_week11_wrapper/week11_i/ps7_0_axi_periph/s00_couplers/auto_pc/inst/gen_axilite.gen_b2s_conv.axilite_b2s/SI_REG/aw.aw_pipe/axaddr_incr_reg[7]_i_2/O[0]
                         net (fo=1, routed)           0.575     9.124    u_week11_wrapper/week11_i/ps7_0_axi_periph/s00_couplers/auto_pc/inst/gen_axilite.gen_b2s_conv.axilite_b2s/WR.aw_channel_0/cmd_translator_0/incr_cmd_0/axaddr_incr[4]
    SLICE_X9Y40          LUT3 (Prop_lut3_I0_O)        0.299     9.423 r  u_week11_wrapper/week11_i/ps7_0_axi_periph/s00_couplers/auto_pc/inst/gen_axilite.gen_b2s_conv.axilite_b2s/WR.aw_channel_0/cmd_translator_0/incr_cmd_0/axaddr_incr[4]_i_1/O
                         net (fo=1, routed)           0.000     9.423    u_week11_wrapper/week11_i/ps7_0_axi_periph/s00_couplers/auto_pc/inst/gen_axilite.gen_b2s_conv.axilite_b2s/WR.aw_channel_0/cmd_translator_0/incr_cmd_0/p_1_in[4]
    SLICE_X9Y40          FDRE                                         r  u_week11_wrapper/week11_i/ps7_0_axi_periph/s00_couplers/auto_pc/inst/gen_axilite.gen_b2s_conv.axilite_b2s/WR.aw_channel_0/cmd_translator_0/incr_cmd_0/axaddr_incr_reg[4]/D
  -------------------------------------------------------------------    -------------------

                         (clock clk_fpga_0 rise edge)
                                                     10.000    10.000 r  
    PS7_X0Y0             PS7                          0.000    10.000 r  u_week11_wrapper/week11_i/processing_system7_0/inst/PS7_i/FCLKCLK[0]
                         net (fo=1, routed)           1.666    11.666    u_week11_wrapper/week11_i/processing_system7_0/inst/FCLK_CLK_unbuffered[0]
    BUFGCTRL_X0Y16       BUFG (Prop_bufg_I_O)         0.091    11.757 r  u_week11_wrapper/week11_i/processing_system7_0/inst/buffer_fclk_clk_0.FCLK_CLK_0_BUFG/O
                         net (fo=900, routed)         1.508    13.266    u_week11_wrapper/week11_i/ps7_0_axi_periph/s00_couplers/auto_pc/inst/gen_axilite.gen_b2s_conv.axilite_b2s/WR.aw_channel_0/cmd_translator_0/incr_cmd_0/aclk
    SLICE_X9Y40          FDRE                                         r  u_week11_wrapper/week11_i/ps7_0_axi_periph/s00_couplers/auto_pc/inst/gen_axilite.gen_b2s_conv.axilite_b2s/WR.aw_channel_0/cmd_translator_0/incr_cmd_0/axaddr_incr_reg[4]/C
                         clock pessimism              0.282    13.548    
                         clock uncertainty           -0.154    13.394    
    SLICE_X9Y40          FDRE (Setup_fdre_C_D)        0.031    13.425    u_week11_wrapper/week11_i/ps7_0_axi_periph/s00_couplers/auto_pc/inst/gen_axilite.gen_b2s_conv.axilite_b2s/WR.aw_channel_0/cmd_translator_0/incr_cmd_0/axaddr_incr_reg[4]
  -------------------------------------------------------------------
                         required time                         13.425    
                         arrival time                          -9.423    
  -------------------------------------------------------------------
                         slack                                  4.001    

Slack (MET) :             4.084ns  (required time - arrival time)
  Source:                 u_week11_wrapper/week11_i/ps7_0_axi_periph/s00_couplers/auto_pc/inst/gen_axilite.gen_b2s_conv.axilite_b2s/RD.ar_channel_0/ar_cmd_fsm_0/FSM_sequential_state_reg[0]/C
                            (rising edge-triggered cell FDSE clocked by clk_fpga_0  {rise@0.000ns fall@5.000ns period=10.000ns})
  Destination:            u_week11_wrapper/week11_i/axi_apb_bridge_0/U0/APB_MASTER_IF_MODULE/PADDR_i_reg[4]/D
                            (rising edge-triggered cell FDRE clocked by clk_fpga_0  {rise@0.000ns fall@5.000ns period=10.000ns})
  Path Group:             clk_fpga_0
  Path Type:              Setup (Max at Slow Process Corner)
  Requirement:            10.000ns  (clk_fpga_0 rise@10.000ns - clk_fpga_0 rise@0.000ns)
  Data Path Delay:        5.770ns  (logic 1.242ns (21.524%)  route 4.528ns (78.476%))
  Logic Levels:           4  (LUT2=1 LUT5=2 LUT6=1)
  Clock Path Skew:        -0.023ns (DCD - SCD + CPR)
    Destination Clock Delay (DCD):    3.262ns = ( 13.262 - 10.000 ) 
    Source Clock Delay      (SCD):    3.716ns
    Clock Pessimism Removal (CPR):    0.432ns
  Clock Uncertainty:      0.154ns  ((TSJ^2 + TIJ^2)^1/2 + DJ) / 2 + PE
    Total System Jitter     (TSJ):    0.071ns
    Total Input Jitter      (TIJ):    0.300ns
    Discrete Jitter          (DJ):    0.000ns
    Phase Error              (PE):    0.000ns

    Location             Delay type                Incr(ns)  Path(ns)    Netlist Resource(s)
  -------------------------------------------------------------------    -------------------
                         (clock clk_fpga_0 rise edge)
                                                      0.000     0.000 r  
    PS7_X0Y0             PS7                          0.000     0.000 r  u_week11_wrapper/week11_i/processing_system7_0/inst/PS7_i/FCLKCLK[0]
                         net (fo=1, routed)           1.938     1.938    u_week11_wrapper/week11_i/processing_system7_0/inst/FCLK_CLK_unbuffered[0]
    BUFGCTRL_X0Y16       BUFG (Prop_bufg_I_O)         0.101     2.039 r  u_week11_wrapper/week11_i/processing_system7_0/inst/buffer_fclk_clk_0.FCLK_CLK_0_BUFG/O
                         net (fo=900, routed)         1.677     3.716    u_week11_wrapper/week11_i/ps7_0_axi_periph/s00_couplers/auto_pc/inst/gen_axilite.gen_b2s_conv.axilite_b2s/RD.ar_channel_0/ar_cmd_fsm_0/aclk
    SLICE_X6Y34          FDSE                                         r  u_week11_wrapper/week11_i/ps7_0_axi_periph/s00_couplers/auto_pc/inst/gen_axilite.gen_b2s_conv.axilite_b2s/RD.ar_channel_0/ar_cmd_fsm_0/FSM_sequential_state_reg[0]/C
  -------------------------------------------------------------------    -------------------
    SLICE_X6Y34          FDSE (Prop_fdse_C_Q)         0.518     4.234 f  u_week11_wrapper/week11_i/ps7_0_axi_periph/s00_couplers/auto_pc/inst/gen_axilite.gen_b2s_conv.axilite_b2s/RD.ar_channel_0/ar_cmd_fsm_0/FSM_sequential_state_reg[0]/Q
                         net (fo=29, routed)          1.724     5.958    u_week11_wrapper/week11_i/ps7_0_axi_periph/s00_couplers/auto_pc/inst/gen_axilite.gen_b2s_conv.axilite_b2s/RD.ar_channel_0/ar_cmd_fsm_0/Q[0]
    SLICE_X3Y36          LUT2 (Prop_lut2_I1_O)        0.150     6.108 f  u_week11_wrapper/week11_i/ps7_0_axi_periph/s00_couplers/auto_pc/inst/gen_axilite.gen_b2s_conv.axilite_b2s/RD.ar_channel_0/ar_cmd_fsm_0/m_axi_arvalid_INST_0/O
                         net (fo=8, routed)           0.641     6.749    u_week11_wrapper/week11_i/axi_apb_bridge_0/U0/AXILITE_SLAVE_IF_MODULE/s_axi_arvalid
    SLICE_X2Y39          LUT5 (Prop_lut5_I3_O)        0.326     7.075 f  u_week11_wrapper/week11_i/axi_apb_bridge_0/U0/AXILITE_SLAVE_IF_MODULE/WREADY_i_i_2/O
                         net (fo=2, routed)           0.463     7.538    u_week11_wrapper/week11_i/axi_apb_bridge_0/U0/AXILITE_SLAVE_IF_MODULE/WREADY_i_i_2_n_0
    SLICE_X1Y39          LUT6 (Prop_lut6_I1_O)        0.124     7.662 r  u_week11_wrapper/week11_i/axi_apb_bridge_0/U0/AXILITE_SLAVE_IF_MODULE/WREADY_i_i_1/O
                         net (fo=31, routed)          1.701     9.363    u_week11_wrapper/week11_i/axi_apb_bridge_0/U0/AXILITE_SLAVE_IF_MODULE/apb_wr_request
    SLICE_X7Y36          LUT5 (Prop_lut5_I3_O)        0.124     9.487 r  u_week11_wrapper/week11_i/axi_apb_bridge_0/U0/AXILITE_SLAVE_IF_MODULE/PADDR_i[4]_i_1/O
                         net (fo=1, routed)           0.000     9.487    u_week11_wrapper/week11_i/axi_apb_bridge_0/U0/APB_MASTER_IF_MODULE/D[4]
    SLICE_X7Y36          FDRE                                         r  u_week11_wrapper/week11_i/axi_apb_bridge_0/U0/APB_MASTER_IF_MODULE/PADDR_i_reg[4]/D
  -------------------------------------------------------------------    -------------------

                         (clock clk_fpga_0 rise edge)
                                                     10.000    10.000 r  
    PS7_X0Y0             PS7                          0.000    10.000 r  u_week11_wrapper/week11_i/processing_system7_0/inst/PS7_i/FCLKCLK[0]
                         net (fo=1, routed)           1.666    11.666    u_week11_wrapper/week11_i/processing_system7_0/inst/FCLK_CLK_unbuffered[0]
    BUFGCTRL_X0Y16       BUFG (Prop_bufg_I_O)         0.091    11.757 r  u_week11_wrapper/week11_i/processing_system7_0/inst/buffer_fclk_clk_0.FCLK_CLK_0_BUFG/O
                         net (fo=900, routed)         1.504    13.262    u_week11_wrapper/week11_i/axi_apb_bridge_0/U0/APB_MASTER_IF_MODULE/s_axi_aclk
    SLICE_X7Y36          FDRE                                         r  u_week11_wrapper/week11_i/axi_apb_bridge_0/U0/APB_MASTER_IF_MODULE/PADDR_i_reg[4]/C
                         clock pessimism              0.432    13.693    
                         clock uncertainty           -0.154    13.539    
    SLICE_X7Y36          FDRE (Setup_fdre_C_D)        0.031    13.570    u_week11_wrapper/week11_i/axi_apb_bridge_0/U0/APB_MASTER_IF_MODULE/PADDR_i_reg[4]
  -------------------------------------------------------------------
                         required time                         13.570    
                         arrival time                          -9.487    
  -------------------------------------------------------------------
                         slack                                  4.084    





Min Delay Paths
--------------------------------------------------------------------------------------
Slack (MET) :             0.041ns  (arrival time - required time)
  Source:                 u_week11_wrapper/week11_i/ps7_0_axi_periph/s00_couplers/auto_pc/inst/gen_axilite.gen_b2s_conv.axilite_b2s/SI_REG/aw.aw_pipe/m_payload_i_reg[55]/C
                            (rising edge-triggered cell FDRE clocked by clk_fpga_0  {rise@0.000ns fall@5.000ns period=10.000ns})
  Destination:            u_week11_wrapper/week11_i/ps7_0_axi_periph/s00_couplers/auto_pc/inst/gen_axilite.gen_b2s_conv.axilite_b2s/WR.aw_channel_0/s_awid_r_reg[5]/D
                            (rising edge-triggered cell FDRE clocked by clk_fpga_0  {rise@0.000ns fall@5.000ns period=10.000ns})
  Path Group:             clk_fpga_0
  Path Type:              Hold (Min at Fast Process Corner)
  Requirement:            0.000ns  (clk_fpga_0 rise@0.000ns - clk_fpga_0 rise@0.000ns)
  Data Path Delay:        0.315ns  (logic 0.128ns (40.646%)  route 0.187ns (59.354%))
  Logic Levels:           0  
  Clock Path Skew:        0.261ns (DCD - SCD - CPR)
    Destination Clock Delay (DCD):    1.797ns
    Source Clock Delay      (SCD):    1.418ns
    Clock Pessimism Removal (CPR):    0.118ns

    Location             Delay type                Incr(ns)  Path(ns)    Netlist Resource(s)
  -------------------------------------------------------------------    -------------------
                         (clock clk_fpga_0 rise edge)
                                                      0.000     0.000 r  
    PS7_X0Y0             PS7                          0.000     0.000 r  u_week11_wrapper/week11_i/processing_system7_0/inst/PS7_i/FCLKCLK[0]
                         net (fo=1, routed)           0.804     0.804    u_week11_wrapper/week11_i/processing_system7_0/inst/FCLK_CLK_unbuffered[0]
    BUFGCTRL_X0Y16       BUFG (Prop_bufg_I_O)         0.026     0.830 r  u_week11_wrapper/week11_i/processing_system7_0/inst/buffer_fclk_clk_0.FCLK_CLK_0_BUFG/O
                         net (fo=900, routed)         0.588     1.418    u_week11_wrapper/week11_i/ps7_0_axi_periph/s00_couplers/auto_pc/inst/gen_axilite.gen_b2s_conv.axilite_b2s/SI_REG/aw.aw_pipe/aclk
    SLICE_X2Y49          FDRE                                         r  u_week11_wrapper/week11_i/ps7_0_axi_periph/s00_couplers/auto_pc/inst/gen_axilite.gen_b2s_conv.axilite_b2s/SI_REG/aw.aw_pipe/m_payload_i_reg[55]/C
  -------------------------------------------------------------------    -------------------
    SLICE_X2Y49          FDRE (Prop_fdre_C_Q)         0.128     1.546 r  u_week11_wrapper/week11_i/ps7_0_axi_periph/s00_couplers/auto_pc/inst/gen_axilite.gen_b2s_conv.axilite_b2s/SI_REG/aw.aw_pipe/m_payload_i_reg[55]/Q
                         net (fo=1, routed)           0.187     1.733    u_week11_wrapper/week11_i/ps7_0_axi_periph/s00_couplers/auto_pc/inst/gen_axilite.gen_b2s_conv.axilite_b2s/WR.aw_channel_0/s_awid_r_reg[11]_0[24]
    SLICE_X1Y50          FDRE                                         r  u_week11_wrapper/week11_i/ps7_0_axi_periph/s00_couplers/auto_pc/inst/gen_axilite.gen_b2s_conv.axilite_b2s/WR.aw_channel_0/s_awid_r_reg[5]/D
  -------------------------------------------------------------------    -------------------

                         (clock clk_fpga_0 rise edge)
                                                      0.000     0.000 r  
    PS7_X0Y0             PS7                          0.000     0.000 r  u_week11_wrapper/week11_i/processing_system7_0/inst/PS7_i/FCLKCLK[0]
                         net (fo=1, routed)           0.919     0.919    u_week11_wrapper/week11_i/processing_system7_0/inst/FCLK_CLK_unbuffered[0]
    BUFGCTRL_X0Y16       BUFG (Prop_bufg_I_O)         0.029     0.948 r  u_week11_wrapper/week11_i/processing_system7_0/inst/buffer_fclk_clk_0.FCLK_CLK_0_BUFG/O
                         net (fo=900, routed)         0.849     1.797    u_week11_wrapper/week11_i/ps7_0_axi_periph/s00_couplers/auto_pc/inst/gen_axilite.gen_b2s_conv.axilite_b2s/WR.aw_channel_0/aclk
    SLICE_X1Y50          FDRE                                         r  u_week11_wrapper/week11_i/ps7_0_axi_periph/s00_couplers/auto_pc/inst/gen_axilite.gen_b2s_conv.axilite_b2s/WR.aw_channel_0/s_awid_r_reg[5]/C
                         clock pessimism             -0.118     1.679    
    SLICE_X1Y50          FDRE (Hold_fdre_C_D)         0.013     1.692    u_week11_wrapper/week11_i/ps7_0_axi_periph/s00_couplers/auto_pc/inst/gen_axilite.gen_b2s_conv.axilite_b2s/WR.aw_channel_0/s_awid_r_reg[5]
  -------------------------------------------------------------------
                         required time                         -1.692    
                         arrival time                           1.733    
  -------------------------------------------------------------------
                         slack                                  0.041    

Slack (MET) :             0.049ns  (arrival time - required time)
  Source:                 u_week11_wrapper/week11_i/ps7_0_axi_periph/s00_couplers/auto_pc/inst/gen_axilite.gen_b2s_conv.axilite_b2s/SI_REG/aw.aw_pipe/skid_buffer_reg[54]/C
                            (rising edge-triggered cell FDRE clocked by clk_fpga_0  {rise@0.000ns fall@5.000ns period=10.000ns})
  Destination:            u_week11_wrapper/week11_i/ps7_0_axi_periph/s00_couplers/auto_pc/inst/gen_axilite.gen_b2s_conv.axilite_b2s/SI_REG/aw.aw_pipe/m_payload_i_reg[54]/D
                            (rising edge-triggered cell FDRE clocked by clk_fpga_0  {rise@0.000ns fall@5.000ns period=10.000ns})
  Path Group:             clk_fpga_0
  Path Type:              Hold (Min at Fast Process Corner)
  Requirement:            0.000ns  (clk_fpga_0 rise@0.000ns - clk_fpga_0 rise@0.000ns)
  Data Path Delay:        0.415ns  (logic 0.186ns (44.794%)  route 0.229ns (55.206%))
  Logic Levels:           1  (LUT3=1)
  Clock Path Skew:        0.274ns (DCD - SCD - CPR)
    Destination Clock Delay (DCD):    1.804ns
    Source Clock Delay      (SCD):    1.412ns
    Clock Pessimism Removal (CPR):    0.118ns

    Location             Delay type                Incr(ns)  Path(ns)    Netlist Resource(s)
  -------------------------------------------------------------------    -------------------
                         (clock clk_fpga_0 rise edge)
                                                      0.000     0.000 r  
    PS7_X0Y0             PS7                          0.000     0.000 r  u_week11_wrapper/week11_i/processing_system7_0/inst/PS7_i/FCLKCLK[0]
                         net (fo=1, routed)           0.804     0.804    u_week11_wrapper/week11_i/processing_system7_0/inst/FCLK_CLK_unbuffered[0]
    BUFGCTRL_X0Y16       BUFG (Prop_bufg_I_O)         0.026     0.830 r  u_week11_wrapper/week11_i/processing_system7_0/inst/buffer_fclk_clk_0.FCLK_CLK_0_BUFG/O
                         net (fo=900, routed)         0.582     1.412    u_week11_wrapper/week11_i/ps7_0_axi_periph/s00_couplers/auto_pc/inst/gen_axilite.gen_b2s_conv.axilite_b2s/SI_REG/aw.aw_pipe/aclk
    SLICE_X2Y50          FDRE                                         r  u_week11_wrapper/week11_i/ps7_0_axi_periph/s00_couplers/auto_pc/inst/gen_axilite.gen_b2s_conv.axilite_b2s/SI_REG/aw.aw_pipe/skid_buffer_reg[54]/C
  -------------------------------------------------------------------    -------------------
    SLICE_X2Y50          FDRE (Prop_fdre_C_Q)         0.141     1.553 r  u_week11_wrapper/week11_i/ps7_0_axi_periph/s00_couplers/auto_pc/inst/gen_axilite.gen_b2s_conv.axilite_b2s/SI_REG/aw.aw_pipe/skid_buffer_reg[54]/Q
                         net (fo=1, routed)           0.229     1.782    u_week11_wrapper/week11_i/ps7_0_axi_periph/s00_couplers/auto_pc/inst/gen_axilite.gen_b2s_conv.axilite_b2s/SI_REG/aw.aw_pipe/skid_buffer_reg_n_0_[54]
    SLICE_X2Y49          LUT3 (Prop_lut3_I2_O)        0.045     1.827 r  u_week11_wrapper/week11_i/ps7_0_axi_periph/s00_couplers/auto_pc/inst/gen_axilite.gen_b2s_conv.axilite_b2s/SI_REG/aw.aw_pipe/m_payload_i[54]_i_1/O
                         net (fo=1, routed)           0.000     1.827    u_week11_wrapper/week11_i/ps7_0_axi_periph/s00_couplers/auto_pc/inst/gen_axilite.gen_b2s_conv.axilite_b2s/SI_REG/aw.aw_pipe/skid_buffer[54]
    SLICE_X2Y49          FDRE                                         r  u_week11_wrapper/week11_i/ps7_0_axi_periph/s00_couplers/auto_pc/inst/gen_axilite.gen_b2s_conv.axilite_b2s/SI_REG/aw.aw_pipe/m_payload_i_reg[54]/D
  -------------------------------------------------------------------    -------------------

                         (clock clk_fpga_0 rise edge)
                                                      0.000     0.000 r  
    PS7_X0Y0             PS7                          0.000     0.000 r  u_week11_wrapper/week11_i/processing_system7_0/inst/PS7_i/FCLKCLK[0]
                         net (fo=1, routed)           0.919     0.919    u_week11_wrapper/week11_i/processing_system7_0/inst/FCLK_CLK_unbuffered[0]
    BUFGCTRL_X0Y16       BUFG (Prop_bufg_I_O)         0.029     0.948 r  u_week11_wrapper/week11_i/processing_system7_0/inst/buffer_fclk_clk_0.FCLK_CLK_0_BUFG/O
                         net (fo=900, routed)         0.856     1.804    u_week11_wrapper/week11_i/ps7_0_axi_periph/s00_couplers/auto_pc/inst/gen_axilite.gen_b2s_conv.axilite_b2s/SI_REG/aw.aw_pipe/aclk
    SLICE_X2Y49          FDRE                                         r  u_week11_wrapper/week11_i/ps7_0_axi_periph/s00_couplers/auto_pc/inst/gen_axilite.gen_b2s_conv.axilite_b2s/SI_REG/aw.aw_pipe/m_payload_i_reg[54]/C
                         clock pessimism             -0.118     1.686    
    SLICE_X2Y49          FDRE (Hold_fdre_C_D)         0.092     1.778    u_week11_wrapper/week11_i/ps7_0_axi_periph/s00_couplers/auto_pc/inst/gen_axilite.gen_b2s_conv.axilite_b2s/SI_REG/aw.aw_pipe/m_payload_i_reg[54]
  -------------------------------------------------------------------
                         required time                         -1.778    
                         arrival time                           1.827    
  -------------------------------------------------------------------
                         slack                                  0.049    

Slack (MET) :             0.061ns  (arrival time - required time)
  Source:                 u_week11_wrapper/week11_i/ps7_0_axi_periph/s00_couplers/auto_pc/inst/gen_axilite.gen_b2s_conv.axilite_b2s/SI_REG/aw.aw_pipe/skid_buffer_reg[51]/C
                            (rising edge-triggered cell FDRE clocked by clk_fpga_0  {rise@0.000ns fall@5.000ns period=10.000ns})
  Destination:            u_week11_wrapper/week11_i/ps7_0_axi_periph/s00_couplers/auto_pc/inst/gen_axilite.gen_b2s_conv.axilite_b2s/SI_REG/aw.aw_pipe/m_payload_i_reg[51]/D
                            (rising edge-triggered cell FDRE clocked by clk_fpga_0  {rise@0.000ns fall@5.000ns period=10.000ns})
  Path Group:             clk_fpga_0
  Path Type:              Hold (Min at Fast Process Corner)
  Requirement:            0.000ns  (clk_fpga_0 rise@0.000ns - clk_fpga_0 rise@0.000ns)
  Data Path Delay:        0.442ns  (logic 0.183ns (41.377%)  route 0.259ns (58.623%))
  Logic Levels:           1  (LUT3=1)
  Clock Path Skew:        0.274ns (DCD - SCD - CPR)
    Destination Clock Delay (DCD):    1.804ns
    Source Clock Delay      (SCD):    1.412ns
    Clock Pessimism Removal (CPR):    0.118ns

    Location             Delay type                Incr(ns)  Path(ns)    Netlist Resource(s)
  -------------------------------------------------------------------    -------------------
                         (clock clk_fpga_0 rise edge)
                                                      0.000     0.000 r  
    PS7_X0Y0             PS7                          0.000     0.000 r  u_week11_wrapper/week11_i/processing_system7_0/inst/PS7_i/FCLKCLK[0]
                         net (fo=1, routed)           0.804     0.804    u_week11_wrapper/week11_i/processing_system7_0/inst/FCLK_CLK_unbuffered[0]
    BUFGCTRL_X0Y16       BUFG (Prop_bufg_I_O)         0.026     0.830 r  u_week11_wrapper/week11_i/processing_system7_0/inst/buffer_fclk_clk_0.FCLK_CLK_0_BUFG/O
                         net (fo=900, routed)         0.582     1.412    u_week11_wrapper/week11_i/ps7_0_axi_periph/s00_couplers/auto_pc/inst/gen_axilite.gen_b2s_conv.axilite_b2s/SI_REG/aw.aw_pipe/aclk
    SLICE_X2Y50          FDRE                                         r  u_week11_wrapper/week11_i/ps7_0_axi_periph/s00_couplers/auto_pc/inst/gen_axilite.gen_b2s_conv.axilite_b2s/SI_REG/aw.aw_pipe/skid_buffer_reg[51]/C
  -------------------------------------------------------------------    -------------------
    SLICE_X2Y50          FDRE (Prop_fdre_C_Q)         0.141     1.553 r  u_week11_wrapper/week11_i/ps7_0_axi_periph/s00_couplers/auto_pc/inst/gen_axilite.gen_b2s_conv.axilite_b2s/SI_REG/aw.aw_pipe/skid_buffer_reg[51]/Q
                         net (fo=1, routed)           0.259     1.812    u_week11_wrapper/week11_i/ps7_0_axi_periph/s00_couplers/auto_pc/inst/gen_axilite.gen_b2s_conv.axilite_b2s/SI_REG/aw.aw_pipe/skid_buffer_reg_n_0_[51]
    SLICE_X2Y49          LUT3 (Prop_lut3_I2_O)        0.042     1.854 r  u_week11_wrapper/week11_i/ps7_0_axi_periph/s00_couplers/auto_pc/inst/gen_axilite.gen_b2s_conv.axilite_b2s/SI_REG/aw.aw_pipe/m_payload_i[51]_i_1/O
                         net (fo=1, routed)           0.000     1.854    u_week11_wrapper/week11_i/ps7_0_axi_periph/s00_couplers/auto_pc/inst/gen_axilite.gen_b2s_conv.axilite_b2s/SI_REG/aw.aw_pipe/skid_buffer[51]
    SLICE_X2Y49          FDRE                                         r  u_week11_wrapper/week11_i/ps7_0_axi_periph/s00_couplers/auto_pc/inst/gen_axilite.gen_b2s_conv.axilite_b2s/SI_REG/aw.aw_pipe/m_payload_i_reg[51]/D
  -------------------------------------------------------------------    -------------------

                         (clock clk_fpga_0 rise edge)
                                                      0.000     0.000 r  
    PS7_X0Y0             PS7                          0.000     0.000 r  u_week11_wrapper/week11_i/processing_system7_0/inst/PS7_i/FCLKCLK[0]
                         net (fo=1, routed)           0.919     0.919    u_week11_wrapper/week11_i/processing_system7_0/inst/FCLK_CLK_unbuffered[0]
    BUFGCTRL_X0Y16       BUFG (Prop_bufg_I_O)         0.029     0.948 r  u_week11_wrapper/week11_i/processing_system7_0/inst/buffer_fclk_clk_0.FCLK_CLK_0_BUFG/O
                         net (fo=900, routed)         0.856     1.804    u_week11_wrapper/week11_i/ps7_0_axi_periph/s00_couplers/auto_pc/inst/gen_axilite.gen_b2s_conv.axilite_b2s/SI_REG/aw.aw_pipe/aclk
    SLICE_X2Y49          FDRE                                         r  u_week11_wrapper/week11_i/ps7_0_axi_periph/s00_couplers/auto_pc/inst/gen_axilite.gen_b2s_conv.axilite_b2s/SI_REG/aw.aw_pipe/m_payload_i_reg[51]/C
                         clock pessimism             -0.118     1.686    
    SLICE_X2Y49          FDRE (Hold_fdre_C_D)         0.107     1.793    u_week11_wrapper/week11_i/ps7_0_axi_periph/s00_couplers/auto_pc/inst/gen_axilite.gen_b2s_conv.axilite_b2s/SI_REG/aw.aw_pipe/m_payload_i_reg[51]
  -------------------------------------------------------------------
                         required time                         -1.793    
                         arrival time                           1.854    
  -------------------------------------------------------------------
                         slack                                  0.061    

Slack (MET) :             0.083ns  (arrival time - required time)
  Source:                 u_week11_wrapper/week11_i/ps7_0_axi_periph/s00_couplers/auto_pc/inst/gen_axilite.gen_b2s_conv.axilite_b2s/SI_REG/aw.aw_pipe/skid_buffer_reg[58]/C
                            (rising edge-triggered cell FDRE clocked by clk_fpga_0  {rise@0.000ns fall@5.000ns period=10.000ns})
  Destination:            u_week11_wrapper/week11_i/ps7_0_axi_periph/s00_couplers/auto_pc/inst/gen_axilite.gen_b2s_conv.axilite_b2s/SI_REG/aw.aw_pipe/m_payload_i_reg[58]/D
                            (rising edge-triggered cell FDRE clocked by clk_fpga_0  {rise@0.000ns fall@5.000ns period=10.000ns})
  Path Group:             clk_fpga_0
  Path Type:              Hold (Min at Fast Process Corner)
  Requirement:            0.000ns  (clk_fpga_0 rise@0.000ns - clk_fpga_0 rise@0.000ns)
  Data Path Delay:        0.449ns  (logic 0.226ns (50.344%)  route 0.223ns (49.656%))
  Logic Levels:           1  (LUT3=1)
  Clock Path Skew:        0.274ns (DCD - SCD - CPR)
    Destination Clock Delay (DCD):    1.804ns
    Source Clock Delay      (SCD):    1.412ns
    Clock Pessimism Removal (CPR):    0.118ns

    Location             Delay type                Incr(ns)  Path(ns)    Netlist Resource(s)
  -------------------------------------------------------------------    -------------------
                         (clock clk_fpga_0 rise edge)
                                                      0.000     0.000 r  
    PS7_X0Y0             PS7                          0.000     0.000 r  u_week11_wrapper/week11_i/processing_system7_0/inst/PS7_i/FCLKCLK[0]
                         net (fo=1, routed)           0.804     0.804    u_week11_wrapper/week11_i/processing_system7_0/inst/FCLK_CLK_unbuffered[0]
    BUFGCTRL_X0Y16       BUFG (Prop_bufg_I_O)         0.026     0.830 r  u_week11_wrapper/week11_i/processing_system7_0/inst/buffer_fclk_clk_0.FCLK_CLK_0_BUFG/O
                         net (fo=900, routed)         0.582     1.412    u_week11_wrapper/week11_i/ps7_0_axi_periph/s00_couplers/auto_pc/inst/gen_axilite.gen_b2s_conv.axilite_b2s/SI_REG/aw.aw_pipe/aclk
    SLICE_X2Y50          FDRE                                         r  u_week11_wrapper/week11_i/ps7_0_axi_periph/s00_couplers/auto_pc/inst/gen_axilite.gen_b2s_conv.axilite_b2s/SI_REG/aw.aw_pipe/skid_buffer_reg[58]/C
  -------------------------------------------------------------------    -------------------
    SLICE_X2Y50          FDRE (Prop_fdre_C_Q)         0.128     1.540 r  u_week11_wrapper/week11_i/ps7_0_axi_periph/s00_couplers/auto_pc/inst/gen_axilite.gen_b2s_conv.axilite_b2s/SI_REG/aw.aw_pipe/skid_buffer_reg[58]/Q
                         net (fo=1, routed)           0.223     1.763    u_week11_wrapper/week11_i/ps7_0_axi_periph/s00_couplers/auto_pc/inst/gen_axilite.gen_b2s_conv.axilite_b2s/SI_REG/aw.aw_pipe/skid_buffer_reg_n_0_[58]
    SLICE_X2Y49          LUT3 (Prop_lut3_I2_O)        0.098     1.861 r  u_week11_wrapper/week11_i/ps7_0_axi_periph/s00_couplers/auto_pc/inst/gen_axilite.gen_b2s_conv.axilite_b2s/SI_REG/aw.aw_pipe/m_payload_i[58]_i_1/O
                         net (fo=1, routed)           0.000     1.861    u_week11_wrapper/week11_i/ps7_0_axi_periph/s00_couplers/auto_pc/inst/gen_axilite.gen_b2s_conv.axilite_b2s/SI_REG/aw.aw_pipe/skid_buffer[58]
    SLICE_X2Y49          FDRE                                         r  u_week11_wrapper/week11_i/ps7_0_axi_periph/s00_couplers/auto_pc/inst/gen_axilite.gen_b2s_conv.axilite_b2s/SI_REG/aw.aw_pipe/m_payload_i_reg[58]/D
  -------------------------------------------------------------------    -------------------

                         (clock clk_fpga_0 rise edge)
                                                      0.000     0.000 r  
    PS7_X0Y0             PS7                          0.000     0.000 r  u_week11_wrapper/week11_i/processing_system7_0/inst/PS7_i/FCLKCLK[0]
                         net (fo=1, routed)           0.919     0.919    u_week11_wrapper/week11_i/processing_system7_0/inst/FCLK_CLK_unbuffered[0]
    BUFGCTRL_X0Y16       BUFG (Prop_bufg_I_O)         0.029     0.948 r  u_week11_wrapper/week11_i/processing_system7_0/inst/buffer_fclk_clk_0.FCLK_CLK_0_BUFG/O
                         net (fo=900, routed)         0.856     1.804    u_week11_wrapper/week11_i/ps7_0_axi_periph/s00_couplers/auto_pc/inst/gen_axilite.gen_b2s_conv.axilite_b2s/SI_REG/aw.aw_pipe/aclk
    SLICE_X2Y49          FDRE                                         r  u_week11_wrapper/week11_i/ps7_0_axi_periph/s00_couplers/auto_pc/inst/gen_axilite.gen_b2s_conv.axilite_b2s/SI_REG/aw.aw_pipe/m_payload_i_reg[58]/C
                         clock pessimism             -0.118     1.686    
    SLICE_X2Y49          FDRE (Hold_fdre_C_D)         0.092     1.778    u_week11_wrapper/week11_i/ps7_0_axi_periph/s00_couplers/auto_pc/inst/gen_axilite.gen_b2s_conv.axilite_b2s/SI_REG/aw.aw_pipe/m_payload_i_reg[58]
  -------------------------------------------------------------------
                         required time                         -1.778    
                         arrival time                           1.861    
  -------------------------------------------------------------------
                         slack                                  0.083    

Slack (MET) :             0.087ns  (arrival time - required time)
  Source:                 u_week11_wrapper/week11_i/rst_ps7_0_100M/U0/EXT_LPF/lpf_int_reg/C
                            (rising edge-triggered cell FDRE clocked by clk_fpga_0  {rise@0.000ns fall@5.000ns period=10.000ns})
  Destination:            u_week11_wrapper/week11_i/rst_ps7_0_100M/U0/SEQ/pr_reg/S
                            (rising edge-triggered cell FDSE clocked by clk_fpga_0  {rise@0.000ns fall@5.000ns period=10.000ns})
  Path Group:             clk_fpga_0
  Path Type:              Hold (Min at Fast Process Corner)
  Requirement:            0.000ns  (clk_fpga_0 rise@0.000ns - clk_fpga_0 rise@0.000ns)
  Data Path Delay:        0.370ns  (logic 0.141ns (38.060%)  route 0.229ns (61.940%))
  Logic Levels:           0  
  Clock Path Skew:        0.274ns (DCD - SCD - CPR)
    Destination Clock Delay (DCD):    1.782ns
    Source Clock Delay      (SCD):    1.390ns
    Clock Pessimism Removal (CPR):    0.118ns

    Location             Delay type                Incr(ns)  Path(ns)    Netlist Resource(s)
  -------------------------------------------------------------------    -------------------
                         (clock clk_fpga_0 rise edge)
                                                      0.000     0.000 r  
    PS7_X0Y0             PS7                          0.000     0.000 r  u_week11_wrapper/week11_i/processing_system7_0/inst/PS7_i/FCLKCLK[0]
                         net (fo=1, routed)           0.804     0.804    u_week11_wrapper/week11_i/processing_system7_0/inst/FCLK_CLK_unbuffered[0]
    BUFGCTRL_X0Y16       BUFG (Prop_bufg_I_O)         0.026     0.830 r  u_week11_wrapper/week11_i/processing_system7_0/inst/buffer_fclk_clk_0.FCLK_CLK_0_BUFG/O
                         net (fo=900, routed)         0.560     1.390    u_week11_wrapper/week11_i/rst_ps7_0_100M/U0/EXT_LPF/slowest_sync_clk
    SLICE_X18Y51         FDRE                                         r  u_week11_wrapper/week11_i/rst_ps7_0_100M/U0/EXT_LPF/lpf_int_reg/C
  -------------------------------------------------------------------    -------------------
    SLICE_X18Y51         FDRE (Prop_fdre_C_Q)         0.141     1.531 r  u_week11_wrapper/week11_i/rst_ps7_0_100M/U0/EXT_LPF/lpf_int_reg/Q
                         net (fo=4, routed)           0.229     1.760    u_week11_wrapper/week11_i/rst_ps7_0_100M/U0/SEQ/lpf_int
    SLICE_X16Y49         FDSE                                         r  u_week11_wrapper/week11_i/rst_ps7_0_100M/U0/SEQ/pr_reg/S
  -------------------------------------------------------------------    -------------------

                         (clock clk_fpga_0 rise edge)
                                                      0.000     0.000 r  
    PS7_X0Y0             PS7                          0.000     0.000 r  u_week11_wrapper/week11_i/processing_system7_0/inst/PS7_i/FCLKCLK[0]
                         net (fo=1, routed)           0.919     0.919    u_week11_wrapper/week11_i/processing_system7_0/inst/FCLK_CLK_unbuffered[0]
    BUFGCTRL_X0Y16       BUFG (Prop_bufg_I_O)         0.029     0.948 r  u_week11_wrapper/week11_i/processing_system7_0/inst/buffer_fclk_clk_0.FCLK_CLK_0_BUFG/O
                         net (fo=900, routed)         0.834     1.782    u_week11_wrapper/week11_i/rst_ps7_0_100M/U0/SEQ/slowest_sync_clk
    SLICE_X16Y49         FDSE                                         r  u_week11_wrapper/week11_i/rst_ps7_0_100M/U0/SEQ/pr_reg/C
                         clock pessimism             -0.118     1.664    
    SLICE_X16Y49         FDSE (Hold_fdse_C_S)         0.009     1.673    u_week11_wrapper/week11_i/rst_ps7_0_100M/U0/SEQ/pr_reg
  -------------------------------------------------------------------
                         required time                         -1.673    
                         arrival time                           1.760    
  -------------------------------------------------------------------
                         slack                                  0.087    

Slack (MET) :             0.089ns  (arrival time - required time)
  Source:                 u_week11_wrapper/week11_i/rst_ps7_0_100M/U0/SEQ/from_sys_reg/C
                            (rising edge-triggered cell FDSE clocked by clk_fpga_0  {rise@0.000ns fall@5.000ns period=10.000ns})
  Destination:            u_week11_wrapper/week11_i/rst_ps7_0_100M/U0/SEQ/core_dec_reg[1]/D
                            (rising edge-triggered cell FDRE clocked by clk_fpga_0  {rise@0.000ns fall@5.000ns period=10.000ns})
  Path Group:             clk_fpga_0
  Path Type:              Hold (Min at Fast Process Corner)
  Requirement:            0.000ns  (clk_fpga_0 rise@0.000ns - clk_fpga_0 rise@0.000ns)
  Data Path Delay:        0.455ns  (logic 0.227ns (49.905%)  route 0.228ns (50.095%))
  Logic Levels:           1  (LUT4=1)
  Clock Path Skew:        0.274ns (DCD - SCD - CPR)
    Destination Clock Delay (DCD):    1.782ns
    Source Clock Delay      (SCD):    1.390ns
    Clock Pessimism Removal (CPR):    0.118ns

    Location             Delay type                Incr(ns)  Path(ns)    Netlist Resource(s)
  -------------------------------------------------------------------    -------------------
                         (clock clk_fpga_0 rise edge)
                                                      0.000     0.000 r  
    PS7_X0Y0             PS7                          0.000     0.000 r  u_week11_wrapper/week11_i/processing_system7_0/inst/PS7_i/FCLKCLK[0]
                         net (fo=1, routed)           0.804     0.804    u_week11_wrapper/week11_i/processing_system7_0/inst/FCLK_CLK_unbuffered[0]
    BUFGCTRL_X0Y16       BUFG (Prop_bufg_I_O)         0.026     0.830 r  u_week11_wrapper/week11_i/processing_system7_0/inst/buffer_fclk_clk_0.FCLK_CLK_0_BUFG/O
                         net (fo=900, routed)         0.560     1.390    u_week11_wrapper/week11_i/rst_ps7_0_100M/U0/SEQ/slowest_sync_clk
    SLICE_X18Y50         FDSE                                         r  u_week11_wrapper/week11_i/rst_ps7_0_100M/U0/SEQ/from_sys_reg/C
  -------------------------------------------------------------------    -------------------
    SLICE_X18Y50         FDSE (Prop_fdse_C_Q)         0.128     1.518 r  u_week11_wrapper/week11_i/rst_ps7_0_100M/U0/SEQ/from_sys_reg/Q
                         net (fo=10, routed)          0.228     1.746    u_week11_wrapper/week11_i/rst_ps7_0_100M/U0/SEQ/seq_cnt_en
    SLICE_X18Y49         LUT4 (Prop_lut4_I0_O)        0.099     1.845 r  u_week11_wrapper/week11_i/rst_ps7_0_100M/U0/SEQ/pr_dec0/O
                         net (fo=1, routed)           0.000     1.845    u_week11_wrapper/week11_i/rst_ps7_0_100M/U0/SEQ/pr_dec0__0
    SLICE_X18Y49         FDRE                                         r  u_week11_wrapper/week11_i/rst_ps7_0_100M/U0/SEQ/core_dec_reg[1]/D
  -------------------------------------------------------------------    -------------------

                         (clock clk_fpga_0 rise edge)
                                                      0.000     0.000 r  
    PS7_X0Y0             PS7                          0.000     0.000 r  u_week11_wrapper/week11_i/processing_system7_0/inst/PS7_i/FCLKCLK[0]
                         net (fo=1, routed)           0.919     0.919    u_week11_wrapper/week11_i/processing_system7_0/inst/FCLK_CLK_unbuffered[0]
    BUFGCTRL_X0Y16       BUFG (Prop_bufg_I_O)         0.029     0.948 r  u_week11_wrapper/week11_i/processing_system7_0/inst/buffer_fclk_clk_0.FCLK_CLK_0_BUFG/O
                         net (fo=900, routed)         0.834     1.782    u_week11_wrapper/week11_i/rst_ps7_0_100M/U0/SEQ/slowest_sync_clk
    SLICE_X18Y49         FDRE                                         r  u_week11_wrapper/week11_i/rst_ps7_0_100M/U0/SEQ/core_dec_reg[1]/C
                         clock pessimism             -0.118     1.664    
    SLICE_X18Y49         FDRE (Hold_fdre_C_D)         0.092     1.756    u_week11_wrapper/week11_i/rst_ps7_0_100M/U0/SEQ/core_dec_reg[1]
  -------------------------------------------------------------------
                         required time                         -1.756    
                         arrival time                           1.845    
  -------------------------------------------------------------------
                         slack                                  0.089    

Slack (MET) :             0.090ns  (arrival time - required time)
  Source:                 u_week11_wrapper/week11_i/rst_ps7_0_100M/U0/SEQ/from_sys_reg/C
                            (rising edge-triggered cell FDSE clocked by clk_fpga_0  {rise@0.000ns fall@5.000ns period=10.000ns})
  Destination:            u_week11_wrapper/week11_i/rst_ps7_0_100M/U0/SEQ/core_dec_reg[0]/D
                            (rising edge-triggered cell FDRE clocked by clk_fpga_0  {rise@0.000ns fall@5.000ns period=10.000ns})
  Path Group:             clk_fpga_0
  Path Type:              Hold (Min at Fast Process Corner)
  Requirement:            0.000ns  (clk_fpga_0 rise@0.000ns - clk_fpga_0 rise@0.000ns)
  Data Path Delay:        0.455ns  (logic 0.227ns (49.888%)  route 0.228ns (50.112%))
  Logic Levels:           1  (LUT4=1)
  Clock Path Skew:        0.274ns (DCD - SCD - CPR)
    Destination Clock Delay (DCD):    1.782ns
    Source Clock Delay      (SCD):    1.390ns
    Clock Pessimism Removal (CPR):    0.118ns

    Location             Delay type                Incr(ns)  Path(ns)    Netlist Resource(s)
  -------------------------------------------------------------------    -------------------
                         (clock clk_fpga_0 rise edge)
                                                      0.000     0.000 r  
    PS7_X0Y0             PS7                          0.000     0.000 r  u_week11_wrapper/week11_i/processing_system7_0/inst/PS7_i/FCLKCLK[0]
                         net (fo=1, routed)           0.804     0.804    u_week11_wrapper/week11_i/processing_system7_0/inst/FCLK_CLK_unbuffered[0]
    BUFGCTRL_X0Y16       BUFG (Prop_bufg_I_O)         0.026     0.830 r  u_week11_wrapper/week11_i/processing_system7_0/inst/buffer_fclk_clk_0.FCLK_CLK_0_BUFG/O
                         net (fo=900, routed)         0.560     1.390    u_week11_wrapper/week11_i/rst_ps7_0_100M/U0/SEQ/slowest_sync_clk
    SLICE_X18Y50         FDSE                                         r  u_week11_wrapper/week11_i/rst_ps7_0_100M/U0/SEQ/from_sys_reg/C
  -------------------------------------------------------------------    -------------------
    SLICE_X18Y50         FDSE (Prop_fdse_C_Q)         0.128     1.518 r  u_week11_wrapper/week11_i/rst_ps7_0_100M/U0/SEQ/from_sys_reg/Q
                         net (fo=10, routed)          0.228     1.746    u_week11_wrapper/week11_i/rst_ps7_0_100M/U0/SEQ/seq_cnt_en
    SLICE_X18Y49         LUT4 (Prop_lut4_I0_O)        0.099     1.845 r  u_week11_wrapper/week11_i/rst_ps7_0_100M/U0/SEQ/core_dec[0]_i_1/O
                         net (fo=1, routed)           0.000     1.845    u_week11_wrapper/week11_i/rst_ps7_0_100M/U0/SEQ/core_dec[0]_i_1_n_0
    SLICE_X18Y49         FDRE                                         r  u_week11_wrapper/week11_i/rst_ps7_0_100M/U0/SEQ/core_dec_reg[0]/D
  -------------------------------------------------------------------    -------------------

                         (clock clk_fpga_0 rise edge)
                                                      0.000     0.000 r  
    PS7_X0Y0             PS7                          0.000     0.000 r  u_week11_wrapper/week11_i/processing_system7_0/inst/PS7_i/FCLKCLK[0]
                         net (fo=1, routed)           0.919     0.919    u_week11_wrapper/week11_i/processing_system7_0/inst/FCLK_CLK_unbuffered[0]
    BUFGCTRL_X0Y16       BUFG (Prop_bufg_I_O)         0.029     0.948 r  u_week11_wrapper/week11_i/processing_system7_0/inst/buffer_fclk_clk_0.FCLK_CLK_0_BUFG/O
                         net (fo=900, routed)         0.834     1.782    u_week11_wrapper/week11_i/rst_ps7_0_100M/U0/SEQ/slowest_sync_clk
    SLICE_X18Y49         FDRE                                         r  u_week11_wrapper/week11_i/rst_ps7_0_100M/U0/SEQ/core_dec_reg[0]/C
                         clock pessimism             -0.118     1.664    
    SLICE_X18Y49         FDRE (Hold_fdre_C_D)         0.091     1.755    u_week11_wrapper/week11_i/rst_ps7_0_100M/U0/SEQ/core_dec_reg[0]
  -------------------------------------------------------------------
                         required time                         -1.755    
                         arrival time                           1.845    
  -------------------------------------------------------------------
                         slack                                  0.090    

Slack (MET) :             0.092ns  (arrival time - required time)
  Source:                 u_week11_wrapper/week11_i/ps7_0_axi_periph/s00_couplers/auto_pc/inst/gen_axilite.gen_b2s_conv.axilite_b2s/SI_REG/aw.aw_pipe/skid_buffer_reg[50]/C
                            (rising edge-triggered cell FDRE clocked by clk_fpga_0  {rise@0.000ns fall@5.000ns period=10.000ns})
  Destination:            u_week11_wrapper/week11_i/ps7_0_axi_periph/s00_couplers/auto_pc/inst/gen_axilite.gen_b2s_conv.axilite_b2s/SI_REG/aw.aw_pipe/m_payload_i_reg[50]/D
                            (rising edge-triggered cell FDRE clocked by clk_fpga_0  {rise@0.000ns fall@5.000ns period=10.000ns})
  Path Group:             clk_fpga_0
  Path Type:              Hold (Min at Fast Process Corner)
  Requirement:            0.000ns  (clk_fpga_0 rise@0.000ns - clk_fpga_0 rise@0.000ns)
  Data Path Delay:        0.457ns  (logic 0.186ns (40.709%)  route 0.271ns (59.291%))
  Logic Levels:           1  (LUT3=1)
  Clock Path Skew:        0.274ns (DCD - SCD - CPR)
    Destination Clock Delay (DCD):    1.804ns
    Source Clock Delay      (SCD):    1.412ns
    Clock Pessimism Removal (CPR):    0.118ns

    Location             Delay type                Incr(ns)  Path(ns)    Netlist Resource(s)
  -------------------------------------------------------------------    -------------------
                         (clock clk_fpga_0 rise edge)
                                                      0.000     0.000 r  
    PS7_X0Y0             PS7                          0.000     0.000 r  u_week11_wrapper/week11_i/processing_system7_0/inst/PS7_i/FCLKCLK[0]
                         net (fo=1, routed)           0.804     0.804    u_week11_wrapper/week11_i/processing_system7_0/inst/FCLK_CLK_unbuffered[0]
    BUFGCTRL_X0Y16       BUFG (Prop_bufg_I_O)         0.026     0.830 r  u_week11_wrapper/week11_i/processing_system7_0/inst/buffer_fclk_clk_0.FCLK_CLK_0_BUFG/O
                         net (fo=900, routed)         0.582     1.412    u_week11_wrapper/week11_i/ps7_0_axi_periph/s00_couplers/auto_pc/inst/gen_axilite.gen_b2s_conv.axilite_b2s/SI_REG/aw.aw_pipe/aclk
    SLICE_X2Y50          FDRE                                         r  u_week11_wrapper/week11_i/ps7_0_axi_periph/s00_couplers/auto_pc/inst/gen_axilite.gen_b2s_conv.axilite_b2s/SI_REG/aw.aw_pipe/skid_buffer_reg[50]/C
  -------------------------------------------------------------------    -------------------
    SLICE_X2Y50          FDRE (Prop_fdre_C_Q)         0.141     1.553 r  u_week11_wrapper/week11_i/ps7_0_axi_periph/s00_couplers/auto_pc/inst/gen_axilite.gen_b2s_conv.axilite_b2s/SI_REG/aw.aw_pipe/skid_buffer_reg[50]/Q
                         net (fo=1, routed)           0.271     1.824    u_week11_wrapper/week11_i/ps7_0_axi_periph/s00_couplers/auto_pc/inst/gen_axilite.gen_b2s_conv.axilite_b2s/SI_REG/aw.aw_pipe/skid_buffer_reg_n_0_[50]
    SLICE_X2Y49          LUT3 (Prop_lut3_I2_O)        0.045     1.869 r  u_week11_wrapper/week11_i/ps7_0_axi_periph/s00_couplers/auto_pc/inst/gen_axilite.gen_b2s_conv.axilite_b2s/SI_REG/aw.aw_pipe/m_payload_i[50]_i_1/O
                         net (fo=1, routed)           0.000     1.869    u_week11_wrapper/week11_i/ps7_0_axi_periph/s00_couplers/auto_pc/inst/gen_axilite.gen_b2s_conv.axilite_b2s/SI_REG/aw.aw_pipe/skid_buffer[50]
    SLICE_X2Y49          FDRE                                         r  u_week11_wrapper/week11_i/ps7_0_axi_periph/s00_couplers/auto_pc/inst/gen_axilite.gen_b2s_conv.axilite_b2s/SI_REG/aw.aw_pipe/m_payload_i_reg[50]/D
  -------------------------------------------------------------------    -------------------

                         (clock clk_fpga_0 rise edge)
                                                      0.000     0.000 r  
    PS7_X0Y0             PS7                          0.000     0.000 r  u_week11_wrapper/week11_i/processing_system7_0/inst/PS7_i/FCLKCLK[0]
                         net (fo=1, routed)           0.919     0.919    u_week11_wrapper/week11_i/processing_system7_0/inst/FCLK_CLK_unbuffered[0]
    BUFGCTRL_X0Y16       BUFG (Prop_bufg_I_O)         0.029     0.948 r  u_week11_wrapper/week11_i/processing_system7_0/inst/buffer_fclk_clk_0.FCLK_CLK_0_BUFG/O
                         net (fo=900, routed)         0.856     1.804    u_week11_wrapper/week11_i/ps7_0_axi_periph/s00_couplers/auto_pc/inst/gen_axilite.gen_b2s_conv.axilite_b2s/SI_REG/aw.aw_pipe/aclk
    SLICE_X2Y49          FDRE                                         r  u_week11_wrapper/week11_i/ps7_0_axi_periph/s00_couplers/auto_pc/inst/gen_axilite.gen_b2s_conv.axilite_b2s/SI_REG/aw.aw_pipe/m_payload_i_reg[50]/C
                         clock pessimism             -0.118     1.686    
    SLICE_X2Y49          FDRE (Hold_fdre_C_D)         0.091     1.777    u_week11_wrapper/week11_i/ps7_0_axi_periph/s00_couplers/auto_pc/inst/gen_axilite.gen_b2s_conv.axilite_b2s/SI_REG/aw.aw_pipe/m_payload_i_reg[50]
  -------------------------------------------------------------------
                         required time                         -1.777    
                         arrival time                           1.869    
  -------------------------------------------------------------------
                         slack                                  0.092    

Slack (MET) :             0.097ns  (arrival time - required time)
  Source:                 u_week11_wrapper/week11_i/rst_ps7_0_100M/U0/SEQ/core_dec_reg[2]/C
                            (rising edge-triggered cell FDRE clocked by clk_fpga_0  {rise@0.000ns fall@5.000ns period=10.000ns})
  Destination:            u_week11_wrapper/week11_i/rst_ps7_0_100M/U0/SEQ/Core_reg/D
                            (rising edge-triggered cell FDSE clocked by clk_fpga_0  {rise@0.000ns fall@5.000ns period=10.000ns})
  Path Group:             clk_fpga_0
  Path Type:              Hold (Min at Fast Process Corner)
  Requirement:            0.000ns  (clk_fpga_0 rise@0.000ns - clk_fpga_0 rise@0.000ns)
  Data Path Delay:        0.451ns  (logic 0.186ns (41.202%)  route 0.265ns (58.798%))
  Logic Levels:           1  (LUT2=1)
  Clock Path Skew:        0.263ns (DCD - SCD - CPR)
    Destination Clock Delay (DCD):    1.777ns
    Source Clock Delay      (SCD):    1.396ns
    Clock Pessimism Removal (CPR):    0.118ns

    Location             Delay type                Incr(ns)  Path(ns)    Netlist Resource(s)
  -------------------------------------------------------------------    -------------------
                         (clock clk_fpga_0 rise edge)
                                                      0.000     0.000 r  
    PS7_X0Y0             PS7                          0.000     0.000 r  u_week11_wrapper/week11_i/processing_system7_0/inst/PS7_i/FCLKCLK[0]
                         net (fo=1, routed)           0.804     0.804    u_week11_wrapper/week11_i/processing_system7_0/inst/FCLK_CLK_unbuffered[0]
    BUFGCTRL_X0Y16       BUFG (Prop_bufg_I_O)         0.026     0.830 r  u_week11_wrapper/week11_i/processing_system7_0/inst/buffer_fclk_clk_0.FCLK_CLK_0_BUFG/O
                         net (fo=900, routed)         0.566     1.396    u_week11_wrapper/week11_i/rst_ps7_0_100M/U0/SEQ/slowest_sync_clk
    SLICE_X18Y49         FDRE                                         r  u_week11_wrapper/week11_i/rst_ps7_0_100M/U0/SEQ/core_dec_reg[2]/C
  -------------------------------------------------------------------    -------------------
    SLICE_X18Y49         FDRE (Prop_fdre_C_Q)         0.141     1.537 f  u_week11_wrapper/week11_i/rst_ps7_0_100M/U0/SEQ/core_dec_reg[2]/Q
                         net (fo=1, routed)           0.265     1.802    u_week11_wrapper/week11_i/rst_ps7_0_100M/U0/SEQ/p_0_in
    SLICE_X18Y50         LUT2 (Prop_lut2_I1_O)        0.045     1.847 r  u_week11_wrapper/week11_i/rst_ps7_0_100M/U0/SEQ/Core_i_1/O
                         net (fo=1, routed)           0.000     1.847    u_week11_wrapper/week11_i/rst_ps7_0_100M/U0/SEQ/Core_i_1_n_0
    SLICE_X18Y50         FDSE                                         r  u_week11_wrapper/week11_i/rst_ps7_0_100M/U0/SEQ/Core_reg/D
  -------------------------------------------------------------------    -------------------

                         (clock clk_fpga_0 rise edge)
                                                      0.000     0.000 r  
    PS7_X0Y0             PS7                          0.000     0.000 r  u_week11_wrapper/week11_i/processing_system7_0/inst/PS7_i/FCLKCLK[0]
                         net (fo=1, routed)           0.919     0.919    u_week11_wrapper/week11_i/processing_system7_0/inst/FCLK_CLK_unbuffered[0]
    BUFGCTRL_X0Y16       BUFG (Prop_bufg_I_O)         0.029     0.948 r  u_week11_wrapper/week11_i/processing_system7_0/inst/buffer_fclk_clk_0.FCLK_CLK_0_BUFG/O
                         net (fo=900, routed)         0.829     1.777    u_week11_wrapper/week11_i/rst_ps7_0_100M/U0/SEQ/slowest_sync_clk
    SLICE_X18Y50         FDSE                                         r  u_week11_wrapper/week11_i/rst_ps7_0_100M/U0/SEQ/Core_reg/C
                         clock pessimism             -0.118     1.659    
    SLICE_X18Y50         FDSE (Hold_fdse_C_D)         0.091     1.750    u_week11_wrapper/week11_i/rst_ps7_0_100M/U0/SEQ/Core_reg
  -------------------------------------------------------------------
                         required time                         -1.750    
                         arrival time                           1.847    
  -------------------------------------------------------------------
                         slack                                  0.097    

Slack (MET) :             0.098ns  (arrival time - required time)
  Source:                 u_week11_wrapper/week11_i/ps7_0_axi_periph/s00_couplers/auto_pc/inst/gen_axilite.gen_b2s_conv.axilite_b2s/RD.r_channel_0/r_arid_r_reg[8]/C
                            (rising edge-triggered cell FDRE clocked by clk_fpga_0  {rise@0.000ns fall@5.000ns period=10.000ns})
  Destination:            u_week11_wrapper/week11_i/ps7_0_axi_periph/s00_couplers/auto_pc/inst/gen_axilite.gen_b2s_conv.axilite_b2s/RD.r_channel_0/transaction_fifo_0/memory_reg[31][9]_srl32/D
                            (rising edge-triggered cell SRLC32E clocked by clk_fpga_0  {rise@0.000ns fall@5.000ns period=10.000ns})
  Path Group:             clk_fpga_0
  Path Type:              Hold (Min at Fast Process Corner)
  Requirement:            0.000ns  (clk_fpga_0 rise@0.000ns - clk_fpga_0 rise@0.000ns)
  Data Path Delay:        0.244ns  (logic 0.128ns (52.512%)  route 0.116ns (47.488%))
  Logic Levels:           0  
  Clock Path Skew:        0.016ns (DCD - SCD - CPR)
    Destination Clock Delay (DCD):    1.801ns
    Source Clock Delay      (SCD):    1.415ns
    Clock Pessimism Removal (CPR):    0.370ns

    Location             Delay type                Incr(ns)  Path(ns)    Netlist Resource(s)
  -------------------------------------------------------------------    -------------------
                         (clock clk_fpga_0 rise edge)
                                                      0.000     0.000 r  
    PS7_X0Y0             PS7                          0.000     0.000 r  u_week11_wrapper/week11_i/processing_system7_0/inst/PS7_i/FCLKCLK[0]
                         net (fo=1, routed)           0.804     0.804    u_week11_wrapper/week11_i/processing_system7_0/inst/FCLK_CLK_unbuffered[0]
    BUFGCTRL_X0Y16       BUFG (Prop_bufg_I_O)         0.026     0.830 r  u_week11_wrapper/week11_i/processing_system7_0/inst/buffer_fclk_clk_0.FCLK_CLK_0_BUFG/O
                         net (fo=900, routed)         0.585     1.415    u_week11_wrapper/week11_i/ps7_0_axi_periph/s00_couplers/auto_pc/inst/gen_axilite.gen_b2s_conv.axilite_b2s/RD.r_channel_0/aclk
    SLICE_X1Y43          FDRE                                         r  u_week11_wrapper/week11_i/ps7_0_axi_periph/s00_couplers/auto_pc/inst/gen_axilite.gen_b2s_conv.axilite_b2s/RD.r_channel_0/r_arid_r_reg[8]/C
  -------------------------------------------------------------------    -------------------
    SLICE_X1Y43          FDRE (Prop_fdre_C_Q)         0.128     1.543 r  u_week11_wrapper/week11_i/ps7_0_axi_periph/s00_couplers/auto_pc/inst/gen_axilite.gen_b2s_conv.axilite_b2s/RD.r_channel_0/r_arid_r_reg[8]/Q
                         net (fo=1, routed)           0.116     1.659    u_week11_wrapper/week11_i/ps7_0_axi_periph/s00_couplers/auto_pc/inst/gen_axilite.gen_b2s_conv.axilite_b2s/RD.r_channel_0/transaction_fifo_0/in[9]
    SLICE_X0Y44          SRLC32E                                      r  u_week11_wrapper/week11_i/ps7_0_axi_periph/s00_couplers/auto_pc/inst/gen_axilite.gen_b2s_conv.axilite_b2s/RD.r_channel_0/transaction_fifo_0/memory_reg[31][9]_srl32/D
  -------------------------------------------------------------------    -------------------

                         (clock clk_fpga_0 rise edge)
                                                      0.000     0.000 r  
    PS7_X0Y0             PS7                          0.000     0.000 r  u_week11_wrapper/week11_i/processing_system7_0/inst/PS7_i/FCLKCLK[0]
                         net (fo=1, routed)           0.919     0.919    u_week11_wrapper/week11_i/processing_system7_0/inst/FCLK_CLK_unbuffered[0]
    BUFGCTRL_X0Y16       BUFG (Prop_bufg_I_O)         0.029     0.948 r  u_week11_wrapper/week11_i/processing_system7_0/inst/buffer_fclk_clk_0.FCLK_CLK_0_BUFG/O
                         net (fo=900, routed)         0.853     1.801    u_week11_wrapper/week11_i/ps7_0_axi_periph/s00_couplers/auto_pc/inst/gen_axilite.gen_b2s_conv.axilite_b2s/RD.r_channel_0/transaction_fifo_0/aclk
    SLICE_X0Y44          SRLC32E                                      r  u_week11_wrapper/week11_i/ps7_0_axi_periph/s00_couplers/auto_pc/inst/gen_axilite.gen_b2s_conv.axilite_b2s/RD.r_channel_0/transaction_fifo_0/memory_reg[31][9]_srl32/CLK
                         clock pessimism             -0.370     1.431    
    SLICE_X0Y44          SRLC32E (Hold_srlc32e_CLK_D)
                                                      0.130     1.561    u_week11_wrapper/week11_i/ps7_0_axi_periph/s00_couplers/auto_pc/inst/gen_axilite.gen_b2s_conv.axilite_b2s/RD.r_channel_0/transaction_fifo_0/memory_reg[31][9]_srl32
  -------------------------------------------------------------------
                         required time                         -1.561    
                         arrival time                           1.659    
  -------------------------------------------------------------------
                         slack                                  0.098    





Pulse Width Checks
--------------------------------------------------------------------------------------
Clock Name:         clk_fpga_0
Waveform(ns):       { 0.000 5.000 }
Period(ns):         10.000
Sources:            { u_week11_wrapper/week11_i/processing_system7_0/inst/PS7_i/FCLKCLK[0] }

Check Type        Corner  Lib Pin      Reference Pin  Required(ns)  Actual(ns)  Slack(ns)  Location        Pin
Min Period        n/a     BUFG/I       n/a            2.155         10.000      7.845      BUFGCTRL_X0Y16  u_week11_wrapper/week11_i/processing_system7_0/inst/buffer_fclk_clk_0.FCLK_CLK_0_BUFG/I
Min Period        n/a     FDRE/C       n/a            1.000         10.000      9.000      SLICE_X7Y37     u_APB_7Seg/bcd_data_reg[0]/C
Min Period        n/a     FDRE/C       n/a            1.000         10.000      9.000      SLICE_X7Y41     u_APB_7Seg/bcd_data_reg[10]/C
Min Period        n/a     FDRE/C       n/a            1.000         10.000      9.000      SLICE_X6Y41     u_APB_7Seg/bcd_data_reg[11]/C
Min Period        n/a     FDRE/C       n/a            1.000         10.000      9.000      SLICE_X6Y41     u_APB_7Seg/bcd_data_reg[12]/C
Min Period        n/a     FDRE/C       n/a            1.000         10.000      9.000      SLICE_X6Y41     u_APB_7Seg/bcd_data_reg[13]/C
Min Period        n/a     FDRE/C       n/a            1.000         10.000      9.000      SLICE_X6Y41     u_APB_7Seg/bcd_data_reg[14]/C
Min Period        n/a     FDRE/C       n/a            1.000         10.000      9.000      SLICE_X6Y41     u_APB_7Seg/bcd_data_reg[15]/C
Min Period        n/a     FDRE/C       n/a            1.000         10.000      9.000      SLICE_X7Y37     u_APB_7Seg/bcd_data_reg[1]/C
Min Period        n/a     FDRE/C       n/a            1.000         10.000      9.000      SLICE_X7Y37     u_APB_7Seg/bcd_data_reg[2]/C
Low Pulse Width   Slow    SRLC32E/CLK  n/a            0.980         5.000       4.020      SLICE_X6Y39     u_week11_wrapper/week11_i/ps7_0_axi_periph/s00_couplers/auto_pc/inst/gen_axilite.gen_b2s_conv.axilite_b2s/RD.r_channel_0/rd_data_fifo_0/memory_reg[31][0]_srl32/CLK
Low Pulse Width   Fast    SRLC32E/CLK  n/a            0.980         5.000       4.020      SLICE_X6Y39     u_week11_wrapper/week11_i/ps7_0_axi_periph/s00_couplers/auto_pc/inst/gen_axilite.gen_b2s_conv.axilite_b2s/RD.r_channel_0/rd_data_fifo_0/memory_reg[31][0]_srl32/CLK
Low Pulse Width   Slow    SRLC32E/CLK  n/a            0.980         5.000       4.020      SLICE_X6Y42     u_week11_wrapper/week11_i/ps7_0_axi_periph/s00_couplers/auto_pc/inst/gen_axilite.gen_b2s_conv.axilite_b2s/RD.r_channel_0/rd_data_fifo_0/memory_reg[31][10]_srl32/CLK
Low Pulse Width   Fast    SRLC32E/CLK  n/a            0.980         5.000       4.020      SLICE_X6Y42     u_week11_wrapper/week11_i/ps7_0_axi_periph/s00_couplers/auto_pc/inst/gen_axilite.gen_b2s_conv.axilite_b2s/RD.r_channel_0/rd_data_fifo_0/memory_reg[31][10]_srl32/CLK
Low Pulse Width   Slow    SRLC32E/CLK  n/a            0.980         5.000       4.020      SLICE_X6Y39     u_week11_wrapper/week11_i/ps7_0_axi_periph/s00_couplers/auto_pc/inst/gen_axilite.gen_b2s_conv.axilite_b2s/RD.r_channel_0/rd_data_fifo_0/memory_reg[31][11]_srl32/CLK
Low Pulse Width   Fast    SRLC32E/CLK  n/a            0.980         5.000       4.020      SLICE_X6Y39     u_week11_wrapper/week11_i/ps7_0_axi_periph/s00_couplers/auto_pc/inst/gen_axilite.gen_b2s_conv.axilite_b2s/RD.r_channel_0/rd_data_fifo_0/memory_reg[31][11]_srl32/CLK
Low Pulse Width   Slow    SRLC32E/CLK  n/a            0.980         5.000       4.020      SLICE_X4Y39     u_week11_wrapper/week11_i/ps7_0_axi_periph/s00_couplers/auto_pc/inst/gen_axilite.gen_b2s_conv.axilite_b2s/RD.r_channel_0/rd_data_fifo_0/memory_reg[31][12]_srl32/CLK
Low Pulse Width   Fast    SRLC32E/CLK  n/a            0.980         5.000       4.020      SLICE_X4Y39     u_week11_wrapper/week11_i/ps7_0_axi_periph/s00_couplers/auto_pc/inst/gen_axilite.gen_b2s_conv.axilite_b2s/RD.r_channel_0/rd_data_fifo_0/memory_reg[31][12]_srl32/CLK
Low Pulse Width   Slow    SRLC32E/CLK  n/a            0.980         5.000       4.020      SLICE_X4Y39     u_week11_wrapper/week11_i/ps7_0_axi_periph/s00_couplers/auto_pc/inst/gen_axilite.gen_b2s_conv.axilite_b2s/RD.r_channel_0/rd_data_fifo_0/memory_reg[31][13]_srl32/CLK
Low Pulse Width   Fast    SRLC32E/CLK  n/a            0.980         5.000       4.020      SLICE_X4Y39     u_week11_wrapper/week11_i/ps7_0_axi_periph/s00_couplers/auto_pc/inst/gen_axilite.gen_b2s_conv.axilite_b2s/RD.r_channel_0/rd_data_fifo_0/memory_reg[31][13]_srl32/CLK
High Pulse Width  Slow    SRLC32E/CLK  n/a            0.980         5.000       4.020      SLICE_X6Y39     u_week11_wrapper/week11_i/ps7_0_axi_periph/s00_couplers/auto_pc/inst/gen_axilite.gen_b2s_conv.axilite_b2s/RD.r_channel_0/rd_data_fifo_0/memory_reg[31][0]_srl32/CLK
High Pulse Width  Fast    SRLC32E/CLK  n/a            0.980         5.000       4.020      SLICE_X6Y39     u_week11_wrapper/week11_i/ps7_0_axi_periph/s00_couplers/auto_pc/inst/gen_axilite.gen_b2s_conv.axilite_b2s/RD.r_channel_0/rd_data_fifo_0/memory_reg[31][0]_srl32/CLK
High Pulse Width  Slow    SRLC32E/CLK  n/a            0.980         5.000       4.020      SLICE_X6Y42     u_week11_wrapper/week11_i/ps7_0_axi_periph/s00_couplers/auto_pc/inst/gen_axilite.gen_b2s_conv.axilite_b2s/RD.r_channel_0/rd_data_fifo_0/memory_reg[31][10]_srl32/CLK
High Pulse Width  Fast    SRLC32E/CLK  n/a            0.980         5.000       4.020      SLICE_X6Y42     u_week11_wrapper/week11_i/ps7_0_axi_periph/s00_couplers/auto_pc/inst/gen_axilite.gen_b2s_conv.axilite_b2s/RD.r_channel_0/rd_data_fifo_0/memory_reg[31][10]_srl32/CLK
High Pulse Width  Slow    SRLC32E/CLK  n/a            0.980         5.000       4.020      SLICE_X6Y39     u_week11_wrapper/week11_i/ps7_0_axi_periph/s00_couplers/auto_pc/inst/gen_axilite.gen_b2s_conv.axilite_b2s/RD.r_channel_0/rd_data_fifo_0/memory_reg[31][11]_srl32/CLK
High Pulse Width  Fast    SRLC32E/CLK  n/a            0.980         5.000       4.020      SLICE_X6Y39     u_week11_wrapper/week11_i/ps7_0_axi_periph/s00_couplers/auto_pc/inst/gen_axilite.gen_b2s_conv.axilite_b2s/RD.r_channel_0/rd_data_fifo_0/memory_reg[31][11]_srl32/CLK
High Pulse Width  Slow    SRLC32E/CLK  n/a            0.980         5.000       4.020      SLICE_X4Y39     u_week11_wrapper/week11_i/ps7_0_axi_periph/s00_couplers/auto_pc/inst/gen_axilite.gen_b2s_conv.axilite_b2s/RD.r_channel_0/rd_data_fifo_0/memory_reg[31][12]_srl32/CLK
High Pulse Width  Fast    SRLC32E/CLK  n/a            0.980         5.000       4.020      SLICE_X4Y39     u_week11_wrapper/week11_i/ps7_0_axi_periph/s00_couplers/auto_pc/inst/gen_axilite.gen_b2s_conv.axilite_b2s/RD.r_channel_0/rd_data_fifo_0/memory_reg[31][12]_srl32/CLK
High Pulse Width  Slow    SRLC32E/CLK  n/a            0.980         5.000       4.020      SLICE_X4Y39     u_week11_wrapper/week11_i/ps7_0_axi_periph/s00_couplers/auto_pc/inst/gen_axilite.gen_b2s_conv.axilite_b2s/RD.r_channel_0/rd_data_fifo_0/memory_reg[31][13]_srl32/CLK
High Pulse Width  Fast    SRLC32E/CLK  n/a            0.980         5.000       4.020      SLICE_X4Y39     u_week11_wrapper/week11_i/ps7_0_axi_periph/s00_couplers/auto_pc/inst/gen_axilite.gen_b2s_conv.axilite_b2s/RD.r_channel_0/rd_data_fifo_0/memory_reg[31][13]_srl32/CLK



--------------------------------------------------------------------------------------
Path Group:  (none)
From Clock:  
  To Clock:  clk_fpga_0

Max Delay             1 Endpoint
Min Delay             1 Endpoint
--------------------------------------------------------------------------------------


Max Delay Paths
--------------------------------------------------------------------------------------
Slack:                    inf
  Source:                 u_week11_wrapper/week11_i/processing_system7_0/inst/PS7_i/FCLKRESETN[0]
                            (internal pin)
  Destination:            u_week11_wrapper/week11_i/rst_ps7_0_100M/U0/EXT_LPF/ACTIVE_LOW_EXT.ACT_LO_EXT/GENERATE_LEVEL_P_S_CDC.SINGLE_BIT.CROSS_PLEVEL_IN2SCNDRY_IN_cdc_to/D
                            (rising edge-triggered cell FDRE clocked by clk_fpga_0  {rise@0.000ns fall@5.000ns period=10.000ns})
  Path Group:             (none)
  Path Type:              Setup (Max at Slow Process Corner)
  Data Path Delay:        2.944ns  (logic 0.124ns (4.212%)  route 2.820ns (95.788%))
  Logic Levels:           1  (LUT1=1)
  Clock Uncertainty:      0.152ns  ((TSJ^2 + TIJ^2)^1/2 + DJ) / 2 + PE
    Total System Jitter     (TSJ):    0.050ns
    Total Input Jitter      (TIJ):    0.300ns
    Discrete Jitter          (DJ):    0.000ns
    Phase Error              (PE):    0.000ns
  Timing Exception:       False Path

    Location             Delay type                Incr(ns)  Path(ns)    Netlist Resource(s)
  -------------------------------------------------------------------    -------------------
    PS7_X0Y0             PS7                          0.000     0.000 f  u_week11_wrapper/week11_i/processing_system7_0/inst/PS7_i/FCLKRESETN[0]
                         net (fo=8, routed)           2.820     2.820    u_week11_wrapper/week11_i/rst_ps7_0_100M/U0/EXT_LPF/ACTIVE_LOW_EXT.ACT_LO_EXT/ext_reset_in
    SLICE_X18Y51         LUT1 (Prop_lut1_I0_O)        0.124     2.944 r  u_week11_wrapper/week11_i/rst_ps7_0_100M/U0/EXT_LPF/ACTIVE_LOW_EXT.ACT_LO_EXT/GENERATE_LEVEL_P_S_CDC.SINGLE_BIT.CROSS_PLEVEL_IN2SCNDRY_IN_cdc_to_i_1/O
                         net (fo=1, routed)           0.000     2.944    u_week11_wrapper/week11_i/rst_ps7_0_100M/U0/EXT_LPF/ACTIVE_LOW_EXT.ACT_LO_EXT/exr_d1
    SLICE_X18Y51         FDRE                                         r  u_week11_wrapper/week11_i/rst_ps7_0_100M/U0/EXT_LPF/ACTIVE_LOW_EXT.ACT_LO_EXT/GENERATE_LEVEL_P_S_CDC.SINGLE_BIT.CROSS_PLEVEL_IN2SCNDRY_IN_cdc_to/D
  -------------------------------------------------------------------    -------------------

                         (clock clk_fpga_0 rise edge)
                                                      0.000     0.000 r  
    PS7_X0Y0             PS7                          0.000     0.000 r  u_week11_wrapper/week11_i/processing_system7_0/inst/PS7_i/FCLKCLK[0]
                         net (fo=1, routed)           1.666     1.666    u_week11_wrapper/week11_i/processing_system7_0/inst/FCLK_CLK_unbuffered[0]
    BUFGCTRL_X0Y16       BUFG (Prop_bufg_I_O)         0.091     1.757 r  u_week11_wrapper/week11_i/processing_system7_0/inst/buffer_fclk_clk_0.FCLK_CLK_0_BUFG/O
                         net (fo=900, routed)         1.488     3.245    u_week11_wrapper/week11_i/rst_ps7_0_100M/U0/EXT_LPF/ACTIVE_LOW_EXT.ACT_LO_EXT/slowest_sync_clk
    SLICE_X18Y51         FDRE                                         r  u_week11_wrapper/week11_i/rst_ps7_0_100M/U0/EXT_LPF/ACTIVE_LOW_EXT.ACT_LO_EXT/GENERATE_LEVEL_P_S_CDC.SINGLE_BIT.CROSS_PLEVEL_IN2SCNDRY_IN_cdc_to/C





Min Delay Paths
--------------------------------------------------------------------------------------
Slack:                    inf
  Source:                 u_week11_wrapper/week11_i/processing_system7_0/inst/PS7_i/FCLKRESETN[0]
                            (internal pin)
  Destination:            u_week11_wrapper/week11_i/rst_ps7_0_100M/U0/EXT_LPF/ACTIVE_LOW_EXT.ACT_LO_EXT/GENERATE_LEVEL_P_S_CDC.SINGLE_BIT.CROSS_PLEVEL_IN2SCNDRY_IN_cdc_to/D
                            (rising edge-triggered cell FDRE clocked by clk_fpga_0  {rise@0.000ns fall@5.000ns period=10.000ns})
  Path Group:             (none)
  Path Type:              Hold (Min at Fast Process Corner)
  Data Path Delay:        1.285ns  (logic 0.045ns (3.502%)  route 1.240ns (96.498%))
  Logic Levels:           1  (LUT1=1)
  Clock Uncertainty:      0.152ns  ((TSJ^2 + TIJ^2)^1/2 + DJ) / 2 + PE
    Total System Jitter     (TSJ):    0.050ns
    Total Input Jitter      (TIJ):    0.300ns
    Discrete Jitter          (DJ):    0.000ns
    Phase Error              (PE):    0.000ns
  Timing Exception:       False Path

    Location             Delay type                Incr(ns)  Path(ns)    Netlist Resource(s)
  -------------------------------------------------------------------    -------------------
    PS7_X0Y0             PS7                          0.000     0.000 f  u_week11_wrapper/week11_i/processing_system7_0/inst/PS7_i/FCLKRESETN[0]
                         net (fo=8, routed)           1.240     1.240    u_week11_wrapper/week11_i/rst_ps7_0_100M/U0/EXT_LPF/ACTIVE_LOW_EXT.ACT_LO_EXT/ext_reset_in
    SLICE_X18Y51         LUT1 (Prop_lut1_I0_O)        0.045     1.285 r  u_week11_wrapper/week11_i/rst_ps7_0_100M/U0/EXT_LPF/ACTIVE_LOW_EXT.ACT_LO_EXT/GENERATE_LEVEL_P_S_CDC.SINGLE_BIT.CROSS_PLEVEL_IN2SCNDRY_IN_cdc_to_i_1/O
                         net (fo=1, routed)           0.000     1.285    u_week11_wrapper/week11_i/rst_ps7_0_100M/U0/EXT_LPF/ACTIVE_LOW_EXT.ACT_LO_EXT/exr_d1
    SLICE_X18Y51         FDRE                                         r  u_week11_wrapper/week11_i/rst_ps7_0_100M/U0/EXT_LPF/ACTIVE_LOW_EXT.ACT_LO_EXT/GENERATE_LEVEL_P_S_CDC.SINGLE_BIT.CROSS_PLEVEL_IN2SCNDRY_IN_cdc_to/D
  -------------------------------------------------------------------    -------------------

                         (clock clk_fpga_0 rise edge)
                                                      0.000     0.000 r  
    PS7_X0Y0             PS7                          0.000     0.000 r  u_week11_wrapper/week11_i/processing_system7_0/inst/PS7_i/FCLKCLK[0]
                         net (fo=1, routed)           0.919     0.919    u_week11_wrapper/week11_i/processing_system7_0/inst/FCLK_CLK_unbuffered[0]
    BUFGCTRL_X0Y16       BUFG (Prop_bufg_I_O)         0.029     0.948 r  u_week11_wrapper/week11_i/processing_system7_0/inst/buffer_fclk_clk_0.FCLK_CLK_0_BUFG/O
                         net (fo=900, routed)         0.829     1.777    u_week11_wrapper/week11_i/rst_ps7_0_100M/U0/EXT_LPF/ACTIVE_LOW_EXT.ACT_LO_EXT/slowest_sync_clk
    SLICE_X18Y51         FDRE                                         r  u_week11_wrapper/week11_i/rst_ps7_0_100M/U0/EXT_LPF/ACTIVE_LOW_EXT.ACT_LO_EXT/GENERATE_LEVEL_P_S_CDC.SINGLE_BIT.CROSS_PLEVEL_IN2SCNDRY_IN_cdc_to/C





--------------------------------------------------------------------------------------
Path Group:  (none)
From Clock:  clk_fpga_0
  To Clock:  

Max Delay            16 Endpoints
Min Delay            16 Endpoints
--------------------------------------------------------------------------------------


Max Delay Paths
--------------------------------------------------------------------------------------
Slack:                    inf
  Source:                 u_APB_7Seg/digit_sel_reg[0]/C
                            (rising edge-triggered cell FDRE clocked by clk_fpga_0  {rise@0.000ns fall@5.000ns period=10.000ns})
  Destination:            seg_o[6]
                            (output port)
  Path Group:             (none)
  Path Type:              Max at Slow Process Corner
  Data Path Delay:        11.859ns  (logic 4.420ns (37.271%)  route 7.439ns (62.729%))
  Logic Levels:           4  (LUT6=3 OBUF=1)
  Clock Uncertainty:      0.152ns  ((TSJ^2 + TIJ^2)^1/2 + DJ) / 2 + PE
    Total System Jitter     (TSJ):    0.050ns
    Total Input Jitter      (TIJ):    0.300ns
    Discrete Jitter          (DJ):    0.000ns
    Phase Error              (PE):    0.000ns

    Location             Delay type                Incr(ns)  Path(ns)    Netlist Resource(s)
  -------------------------------------------------------------------    -------------------
                         (clock clk_fpga_0 rise edge)
                                                      0.000     0.000 r  
    PS7_X0Y0             PS7                          0.000     0.000 r  u_week11_wrapper/week11_i/processing_system7_0/inst/PS7_i/FCLKCLK[0]
                         net (fo=1, routed)           1.938     1.938    u_week11_wrapper/week11_i/processing_system7_0/inst/FCLK_CLK_unbuffered[0]
    BUFGCTRL_X0Y16       BUFG (Prop_bufg_I_O)         0.101     2.039 r  u_week11_wrapper/week11_i/processing_system7_0/inst/buffer_fclk_clk_0.FCLK_CLK_0_BUFG/O
                         net (fo=900, routed)         1.681     3.720    u_APB_7Seg/clk_100m
    SLICE_X12Y38         FDRE                                         r  u_APB_7Seg/digit_sel_reg[0]/C
  -------------------------------------------------------------------    -------------------
    SLICE_X12Y38         FDRE (Prop_fdre_C_Q)         0.518     4.238 r  u_APB_7Seg/digit_sel_reg[0]/Q
                         net (fo=32, routed)          1.968     6.206    u_APB_7Seg/digit_sel[0]
    SLICE_X7Y37          LUT6 (Prop_lut6_I4_O)        0.124     6.330 r  u_APB_7Seg/seg_o_OBUF[6]_inst_i_7/O
                         net (fo=1, routed)           0.939     7.269    u_APB_7Seg/seg_o_OBUF[6]_inst_i_7_n_0
    SLICE_X7Y40          LUT6 (Prop_lut6_I5_O)        0.124     7.393 r  u_APB_7Seg/seg_o_OBUF[6]_inst_i_2/O
                         net (fo=1, routed)           0.825     8.218    u_APB_7Seg/seg_o_OBUF[6]_inst_i_2_n_0
    SLICE_X10Y40         LUT6 (Prop_lut6_I0_O)        0.124     8.342 r  u_APB_7Seg/seg_o_OBUF[6]_inst_i_1/O
                         net (fo=1, routed)           3.708    12.050    seg_o_OBUF[6]
    H18                  OBUF (Prop_obuf_I_O)         3.530    15.580 r  seg_o_OBUF[6]_inst/O
                         net (fo=0)                   0.000    15.580    seg_o[6]
    H18                                                               r  seg_o[6] (OUT)
  -------------------------------------------------------------------    -------------------

Slack:                    inf
  Source:                 u_APB_7Seg/digit_sel_reg[0]/C
                            (rising edge-triggered cell FDRE clocked by clk_fpga_0  {rise@0.000ns fall@5.000ns period=10.000ns})
  Destination:            seg_o[4]
                            (output port)
  Path Group:             (none)
  Path Type:              Max at Slow Process Corner
  Data Path Delay:        11.520ns  (logic 4.362ns (37.863%)  route 7.158ns (62.137%))
  Logic Levels:           3  (LUT5=1 LUT6=1 OBUF=1)
  Clock Uncertainty:      0.152ns  ((TSJ^2 + TIJ^2)^1/2 + DJ) / 2 + PE
    Total System Jitter     (TSJ):    0.050ns
    Total Input Jitter      (TIJ):    0.300ns
    Discrete Jitter          (DJ):    0.000ns
    Phase Error              (PE):    0.000ns

    Location             Delay type                Incr(ns)  Path(ns)    Netlist Resource(s)
  -------------------------------------------------------------------    -------------------
                         (clock clk_fpga_0 rise edge)
                                                      0.000     0.000 r  
    PS7_X0Y0             PS7                          0.000     0.000 r  u_week11_wrapper/week11_i/processing_system7_0/inst/PS7_i/FCLKCLK[0]
                         net (fo=1, routed)           1.938     1.938    u_week11_wrapper/week11_i/processing_system7_0/inst/FCLK_CLK_unbuffered[0]
    BUFGCTRL_X0Y16       BUFG (Prop_bufg_I_O)         0.101     2.039 r  u_week11_wrapper/week11_i/processing_system7_0/inst/buffer_fclk_clk_0.FCLK_CLK_0_BUFG/O
                         net (fo=900, routed)         1.681     3.720    u_APB_7Seg/clk_100m
    SLICE_X12Y38         FDRE                                         r  u_APB_7Seg/digit_sel_reg[0]/C
  -------------------------------------------------------------------    -------------------
    SLICE_X12Y38         FDRE (Prop_fdre_C_Q)         0.518     4.238 f  u_APB_7Seg/digit_sel_reg[0]/Q
                         net (fo=32, routed)          2.342     6.580    u_APB_7Seg/digit_sel[0]
    SLICE_X8Y37          LUT6 (Prop_lut6_I0_O)        0.124     6.704 r  u_APB_7Seg/seg_o_OBUF[4]_inst_i_4/O
                         net (fo=1, routed)           0.466     7.170    u_APB_7Seg/seg_o_OBUF[4]_inst_i_4_n_0
    SLICE_X8Y37          LUT5 (Prop_lut5_I3_O)        0.124     7.294 r  u_APB_7Seg/seg_o_OBUF[4]_inst_i_1/O
                         net (fo=1, routed)           4.350    11.644    seg_o_OBUF[4]
    M17                  OBUF (Prop_obuf_I_O)         3.596    15.240 r  seg_o_OBUF[4]_inst/O
                         net (fo=0)                   0.000    15.240    seg_o[4]
    M17                                                               r  seg_o[4] (OUT)
  -------------------------------------------------------------------    -------------------

Slack:                    inf
  Source:                 u_APB_7Seg/digit_sel_reg[0]/C
                            (rising edge-triggered cell FDRE clocked by clk_fpga_0  {rise@0.000ns fall@5.000ns period=10.000ns})
  Destination:            seg_o[2]
                            (output port)
  Path Group:             (none)
  Path Type:              Max at Slow Process Corner
  Data Path Delay:        11.042ns  (logic 4.300ns (38.937%)  route 6.743ns (61.063%))
  Logic Levels:           3  (LUT5=1 LUT6=1 OBUF=1)
  Clock Uncertainty:      0.152ns  ((TSJ^2 + TIJ^2)^1/2 + DJ) / 2 + PE
    Total System Jitter     (TSJ):    0.050ns
    Total Input Jitter      (TIJ):    0.300ns
    Discrete Jitter          (DJ):    0.000ns
    Phase Error              (PE):    0.000ns

    Location             Delay type                Incr(ns)  Path(ns)    Netlist Resource(s)
  -------------------------------------------------------------------    -------------------
                         (clock clk_fpga_0 rise edge)
                                                      0.000     0.000 r  
    PS7_X0Y0             PS7                          0.000     0.000 r  u_week11_wrapper/week11_i/processing_system7_0/inst/PS7_i/FCLKCLK[0]
                         net (fo=1, routed)           1.938     1.938    u_week11_wrapper/week11_i/processing_system7_0/inst/FCLK_CLK_unbuffered[0]
    BUFGCTRL_X0Y16       BUFG (Prop_bufg_I_O)         0.101     2.039 r  u_week11_wrapper/week11_i/processing_system7_0/inst/buffer_fclk_clk_0.FCLK_CLK_0_BUFG/O
                         net (fo=900, routed)         1.681     3.720    u_APB_7Seg/clk_100m
    SLICE_X12Y38         FDRE                                         r  u_APB_7Seg/digit_sel_reg[0]/C
  -------------------------------------------------------------------    -------------------
    SLICE_X12Y38         FDRE (Prop_fdre_C_Q)         0.518     4.238 r  u_APB_7Seg/digit_sel_reg[0]/Q
                         net (fo=32, routed)          2.191     6.429    u_APB_7Seg/digit_sel[0]
    SLICE_X9Y39          LUT6 (Prop_lut6_I1_O)        0.124     6.553 r  u_APB_7Seg/seg_o_OBUF[2]_inst_i_2/O
                         net (fo=1, routed)           0.645     7.199    u_APB_7Seg/seg_o_OBUF[2]_inst_i_2_n_0
    SLICE_X9Y39          LUT5 (Prop_lut5_I1_O)        0.124     7.323 r  u_APB_7Seg/seg_o_OBUF[2]_inst_i_1/O
                         net (fo=1, routed)           3.907    11.229    seg_o_OBUF[2]
    J18                  OBUF (Prop_obuf_I_O)         3.534    14.763 r  seg_o_OBUF[2]_inst/O
                         net (fo=0)                   0.000    14.763    seg_o[2]
    J18                                                               r  seg_o[2] (OUT)
  -------------------------------------------------------------------    -------------------

Slack:                    inf
  Source:                 u_APB_7Seg/bcd_data_reg[11]/C
                            (rising edge-triggered cell FDRE clocked by clk_fpga_0  {rise@0.000ns fall@5.000ns period=10.000ns})
  Destination:            seg_o[3]
                            (output port)
  Path Group:             (none)
  Path Type:              Max at Slow Process Corner
  Data Path Delay:        10.826ns  (logic 4.403ns (40.670%)  route 6.423ns (59.330%))
  Logic Levels:           4  (LUT5=2 LUT6=1 OBUF=1)
  Clock Uncertainty:      0.152ns  ((TSJ^2 + TIJ^2)^1/2 + DJ) / 2 + PE
    Total System Jitter     (TSJ):    0.050ns
    Total Input Jitter      (TIJ):    0.300ns
    Discrete Jitter          (DJ):    0.000ns
    Phase Error              (PE):    0.000ns

    Location             Delay type                Incr(ns)  Path(ns)    Netlist Resource(s)
  -------------------------------------------------------------------    -------------------
                         (clock clk_fpga_0 rise edge)
                                                      0.000     0.000 r  
    PS7_X0Y0             PS7                          0.000     0.000 r  u_week11_wrapper/week11_i/processing_system7_0/inst/PS7_i/FCLKCLK[0]
                         net (fo=1, routed)           1.938     1.938    u_week11_wrapper/week11_i/processing_system7_0/inst/FCLK_CLK_unbuffered[0]
    BUFGCTRL_X0Y16       BUFG (Prop_bufg_I_O)         0.101     2.039 r  u_week11_wrapper/week11_i/processing_system7_0/inst/buffer_fclk_clk_0.FCLK_CLK_0_BUFG/O
                         net (fo=900, routed)         1.683     3.722    u_APB_7Seg/clk_100m
    SLICE_X6Y41          FDRE                                         r  u_APB_7Seg/bcd_data_reg[11]/C
  -------------------------------------------------------------------    -------------------
    SLICE_X6Y41          FDRE (Prop_fdre_C_Q)         0.518     4.240 r  u_APB_7Seg/bcd_data_reg[11]/Q
                         net (fo=8, routed)           1.732     5.972    u_APB_7Seg/Q[11]
    SLICE_X7Y36          LUT6 (Prop_lut6_I3_O)        0.124     6.096 f  u_APB_7Seg/seg_o_OBUF[0]_inst_i_2/O
                         net (fo=1, routed)           0.940     7.036    u_APB_7Seg/seg_o_OBUF[0]_inst_i_2_n_0
    SLICE_X7Y39          LUT5 (Prop_lut5_I0_O)        0.124     7.160 r  u_APB_7Seg/seg_o_OBUF[0]_inst_i_1/O
                         net (fo=2, routed)           0.796     7.956    u_APB_7Seg/seg_o_OBUF[0]
    SLICE_X10Y40         LUT5 (Prop_lut5_I0_O)        0.124     8.080 r  u_APB_7Seg/seg_o_OBUF[3]_inst_i_1/O
                         net (fo=1, routed)           2.955    11.036    seg_o_OBUF[3]
    J15                  OBUF (Prop_obuf_I_O)         3.513    14.549 r  seg_o_OBUF[3]_inst/O
                         net (fo=0)                   0.000    14.549    seg_o[3]
    J15                                                               r  seg_o[3] (OUT)
  -------------------------------------------------------------------    -------------------

Slack:                    inf
  Source:                 u_APB_7Seg/digit_sel_reg[0]/C
                            (rising edge-triggered cell FDRE clocked by clk_fpga_0  {rise@0.000ns fall@5.000ns period=10.000ns})
  Destination:            seg_o[1]
                            (output port)
  Path Group:             (none)
  Path Type:              Max at Slow Process Corner
  Data Path Delay:        10.798ns  (logic 4.282ns (39.649%)  route 6.517ns (60.351%))
  Logic Levels:           3  (LUT5=1 LUT6=1 OBUF=1)
  Clock Uncertainty:      0.152ns  ((TSJ^2 + TIJ^2)^1/2 + DJ) / 2 + PE
    Total System Jitter     (TSJ):    0.050ns
    Total Input Jitter      (TIJ):    0.300ns
    Discrete Jitter          (DJ):    0.000ns
    Phase Error              (PE):    0.000ns

    Location             Delay type                Incr(ns)  Path(ns)    Netlist Resource(s)
  -------------------------------------------------------------------    -------------------
                         (clock clk_fpga_0 rise edge)
                                                      0.000     0.000 r  
    PS7_X0Y0             PS7                          0.000     0.000 r  u_week11_wrapper/week11_i/processing_system7_0/inst/PS7_i/FCLKCLK[0]
                         net (fo=1, routed)           1.938     1.938    u_week11_wrapper/week11_i/processing_system7_0/inst/FCLK_CLK_unbuffered[0]
    BUFGCTRL_X0Y16       BUFG (Prop_bufg_I_O)         0.101     2.039 r  u_week11_wrapper/week11_i/processing_system7_0/inst/buffer_fclk_clk_0.FCLK_CLK_0_BUFG/O
                         net (fo=900, routed)         1.681     3.720    u_APB_7Seg/clk_100m
    SLICE_X12Y38         FDRE                                         r  u_APB_7Seg/digit_sel_reg[0]/C
  -------------------------------------------------------------------    -------------------
    SLICE_X12Y38         FDRE (Prop_fdre_C_Q)         0.518     4.238 f  u_APB_7Seg/digit_sel_reg[0]/Q
                         net (fo=32, routed)          2.325     6.563    u_APB_7Seg/digit_sel[0]
    SLICE_X9Y37          LUT6 (Prop_lut6_I0_O)        0.124     6.687 r  u_APB_7Seg/seg_o_OBUF[1]_inst_i_4/O
                         net (fo=1, routed)           0.555     7.242    u_APB_7Seg/seg_o_OBUF[1]_inst_i_4_n_0
    SLICE_X11Y38         LUT5 (Prop_lut5_I3_O)        0.124     7.366 r  u_APB_7Seg/seg_o_OBUF[1]_inst_i_1/O
                         net (fo=1, routed)           3.637    11.003    seg_o_OBUF[1]
    H15                  OBUF (Prop_obuf_I_O)         3.516    14.519 r  seg_o_OBUF[1]_inst/O
                         net (fo=0)                   0.000    14.519    seg_o[1]
    H15                                                               r  seg_o[1] (OUT)
  -------------------------------------------------------------------    -------------------

Slack:                    inf
  Source:                 u_APB_7Seg/bcd_data_reg[11]/C
                            (rising edge-triggered cell FDRE clocked by clk_fpga_0  {rise@0.000ns fall@5.000ns period=10.000ns})
  Destination:            seg_o[0]
                            (output port)
  Path Group:             (none)
  Path Type:              Max at Slow Process Corner
  Data Path Delay:        10.653ns  (logic 4.327ns (40.618%)  route 6.326ns (59.382%))
  Logic Levels:           3  (LUT5=1 LUT6=1 OBUF=1)
  Clock Uncertainty:      0.152ns  ((TSJ^2 + TIJ^2)^1/2 + DJ) / 2 + PE
    Total System Jitter     (TSJ):    0.050ns
    Total Input Jitter      (TIJ):    0.300ns
    Discrete Jitter          (DJ):    0.000ns
    Phase Error              (PE):    0.000ns

    Location             Delay type                Incr(ns)  Path(ns)    Netlist Resource(s)
  -------------------------------------------------------------------    -------------------
                         (clock clk_fpga_0 rise edge)
                                                      0.000     0.000 r  
    PS7_X0Y0             PS7                          0.000     0.000 r  u_week11_wrapper/week11_i/processing_system7_0/inst/PS7_i/FCLKCLK[0]
                         net (fo=1, routed)           1.938     1.938    u_week11_wrapper/week11_i/processing_system7_0/inst/FCLK_CLK_unbuffered[0]
    BUFGCTRL_X0Y16       BUFG (Prop_bufg_I_O)         0.101     2.039 r  u_week11_wrapper/week11_i/processing_system7_0/inst/buffer_fclk_clk_0.FCLK_CLK_0_BUFG/O
                         net (fo=900, routed)         1.683     3.722    u_APB_7Seg/clk_100m
    SLICE_X6Y41          FDRE                                         r  u_APB_7Seg/bcd_data_reg[11]/C
  -------------------------------------------------------------------    -------------------
    SLICE_X6Y41          FDRE (Prop_fdre_C_Q)         0.518     4.240 r  u_APB_7Seg/bcd_data_reg[11]/Q
                         net (fo=8, routed)           1.732     5.972    u_APB_7Seg/Q[11]
    SLICE_X7Y36          LUT6 (Prop_lut6_I3_O)        0.124     6.096 f  u_APB_7Seg/seg_o_OBUF[0]_inst_i_2/O
                         net (fo=1, routed)           0.940     7.036    u_APB_7Seg/seg_o_OBUF[0]_inst_i_2_n_0
    SLICE_X7Y39          LUT5 (Prop_lut5_I0_O)        0.124     7.160 r  u_APB_7Seg/seg_o_OBUF[0]_inst_i_1/O
                         net (fo=2, routed)           3.654    10.814    seg_o_OBUF[0]
    K14                  OBUF (Prop_obuf_I_O)         3.561    14.375 r  seg_o_OBUF[0]_inst/O
                         net (fo=0)                   0.000    14.375    seg_o[0]
    K14                                                               r  seg_o[0] (OUT)
  -------------------------------------------------------------------    -------------------

Slack:                    inf
  Source:                 u_APB_7Seg/display_en_reg/C
                            (rising edge-triggered cell FDRE clocked by clk_fpga_0  {rise@0.000ns fall@5.000ns period=10.000ns})
  Destination:            an_o[3]
                            (output port)
  Path Group:             (none)
  Path Type:              Max at Slow Process Corner
  Data Path Delay:        9.744ns  (logic 4.188ns (42.983%)  route 5.555ns (57.017%))
  Logic Levels:           2  (LUT3=1 OBUF=1)
  Clock Uncertainty:      0.152ns  ((TSJ^2 + TIJ^2)^1/2 + DJ) / 2 + PE
    Total System Jitter     (TSJ):    0.050ns
    Total Input Jitter      (TIJ):    0.300ns
    Discrete Jitter          (DJ):    0.000ns
    Phase Error              (PE):    0.000ns

    Location             Delay type                Incr(ns)  Path(ns)    Netlist Resource(s)
  -------------------------------------------------------------------    -------------------
                         (clock clk_fpga_0 rise edge)
                                                      0.000     0.000 r  
    PS7_X0Y0             PS7                          0.000     0.000 r  u_week11_wrapper/week11_i/processing_system7_0/inst/PS7_i/FCLKCLK[0]
                         net (fo=1, routed)           1.938     1.938    u_week11_wrapper/week11_i/processing_system7_0/inst/FCLK_CLK_unbuffered[0]
    BUFGCTRL_X0Y16       BUFG (Prop_bufg_I_O)         0.101     2.039 r  u_week11_wrapper/week11_i/processing_system7_0/inst/buffer_fclk_clk_0.FCLK_CLK_0_BUFG/O
                         net (fo=900, routed)         1.680     3.719    u_APB_7Seg/clk_100m
    SLICE_X6Y37          FDRE                                         r  u_APB_7Seg/display_en_reg/C
  -------------------------------------------------------------------    -------------------
    SLICE_X6Y37          FDRE (Prop_fdre_C_Q)         0.518     4.237 f  u_APB_7Seg/display_en_reg/Q
                         net (fo=12, routed)          1.630     5.868    u_APB_7Seg/display_en
    SLICE_X12Y42         LUT3 (Prop_lut3_I0_O)        0.124     5.992 r  u_APB_7Seg/an_o_OBUF[3]_inst_i_1/O
                         net (fo=1, routed)           3.925     9.917    an_o_OBUF[3]
    L16                  OBUF (Prop_obuf_I_O)         3.546    13.463 r  an_o_OBUF[3]_inst/O
                         net (fo=0)                   0.000    13.463    an_o[3]
    L16                                                               r  an_o[3] (OUT)
  -------------------------------------------------------------------    -------------------

Slack:                    inf
  Source:                 u_APB_7Seg/digit_sel_reg[0]/C
                            (rising edge-triggered cell FDRE clocked by clk_fpga_0  {rise@0.000ns fall@5.000ns period=10.000ns})
  Destination:            an_o[2]
                            (output port)
  Path Group:             (none)
  Path Type:              Max at Slow Process Corner
  Data Path Delay:        9.581ns  (logic 4.231ns (44.163%)  route 5.350ns (55.837%))
  Logic Levels:           2  (LUT3=1 OBUF=1)
  Clock Uncertainty:      0.152ns  ((TSJ^2 + TIJ^2)^1/2 + DJ) / 2 + PE
    Total System Jitter     (TSJ):    0.050ns
    Total Input Jitter      (TIJ):    0.300ns
    Discrete Jitter          (DJ):    0.000ns
    Phase Error              (PE):    0.000ns

    Location             Delay type                Incr(ns)  Path(ns)    Netlist Resource(s)
  -------------------------------------------------------------------    -------------------
                         (clock clk_fpga_0 rise edge)
                                                      0.000     0.000 r  
    PS7_X0Y0             PS7                          0.000     0.000 r  u_week11_wrapper/week11_i/processing_system7_0/inst/PS7_i/FCLKCLK[0]
                         net (fo=1, routed)           1.938     1.938    u_week11_wrapper/week11_i/processing_system7_0/inst/FCLK_CLK_unbuffered[0]
    BUFGCTRL_X0Y16       BUFG (Prop_bufg_I_O)         0.101     2.039 r  u_week11_wrapper/week11_i/processing_system7_0/inst/buffer_fclk_clk_0.FCLK_CLK_0_BUFG/O
                         net (fo=900, routed)         1.681     3.720    u_APB_7Seg/clk_100m
    SLICE_X12Y38         FDRE                                         r  u_APB_7Seg/digit_sel_reg[0]/C
  -------------------------------------------------------------------    -------------------
    SLICE_X12Y38         FDRE (Prop_fdre_C_Q)         0.518     4.238 r  u_APB_7Seg/digit_sel_reg[0]/Q
                         net (fo=32, routed)          1.063     5.302    u_APB_7Seg/digit_sel[0]
    SLICE_X11Y38         LUT3 (Prop_lut3_I1_O)        0.124     5.426 r  u_APB_7Seg/seg_o_OBUF[7]_inst_i_1/O
                         net (fo=2, routed)           4.287     9.712    an_o_OBUF[2]
    M18                  OBUF (Prop_obuf_I_O)         3.589    13.302 r  an_o_OBUF[2]_inst/O
                         net (fo=0)                   0.000    13.302    an_o[2]
    M18                                                               r  an_o[2] (OUT)
  -------------------------------------------------------------------    -------------------

Slack:                    inf
  Source:                 u_APB_7Seg/digit_sel_reg[1]/C
                            (rising edge-triggered cell FDRE clocked by clk_fpga_0  {rise@0.000ns fall@5.000ns period=10.000ns})
  Destination:            an_o[0]
                            (output port)
  Path Group:             (none)
  Path Type:              Max at Slow Process Corner
  Data Path Delay:        9.567ns  (logic 4.351ns (45.480%)  route 5.216ns (54.520%))
  Logic Levels:           2  (LUT3=1 OBUF=1)
  Clock Uncertainty:      0.152ns  ((TSJ^2 + TIJ^2)^1/2 + DJ) / 2 + PE
    Total System Jitter     (TSJ):    0.050ns
    Total Input Jitter      (TIJ):    0.300ns
    Discrete Jitter          (DJ):    0.000ns
    Phase Error              (PE):    0.000ns

    Location             Delay type                Incr(ns)  Path(ns)    Netlist Resource(s)
  -------------------------------------------------------------------    -------------------
                         (clock clk_fpga_0 rise edge)
                                                      0.000     0.000 r  
    PS7_X0Y0             PS7                          0.000     0.000 r  u_week11_wrapper/week11_i/processing_system7_0/inst/PS7_i/FCLKCLK[0]
                         net (fo=1, routed)           1.938     1.938    u_week11_wrapper/week11_i/processing_system7_0/inst/FCLK_CLK_unbuffered[0]
    BUFGCTRL_X0Y16       BUFG (Prop_bufg_I_O)         0.101     2.039 r  u_week11_wrapper/week11_i/processing_system7_0/inst/buffer_fclk_clk_0.FCLK_CLK_0_BUFG/O
                         net (fo=900, routed)         1.681     3.720    u_APB_7Seg/clk_100m
    SLICE_X11Y38         FDRE                                         r  u_APB_7Seg/digit_sel_reg[1]/C
  -------------------------------------------------------------------    -------------------
    SLICE_X11Y38         FDRE (Prop_fdre_C_Q)         0.456     4.176 r  u_APB_7Seg/digit_sel_reg[1]/Q
                         net (fo=31, routed)          1.268     5.444    u_APB_7Seg/digit_sel[1]
    SLICE_X12Y42         LUT3 (Prop_lut3_I1_O)        0.148     5.592 r  u_APB_7Seg/an_o_OBUF[0]_inst_i_1/O
                         net (fo=1, routed)           3.948     9.540    an_o_OBUF[0]
    K19                  OBUF (Prop_obuf_I_O)         3.747    13.287 r  an_o_OBUF[0]_inst/O
                         net (fo=0)                   0.000    13.287    an_o[0]
    K19                                                               r  an_o[0] (OUT)
  -------------------------------------------------------------------    -------------------

Slack:                    inf
  Source:                 u_APB_7Seg/bcd_data_reg[12]/C
                            (rising edge-triggered cell FDRE clocked by clk_fpga_0  {rise@0.000ns fall@5.000ns period=10.000ns})
  Destination:            seg_o[5]
                            (output port)
  Path Group:             (none)
  Path Type:              Max at Slow Process Corner
  Data Path Delay:        9.351ns  (logic 4.287ns (45.849%)  route 5.063ns (54.151%))
  Logic Levels:           3  (LUT5=1 LUT6=1 OBUF=1)
  Clock Uncertainty:      0.152ns  ((TSJ^2 + TIJ^2)^1/2 + DJ) / 2 + PE
    Total System Jitter     (TSJ):    0.050ns
    Total Input Jitter      (TIJ):    0.300ns
    Discrete Jitter          (DJ):    0.000ns
    Phase Error              (PE):    0.000ns

    Location             Delay type                Incr(ns)  Path(ns)    Netlist Resource(s)
  -------------------------------------------------------------------    -------------------
                         (clock clk_fpga_0 rise edge)
                                                      0.000     0.000 r  
    PS7_X0Y0             PS7                          0.000     0.000 r  u_week11_wrapper/week11_i/processing_system7_0/inst/PS7_i/FCLKCLK[0]
                         net (fo=1, routed)           1.938     1.938    u_week11_wrapper/week11_i/processing_system7_0/inst/FCLK_CLK_unbuffered[0]
    BUFGCTRL_X0Y16       BUFG (Prop_bufg_I_O)         0.101     2.039 r  u_week11_wrapper/week11_i/processing_system7_0/inst/buffer_fclk_clk_0.FCLK_CLK_0_BUFG/O
                         net (fo=900, routed)         1.683     3.722    u_APB_7Seg/clk_100m
    SLICE_X6Y41          FDRE                                         r  u_APB_7Seg/bcd_data_reg[12]/C
  -------------------------------------------------------------------    -------------------
    SLICE_X6Y41          FDRE (Prop_fdre_C_Q)         0.518     4.240 r  u_APB_7Seg/bcd_data_reg[12]/Q
                         net (fo=8, routed)           1.320     5.561    u_APB_7Seg/Q[12]
    SLICE_X10Y38         LUT6 (Prop_lut6_I4_O)        0.124     5.685 r  u_APB_7Seg/seg_o_OBUF[5]_inst_i_5/O
                         net (fo=1, routed)           0.571     6.256    u_APB_7Seg/seg_o_OBUF[5]_inst_i_5_n_0
    SLICE_X9Y36          LUT5 (Prop_lut5_I4_O)        0.124     6.380 r  u_APB_7Seg/seg_o_OBUF[5]_inst_i_1/O
                         net (fo=1, routed)           3.172     9.552    seg_o_OBUF[5]
    J16                  OBUF (Prop_obuf_I_O)         3.521    13.073 r  seg_o_OBUF[5]_inst/O
                         net (fo=0)                   0.000    13.073    seg_o[5]
    J16                                                               r  seg_o[5] (OUT)
  -------------------------------------------------------------------    -------------------





Min Delay Paths
--------------------------------------------------------------------------------------
Slack:                    inf
  Source:                 u_APB_LED/led_o_reg[3]_lopt_replica/C
                            (rising edge-triggered cell FDRE clocked by clk_fpga_0  {rise@0.000ns fall@5.000ns period=10.000ns})
  Destination:            led_o[3]
                            (output port)
  Path Group:             (none)
  Path Type:              Min at Fast Process Corner
  Data Path Delay:        2.544ns  (logic 1.402ns (55.116%)  route 1.142ns (44.884%))
  Logic Levels:           1  (OBUF=1)
  Clock Uncertainty:      0.152ns  ((TSJ^2 + TIJ^2)^1/2 + DJ) / 2 + PE
    Total System Jitter     (TSJ):    0.050ns
    Total Input Jitter      (TIJ):    0.300ns
    Discrete Jitter          (DJ):    0.000ns
    Phase Error              (PE):    0.000ns

    Location             Delay type                Incr(ns)  Path(ns)    Netlist Resource(s)
  -------------------------------------------------------------------    -------------------
                         (clock clk_fpga_0 rise edge)
                                                      0.000     0.000 r  
    PS7_X0Y0             PS7                          0.000     0.000 r  u_week11_wrapper/week11_i/processing_system7_0/inst/PS7_i/FCLKCLK[0]
                         net (fo=1, routed)           0.804     0.804    u_week11_wrapper/week11_i/processing_system7_0/inst/FCLK_CLK_unbuffered[0]
    BUFGCTRL_X0Y16       BUFG (Prop_bufg_I_O)         0.026     0.830 r  u_week11_wrapper/week11_i/processing_system7_0/inst/buffer_fclk_clk_0.FCLK_CLK_0_BUFG/O
                         net (fo=900, routed)         0.564     1.394    u_APB_LED/clk_100m
    SLICE_X12Y36         FDRE                                         r  u_APB_LED/led_o_reg[3]_lopt_replica/C
  -------------------------------------------------------------------    -------------------
    SLICE_X12Y36         FDRE (Prop_fdre_C_Q)         0.164     1.558 r  u_APB_LED/led_o_reg[3]_lopt_replica/Q
                         net (fo=1, routed)           1.142     2.700    lopt_3
    T20                  OBUF (Prop_obuf_I_O)         1.238     3.938 r  led_o_OBUF[3]_inst/O
                         net (fo=0)                   0.000     3.938    led_o[3]
    T20                                                               r  led_o[3] (OUT)
  -------------------------------------------------------------------    -------------------

Slack:                    inf
  Source:                 u_APB_LED/led_o_reg[2]_lopt_replica/C
                            (rising edge-triggered cell FDRE clocked by clk_fpga_0  {rise@0.000ns fall@5.000ns period=10.000ns})
  Destination:            led_o[2]
                            (output port)
  Path Group:             (none)
  Path Type:              Min at Fast Process Corner
  Data Path Delay:        2.547ns  (logic 1.417ns (55.630%)  route 1.130ns (44.370%))
  Logic Levels:           1  (OBUF=1)
  Clock Uncertainty:      0.152ns  ((TSJ^2 + TIJ^2)^1/2 + DJ) / 2 + PE
    Total System Jitter     (TSJ):    0.050ns
    Total Input Jitter      (TIJ):    0.300ns
    Discrete Jitter          (DJ):    0.000ns
    Phase Error              (PE):    0.000ns

    Location             Delay type                Incr(ns)  Path(ns)    Netlist Resource(s)
  -------------------------------------------------------------------    -------------------
                         (clock clk_fpga_0 rise edge)
                                                      0.000     0.000 r  
    PS7_X0Y0             PS7                          0.000     0.000 r  u_week11_wrapper/week11_i/processing_system7_0/inst/PS7_i/FCLKCLK[0]
                         net (fo=1, routed)           0.804     0.804    u_week11_wrapper/week11_i/processing_system7_0/inst/FCLK_CLK_unbuffered[0]
    BUFGCTRL_X0Y16       BUFG (Prop_bufg_I_O)         0.026     0.830 r  u_week11_wrapper/week11_i/processing_system7_0/inst/buffer_fclk_clk_0.FCLK_CLK_0_BUFG/O
                         net (fo=900, routed)         0.567     1.397    u_APB_LED/clk_100m
    SLICE_X10Y40         FDRE                                         r  u_APB_LED/led_o_reg[2]_lopt_replica/C
  -------------------------------------------------------------------    -------------------
    SLICE_X10Y40         FDRE (Prop_fdre_C_Q)         0.164     1.561 r  u_APB_LED/led_o_reg[2]_lopt_replica/Q
                         net (fo=1, routed)           1.130     2.691    lopt_2
    R19                  OBUF (Prop_obuf_I_O)         1.253     3.944 r  led_o_OBUF[2]_inst/O
                         net (fo=0)                   0.000     3.944    led_o[2]
    R19                                                               r  led_o[2] (OUT)
  -------------------------------------------------------------------    -------------------

Slack:                    inf
  Source:                 u_APB_LED/led_o_reg[0]_lopt_replica/C
                            (rising edge-triggered cell FDRE clocked by clk_fpga_0  {rise@0.000ns fall@5.000ns period=10.000ns})
  Destination:            led_o[0]
                            (output port)
  Path Group:             (none)
  Path Type:              Min at Fast Process Corner
  Data Path Delay:        2.578ns  (logic 1.414ns (54.823%)  route 1.165ns (45.177%))
  Logic Levels:           1  (OBUF=1)
  Clock Uncertainty:      0.152ns  ((TSJ^2 + TIJ^2)^1/2 + DJ) / 2 + PE
    Total System Jitter     (TSJ):    0.050ns
    Total Input Jitter      (TIJ):    0.300ns
    Discrete Jitter          (DJ):    0.000ns
    Phase Error              (PE):    0.000ns

    Location             Delay type                Incr(ns)  Path(ns)    Netlist Resource(s)
  -------------------------------------------------------------------    -------------------
                         (clock clk_fpga_0 rise edge)
                                                      0.000     0.000 r  
    PS7_X0Y0             PS7                          0.000     0.000 r  u_week11_wrapper/week11_i/processing_system7_0/inst/PS7_i/FCLKCLK[0]
                         net (fo=1, routed)           0.804     0.804    u_week11_wrapper/week11_i/processing_system7_0/inst/FCLK_CLK_unbuffered[0]
    BUFGCTRL_X0Y16       BUFG (Prop_bufg_I_O)         0.026     0.830 r  u_week11_wrapper/week11_i/processing_system7_0/inst/buffer_fclk_clk_0.FCLK_CLK_0_BUFG/O
                         net (fo=900, routed)         0.564     1.394    u_APB_LED/clk_100m
    SLICE_X12Y36         FDRE                                         r  u_APB_LED/led_o_reg[0]_lopt_replica/C
  -------------------------------------------------------------------    -------------------
    SLICE_X12Y36         FDRE (Prop_fdre_C_Q)         0.164     1.558 r  u_APB_LED/led_o_reg[0]_lopt_replica/Q
                         net (fo=1, routed)           1.165     2.723    lopt
    N20                  OBUF (Prop_obuf_I_O)         1.250     3.972 r  led_o_OBUF[0]_inst/O
                         net (fo=0)                   0.000     3.972    led_o[0]
    N20                                                               r  led_o[0] (OUT)
  -------------------------------------------------------------------    -------------------

Slack:                    inf
  Source:                 u_APB_LED/led_o_reg[1]_lopt_replica/C
                            (rising edge-triggered cell FDRE clocked by clk_fpga_0  {rise@0.000ns fall@5.000ns period=10.000ns})
  Destination:            led_o[1]
                            (output port)
  Path Group:             (none)
  Path Type:              Min at Fast Process Corner
  Data Path Delay:        2.637ns  (logic 1.391ns (52.732%)  route 1.247ns (47.268%))
  Logic Levels:           1  (OBUF=1)
  Clock Uncertainty:      0.152ns  ((TSJ^2 + TIJ^2)^1/2 + DJ) / 2 + PE
    Total System Jitter     (TSJ):    0.050ns
    Total Input Jitter      (TIJ):    0.300ns
    Discrete Jitter          (DJ):    0.000ns
    Phase Error              (PE):    0.000ns

    Location             Delay type                Incr(ns)  Path(ns)    Netlist Resource(s)
  -------------------------------------------------------------------    -------------------
                         (clock clk_fpga_0 rise edge)
                                                      0.000     0.000 r  
    PS7_X0Y0             PS7                          0.000     0.000 r  u_week11_wrapper/week11_i/processing_system7_0/inst/PS7_i/FCLKCLK[0]
                         net (fo=1, routed)           0.804     0.804    u_week11_wrapper/week11_i/processing_system7_0/inst/FCLK_CLK_unbuffered[0]
    BUFGCTRL_X0Y16       BUFG (Prop_bufg_I_O)         0.026     0.830 r  u_week11_wrapper/week11_i/processing_system7_0/inst/buffer_fclk_clk_0.FCLK_CLK_0_BUFG/O
                         net (fo=900, routed)         0.564     1.394    u_APB_LED/clk_100m
    SLICE_X9Y36          FDRE                                         r  u_APB_LED/led_o_reg[1]_lopt_replica/C
  -------------------------------------------------------------------    -------------------
    SLICE_X9Y36          FDRE (Prop_fdre_C_Q)         0.141     1.535 r  u_APB_LED/led_o_reg[1]_lopt_replica/Q
                         net (fo=1, routed)           1.247     2.781    lopt_1
    P20                  OBUF (Prop_obuf_I_O)         1.250     4.031 r  led_o_OBUF[1]_inst/O
                         net (fo=0)                   0.000     4.031    led_o[1]
    P20                                                               r  led_o[1] (OUT)
  -------------------------------------------------------------------    -------------------

Slack:                    inf
  Source:                 u_APB_7Seg/bcd_data_reg[5]/C
                            (rising edge-triggered cell FDRE clocked by clk_fpga_0  {rise@0.000ns fall@5.000ns period=10.000ns})
  Destination:            seg_o[3]
                            (output port)
  Path Group:             (none)
  Path Type:              Min at Fast Process Corner
  Data Path Delay:        2.835ns  (logic 1.445ns (50.983%)  route 1.389ns (49.017%))
  Logic Levels:           3  (LUT5=1 LUT6=1 OBUF=1)
  Clock Uncertainty:      0.152ns  ((TSJ^2 + TIJ^2)^1/2 + DJ) / 2 + PE
    Total System Jitter     (TSJ):    0.050ns
    Total Input Jitter      (TIJ):    0.300ns
    Discrete Jitter          (DJ):    0.000ns
    Phase Error              (PE):    0.000ns

    Location             Delay type                Incr(ns)  Path(ns)    Netlist Resource(s)
  -------------------------------------------------------------------    -------------------
                         (clock clk_fpga_0 rise edge)
                                                      0.000     0.000 r  
    PS7_X0Y0             PS7                          0.000     0.000 r  u_week11_wrapper/week11_i/processing_system7_0/inst/PS7_i/FCLKCLK[0]
                         net (fo=1, routed)           0.804     0.804    u_week11_wrapper/week11_i/processing_system7_0/inst/FCLK_CLK_unbuffered[0]
    BUFGCTRL_X0Y16       BUFG (Prop_bufg_I_O)         0.026     0.830 r  u_week11_wrapper/week11_i/processing_system7_0/inst/buffer_fclk_clk_0.FCLK_CLK_0_BUFG/O
                         net (fo=900, routed)         0.566     1.396    u_APB_7Seg/clk_100m
    SLICE_X9Y39          FDRE                                         r  u_APB_7Seg/bcd_data_reg[5]/C
  -------------------------------------------------------------------    -------------------
    SLICE_X9Y39          FDRE (Prop_fdre_C_Q)         0.141     1.537 r  u_APB_7Seg/bcd_data_reg[5]/Q
                         net (fo=8, routed)           0.213     1.750    u_APB_7Seg/Q[5]
    SLICE_X9Y39          LUT6 (Prop_lut6_I1_O)        0.045     1.795 r  u_APB_7Seg/seg_o_OBUF[6]_inst_i_5/O
                         net (fo=2, routed)           0.192     1.987    u_APB_7Seg/seg_o_OBUF[6]_inst_i_5_n_0
    SLICE_X10Y40         LUT5 (Prop_lut5_I2_O)        0.045     2.032 r  u_APB_7Seg/seg_o_OBUF[3]_inst_i_1/O
                         net (fo=1, routed)           0.984     3.016    seg_o_OBUF[3]
    J15                  OBUF (Prop_obuf_I_O)         1.214     4.230 r  seg_o_OBUF[3]_inst/O
                         net (fo=0)                   0.000     4.230    seg_o[3]
    J15                                                               r  seg_o[3] (OUT)
  -------------------------------------------------------------------    -------------------

Slack:                    inf
  Source:                 u_APB_7Seg/display_en_reg/C
                            (rising edge-triggered cell FDRE clocked by clk_fpga_0  {rise@0.000ns fall@5.000ns period=10.000ns})
  Destination:            seg_o[5]
                            (output port)
  Path Group:             (none)
  Path Type:              Min at Fast Process Corner
  Data Path Delay:        2.844ns  (logic 1.431ns (50.331%)  route 1.412ns (49.669%))
  Logic Levels:           2  (LUT5=1 OBUF=1)
  Clock Uncertainty:      0.152ns  ((TSJ^2 + TIJ^2)^1/2 + DJ) / 2 + PE
    Total System Jitter     (TSJ):    0.050ns
    Total Input Jitter      (TIJ):    0.300ns
    Discrete Jitter          (DJ):    0.000ns
    Phase Error              (PE):    0.000ns

    Location             Delay type                Incr(ns)  Path(ns)    Netlist Resource(s)
  -------------------------------------------------------------------    -------------------
                         (clock clk_fpga_0 rise edge)
                                                      0.000     0.000 r  
    PS7_X0Y0             PS7                          0.000     0.000 r  u_week11_wrapper/week11_i/processing_system7_0/inst/PS7_i/FCLKCLK[0]
                         net (fo=1, routed)           0.804     0.804    u_week11_wrapper/week11_i/processing_system7_0/inst/FCLK_CLK_unbuffered[0]
    BUFGCTRL_X0Y16       BUFG (Prop_bufg_I_O)         0.026     0.830 r  u_week11_wrapper/week11_i/processing_system7_0/inst/buffer_fclk_clk_0.FCLK_CLK_0_BUFG/O
                         net (fo=900, routed)         0.565     1.395    u_APB_7Seg/clk_100m
    SLICE_X6Y37          FDRE                                         r  u_APB_7Seg/display_en_reg/C
  -------------------------------------------------------------------    -------------------
    SLICE_X6Y37          FDRE (Prop_fdre_C_Q)         0.164     1.559 f  u_APB_7Seg/display_en_reg/Q
                         net (fo=12, routed)          0.323     1.882    u_APB_7Seg/display_en
    SLICE_X9Y36          LUT5 (Prop_lut5_I0_O)        0.045     1.927 r  u_APB_7Seg/seg_o_OBUF[5]_inst_i_1/O
                         net (fo=1, routed)           1.089     3.016    seg_o_OBUF[5]
    J16                  OBUF (Prop_obuf_I_O)         1.222     4.238 r  seg_o_OBUF[5]_inst/O
                         net (fo=0)                   0.000     4.238    seg_o[5]
    J16                                                               r  seg_o[5] (OUT)
  -------------------------------------------------------------------    -------------------

Slack:                    inf
  Source:                 u_APB_7Seg/bcd_data_reg[7]/C
                            (rising edge-triggered cell FDRE clocked by clk_fpga_0  {rise@0.000ns fall@5.000ns period=10.000ns})
  Destination:            seg_o[0]
                            (output port)
  Path Group:             (none)
  Path Type:              Min at Fast Process Corner
  Data Path Delay:        3.025ns  (logic 1.493ns (49.333%)  route 1.533ns (50.667%))
  Logic Levels:           3  (LUT5=1 LUT6=1 OBUF=1)
  Clock Uncertainty:      0.152ns  ((TSJ^2 + TIJ^2)^1/2 + DJ) / 2 + PE
    Total System Jitter     (TSJ):    0.050ns
    Total Input Jitter      (TIJ):    0.300ns
    Discrete Jitter          (DJ):    0.000ns
    Phase Error              (PE):    0.000ns

    Location             Delay type                Incr(ns)  Path(ns)    Netlist Resource(s)
  -------------------------------------------------------------------    -------------------
                         (clock clk_fpga_0 rise edge)
                                                      0.000     0.000 r  
    PS7_X0Y0             PS7                          0.000     0.000 r  u_week11_wrapper/week11_i/processing_system7_0/inst/PS7_i/FCLKCLK[0]
                         net (fo=1, routed)           0.804     0.804    u_week11_wrapper/week11_i/processing_system7_0/inst/FCLK_CLK_unbuffered[0]
    BUFGCTRL_X0Y16       BUFG (Prop_bufg_I_O)         0.026     0.830 r  u_week11_wrapper/week11_i/processing_system7_0/inst/buffer_fclk_clk_0.FCLK_CLK_0_BUFG/O
                         net (fo=900, routed)         0.567     1.397    u_APB_7Seg/clk_100m
    SLICE_X7Y41          FDRE                                         r  u_APB_7Seg/bcd_data_reg[7]/C
  -------------------------------------------------------------------    -------------------
    SLICE_X7Y41          FDRE (Prop_fdre_C_Q)         0.141     1.538 r  u_APB_7Seg/bcd_data_reg[7]/Q
                         net (fo=8, routed)           0.153     1.691    u_APB_7Seg/Q[7]
    SLICE_X7Y39          LUT6 (Prop_lut6_I2_O)        0.045     1.736 r  u_APB_7Seg/seg_o_OBUF[0]_inst_i_4/O
                         net (fo=1, routed)           0.049     1.785    u_APB_7Seg/seg_o_OBUF[0]_inst_i_4_n_0
    SLICE_X7Y39          LUT5 (Prop_lut5_I4_O)        0.045     1.830 r  u_APB_7Seg/seg_o_OBUF[0]_inst_i_1/O
                         net (fo=2, routed)           1.331     3.161    seg_o_OBUF[0]
    K14                  OBUF (Prop_obuf_I_O)         1.262     4.422 r  seg_o_OBUF[0]_inst/O
                         net (fo=0)                   0.000     4.422    seg_o[0]
    K14                                                               r  seg_o[0] (OUT)
  -------------------------------------------------------------------    -------------------

Slack:                    inf
  Source:                 u_APB_7Seg/digit_sel_reg[1]/C
                            (rising edge-triggered cell FDRE clocked by clk_fpga_0  {rise@0.000ns fall@5.000ns period=10.000ns})
  Destination:            seg_o[1]
                            (output port)
  Path Group:             (none)
  Path Type:              Min at Fast Process Corner
  Data Path Delay:        3.131ns  (logic 1.448ns (46.232%)  route 1.684ns (53.768%))
  Logic Levels:           3  (LUT5=1 LUT6=1 OBUF=1)
  Clock Uncertainty:      0.152ns  ((TSJ^2 + TIJ^2)^1/2 + DJ) / 2 + PE
    Total System Jitter     (TSJ):    0.050ns
    Total Input Jitter      (TIJ):    0.300ns
    Discrete Jitter          (DJ):    0.000ns
    Phase Error              (PE):    0.000ns

    Location             Delay type                Incr(ns)  Path(ns)    Netlist Resource(s)
  -------------------------------------------------------------------    -------------------
                         (clock clk_fpga_0 rise edge)
                                                      0.000     0.000 r  
    PS7_X0Y0             PS7                          0.000     0.000 r  u_week11_wrapper/week11_i/processing_system7_0/inst/PS7_i/FCLKCLK[0]
                         net (fo=1, routed)           0.804     0.804    u_week11_wrapper/week11_i/processing_system7_0/inst/FCLK_CLK_unbuffered[0]
    BUFGCTRL_X0Y16       BUFG (Prop_bufg_I_O)         0.026     0.830 r  u_week11_wrapper/week11_i/processing_system7_0/inst/buffer_fclk_clk_0.FCLK_CLK_0_BUFG/O
                         net (fo=900, routed)         0.566     1.396    u_APB_7Seg/clk_100m
    SLICE_X11Y38         FDRE                                         r  u_APB_7Seg/digit_sel_reg[1]/C
  -------------------------------------------------------------------    -------------------
    SLICE_X11Y38         FDRE (Prop_fdre_C_Q)         0.141     1.537 r  u_APB_7Seg/digit_sel_reg[1]/Q
                         net (fo=31, routed)          0.150     1.687    u_APB_7Seg/digit_sel[1]
    SLICE_X10Y38         LUT6 (Prop_lut6_I0_O)        0.045     1.732 r  u_APB_7Seg/seg_o_OBUF[1]_inst_i_5/O
                         net (fo=1, routed)           0.219     1.951    u_APB_7Seg/seg_o_OBUF[1]_inst_i_5_n_0
    SLICE_X11Y38         LUT5 (Prop_lut5_I4_O)        0.045     1.996 r  u_APB_7Seg/seg_o_OBUF[1]_inst_i_1/O
                         net (fo=1, routed)           1.315     3.310    seg_o_OBUF[1]
    H15                  OBUF (Prop_obuf_I_O)         1.217     4.527 r  seg_o_OBUF[1]_inst/O
                         net (fo=0)                   0.000     4.527    seg_o[1]
    H15                                                               r  seg_o[1] (OUT)
  -------------------------------------------------------------------    -------------------

Slack:                    inf
  Source:                 u_APB_7Seg/digit_sel_reg[1]/C
                            (rising edge-triggered cell FDRE clocked by clk_fpga_0  {rise@0.000ns fall@5.000ns period=10.000ns})
  Destination:            seg_o[7]
                            (output port)
  Path Group:             (none)
  Path Type:              Min at Fast Process Corner
  Data Path Delay:        3.132ns  (logic 1.430ns (45.671%)  route 1.702ns (54.329%))
  Logic Levels:           2  (LUT3=1 OBUF=1)
  Clock Uncertainty:      0.152ns  ((TSJ^2 + TIJ^2)^1/2 + DJ) / 2 + PE
    Total System Jitter     (TSJ):    0.050ns
    Total Input Jitter      (TIJ):    0.300ns
    Discrete Jitter          (DJ):    0.000ns
    Phase Error              (PE):    0.000ns

    Location             Delay type                Incr(ns)  Path(ns)    Netlist Resource(s)
  -------------------------------------------------------------------    -------------------
                         (clock clk_fpga_0 rise edge)
                                                      0.000     0.000 r  
    PS7_X0Y0             PS7                          0.000     0.000 r  u_week11_wrapper/week11_i/processing_system7_0/inst/PS7_i/FCLKCLK[0]
                         net (fo=1, routed)           0.804     0.804    u_week11_wrapper/week11_i/processing_system7_0/inst/FCLK_CLK_unbuffered[0]
    BUFGCTRL_X0Y16       BUFG (Prop_bufg_I_O)         0.026     0.830 r  u_week11_wrapper/week11_i/processing_system7_0/inst/buffer_fclk_clk_0.FCLK_CLK_0_BUFG/O
                         net (fo=900, routed)         0.566     1.396    u_APB_7Seg/clk_100m
    SLICE_X11Y38         FDRE                                         r  u_APB_7Seg/digit_sel_reg[1]/C
  -------------------------------------------------------------------    -------------------
    SLICE_X11Y38         FDRE (Prop_fdre_C_Q)         0.141     1.537 f  u_APB_7Seg/digit_sel_reg[1]/Q
                         net (fo=31, routed)          0.215     1.752    u_APB_7Seg/digit_sel[1]
    SLICE_X11Y38         LUT3 (Prop_lut3_I2_O)        0.045     1.797 r  u_APB_7Seg/seg_o_OBUF[7]_inst_i_1/O
                         net (fo=2, routed)           1.487     3.283    an_o_OBUF[2]
    K18                  OBUF (Prop_obuf_I_O)         1.244     4.528 r  seg_o_OBUF[7]_inst/O
                         net (fo=0)                   0.000     4.528    seg_o[7]
    K18                                                               r  seg_o[7] (OUT)
  -------------------------------------------------------------------    -------------------

Slack:                    inf
  Source:                 u_APB_7Seg/bcd_data_reg[2]/C
                            (rising edge-triggered cell FDRE clocked by clk_fpga_0  {rise@0.000ns fall@5.000ns period=10.000ns})
  Destination:            seg_o[2]
                            (output port)
  Path Group:             (none)
  Path Type:              Min at Fast Process Corner
  Data Path Delay:        3.170ns  (logic 1.465ns (46.224%)  route 1.705ns (53.776%))
  Logic Levels:           3  (LUT5=1 LUT6=1 OBUF=1)
  Clock Uncertainty:      0.152ns  ((TSJ^2 + TIJ^2)^1/2 + DJ) / 2 + PE
    Total System Jitter     (TSJ):    0.050ns
    Total Input Jitter      (TIJ):    0.300ns
    Discrete Jitter          (DJ):    0.000ns
    Phase Error              (PE):    0.000ns

    Location             Delay type                Incr(ns)  Path(ns)    Netlist Resource(s)
  -------------------------------------------------------------------    -------------------
                         (clock clk_fpga_0 rise edge)
                                                      0.000     0.000 r  
    PS7_X0Y0             PS7                          0.000     0.000 r  u_week11_wrapper/week11_i/processing_system7_0/inst/PS7_i/FCLKCLK[0]
                         net (fo=1, routed)           0.804     0.804    u_week11_wrapper/week11_i/processing_system7_0/inst/FCLK_CLK_unbuffered[0]
    BUFGCTRL_X0Y16       BUFG (Prop_bufg_I_O)         0.026     0.830 r  u_week11_wrapper/week11_i/processing_system7_0/inst/buffer_fclk_clk_0.FCLK_CLK_0_BUFG/O
                         net (fo=900, routed)         0.565     1.395    u_APB_7Seg/clk_100m
    SLICE_X7Y37          FDRE                                         r  u_APB_7Seg/bcd_data_reg[2]/C
  -------------------------------------------------------------------    -------------------
    SLICE_X7Y37          FDRE (Prop_fdre_C_Q)         0.141     1.536 r  u_APB_7Seg/bcd_data_reg[2]/Q
                         net (fo=8, routed)           0.142     1.678    u_APB_7Seg/Q[2]
    SLICE_X9Y38          LUT6 (Prop_lut6_I4_O)        0.045     1.723 r  u_APB_7Seg/seg_o_OBUF[2]_inst_i_4/O
                         net (fo=1, routed)           0.108     1.831    u_APB_7Seg/seg_o_OBUF[2]_inst_i_4_n_0
    SLICE_X9Y39          LUT5 (Prop_lut5_I3_O)        0.045     1.876 r  u_APB_7Seg/seg_o_OBUF[2]_inst_i_1/O
                         net (fo=1, routed)           1.455     3.331    seg_o_OBUF[2]
    J18                  OBUF (Prop_obuf_I_O)         1.234     4.565 r  seg_o_OBUF[2]_inst/O
                         net (fo=0)                   0.000     4.565    seg_o[2]
    J18                                                               r  seg_o[2] (OUT)
  -------------------------------------------------------------------    -------------------





--------------------------------------------------------------------------------------
Path Group:  (none)
From Clock:  
  To Clock:  clk_fpga_0

Max Delay           276 Endpoints
Min Delay           276 Endpoints
--------------------------------------------------------------------------------------


Max Delay Paths
--------------------------------------------------------------------------------------
Slack:                    inf
  Source:                 btn_n_i[2]
                            (input port)
  Destination:            u_APB_Button/btn_sync0_reg[2]/D
                            (rising edge-triggered cell FDSE clocked by clk_fpga_0  {rise@0.000ns fall@5.000ns period=10.000ns})
  Path Group:             (none)
  Path Type:              Setup (Max at Slow Process Corner)
  Data Path Delay:        4.151ns  (logic 1.451ns (34.947%)  route 2.701ns (65.053%))
  Logic Levels:           1  (IBUF=1)
  Clock Path Skew:        3.257ns (DCD - SCD + CPR)
    Destination Clock Delay (DCD):    3.257ns
    Source Clock Delay      (SCD):    0.000ns
    Clock Pessimism Removal (CPR):    0.000ns
  Clock Uncertainty:      0.152ns  ((TSJ^2 + TIJ^2)^1/2 + DJ) / 2 + PE
    Total System Jitter     (TSJ):    0.050ns
    Total Input Jitter      (TIJ):    0.300ns
    Discrete Jitter          (DJ):    0.000ns
    Phase Error              (PE):    0.000ns

    Location             Delay type                Incr(ns)  Path(ns)    Netlist Resource(s)
  -------------------------------------------------------------------    -------------------
    P15                                               0.000     0.000 r  btn_n_i[2] (IN)
                         net (fo=0)                   0.000     0.000    btn_n_i[2]
    P15                  IBUF (Prop_ibuf_I_O)         1.451     1.451 r  btn_n_i_IBUF[2]_inst/O
                         net (fo=1, routed)           2.701     4.151    u_APB_Button/D[2]
    SLICE_X20Y38         FDSE                                         r  u_APB_Button/btn_sync0_reg[2]/D
  -------------------------------------------------------------------    -------------------

                         (clock clk_fpga_0 rise edge)
                                                      0.000     0.000 r  
    PS7_X0Y0             PS7                          0.000     0.000 r  u_week11_wrapper/week11_i/processing_system7_0/inst/PS7_i/FCLKCLK[0]
                         net (fo=1, routed)           1.666     1.666    u_week11_wrapper/week11_i/processing_system7_0/inst/FCLK_CLK_unbuffered[0]
    BUFGCTRL_X0Y16       BUFG (Prop_bufg_I_O)         0.091     1.757 r  u_week11_wrapper/week11_i/processing_system7_0/inst/buffer_fclk_clk_0.FCLK_CLK_0_BUFG/O
                         net (fo=900, routed)         1.499     3.257    u_APB_Button/clk_100m
    SLICE_X20Y38         FDSE                                         r  u_APB_Button/btn_sync0_reg[2]/C

Slack:                    inf
  Source:                 btn_n_i[0]
                            (input port)
  Destination:            u_APB_Button/btn_sync0_reg[0]/D
                            (rising edge-triggered cell FDSE clocked by clk_fpga_0  {rise@0.000ns fall@5.000ns period=10.000ns})
  Path Group:             (none)
  Path Type:              Setup (Max at Slow Process Corner)
  Data Path Delay:        3.552ns  (logic 1.583ns (44.556%)  route 1.970ns (55.444%))
  Logic Levels:           1  (IBUF=1)
  Clock Path Skew:        3.258ns (DCD - SCD + CPR)
    Destination Clock Delay (DCD):    3.258ns
    Source Clock Delay      (SCD):    0.000ns
    Clock Pessimism Removal (CPR):    0.000ns
  Clock Uncertainty:      0.152ns  ((TSJ^2 + TIJ^2)^1/2 + DJ) / 2 + PE
    Total System Jitter     (TSJ):    0.050ns
    Total Input Jitter      (TIJ):    0.300ns
    Discrete Jitter          (DJ):    0.000ns
    Phase Error              (PE):    0.000ns

    Location             Delay type                Incr(ns)  Path(ns)    Netlist Resource(s)
  -------------------------------------------------------------------    -------------------
    W14                                               0.000     0.000 r  btn_n_i[0] (IN)
                         net (fo=0)                   0.000     0.000    btn_n_i[0]
    W14                  IBUF (Prop_ibuf_I_O)         1.583     1.583 r  btn_n_i_IBUF[0]_inst/O
                         net (fo=1, routed)           1.970     3.552    u_APB_Button/D[0]
    SLICE_X21Y40         FDSE                                         r  u_APB_Button/btn_sync0_reg[0]/D
  -------------------------------------------------------------------    -------------------

                         (clock clk_fpga_0 rise edge)
                                                      0.000     0.000 r  
    PS7_X0Y0             PS7                          0.000     0.000 r  u_week11_wrapper/week11_i/processing_system7_0/inst/PS7_i/FCLKCLK[0]
                         net (fo=1, routed)           1.666     1.666    u_week11_wrapper/week11_i/processing_system7_0/inst/FCLK_CLK_unbuffered[0]
    BUFGCTRL_X0Y16       BUFG (Prop_bufg_I_O)         0.091     1.757 r  u_week11_wrapper/week11_i/processing_system7_0/inst/buffer_fclk_clk_0.FCLK_CLK_0_BUFG/O
                         net (fo=900, routed)         1.500     3.258    u_APB_Button/clk_100m
    SLICE_X21Y40         FDSE                                         r  u_APB_Button/btn_sync0_reg[0]/C

Slack:                    inf
  Source:                 u_week11_wrapper/week11_i/processing_system7_0/inst/PS7_i/FCLKRESETN[0]
                            (internal pin)
  Destination:            u_APB_Button/btn_debounced_reg[0]/S
                            (rising edge-triggered cell FDSE clocked by clk_fpga_0  {rise@0.000ns fall@5.000ns period=10.000ns})
  Path Group:             (none)
  Path Type:              Setup (Max at Slow Process Corner)
  Data Path Delay:        3.543ns  (logic 0.150ns (4.234%)  route 3.393ns (95.766%))
  Logic Levels:           1  (LUT1=1)
  Clock Uncertainty:      0.152ns  ((TSJ^2 + TIJ^2)^1/2 + DJ) / 2 + PE
    Total System Jitter     (TSJ):    0.050ns
    Total Input Jitter      (TIJ):    0.300ns
    Discrete Jitter          (DJ):    0.000ns
    Phase Error              (PE):    0.000ns

    Location             Delay type                Incr(ns)  Path(ns)    Netlist Resource(s)
  -------------------------------------------------------------------    -------------------
    PS7_X0Y0             PS7                          0.000     0.000 f  u_week11_wrapper/week11_i/processing_system7_0/inst/PS7_i/FCLKRESETN[0]
                         net (fo=8, routed)           1.378     1.378    u_week11_wrapper/rst_n
    SLICE_X8Y37          LUT1 (Prop_lut1_I0_O)        0.150     1.528 r  u_week11_wrapper/btn_sync0[3]_i_1/O
                         net (fo=48, routed)          2.015     3.543    u_APB_Button/SR[0]
    SLICE_X21Y40         FDSE                                         r  u_APB_Button/btn_debounced_reg[0]/S
  -------------------------------------------------------------------    -------------------

                         (clock clk_fpga_0 rise edge)
                                                      0.000     0.000 r  
    PS7_X0Y0             PS7                          0.000     0.000 r  u_week11_wrapper/week11_i/processing_system7_0/inst/PS7_i/FCLKCLK[0]
                         net (fo=1, routed)           1.666     1.666    u_week11_wrapper/week11_i/processing_system7_0/inst/FCLK_CLK_unbuffered[0]
    BUFGCTRL_X0Y16       BUFG (Prop_bufg_I_O)         0.091     1.757 r  u_week11_wrapper/week11_i/processing_system7_0/inst/buffer_fclk_clk_0.FCLK_CLK_0_BUFG/O
                         net (fo=900, routed)         1.500     3.258    u_APB_Button/clk_100m
    SLICE_X21Y40         FDSE                                         r  u_APB_Button/btn_debounced_reg[0]/C

Slack:                    inf
  Source:                 u_week11_wrapper/week11_i/processing_system7_0/inst/PS7_i/FCLKRESETN[0]
                            (internal pin)
  Destination:            u_APB_Button/btn_sync0_reg[0]/S
                            (rising edge-triggered cell FDSE clocked by clk_fpga_0  {rise@0.000ns fall@5.000ns period=10.000ns})
  Path Group:             (none)
  Path Type:              Setup (Max at Slow Process Corner)
  Data Path Delay:        3.543ns  (logic 0.150ns (4.234%)  route 3.393ns (95.766%))
  Logic Levels:           1  (LUT1=1)
  Clock Uncertainty:      0.152ns  ((TSJ^2 + TIJ^2)^1/2 + DJ) / 2 + PE
    Total System Jitter     (TSJ):    0.050ns
    Total Input Jitter      (TIJ):    0.300ns
    Discrete Jitter          (DJ):    0.000ns
    Phase Error              (PE):    0.000ns

    Location             Delay type                Incr(ns)  Path(ns)    Netlist Resource(s)
  -------------------------------------------------------------------    -------------------
    PS7_X0Y0             PS7                          0.000     0.000 f  u_week11_wrapper/week11_i/processing_system7_0/inst/PS7_i/FCLKRESETN[0]
                         net (fo=8, routed)           1.378     1.378    u_week11_wrapper/rst_n
    SLICE_X8Y37          LUT1 (Prop_lut1_I0_O)        0.150     1.528 r  u_week11_wrapper/btn_sync0[3]_i_1/O
                         net (fo=48, routed)          2.015     3.543    u_APB_Button/SR[0]
    SLICE_X21Y40         FDSE                                         r  u_APB_Button/btn_sync0_reg[0]/S
  -------------------------------------------------------------------    -------------------

                         (clock clk_fpga_0 rise edge)
                                                      0.000     0.000 r  
    PS7_X0Y0             PS7                          0.000     0.000 r  u_week11_wrapper/week11_i/processing_system7_0/inst/PS7_i/FCLKCLK[0]
                         net (fo=1, routed)           1.666     1.666    u_week11_wrapper/week11_i/processing_system7_0/inst/FCLK_CLK_unbuffered[0]
    BUFGCTRL_X0Y16       BUFG (Prop_bufg_I_O)         0.091     1.757 r  u_week11_wrapper/week11_i/processing_system7_0/inst/buffer_fclk_clk_0.FCLK_CLK_0_BUFG/O
                         net (fo=900, routed)         1.500     3.258    u_APB_Button/clk_100m
    SLICE_X21Y40         FDSE                                         r  u_APB_Button/btn_sync0_reg[0]/C

Slack:                    inf
  Source:                 u_week11_wrapper/week11_i/processing_system7_0/inst/PS7_i/FCLKRESETN[0]
                            (internal pin)
  Destination:            u_APB_Button/btn_sync0_reg[3]/S
                            (rising edge-triggered cell FDSE clocked by clk_fpga_0  {rise@0.000ns fall@5.000ns period=10.000ns})
  Path Group:             (none)
  Path Type:              Setup (Max at Slow Process Corner)
  Data Path Delay:        3.543ns  (logic 0.150ns (4.234%)  route 3.393ns (95.766%))
  Logic Levels:           1  (LUT1=1)
  Clock Uncertainty:      0.152ns  ((TSJ^2 + TIJ^2)^1/2 + DJ) / 2 + PE
    Total System Jitter     (TSJ):    0.050ns
    Total Input Jitter      (TIJ):    0.300ns
    Discrete Jitter          (DJ):    0.000ns
    Phase Error              (PE):    0.000ns

    Location             Delay type                Incr(ns)  Path(ns)    Netlist Resource(s)
  -------------------------------------------------------------------    -------------------
    PS7_X0Y0             PS7                          0.000     0.000 f  u_week11_wrapper/week11_i/processing_system7_0/inst/PS7_i/FCLKRESETN[0]
                         net (fo=8, routed)           1.378     1.378    u_week11_wrapper/rst_n
    SLICE_X8Y37          LUT1 (Prop_lut1_I0_O)        0.150     1.528 r  u_week11_wrapper/btn_sync0[3]_i_1/O
                         net (fo=48, routed)          2.015     3.543    u_APB_Button/SR[0]
    SLICE_X21Y40         FDSE                                         r  u_APB_Button/btn_sync0_reg[3]/S
  -------------------------------------------------------------------    -------------------

                         (clock clk_fpga_0 rise edge)
                                                      0.000     0.000 r  
    PS7_X0Y0             PS7                          0.000     0.000 r  u_week11_wrapper/week11_i/processing_system7_0/inst/PS7_i/FCLKCLK[0]
                         net (fo=1, routed)           1.666     1.666    u_week11_wrapper/week11_i/processing_system7_0/inst/FCLK_CLK_unbuffered[0]
    BUFGCTRL_X0Y16       BUFG (Prop_bufg_I_O)         0.091     1.757 r  u_week11_wrapper/week11_i/processing_system7_0/inst/buffer_fclk_clk_0.FCLK_CLK_0_BUFG/O
                         net (fo=900, routed)         1.500     3.258    u_APB_Button/clk_100m
    SLICE_X21Y40         FDSE                                         r  u_APB_Button/btn_sync0_reg[3]/C

Slack:                    inf
  Source:                 u_week11_wrapper/week11_i/processing_system7_0/inst/PS7_i/FCLKRESETN[0]
                            (internal pin)
  Destination:            u_APB_Button/btn_sync1_reg[0]/S
                            (rising edge-triggered cell FDSE clocked by clk_fpga_0  {rise@0.000ns fall@5.000ns period=10.000ns})
  Path Group:             (none)
  Path Type:              Setup (Max at Slow Process Corner)
  Data Path Delay:        3.543ns  (logic 0.150ns (4.234%)  route 3.393ns (95.766%))
  Logic Levels:           1  (LUT1=1)
  Clock Uncertainty:      0.152ns  ((TSJ^2 + TIJ^2)^1/2 + DJ) / 2 + PE
    Total System Jitter     (TSJ):    0.050ns
    Total Input Jitter      (TIJ):    0.300ns
    Discrete Jitter          (DJ):    0.000ns
    Phase Error              (PE):    0.000ns

    Location             Delay type                Incr(ns)  Path(ns)    Netlist Resource(s)
  -------------------------------------------------------------------    -------------------
    PS7_X0Y0             PS7                          0.000     0.000 f  u_week11_wrapper/week11_i/processing_system7_0/inst/PS7_i/FCLKRESETN[0]
                         net (fo=8, routed)           1.378     1.378    u_week11_wrapper/rst_n
    SLICE_X8Y37          LUT1 (Prop_lut1_I0_O)        0.150     1.528 r  u_week11_wrapper/btn_sync0[3]_i_1/O
                         net (fo=48, routed)          2.015     3.543    u_APB_Button/SR[0]
    SLICE_X21Y40         FDSE                                         r  u_APB_Button/btn_sync1_reg[0]/S
  -------------------------------------------------------------------    -------------------

                         (clock clk_fpga_0 rise edge)
                                                      0.000     0.000 r  
    PS7_X0Y0             PS7                          0.000     0.000 r  u_week11_wrapper/week11_i/processing_system7_0/inst/PS7_i/FCLKCLK[0]
                         net (fo=1, routed)           1.666     1.666    u_week11_wrapper/week11_i/processing_system7_0/inst/FCLK_CLK_unbuffered[0]
    BUFGCTRL_X0Y16       BUFG (Prop_bufg_I_O)         0.091     1.757 r  u_week11_wrapper/week11_i/processing_system7_0/inst/buffer_fclk_clk_0.FCLK_CLK_0_BUFG/O
                         net (fo=900, routed)         1.500     3.258    u_APB_Button/clk_100m
    SLICE_X21Y40         FDSE                                         r  u_APB_Button/btn_sync1_reg[0]/C

Slack:                    inf
  Source:                 btn_n_i[3]
                            (input port)
  Destination:            u_APB_Button/btn_sync0_reg[3]/D
                            (rising edge-triggered cell FDSE clocked by clk_fpga_0  {rise@0.000ns fall@5.000ns period=10.000ns})
  Path Group:             (none)
  Path Type:              Setup (Max at Slow Process Corner)
  Data Path Delay:        3.529ns  (logic 1.476ns (41.839%)  route 2.052ns (58.161%))
  Logic Levels:           1  (IBUF=1)
  Clock Path Skew:        3.258ns (DCD - SCD + CPR)
    Destination Clock Delay (DCD):    3.258ns
    Source Clock Delay      (SCD):    0.000ns
    Clock Pessimism Removal (CPR):    0.000ns
  Clock Uncertainty:      0.152ns  ((TSJ^2 + TIJ^2)^1/2 + DJ) / 2 + PE
    Total System Jitter     (TSJ):    0.050ns
    Total Input Jitter      (TIJ):    0.300ns
    Discrete Jitter          (DJ):    0.000ns
    Phase Error              (PE):    0.000ns

    Location             Delay type                Incr(ns)  Path(ns)    Netlist Resource(s)
  -------------------------------------------------------------------    -------------------
    M14                                               0.000     0.000 r  btn_n_i[3] (IN)
                         net (fo=0)                   0.000     0.000    btn_n_i[3]
    M14                  IBUF (Prop_ibuf_I_O)         1.476     1.476 r  btn_n_i_IBUF[3]_inst/O
                         net (fo=1, routed)           2.052     3.529    u_APB_Button/D[3]
    SLICE_X21Y40         FDSE                                         r  u_APB_Button/btn_sync0_reg[3]/D
  -------------------------------------------------------------------    -------------------

                         (clock clk_fpga_0 rise edge)
                                                      0.000     0.000 r  
    PS7_X0Y0             PS7                          0.000     0.000 r  u_week11_wrapper/week11_i/processing_system7_0/inst/PS7_i/FCLKCLK[0]
                         net (fo=1, routed)           1.666     1.666    u_week11_wrapper/week11_i/processing_system7_0/inst/FCLK_CLK_unbuffered[0]
    BUFGCTRL_X0Y16       BUFG (Prop_bufg_I_O)         0.091     1.757 r  u_week11_wrapper/week11_i/processing_system7_0/inst/buffer_fclk_clk_0.FCLK_CLK_0_BUFG/O
                         net (fo=900, routed)         1.500     3.258    u_APB_Button/clk_100m
    SLICE_X21Y40         FDSE                                         r  u_APB_Button/btn_sync0_reg[3]/C

Slack:                    inf
  Source:                 u_week11_wrapper/week11_i/processing_system7_0/inst/PS7_i/FCLKRESETN[0]
                            (internal pin)
  Destination:            u_APB_Timer/clk_counter_reg[24]/R
                            (rising edge-triggered cell FDRE clocked by clk_fpga_0  {rise@0.000ns fall@5.000ns period=10.000ns})
  Path Group:             (none)
  Path Type:              Setup (Max at Slow Process Corner)
  Data Path Delay:        3.522ns  (logic 0.248ns (7.041%)  route 3.274ns (92.959%))
  Logic Levels:           2  (LUT4=1 LUT6=1)
  Clock Uncertainty:      0.152ns  ((TSJ^2 + TIJ^2)^1/2 + DJ) / 2 + PE
    Total System Jitter     (TSJ):    0.050ns
    Total Input Jitter      (TIJ):    0.300ns
    Discrete Jitter          (DJ):    0.000ns
    Phase Error              (PE):    0.000ns

    Location             Delay type                Incr(ns)  Path(ns)    Netlist Resource(s)
  -------------------------------------------------------------------    -------------------
    PS7_X0Y0             PS7                          0.000     0.000 f  u_week11_wrapper/week11_i/processing_system7_0/inst/PS7_i/FCLKRESETN[0]
                         net (fo=8, routed)           1.378     1.378    u_week11_wrapper/rst_n
    SLICE_X8Y37          LUT4 (Prop_lut4_I3_O)        0.124     1.502 r  u_week11_wrapper/timer_val_reg[0]_i_1/O
                         net (fo=33, routed)          0.984     2.486    u_APB_Timer/timer_val_reg_reg[31]_0
    SLICE_X9Y48          LUT6 (Prop_lut6_I5_O)        0.124     2.610 r  u_APB_Timer/clk_counter[0]_i_1/O
                         net (fo=32, routed)          0.912     3.522    u_APB_Timer/clk_counter[0]_i_1_n_0
    SLICE_X8Y52          FDRE                                         r  u_APB_Timer/clk_counter_reg[24]/R
  -------------------------------------------------------------------    -------------------

                         (clock clk_fpga_0 rise edge)
                                                      0.000     0.000 r  
    PS7_X0Y0             PS7                          0.000     0.000 r  u_week11_wrapper/week11_i/processing_system7_0/inst/PS7_i/FCLKCLK[0]
                         net (fo=1, routed)           1.666     1.666    u_week11_wrapper/week11_i/processing_system7_0/inst/FCLK_CLK_unbuffered[0]
    BUFGCTRL_X0Y16       BUFG (Prop_bufg_I_O)         0.091     1.757 r  u_week11_wrapper/week11_i/processing_system7_0/inst/buffer_fclk_clk_0.FCLK_CLK_0_BUFG/O
                         net (fo=900, routed)         1.495     3.252    u_APB_Timer/clk_100m
    SLICE_X8Y52          FDRE                                         r  u_APB_Timer/clk_counter_reg[24]/C

Slack:                    inf
  Source:                 u_week11_wrapper/week11_i/processing_system7_0/inst/PS7_i/FCLKRESETN[0]
                            (internal pin)
  Destination:            u_APB_Timer/clk_counter_reg[25]/R
                            (rising edge-triggered cell FDRE clocked by clk_fpga_0  {rise@0.000ns fall@5.000ns period=10.000ns})
  Path Group:             (none)
  Path Type:              Setup (Max at Slow Process Corner)
  Data Path Delay:        3.522ns  (logic 0.248ns (7.041%)  route 3.274ns (92.959%))
  Logic Levels:           2  (LUT4=1 LUT6=1)
  Clock Uncertainty:      0.152ns  ((TSJ^2 + TIJ^2)^1/2 + DJ) / 2 + PE
    Total System Jitter     (TSJ):    0.050ns
    Total Input Jitter      (TIJ):    0.300ns
    Discrete Jitter          (DJ):    0.000ns
    Phase Error              (PE):    0.000ns

    Location             Delay type                Incr(ns)  Path(ns)    Netlist Resource(s)
  -------------------------------------------------------------------    -------------------
    PS7_X0Y0             PS7                          0.000     0.000 f  u_week11_wrapper/week11_i/processing_system7_0/inst/PS7_i/FCLKRESETN[0]
                         net (fo=8, routed)           1.378     1.378    u_week11_wrapper/rst_n
    SLICE_X8Y37          LUT4 (Prop_lut4_I3_O)        0.124     1.502 r  u_week11_wrapper/timer_val_reg[0]_i_1/O
                         net (fo=33, routed)          0.984     2.486    u_APB_Timer/timer_val_reg_reg[31]_0
    SLICE_X9Y48          LUT6 (Prop_lut6_I5_O)        0.124     2.610 r  u_APB_Timer/clk_counter[0]_i_1/O
                         net (fo=32, routed)          0.912     3.522    u_APB_Timer/clk_counter[0]_i_1_n_0
    SLICE_X8Y52          FDRE                                         r  u_APB_Timer/clk_counter_reg[25]/R
  -------------------------------------------------------------------    -------------------

                         (clock clk_fpga_0 rise edge)
                                                      0.000     0.000 r  
    PS7_X0Y0             PS7                          0.000     0.000 r  u_week11_wrapper/week11_i/processing_system7_0/inst/PS7_i/FCLKCLK[0]
                         net (fo=1, routed)           1.666     1.666    u_week11_wrapper/week11_i/processing_system7_0/inst/FCLK_CLK_unbuffered[0]
    BUFGCTRL_X0Y16       BUFG (Prop_bufg_I_O)         0.091     1.757 r  u_week11_wrapper/week11_i/processing_system7_0/inst/buffer_fclk_clk_0.FCLK_CLK_0_BUFG/O
                         net (fo=900, routed)         1.495     3.252    u_APB_Timer/clk_100m
    SLICE_X8Y52          FDRE                                         r  u_APB_Timer/clk_counter_reg[25]/C

Slack:                    inf
  Source:                 u_week11_wrapper/week11_i/processing_system7_0/inst/PS7_i/FCLKRESETN[0]
                            (internal pin)
  Destination:            u_APB_Timer/clk_counter_reg[26]/R
                            (rising edge-triggered cell FDRE clocked by clk_fpga_0  {rise@0.000ns fall@5.000ns period=10.000ns})
  Path Group:             (none)
  Path Type:              Setup (Max at Slow Process Corner)
  Data Path Delay:        3.522ns  (logic 0.248ns (7.041%)  route 3.274ns (92.959%))
  Logic Levels:           2  (LUT4=1 LUT6=1)
  Clock Uncertainty:      0.152ns  ((TSJ^2 + TIJ^2)^1/2 + DJ) / 2 + PE
    Total System Jitter     (TSJ):    0.050ns
    Total Input Jitter      (TIJ):    0.300ns
    Discrete Jitter          (DJ):    0.000ns
    Phase Error              (PE):    0.000ns

    Location             Delay type                Incr(ns)  Path(ns)    Netlist Resource(s)
  -------------------------------------------------------------------    -------------------
    PS7_X0Y0             PS7                          0.000     0.000 f  u_week11_wrapper/week11_i/processing_system7_0/inst/PS7_i/FCLKRESETN[0]
                         net (fo=8, routed)           1.378     1.378    u_week11_wrapper/rst_n
    SLICE_X8Y37          LUT4 (Prop_lut4_I3_O)        0.124     1.502 r  u_week11_wrapper/timer_val_reg[0]_i_1/O
                         net (fo=33, routed)          0.984     2.486    u_APB_Timer/timer_val_reg_reg[31]_0
    SLICE_X9Y48          LUT6 (Prop_lut6_I5_O)        0.124     2.610 r  u_APB_Timer/clk_counter[0]_i_1/O
                         net (fo=32, routed)          0.912     3.522    u_APB_Timer/clk_counter[0]_i_1_n_0
    SLICE_X8Y52          FDRE                                         r  u_APB_Timer/clk_counter_reg[26]/R
  -------------------------------------------------------------------    -------------------

                         (clock clk_fpga_0 rise edge)
                                                      0.000     0.000 r  
    PS7_X0Y0             PS7                          0.000     0.000 r  u_week11_wrapper/week11_i/processing_system7_0/inst/PS7_i/FCLKCLK[0]
                         net (fo=1, routed)           1.666     1.666    u_week11_wrapper/week11_i/processing_system7_0/inst/FCLK_CLK_unbuffered[0]
    BUFGCTRL_X0Y16       BUFG (Prop_bufg_I_O)         0.091     1.757 r  u_week11_wrapper/week11_i/processing_system7_0/inst/buffer_fclk_clk_0.FCLK_CLK_0_BUFG/O
                         net (fo=900, routed)         1.495     3.252    u_APB_Timer/clk_100m
    SLICE_X8Y52          FDRE                                         r  u_APB_Timer/clk_counter_reg[26]/C





Min Delay Paths
--------------------------------------------------------------------------------------
Slack:                    inf
  Source:                 u_week11_wrapper/week11_i/processing_system7_0/inst/PS7_i/FCLKRESETN[0]
                            (internal pin)
  Destination:            u_APB_Timer/timer_val_reg_reg[0]/R
                            (rising edge-triggered cell FDRE clocked by clk_fpga_0  {rise@0.000ns fall@5.000ns period=10.000ns})
  Path Group:             (none)
  Path Type:              Hold (Min at Fast Process Corner)
  Data Path Delay:        0.760ns  (logic 0.045ns (5.919%)  route 0.715ns (94.081%))
  Logic Levels:           1  (LUT4=1)
  Clock Uncertainty:      0.152ns  ((TSJ^2 + TIJ^2)^1/2 + DJ) / 2 + PE
    Total System Jitter     (TSJ):    0.050ns
    Total Input Jitter      (TIJ):    0.300ns
    Discrete Jitter          (DJ):    0.000ns
    Phase Error              (PE):    0.000ns

    Location             Delay type                Incr(ns)  Path(ns)    Netlist Resource(s)
  -------------------------------------------------------------------    -------------------
    PS7_X0Y0             PS7                          0.000     0.000 f  u_week11_wrapper/week11_i/processing_system7_0/inst/PS7_i/FCLKRESETN[0]
                         net (fo=8, routed)           0.536     0.536    u_week11_wrapper/rst_n
    SLICE_X8Y37          LUT4 (Prop_lut4_I3_O)        0.045     0.581 r  u_week11_wrapper/timer_val_reg[0]_i_1/O
                         net (fo=33, routed)          0.179     0.760    u_APB_Timer/timer_val_reg_reg[31]_0
    SLICE_X8Y38          FDRE                                         r  u_APB_Timer/timer_val_reg_reg[0]/R
  -------------------------------------------------------------------    -------------------

                         (clock clk_fpga_0 rise edge)
                                                      0.000     0.000 r  
    PS7_X0Y0             PS7                          0.000     0.000 r  u_week11_wrapper/week11_i/processing_system7_0/inst/PS7_i/FCLKCLK[0]
                         net (fo=1, routed)           0.919     0.919    u_week11_wrapper/week11_i/processing_system7_0/inst/FCLK_CLK_unbuffered[0]
    BUFGCTRL_X0Y16       BUFG (Prop_bufg_I_O)         0.029     0.948 r  u_week11_wrapper/week11_i/processing_system7_0/inst/buffer_fclk_clk_0.FCLK_CLK_0_BUFG/O
                         net (fo=900, routed)         0.834     1.782    u_APB_Timer/clk_100m
    SLICE_X8Y38          FDRE                                         r  u_APB_Timer/timer_val_reg_reg[0]/C

Slack:                    inf
  Source:                 u_week11_wrapper/week11_i/processing_system7_0/inst/PS7_i/FCLKRESETN[0]
                            (internal pin)
  Destination:            u_APB_Timer/timer_val_reg_reg[1]/R
                            (rising edge-triggered cell FDRE clocked by clk_fpga_0  {rise@0.000ns fall@5.000ns period=10.000ns})
  Path Group:             (none)
  Path Type:              Hold (Min at Fast Process Corner)
  Data Path Delay:        0.760ns  (logic 0.045ns (5.919%)  route 0.715ns (94.081%))
  Logic Levels:           1  (LUT4=1)
  Clock Uncertainty:      0.152ns  ((TSJ^2 + TIJ^2)^1/2 + DJ) / 2 + PE
    Total System Jitter     (TSJ):    0.050ns
    Total Input Jitter      (TIJ):    0.300ns
    Discrete Jitter          (DJ):    0.000ns
    Phase Error              (PE):    0.000ns

    Location             Delay type                Incr(ns)  Path(ns)    Netlist Resource(s)
  -------------------------------------------------------------------    -------------------
    PS7_X0Y0             PS7                          0.000     0.000 f  u_week11_wrapper/week11_i/processing_system7_0/inst/PS7_i/FCLKRESETN[0]
                         net (fo=8, routed)           0.536     0.536    u_week11_wrapper/rst_n
    SLICE_X8Y37          LUT4 (Prop_lut4_I3_O)        0.045     0.581 r  u_week11_wrapper/timer_val_reg[0]_i_1/O
                         net (fo=33, routed)          0.179     0.760    u_APB_Timer/timer_val_reg_reg[31]_0
    SLICE_X8Y38          FDRE                                         r  u_APB_Timer/timer_val_reg_reg[1]/R
  -------------------------------------------------------------------    -------------------

                         (clock clk_fpga_0 rise edge)
                                                      0.000     0.000 r  
    PS7_X0Y0             PS7                          0.000     0.000 r  u_week11_wrapper/week11_i/processing_system7_0/inst/PS7_i/FCLKCLK[0]
                         net (fo=1, routed)           0.919     0.919    u_week11_wrapper/week11_i/processing_system7_0/inst/FCLK_CLK_unbuffered[0]
    BUFGCTRL_X0Y16       BUFG (Prop_bufg_I_O)         0.029     0.948 r  u_week11_wrapper/week11_i/processing_system7_0/inst/buffer_fclk_clk_0.FCLK_CLK_0_BUFG/O
                         net (fo=900, routed)         0.834     1.782    u_APB_Timer/clk_100m
    SLICE_X8Y38          FDRE                                         r  u_APB_Timer/timer_val_reg_reg[1]/C

Slack:                    inf
  Source:                 u_week11_wrapper/week11_i/processing_system7_0/inst/PS7_i/FCLKRESETN[0]
                            (internal pin)
  Destination:            u_APB_Timer/timer_val_reg_reg[2]/R
                            (rising edge-triggered cell FDRE clocked by clk_fpga_0  {rise@0.000ns fall@5.000ns period=10.000ns})
  Path Group:             (none)
  Path Type:              Hold (Min at Fast Process Corner)
  Data Path Delay:        0.760ns  (logic 0.045ns (5.919%)  route 0.715ns (94.081%))
  Logic Levels:           1  (LUT4=1)
  Clock Uncertainty:      0.152ns  ((TSJ^2 + TIJ^2)^1/2 + DJ) / 2 + PE
    Total System Jitter     (TSJ):    0.050ns
    Total Input Jitter      (TIJ):    0.300ns
    Discrete Jitter          (DJ):    0.000ns
    Phase Error              (PE):    0.000ns

    Location             Delay type                Incr(ns)  Path(ns)    Netlist Resource(s)
  -------------------------------------------------------------------    -------------------
    PS7_X0Y0             PS7                          0.000     0.000 f  u_week11_wrapper/week11_i/processing_system7_0/inst/PS7_i/FCLKRESETN[0]
                         net (fo=8, routed)           0.536     0.536    u_week11_wrapper/rst_n
    SLICE_X8Y37          LUT4 (Prop_lut4_I3_O)        0.045     0.581 r  u_week11_wrapper/timer_val_reg[0]_i_1/O
                         net (fo=33, routed)          0.179     0.760    u_APB_Timer/timer_val_reg_reg[31]_0
    SLICE_X8Y38          FDRE                                         r  u_APB_Timer/timer_val_reg_reg[2]/R
  -------------------------------------------------------------------    -------------------

                         (clock clk_fpga_0 rise edge)
                                                      0.000     0.000 r  
    PS7_X0Y0             PS7                          0.000     0.000 r  u_week11_wrapper/week11_i/processing_system7_0/inst/PS7_i/FCLKCLK[0]
                         net (fo=1, routed)           0.919     0.919    u_week11_wrapper/week11_i/processing_system7_0/inst/FCLK_CLK_unbuffered[0]
    BUFGCTRL_X0Y16       BUFG (Prop_bufg_I_O)         0.029     0.948 r  u_week11_wrapper/week11_i/processing_system7_0/inst/buffer_fclk_clk_0.FCLK_CLK_0_BUFG/O
                         net (fo=900, routed)         0.834     1.782    u_APB_Timer/clk_100m
    SLICE_X8Y38          FDRE                                         r  u_APB_Timer/timer_val_reg_reg[2]/C

Slack:                    inf
  Source:                 u_week11_wrapper/week11_i/processing_system7_0/inst/PS7_i/FCLKRESETN[0]
                            (internal pin)
  Destination:            u_APB_Timer/timer_val_reg_reg[3]/R
                            (rising edge-triggered cell FDRE clocked by clk_fpga_0  {rise@0.000ns fall@5.000ns period=10.000ns})
  Path Group:             (none)
  Path Type:              Hold (Min at Fast Process Corner)
  Data Path Delay:        0.760ns  (logic 0.045ns (5.919%)  route 0.715ns (94.081%))
  Logic Levels:           1  (LUT4=1)
  Clock Uncertainty:      0.152ns  ((TSJ^2 + TIJ^2)^1/2 + DJ) / 2 + PE
    Total System Jitter     (TSJ):    0.050ns
    Total Input Jitter      (TIJ):    0.300ns
    Discrete Jitter          (DJ):    0.000ns
    Phase Error              (PE):    0.000ns

    Location             Delay type                Incr(ns)  Path(ns)    Netlist Resource(s)
  -------------------------------------------------------------------    -------------------
    PS7_X0Y0             PS7                          0.000     0.000 f  u_week11_wrapper/week11_i/processing_system7_0/inst/PS7_i/FCLKRESETN[0]
                         net (fo=8, routed)           0.536     0.536    u_week11_wrapper/rst_n
    SLICE_X8Y37          LUT4 (Prop_lut4_I3_O)        0.045     0.581 r  u_week11_wrapper/timer_val_reg[0]_i_1/O
                         net (fo=33, routed)          0.179     0.760    u_APB_Timer/timer_val_reg_reg[31]_0
    SLICE_X8Y38          FDRE                                         r  u_APB_Timer/timer_val_reg_reg[3]/R
  -------------------------------------------------------------------    -------------------

                         (clock clk_fpga_0 rise edge)
                                                      0.000     0.000 r  
    PS7_X0Y0             PS7                          0.000     0.000 r  u_week11_wrapper/week11_i/processing_system7_0/inst/PS7_i/FCLKCLK[0]
                         net (fo=1, routed)           0.919     0.919    u_week11_wrapper/week11_i/processing_system7_0/inst/FCLK_CLK_unbuffered[0]
    BUFGCTRL_X0Y16       BUFG (Prop_bufg_I_O)         0.029     0.948 r  u_week11_wrapper/week11_i/processing_system7_0/inst/buffer_fclk_clk_0.FCLK_CLK_0_BUFG/O
                         net (fo=900, routed)         0.834     1.782    u_APB_Timer/clk_100m
    SLICE_X8Y38          FDRE                                         r  u_APB_Timer/timer_val_reg_reg[3]/C

Slack:                    inf
  Source:                 u_week11_wrapper/week11_i/processing_system7_0/inst/PS7_i/FCLKRESETN[0]
                            (internal pin)
  Destination:            u_APB_LED/led_o_reg[1]/R
                            (rising edge-triggered cell FDRE clocked by clk_fpga_0  {rise@0.000ns fall@5.000ns period=10.000ns})
  Path Group:             (none)
  Path Type:              Hold (Min at Fast Process Corner)
  Data Path Delay:        0.804ns  (logic 0.047ns (5.843%)  route 0.757ns (94.157%))
  Logic Levels:           1  (LUT1=1)
  Clock Uncertainty:      0.152ns  ((TSJ^2 + TIJ^2)^1/2 + DJ) / 2 + PE
    Total System Jitter     (TSJ):    0.050ns
    Total Input Jitter      (TIJ):    0.300ns
    Discrete Jitter          (DJ):    0.000ns
    Phase Error              (PE):    0.000ns

    Location             Delay type                Incr(ns)  Path(ns)    Netlist Resource(s)
  -------------------------------------------------------------------    -------------------
    PS7_X0Y0             PS7                          0.000     0.000 f  u_week11_wrapper/week11_i/processing_system7_0/inst/PS7_i/FCLKRESETN[0]
                         net (fo=8, routed)           0.536     0.536    u_week11_wrapper/rst_n
    SLICE_X8Y37          LUT1 (Prop_lut1_I0_O)        0.047     0.583 r  u_week11_wrapper/btn_sync0[3]_i_1/O
                         net (fo=48, routed)          0.222     0.804    u_APB_LED/SR[0]
    SLICE_X9Y38          FDRE                                         r  u_APB_LED/led_o_reg[1]/R
  -------------------------------------------------------------------    -------------------

                         (clock clk_fpga_0 rise edge)
                                                      0.000     0.000 r  
    PS7_X0Y0             PS7                          0.000     0.000 r  u_week11_wrapper/week11_i/processing_system7_0/inst/PS7_i/FCLKCLK[0]
                         net (fo=1, routed)           0.919     0.919    u_week11_wrapper/week11_i/processing_system7_0/inst/FCLK_CLK_unbuffered[0]
    BUFGCTRL_X0Y16       BUFG (Prop_bufg_I_O)         0.029     0.948 r  u_week11_wrapper/week11_i/processing_system7_0/inst/buffer_fclk_clk_0.FCLK_CLK_0_BUFG/O
                         net (fo=900, routed)         0.834     1.782    u_APB_LED/clk_100m
    SLICE_X9Y38          FDRE                                         r  u_APB_LED/led_o_reg[1]/C

Slack:                    inf
  Source:                 u_week11_wrapper/week11_i/processing_system7_0/inst/PS7_i/FCLKRESETN[0]
                            (internal pin)
  Destination:            u_APB_LED/led_o_reg[2]/R
                            (rising edge-triggered cell FDRE clocked by clk_fpga_0  {rise@0.000ns fall@5.000ns period=10.000ns})
  Path Group:             (none)
  Path Type:              Hold (Min at Fast Process Corner)
  Data Path Delay:        0.804ns  (logic 0.047ns (5.843%)  route 0.757ns (94.157%))
  Logic Levels:           1  (LUT1=1)
  Clock Uncertainty:      0.152ns  ((TSJ^2 + TIJ^2)^1/2 + DJ) / 2 + PE
    Total System Jitter     (TSJ):    0.050ns
    Total Input Jitter      (TIJ):    0.300ns
    Discrete Jitter          (DJ):    0.000ns
    Phase Error              (PE):    0.000ns

    Location             Delay type                Incr(ns)  Path(ns)    Netlist Resource(s)
  -------------------------------------------------------------------    -------------------
    PS7_X0Y0             PS7                          0.000     0.000 f  u_week11_wrapper/week11_i/processing_system7_0/inst/PS7_i/FCLKRESETN[0]
                         net (fo=8, routed)           0.536     0.536    u_week11_wrapper/rst_n
    SLICE_X8Y37          LUT1 (Prop_lut1_I0_O)        0.047     0.583 r  u_week11_wrapper/btn_sync0[3]_i_1/O
                         net (fo=48, routed)          0.222     0.804    u_APB_LED/SR[0]
    SLICE_X9Y38          FDRE                                         r  u_APB_LED/led_o_reg[2]/R
  -------------------------------------------------------------------    -------------------

                         (clock clk_fpga_0 rise edge)
                                                      0.000     0.000 r  
    PS7_X0Y0             PS7                          0.000     0.000 r  u_week11_wrapper/week11_i/processing_system7_0/inst/PS7_i/FCLKCLK[0]
                         net (fo=1, routed)           0.919     0.919    u_week11_wrapper/week11_i/processing_system7_0/inst/FCLK_CLK_unbuffered[0]
    BUFGCTRL_X0Y16       BUFG (Prop_bufg_I_O)         0.029     0.948 r  u_week11_wrapper/week11_i/processing_system7_0/inst/buffer_fclk_clk_0.FCLK_CLK_0_BUFG/O
                         net (fo=900, routed)         0.834     1.782    u_APB_LED/clk_100m
    SLICE_X9Y38          FDRE                                         r  u_APB_LED/led_o_reg[2]/C

Slack:                    inf
  Source:                 u_week11_wrapper/week11_i/processing_system7_0/inst/PS7_i/FCLKRESETN[0]
                            (internal pin)
  Destination:            u_APB_LED/led_o_reg[3]/R
                            (rising edge-triggered cell FDRE clocked by clk_fpga_0  {rise@0.000ns fall@5.000ns period=10.000ns})
  Path Group:             (none)
  Path Type:              Hold (Min at Fast Process Corner)
  Data Path Delay:        0.804ns  (logic 0.047ns (5.843%)  route 0.757ns (94.157%))
  Logic Levels:           1  (LUT1=1)
  Clock Uncertainty:      0.152ns  ((TSJ^2 + TIJ^2)^1/2 + DJ) / 2 + PE
    Total System Jitter     (TSJ):    0.050ns
    Total Input Jitter      (TIJ):    0.300ns
    Discrete Jitter          (DJ):    0.000ns
    Phase Error              (PE):    0.000ns

    Location             Delay type                Incr(ns)  Path(ns)    Netlist Resource(s)
  -------------------------------------------------------------------    -------------------
    PS7_X0Y0             PS7                          0.000     0.000 f  u_week11_wrapper/week11_i/processing_system7_0/inst/PS7_i/FCLKRESETN[0]
                         net (fo=8, routed)           0.536     0.536    u_week11_wrapper/rst_n
    SLICE_X8Y37          LUT1 (Prop_lut1_I0_O)        0.047     0.583 r  u_week11_wrapper/btn_sync0[3]_i_1/O
                         net (fo=48, routed)          0.222     0.804    u_APB_LED/SR[0]
    SLICE_X9Y38          FDRE                                         r  u_APB_LED/led_o_reg[3]/R
  -------------------------------------------------------------------    -------------------

                         (clock clk_fpga_0 rise edge)
                                                      0.000     0.000 r  
    PS7_X0Y0             PS7                          0.000     0.000 r  u_week11_wrapper/week11_i/processing_system7_0/inst/PS7_i/FCLKCLK[0]
                         net (fo=1, routed)           0.919     0.919    u_week11_wrapper/week11_i/processing_system7_0/inst/FCLK_CLK_unbuffered[0]
    BUFGCTRL_X0Y16       BUFG (Prop_bufg_I_O)         0.029     0.948 r  u_week11_wrapper/week11_i/processing_system7_0/inst/buffer_fclk_clk_0.FCLK_CLK_0_BUFG/O
                         net (fo=900, routed)         0.834     1.782    u_APB_LED/clk_100m
    SLICE_X9Y38          FDRE                                         r  u_APB_LED/led_o_reg[3]/C

Slack:                    inf
  Source:                 u_week11_wrapper/week11_i/processing_system7_0/inst/PS7_i/FCLKRESETN[0]
                            (internal pin)
  Destination:            u_APB_Timer/timer_val_reg_reg[4]/R
                            (rising edge-triggered cell FDRE clocked by clk_fpga_0  {rise@0.000ns fall@5.000ns period=10.000ns})
  Path Group:             (none)
  Path Type:              Hold (Min at Fast Process Corner)
  Data Path Delay:        0.816ns  (logic 0.045ns (5.514%)  route 0.771ns (94.486%))
  Logic Levels:           1  (LUT4=1)
  Clock Uncertainty:      0.152ns  ((TSJ^2 + TIJ^2)^1/2 + DJ) / 2 + PE
    Total System Jitter     (TSJ):    0.050ns
    Total Input Jitter      (TIJ):    0.300ns
    Discrete Jitter          (DJ):    0.000ns
    Phase Error              (PE):    0.000ns

    Location             Delay type                Incr(ns)  Path(ns)    Netlist Resource(s)
  -------------------------------------------------------------------    -------------------
    PS7_X0Y0             PS7                          0.000     0.000 f  u_week11_wrapper/week11_i/processing_system7_0/inst/PS7_i/FCLKRESETN[0]
                         net (fo=8, routed)           0.536     0.536    u_week11_wrapper/rst_n
    SLICE_X8Y37          LUT4 (Prop_lut4_I3_O)        0.045     0.581 r  u_week11_wrapper/timer_val_reg[0]_i_1/O
                         net (fo=33, routed)          0.235     0.816    u_APB_Timer/timer_val_reg_reg[31]_0
    SLICE_X8Y39          FDRE                                         r  u_APB_Timer/timer_val_reg_reg[4]/R
  -------------------------------------------------------------------    -------------------

                         (clock clk_fpga_0 rise edge)
                                                      0.000     0.000 r  
    PS7_X0Y0             PS7                          0.000     0.000 r  u_week11_wrapper/week11_i/processing_system7_0/inst/PS7_i/FCLKCLK[0]
                         net (fo=1, routed)           0.919     0.919    u_week11_wrapper/week11_i/processing_system7_0/inst/FCLK_CLK_unbuffered[0]
    BUFGCTRL_X0Y16       BUFG (Prop_bufg_I_O)         0.029     0.948 r  u_week11_wrapper/week11_i/processing_system7_0/inst/buffer_fclk_clk_0.FCLK_CLK_0_BUFG/O
                         net (fo=900, routed)         0.834     1.782    u_APB_Timer/clk_100m
    SLICE_X8Y39          FDRE                                         r  u_APB_Timer/timer_val_reg_reg[4]/C

Slack:                    inf
  Source:                 u_week11_wrapper/week11_i/processing_system7_0/inst/PS7_i/FCLKRESETN[0]
                            (internal pin)
  Destination:            u_APB_Timer/timer_val_reg_reg[5]/R
                            (rising edge-triggered cell FDRE clocked by clk_fpga_0  {rise@0.000ns fall@5.000ns period=10.000ns})
  Path Group:             (none)
  Path Type:              Hold (Min at Fast Process Corner)
  Data Path Delay:        0.816ns  (logic 0.045ns (5.514%)  route 0.771ns (94.486%))
  Logic Levels:           1  (LUT4=1)
  Clock Uncertainty:      0.152ns  ((TSJ^2 + TIJ^2)^1/2 + DJ) / 2 + PE
    Total System Jitter     (TSJ):    0.050ns
    Total Input Jitter      (TIJ):    0.300ns
    Discrete Jitter          (DJ):    0.000ns
    Phase Error              (PE):    0.000ns

    Location             Delay type                Incr(ns)  Path(ns)    Netlist Resource(s)
  -------------------------------------------------------------------    -------------------
    PS7_X0Y0             PS7                          0.000     0.000 f  u_week11_wrapper/week11_i/processing_system7_0/inst/PS7_i/FCLKRESETN[0]
                         net (fo=8, routed)           0.536     0.536    u_week11_wrapper/rst_n
    SLICE_X8Y37          LUT4 (Prop_lut4_I3_O)        0.045     0.581 r  u_week11_wrapper/timer_val_reg[0]_i_1/O
                         net (fo=33, routed)          0.235     0.816    u_APB_Timer/timer_val_reg_reg[31]_0
    SLICE_X8Y39          FDRE                                         r  u_APB_Timer/timer_val_reg_reg[5]/R
  -------------------------------------------------------------------    -------------------

                         (clock clk_fpga_0 rise edge)
                                                      0.000     0.000 r  
    PS7_X0Y0             PS7                          0.000     0.000 r  u_week11_wrapper/week11_i/processing_system7_0/inst/PS7_i/FCLKCLK[0]
                         net (fo=1, routed)           0.919     0.919    u_week11_wrapper/week11_i/processing_system7_0/inst/FCLK_CLK_unbuffered[0]
    BUFGCTRL_X0Y16       BUFG (Prop_bufg_I_O)         0.029     0.948 r  u_week11_wrapper/week11_i/processing_system7_0/inst/buffer_fclk_clk_0.FCLK_CLK_0_BUFG/O
                         net (fo=900, routed)         0.834     1.782    u_APB_Timer/clk_100m
    SLICE_X8Y39          FDRE                                         r  u_APB_Timer/timer_val_reg_reg[5]/C

Slack:                    inf
  Source:                 u_week11_wrapper/week11_i/processing_system7_0/inst/PS7_i/FCLKRESETN[0]
                            (internal pin)
  Destination:            u_APB_Timer/timer_val_reg_reg[6]/R
                            (rising edge-triggered cell FDRE clocked by clk_fpga_0  {rise@0.000ns fall@5.000ns period=10.000ns})
  Path Group:             (none)
  Path Type:              Hold (Min at Fast Process Corner)
  Data Path Delay:        0.816ns  (logic 0.045ns (5.514%)  route 0.771ns (94.486%))
  Logic Levels:           1  (LUT4=1)
  Clock Uncertainty:      0.152ns  ((TSJ^2 + TIJ^2)^1/2 + DJ) / 2 + PE
    Total System Jitter     (TSJ):    0.050ns
    Total Input Jitter      (TIJ):    0.300ns
    Discrete Jitter          (DJ):    0.000ns
    Phase Error              (PE):    0.000ns

    Location             Delay type                Incr(ns)  Path(ns)    Netlist Resource(s)
  -------------------------------------------------------------------    -------------------
    PS7_X0Y0             PS7                          0.000     0.000 f  u_week11_wrapper/week11_i/processing_system7_0/inst/PS7_i/FCLKRESETN[0]
                         net (fo=8, routed)           0.536     0.536    u_week11_wrapper/rst_n
    SLICE_X8Y37          LUT4 (Prop_lut4_I3_O)        0.045     0.581 r  u_week11_wrapper/timer_val_reg[0]_i_1/O
                         net (fo=33, routed)          0.235     0.816    u_APB_Timer/timer_val_reg_reg[31]_0
    SLICE_X8Y39          FDRE                                         r  u_APB_Timer/timer_val_reg_reg[6]/R
  -------------------------------------------------------------------    -------------------

                         (clock clk_fpga_0 rise edge)
                                                      0.000     0.000 r  
    PS7_X0Y0             PS7                          0.000     0.000 r  u_week11_wrapper/week11_i/processing_system7_0/inst/PS7_i/FCLKCLK[0]
                         net (fo=1, routed)           0.919     0.919    u_week11_wrapper/week11_i/processing_system7_0/inst/FCLK_CLK_unbuffered[0]
    BUFGCTRL_X0Y16       BUFG (Prop_bufg_I_O)         0.029     0.948 r  u_week11_wrapper/week11_i/processing_system7_0/inst/buffer_fclk_clk_0.FCLK_CLK_0_BUFG/O
                         net (fo=900, routed)         0.834     1.782    u_APB_Timer/clk_100m
    SLICE_X8Y39          FDRE                                         r  u_APB_Timer/timer_val_reg_reg[6]/C





