Copyright 1986-2022 Xilinx, Inc. All Rights Reserved.
---------------------------------------------------------------------------------------------------------------------------------------------------------------------------------------------------------------------------
| Tool Version : Vivado v.2022.1 (win64) Build 3526262 Mon Apr 18 15:48:16 MDT 2022
| Date         : Fri May 15 16:02:58 2026
| Host         : BOOK-PI4T4K8H7V running 64-bit major release  (build 9200)
| Command      : report_timing_summary -max_paths 10 -report_unconstrained -file system_top_timing_summary_routed.rpt -pb system_top_timing_summary_routed.pb -rpx system_top_timing_summary_routed.rpx -warn_on_violation
| Design       : system_top
| Device       : 7z007s-clg400
| Speed File   : -1  PRODUCTION 1.12 2019-11-22
---------------------------------------------------------------------------------------------------------------------------------------------------------------------------------------------------------------------------

Timing Summary Report

------------------------------------------------------------------------------------------------
| Timer Settings
| --------------
------------------------------------------------------------------------------------------------

  Enable Multi Corner Analysis               :  Yes
  Enable Pessimism Removal                   :  Yes
  Pessimism Removal Resolution               :  Nearest Common Node
  Enable Input Delay Default Clock           :  No
  Enable Preset / Clear Arcs                 :  No
  Disable Flight Delays                      :  No
  Ignore I/O Paths                           :  No
  Timing Early Launch at Borrowing Latches   :  No
  Borrow Time for Max Delay Exceptions       :  Yes
  Merge Timing Exceptions                    :  Yes

  Corner  Analyze    Analyze    
  Name    Max Paths  Min Paths  
  ------  ---------  ---------  
  Slow    Yes        Yes        
  Fast    Yes        Yes        


------------------------------------------------------------------------------------------------
| Report Methodology
| ------------------
------------------------------------------------------------------------------------------------

Rule       Severity  Description                    Violations  
---------  --------  -----------------------------  ----------  
TIMING-18  Warning   Missing input or output delay  16          

Note: This report is based on the most recent report_methodology run and may not be up-to-date. Run report_methodology on the current design for the latest report.



check_timing report

Table of Contents
-----------------
1. checking no_clock (0)
2. checking constant_clock (0)
3. checking pulse_width_clock (0)
4. checking unconstrained_internal_endpoints (0)
5. checking no_input_delay (4)
6. checking no_output_delay (12)
7. checking multiple_clock (0)
8. checking generated_clocks (0)
9. checking loops (0)
10. checking partial_input_delay (0)
11. checking partial_output_delay (0)
12. checking latch_loops (0)

1. checking no_clock (0)
------------------------
 There are 0 register/latch pins with no clock.


2. checking constant_clock (0)
------------------------------
 There are 0 register/latch pins with constant_clock.


3. checking pulse_width_clock (0)
---------------------------------
 There are 0 register/latch pins which need pulse_width check


4. checking unconstrained_internal_endpoints (0)
------------------------------------------------
 There are 0 pins that are not constrained for maximum delay.

 There are 0 pins that are not constrained for maximum delay due to constant clock.


5. checking no_input_delay (4)
------------------------------
 There are 4 input ports with no input delay specified. (HIGH)

 There are 0 input ports with no input delay but user has a false path constraint.


6. checking no_output_delay (12)
--------------------------------
 There are 12 ports with no output delay specified. (HIGH)

 There are 0 ports with no output delay but user has a false path constraint

 There are 0 ports with no output delay but with a timing clock defined on it or propagating through it


7. checking multiple_clock (0)
------------------------------
 There are 0 register/latch pins with multiple clocks.


8. checking generated_clocks (0)
--------------------------------
 There are 0 generated clocks that are not connected to a clock source.


9. checking loops (0)
---------------------
 There are 0 combinational loops in the design.


10. checking partial_input_delay (0)
------------------------------------
 There are 0 input ports with partial input delay specified.


11. checking partial_output_delay (0)
-------------------------------------
 There are 0 ports with partial output delay specified.


12. checking latch_loops (0)
----------------------------
 There are 0 combinational latch loops in the design through latch input



------------------------------------------------------------------------------------------------
| Design Timing Summary
| ---------------------
------------------------------------------------------------------------------------------------

    WNS(ns)      TNS(ns)  TNS Failing Endpoints  TNS Total Endpoints      WHS(ns)      THS(ns)  THS Failing Endpoints  THS Total Endpoints     WPWS(ns)     TPWS(ns)  TPWS Failing Endpoints  TPWS Total Endpoints  
    -------      -------  ---------------------  -------------------      -------      -------  ---------------------  -------------------     --------     --------  ----------------------  --------------------  
      3.497        0.000                      0                 2023        0.029        0.000                      0                 2023        4.020        0.000                       0                   989  


All user specified timing constraints are met.


------------------------------------------------------------------------------------------------
| Clock Summary
| -------------
------------------------------------------------------------------------------------------------

Clock       Waveform(ns)         Period(ns)      Frequency(MHz)
-----       ------------         ----------      --------------
clk_fpga_0  {0.000 5.000}        10.000          100.000         
clk_fpga_1  {0.000 3.438}        6.875           145.455         


------------------------------------------------------------------------------------------------
| Intra Clock Table
| -----------------
------------------------------------------------------------------------------------------------

Clock             WNS(ns)      TNS(ns)  TNS Failing Endpoints  TNS Total Endpoints      WHS(ns)      THS(ns)  THS Failing Endpoints  THS Total Endpoints     WPWS(ns)     TPWS(ns)  TPWS Failing Endpoints  TPWS Total Endpoints  
-----             -------      -------  ---------------------  -------------------      -------      -------  ---------------------  -------------------     --------     --------  ----------------------  --------------------  
clk_fpga_0          3.497        0.000                      0                 1991        0.029        0.000                      0                 1991        4.020        0.000                       0                   989  


------------------------------------------------------------------------------------------------
| Inter Clock Table
| -----------------
------------------------------------------------------------------------------------------------

From Clock    To Clock          WNS(ns)      TNS(ns)  TNS Failing Endpoints  TNS Total Endpoints      WHS(ns)      THS(ns)  THS Failing Endpoints  THS Total Endpoints  
----------    --------          -------      -------  ---------------------  -------------------      -------      -------  ---------------------  -------------------  


------------------------------------------------------------------------------------------------
| Other Path Groups Table
| -----------------------
------------------------------------------------------------------------------------------------

Path Group         From Clock         To Clock               WNS(ns)      TNS(ns)  TNS Failing Endpoints  TNS Total Endpoints      WHS(ns)      THS(ns)  THS Failing Endpoints  THS Total Endpoints  
----------         ----------         --------               -------      -------  ---------------------  -------------------      -------      -------  ---------------------  -------------------  
**async_default**  clk_fpga_0         clk_fpga_0               6.103        0.000                      0                   32        1.075        0.000                      0                   32  


------------------------------------------------------------------------------------------------
| User Ignored Path Table
| -----------------------
------------------------------------------------------------------------------------------------

Path Group    From Clock    To Clock    
----------    ----------    --------    
(none)                      clk_fpga_0    


------------------------------------------------------------------------------------------------
| Unconstrained Path Table
| ------------------------
------------------------------------------------------------------------------------------------

Path Group    From Clock    To Clock    
----------    ----------    --------    
(none)        clk_fpga_0                  


------------------------------------------------------------------------------------------------
| Timing Details
| --------------
------------------------------------------------------------------------------------------------


---------------------------------------------------------------------------------------------------
From Clock:  clk_fpga_0
  To Clock:  clk_fpga_0

Setup :            0  Failing Endpoints,  Worst Slack        3.497ns,  Total Violation        0.000ns
Hold  :            0  Failing Endpoints,  Worst Slack        0.029ns,  Total Violation        0.000ns
PW    :            0  Failing Endpoints,  Worst Slack        4.020ns,  Total Violation        0.000ns
---------------------------------------------------------------------------------------------------


Max Delay Paths
--------------------------------------------------------------------------------------
Slack (MET) :             3.497ns  (required time - arrival time)
  Source:                 u_week10_1_wrapper/week10_1_i/processing_system7_0/inst/PS7_i/MAXIGP0ACLK
                            (rising edge-triggered cell PS7 clocked by clk_fpga_0  {rise@0.000ns fall@5.000ns period=10.000ns})
  Destination:            u_week10_1_wrapper/week10_1_i/axi_apb_bridge_0/U0/APB_MASTER_IF_MODULE/PWDATA_i_reg[10]/CE
                            (rising edge-triggered cell FDRE clocked by clk_fpga_0  {rise@0.000ns fall@5.000ns period=10.000ns})
  Path Group:             clk_fpga_0
  Path Type:              Setup (Max at Slow Process Corner)
  Requirement:            10.000ns  (clk_fpga_0 rise@10.000ns - clk_fpga_0 rise@0.000ns)
  Data Path Delay:        6.000ns  (logic 1.706ns (28.435%)  route 4.294ns (71.565%))
  Logic Levels:           3  (LUT2=1 LUT5=1 LUT6=1)
  Clock Path Skew:        -0.144ns (DCD - SCD + CPR)
    Destination Clock Delay (DCD):    3.267ns = ( 13.267 - 10.000 ) 
    Source Clock Delay      (SCD):    3.807ns
    Clock Pessimism Removal (CPR):    0.397ns
  Clock Uncertainty:      0.154ns  ((TSJ^2 + TIJ^2)^1/2 + DJ) / 2 + PE
    Total System Jitter     (TSJ):    0.071ns
    Total Input Jitter      (TIJ):    0.300ns
    Discrete Jitter          (DJ):    0.000ns
    Phase Error              (PE):    0.000ns

    Location             Delay type                Incr(ns)  Path(ns)    Netlist Resource(s)
  -------------------------------------------------------------------    -------------------
                         (clock clk_fpga_0 rise edge)
                                                      0.000     0.000 r  
    PS7_X0Y0             PS7                          0.000     0.000 r  u_week10_1_wrapper/week10_1_i/processing_system7_0/inst/PS7_i/FCLKCLK[0]
                         net (fo=1, routed)           1.938     1.938    u_week10_1_wrapper/week10_1_i/processing_system7_0/inst/FCLK_CLK_unbuffered[0]
    BUFGCTRL_X0Y16       BUFG (Prop_bufg_I_O)         0.101     2.039 r  u_week10_1_wrapper/week10_1_i/processing_system7_0/inst/buffer_fclk_clk_0.FCLK_CLK_0_BUFG/O
                         net (fo=990, routed)         1.768     3.807    u_week10_1_wrapper/week10_1_i/processing_system7_0/inst/M_AXI_GP0_ACLK
    PS7_X0Y0             PS7                                          r  u_week10_1_wrapper/week10_1_i/processing_system7_0/inst/PS7_i/MAXIGP0ACLK
  -------------------------------------------------------------------    -------------------
    PS7_X0Y0             PS7 (Prop_ps7_MAXIGP0ACLK_MAXIGP0WVALID)
                                                      1.334     5.141 r  u_week10_1_wrapper/week10_1_i/processing_system7_0/inst/PS7_i/MAXIGP0WVALID
                         net (fo=8, routed)           2.208     7.349    u_week10_1_wrapper/week10_1_i/ps7_0_axi_periph/xbar/inst/gen_sasd.crossbar_sasd_0/addr_arbiter_inst/s_axi_wvalid[0]
    SLICE_X14Y45         LUT5 (Prop_lut5_I1_O)        0.124     7.473 r  u_week10_1_wrapper/week10_1_i/ps7_0_axi_periph/xbar/inst/gen_sasd.crossbar_sasd_0/addr_arbiter_inst/m_axi_wvalid[1]_INST_0/O
                         net (fo=5, routed)           0.706     8.179    u_week10_1_wrapper/week10_1_i/axi_apb_bridge_0/U0/AXILITE_SLAVE_IF_MODULE/s_axi_wvalid
    SLICE_X13Y46         LUT6 (Prop_lut6_I2_O)        0.124     8.303 r  u_week10_1_wrapper/week10_1_i/axi_apb_bridge_0/U0/AXILITE_SLAVE_IF_MODULE/WREADY_i_i_1/O
                         net (fo=35, routed)          0.485     8.788    u_week10_1_wrapper/week10_1_i/axi_apb_bridge_0/U0/APB_MASTER_IF_MODULE/apb_wr_request
    SLICE_X10Y47         LUT2 (Prop_lut2_I1_O)        0.124     8.912 r  u_week10_1_wrapper/week10_1_i/axi_apb_bridge_0/U0/APB_MASTER_IF_MODULE/PWDATA_i[31]_i_1/O
                         net (fo=32, routed)          0.894     9.807    u_week10_1_wrapper/week10_1_i/axi_apb_bridge_0/U0/APB_MASTER_IF_MODULE/PWDATA_i[31]_i_1_n_0
    SLICE_X7Y44          FDRE                                         r  u_week10_1_wrapper/week10_1_i/axi_apb_bridge_0/U0/APB_MASTER_IF_MODULE/PWDATA_i_reg[10]/CE
  -------------------------------------------------------------------    -------------------

                         (clock clk_fpga_0 rise edge)
                                                     10.000    10.000 r  
    PS7_X0Y0             PS7                          0.000    10.000 r  u_week10_1_wrapper/week10_1_i/processing_system7_0/inst/PS7_i/FCLKCLK[0]
                         net (fo=1, routed)           1.666    11.666    u_week10_1_wrapper/week10_1_i/processing_system7_0/inst/FCLK_CLK_unbuffered[0]
    BUFGCTRL_X0Y16       BUFG (Prop_bufg_I_O)         0.091    11.757 r  u_week10_1_wrapper/week10_1_i/processing_system7_0/inst/buffer_fclk_clk_0.FCLK_CLK_0_BUFG/O
                         net (fo=990, routed)         1.509    13.267    u_week10_1_wrapper/week10_1_i/axi_apb_bridge_0/U0/APB_MASTER_IF_MODULE/s_axi_aclk
    SLICE_X7Y44          FDRE                                         r  u_week10_1_wrapper/week10_1_i/axi_apb_bridge_0/U0/APB_MASTER_IF_MODULE/PWDATA_i_reg[10]/C
                         clock pessimism              0.397    13.663    
                         clock uncertainty           -0.154    13.509    
    SLICE_X7Y44          FDRE (Setup_fdre_C_CE)      -0.205    13.304    u_week10_1_wrapper/week10_1_i/axi_apb_bridge_0/U0/APB_MASTER_IF_MODULE/PWDATA_i_reg[10]
  -------------------------------------------------------------------
                         required time                         13.304    
                         arrival time                          -9.807    
  -------------------------------------------------------------------
                         slack                                  3.497    

Slack (MET) :             3.497ns  (required time - arrival time)
  Source:                 u_week10_1_wrapper/week10_1_i/processing_system7_0/inst/PS7_i/MAXIGP0ACLK
                            (rising edge-triggered cell PS7 clocked by clk_fpga_0  {rise@0.000ns fall@5.000ns period=10.000ns})
  Destination:            u_week10_1_wrapper/week10_1_i/axi_apb_bridge_0/U0/APB_MASTER_IF_MODULE/PWDATA_i_reg[11]/CE
                            (rising edge-triggered cell FDRE clocked by clk_fpga_0  {rise@0.000ns fall@5.000ns period=10.000ns})
  Path Group:             clk_fpga_0
  Path Type:              Setup (Max at Slow Process Corner)
  Requirement:            10.000ns  (clk_fpga_0 rise@10.000ns - clk_fpga_0 rise@0.000ns)
  Data Path Delay:        6.000ns  (logic 1.706ns (28.435%)  route 4.294ns (71.565%))
  Logic Levels:           3  (LUT2=1 LUT5=1 LUT6=1)
  Clock Path Skew:        -0.144ns (DCD - SCD + CPR)
    Destination Clock Delay (DCD):    3.267ns = ( 13.267 - 10.000 ) 
    Source Clock Delay      (SCD):    3.807ns
    Clock Pessimism Removal (CPR):    0.397ns
  Clock Uncertainty:      0.154ns  ((TSJ^2 + TIJ^2)^1/2 + DJ) / 2 + PE
    Total System Jitter     (TSJ):    0.071ns
    Total Input Jitter      (TIJ):    0.300ns
    Discrete Jitter          (DJ):    0.000ns
    Phase Error              (PE):    0.000ns

    Location             Delay type                Incr(ns)  Path(ns)    Netlist Resource(s)
  -------------------------------------------------------------------    -------------------
                         (clock clk_fpga_0 rise edge)
                                                      0.000     0.000 r  
    PS7_X0Y0             PS7                          0.000     0.000 r  u_week10_1_wrapper/week10_1_i/processing_system7_0/inst/PS7_i/FCLKCLK[0]
                         net (fo=1, routed)           1.938     1.938    u_week10_1_wrapper/week10_1_i/processing_system7_0/inst/FCLK_CLK_unbuffered[0]
    BUFGCTRL_X0Y16       BUFG (Prop_bufg_I_O)         0.101     2.039 r  u_week10_1_wrapper/week10_1_i/processing_system7_0/inst/buffer_fclk_clk_0.FCLK_CLK_0_BUFG/O
                         net (fo=990, routed)         1.768     3.807    u_week10_1_wrapper/week10_1_i/processing_system7_0/inst/M_AXI_GP0_ACLK
    PS7_X0Y0             PS7                                          r  u_week10_1_wrapper/week10_1_i/processing_system7_0/inst/PS7_i/MAXIGP0ACLK
  -------------------------------------------------------------------    -------------------
    PS7_X0Y0             PS7 (Prop_ps7_MAXIGP0ACLK_MAXIGP0WVALID)
                                                      1.334     5.141 r  u_week10_1_wrapper/week10_1_i/processing_system7_0/inst/PS7_i/MAXIGP0WVALID
                         net (fo=8, routed)           2.208     7.349    u_week10_1_wrapper/week10_1_i/ps7_0_axi_periph/xbar/inst/gen_sasd.crossbar_sasd_0/addr_arbiter_inst/s_axi_wvalid[0]
    SLICE_X14Y45         LUT5 (Prop_lut5_I1_O)        0.124     7.473 r  u_week10_1_wrapper/week10_1_i/ps7_0_axi_periph/xbar/inst/gen_sasd.crossbar_sasd_0/addr_arbiter_inst/m_axi_wvalid[1]_INST_0/O
                         net (fo=5, routed)           0.706     8.179    u_week10_1_wrapper/week10_1_i/axi_apb_bridge_0/U0/AXILITE_SLAVE_IF_MODULE/s_axi_wvalid
    SLICE_X13Y46         LUT6 (Prop_lut6_I2_O)        0.124     8.303 r  u_week10_1_wrapper/week10_1_i/axi_apb_bridge_0/U0/AXILITE_SLAVE_IF_MODULE/WREADY_i_i_1/O
                         net (fo=35, routed)          0.485     8.788    u_week10_1_wrapper/week10_1_i/axi_apb_bridge_0/U0/APB_MASTER_IF_MODULE/apb_wr_request
    SLICE_X10Y47         LUT2 (Prop_lut2_I1_O)        0.124     8.912 r  u_week10_1_wrapper/week10_1_i/axi_apb_bridge_0/U0/APB_MASTER_IF_MODULE/PWDATA_i[31]_i_1/O
                         net (fo=32, routed)          0.894     9.807    u_week10_1_wrapper/week10_1_i/axi_apb_bridge_0/U0/APB_MASTER_IF_MODULE/PWDATA_i[31]_i_1_n_0
    SLICE_X7Y44          FDRE                                         r  u_week10_1_wrapper/week10_1_i/axi_apb_bridge_0/U0/APB_MASTER_IF_MODULE/PWDATA_i_reg[11]/CE
  -------------------------------------------------------------------    -------------------

                         (clock clk_fpga_0 rise edge)
                                                     10.000    10.000 r  
    PS7_X0Y0             PS7                          0.000    10.000 r  u_week10_1_wrapper/week10_1_i/processing_system7_0/inst/PS7_i/FCLKCLK[0]
                         net (fo=1, routed)           1.666    11.666    u_week10_1_wrapper/week10_1_i/processing_system7_0/inst/FCLK_CLK_unbuffered[0]
    BUFGCTRL_X0Y16       BUFG (Prop_bufg_I_O)         0.091    11.757 r  u_week10_1_wrapper/week10_1_i/processing_system7_0/inst/buffer_fclk_clk_0.FCLK_CLK_0_BUFG/O
                         net (fo=990, routed)         1.509    13.267    u_week10_1_wrapper/week10_1_i/axi_apb_bridge_0/U0/APB_MASTER_IF_MODULE/s_axi_aclk
    SLICE_X7Y44          FDRE                                         r  u_week10_1_wrapper/week10_1_i/axi_apb_bridge_0/U0/APB_MASTER_IF_MODULE/PWDATA_i_reg[11]/C
                         clock pessimism              0.397    13.663    
                         clock uncertainty           -0.154    13.509    
    SLICE_X7Y44          FDRE (Setup_fdre_C_CE)      -0.205    13.304    u_week10_1_wrapper/week10_1_i/axi_apb_bridge_0/U0/APB_MASTER_IF_MODULE/PWDATA_i_reg[11]
  -------------------------------------------------------------------
                         required time                         13.304    
                         arrival time                          -9.807    
  -------------------------------------------------------------------
                         slack                                  3.497    

Slack (MET) :             3.497ns  (required time - arrival time)
  Source:                 u_week10_1_wrapper/week10_1_i/processing_system7_0/inst/PS7_i/MAXIGP0ACLK
                            (rising edge-triggered cell PS7 clocked by clk_fpga_0  {rise@0.000ns fall@5.000ns period=10.000ns})
  Destination:            u_week10_1_wrapper/week10_1_i/axi_apb_bridge_0/U0/APB_MASTER_IF_MODULE/PWDATA_i_reg[4]/CE
                            (rising edge-triggered cell FDRE clocked by clk_fpga_0  {rise@0.000ns fall@5.000ns period=10.000ns})
  Path Group:             clk_fpga_0
  Path Type:              Setup (Max at Slow Process Corner)
  Requirement:            10.000ns  (clk_fpga_0 rise@10.000ns - clk_fpga_0 rise@0.000ns)
  Data Path Delay:        6.000ns  (logic 1.706ns (28.435%)  route 4.294ns (71.565%))
  Logic Levels:           3  (LUT2=1 LUT5=1 LUT6=1)
  Clock Path Skew:        -0.144ns (DCD - SCD + CPR)
    Destination Clock Delay (DCD):    3.267ns = ( 13.267 - 10.000 ) 
    Source Clock Delay      (SCD):    3.807ns
    Clock Pessimism Removal (CPR):    0.397ns
  Clock Uncertainty:      0.154ns  ((TSJ^2 + TIJ^2)^1/2 + DJ) / 2 + PE
    Total System Jitter     (TSJ):    0.071ns
    Total Input Jitter      (TIJ):    0.300ns
    Discrete Jitter          (DJ):    0.000ns
    Phase Error              (PE):    0.000ns

    Location             Delay type                Incr(ns)  Path(ns)    Netlist Resource(s)
  -------------------------------------------------------------------    -------------------
                         (clock clk_fpga_0 rise edge)
                                                      0.000     0.000 r  
    PS7_X0Y0             PS7                          0.000     0.000 r  u_week10_1_wrapper/week10_1_i/processing_system7_0/inst/PS7_i/FCLKCLK[0]
                         net (fo=1, routed)           1.938     1.938    u_week10_1_wrapper/week10_1_i/processing_system7_0/inst/FCLK_CLK_unbuffered[0]
    BUFGCTRL_X0Y16       BUFG (Prop_bufg_I_O)         0.101     2.039 r  u_week10_1_wrapper/week10_1_i/processing_system7_0/inst/buffer_fclk_clk_0.FCLK_CLK_0_BUFG/O
                         net (fo=990, routed)         1.768     3.807    u_week10_1_wrapper/week10_1_i/processing_system7_0/inst/M_AXI_GP0_ACLK
    PS7_X0Y0             PS7                                          r  u_week10_1_wrapper/week10_1_i/processing_system7_0/inst/PS7_i/MAXIGP0ACLK
  -------------------------------------------------------------------    -------------------
    PS7_X0Y0             PS7 (Prop_ps7_MAXIGP0ACLK_MAXIGP0WVALID)
                                                      1.334     5.141 r  u_week10_1_wrapper/week10_1_i/processing_system7_0/inst/PS7_i/MAXIGP0WVALID
                         net (fo=8, routed)           2.208     7.349    u_week10_1_wrapper/week10_1_i/ps7_0_axi_periph/xbar/inst/gen_sasd.crossbar_sasd_0/addr_arbiter_inst/s_axi_wvalid[0]
    SLICE_X14Y45         LUT5 (Prop_lut5_I1_O)        0.124     7.473 r  u_week10_1_wrapper/week10_1_i/ps7_0_axi_periph/xbar/inst/gen_sasd.crossbar_sasd_0/addr_arbiter_inst/m_axi_wvalid[1]_INST_0/O
                         net (fo=5, routed)           0.706     8.179    u_week10_1_wrapper/week10_1_i/axi_apb_bridge_0/U0/AXILITE_SLAVE_IF_MODULE/s_axi_wvalid
    SLICE_X13Y46         LUT6 (Prop_lut6_I2_O)        0.124     8.303 r  u_week10_1_wrapper/week10_1_i/axi_apb_bridge_0/U0/AXILITE_SLAVE_IF_MODULE/WREADY_i_i_1/O
                         net (fo=35, routed)          0.485     8.788    u_week10_1_wrapper/week10_1_i/axi_apb_bridge_0/U0/APB_MASTER_IF_MODULE/apb_wr_request
    SLICE_X10Y47         LUT2 (Prop_lut2_I1_O)        0.124     8.912 r  u_week10_1_wrapper/week10_1_i/axi_apb_bridge_0/U0/APB_MASTER_IF_MODULE/PWDATA_i[31]_i_1/O
                         net (fo=32, routed)          0.894     9.807    u_week10_1_wrapper/week10_1_i/axi_apb_bridge_0/U0/APB_MASTER_IF_MODULE/PWDATA_i[31]_i_1_n_0
    SLICE_X7Y44          FDRE                                         r  u_week10_1_wrapper/week10_1_i/axi_apb_bridge_0/U0/APB_MASTER_IF_MODULE/PWDATA_i_reg[4]/CE
  -------------------------------------------------------------------    -------------------

                         (clock clk_fpga_0 rise edge)
                                                     10.000    10.000 r  
    PS7_X0Y0             PS7                          0.000    10.000 r  u_week10_1_wrapper/week10_1_i/processing_system7_0/inst/PS7_i/FCLKCLK[0]
                         net (fo=1, routed)           1.666    11.666    u_week10_1_wrapper/week10_1_i/processing_system7_0/inst/FCLK_CLK_unbuffered[0]
    BUFGCTRL_X0Y16       BUFG (Prop_bufg_I_O)         0.091    11.757 r  u_week10_1_wrapper/week10_1_i/processing_system7_0/inst/buffer_fclk_clk_0.FCLK_CLK_0_BUFG/O
                         net (fo=990, routed)         1.509    13.267    u_week10_1_wrapper/week10_1_i/axi_apb_bridge_0/U0/APB_MASTER_IF_MODULE/s_axi_aclk
    SLICE_X7Y44          FDRE                                         r  u_week10_1_wrapper/week10_1_i/axi_apb_bridge_0/U0/APB_MASTER_IF_MODULE/PWDATA_i_reg[4]/C
                         clock pessimism              0.397    13.663    
                         clock uncertainty           -0.154    13.509    
    SLICE_X7Y44          FDRE (Setup_fdre_C_CE)      -0.205    13.304    u_week10_1_wrapper/week10_1_i/axi_apb_bridge_0/U0/APB_MASTER_IF_MODULE/PWDATA_i_reg[4]
  -------------------------------------------------------------------
                         required time                         13.304    
                         arrival time                          -9.807    
  -------------------------------------------------------------------
                         slack                                  3.497    

Slack (MET) :             3.497ns  (required time - arrival time)
  Source:                 u_week10_1_wrapper/week10_1_i/processing_system7_0/inst/PS7_i/MAXIGP0ACLK
                            (rising edge-triggered cell PS7 clocked by clk_fpga_0  {rise@0.000ns fall@5.000ns period=10.000ns})
  Destination:            u_week10_1_wrapper/week10_1_i/axi_apb_bridge_0/U0/APB_MASTER_IF_MODULE/PWDATA_i_reg[5]/CE
                            (rising edge-triggered cell FDRE clocked by clk_fpga_0  {rise@0.000ns fall@5.000ns period=10.000ns})
  Path Group:             clk_fpga_0
  Path Type:              Setup (Max at Slow Process Corner)
  Requirement:            10.000ns  (clk_fpga_0 rise@10.000ns - clk_fpga_0 rise@0.000ns)
  Data Path Delay:        6.000ns  (logic 1.706ns (28.435%)  route 4.294ns (71.565%))
  Logic Levels:           3  (LUT2=1 LUT5=1 LUT6=1)
  Clock Path Skew:        -0.144ns (DCD - SCD + CPR)
    Destination Clock Delay (DCD):    3.267ns = ( 13.267 - 10.000 ) 
    Source Clock Delay      (SCD):    3.807ns
    Clock Pessimism Removal (CPR):    0.397ns
  Clock Uncertainty:      0.154ns  ((TSJ^2 + TIJ^2)^1/2 + DJ) / 2 + PE
    Total System Jitter     (TSJ):    0.071ns
    Total Input Jitter      (TIJ):    0.300ns
    Discrete Jitter          (DJ):    0.000ns
    Phase Error              (PE):    0.000ns

    Location             Delay type                Incr(ns)  Path(ns)    Netlist Resource(s)
  -------------------------------------------------------------------    -------------------
                         (clock clk_fpga_0 rise edge)
                                                      0.000     0.000 r  
    PS7_X0Y0             PS7                          0.000     0.000 r  u_week10_1_wrapper/week10_1_i/processing_system7_0/inst/PS7_i/FCLKCLK[0]
                         net (fo=1, routed)           1.938     1.938    u_week10_1_wrapper/week10_1_i/processing_system7_0/inst/FCLK_CLK_unbuffered[0]
    BUFGCTRL_X0Y16       BUFG (Prop_bufg_I_O)         0.101     2.039 r  u_week10_1_wrapper/week10_1_i/processing_system7_0/inst/buffer_fclk_clk_0.FCLK_CLK_0_BUFG/O
                         net (fo=990, routed)         1.768     3.807    u_week10_1_wrapper/week10_1_i/processing_system7_0/inst/M_AXI_GP0_ACLK
    PS7_X0Y0             PS7                                          r  u_week10_1_wrapper/week10_1_i/processing_system7_0/inst/PS7_i/MAXIGP0ACLK
  -------------------------------------------------------------------    -------------------
    PS7_X0Y0             PS7 (Prop_ps7_MAXIGP0ACLK_MAXIGP0WVALID)
                                                      1.334     5.141 r  u_week10_1_wrapper/week10_1_i/processing_system7_0/inst/PS7_i/MAXIGP0WVALID
                         net (fo=8, routed)           2.208     7.349    u_week10_1_wrapper/week10_1_i/ps7_0_axi_periph/xbar/inst/gen_sasd.crossbar_sasd_0/addr_arbiter_inst/s_axi_wvalid[0]
    SLICE_X14Y45         LUT5 (Prop_lut5_I1_O)        0.124     7.473 r  u_week10_1_wrapper/week10_1_i/ps7_0_axi_periph/xbar/inst/gen_sasd.crossbar_sasd_0/addr_arbiter_inst/m_axi_wvalid[1]_INST_0/O
                         net (fo=5, routed)           0.706     8.179    u_week10_1_wrapper/week10_1_i/axi_apb_bridge_0/U0/AXILITE_SLAVE_IF_MODULE/s_axi_wvalid
    SLICE_X13Y46         LUT6 (Prop_lut6_I2_O)        0.124     8.303 r  u_week10_1_wrapper/week10_1_i/axi_apb_bridge_0/U0/AXILITE_SLAVE_IF_MODULE/WREADY_i_i_1/O
                         net (fo=35, routed)          0.485     8.788    u_week10_1_wrapper/week10_1_i/axi_apb_bridge_0/U0/APB_MASTER_IF_MODULE/apb_wr_request
    SLICE_X10Y47         LUT2 (Prop_lut2_I1_O)        0.124     8.912 r  u_week10_1_wrapper/week10_1_i/axi_apb_bridge_0/U0/APB_MASTER_IF_MODULE/PWDATA_i[31]_i_1/O
                         net (fo=32, routed)          0.894     9.807    u_week10_1_wrapper/week10_1_i/axi_apb_bridge_0/U0/APB_MASTER_IF_MODULE/PWDATA_i[31]_i_1_n_0
    SLICE_X7Y44          FDRE                                         r  u_week10_1_wrapper/week10_1_i/axi_apb_bridge_0/U0/APB_MASTER_IF_MODULE/PWDATA_i_reg[5]/CE
  -------------------------------------------------------------------    -------------------

                         (clock clk_fpga_0 rise edge)
                                                     10.000    10.000 r  
    PS7_X0Y0             PS7                          0.000    10.000 r  u_week10_1_wrapper/week10_1_i/processing_system7_0/inst/PS7_i/FCLKCLK[0]
                         net (fo=1, routed)           1.666    11.666    u_week10_1_wrapper/week10_1_i/processing_system7_0/inst/FCLK_CLK_unbuffered[0]
    BUFGCTRL_X0Y16       BUFG (Prop_bufg_I_O)         0.091    11.757 r  u_week10_1_wrapper/week10_1_i/processing_system7_0/inst/buffer_fclk_clk_0.FCLK_CLK_0_BUFG/O
                         net (fo=990, routed)         1.509    13.267    u_week10_1_wrapper/week10_1_i/axi_apb_bridge_0/U0/APB_MASTER_IF_MODULE/s_axi_aclk
    SLICE_X7Y44          FDRE                                         r  u_week10_1_wrapper/week10_1_i/axi_apb_bridge_0/U0/APB_MASTER_IF_MODULE/PWDATA_i_reg[5]/C
                         clock pessimism              0.397    13.663    
                         clock uncertainty           -0.154    13.509    
    SLICE_X7Y44          FDRE (Setup_fdre_C_CE)      -0.205    13.304    u_week10_1_wrapper/week10_1_i/axi_apb_bridge_0/U0/APB_MASTER_IF_MODULE/PWDATA_i_reg[5]
  -------------------------------------------------------------------
                         required time                         13.304    
                         arrival time                          -9.807    
  -------------------------------------------------------------------
                         slack                                  3.497    

Slack (MET) :             3.497ns  (required time - arrival time)
  Source:                 u_week10_1_wrapper/week10_1_i/processing_system7_0/inst/PS7_i/MAXIGP0ACLK
                            (rising edge-triggered cell PS7 clocked by clk_fpga_0  {rise@0.000ns fall@5.000ns period=10.000ns})
  Destination:            u_week10_1_wrapper/week10_1_i/axi_apb_bridge_0/U0/APB_MASTER_IF_MODULE/PWDATA_i_reg[6]/CE
                            (rising edge-triggered cell FDRE clocked by clk_fpga_0  {rise@0.000ns fall@5.000ns period=10.000ns})
  Path Group:             clk_fpga_0
  Path Type:              Setup (Max at Slow Process Corner)
  Requirement:            10.000ns  (clk_fpga_0 rise@10.000ns - clk_fpga_0 rise@0.000ns)
  Data Path Delay:        6.000ns  (logic 1.706ns (28.435%)  route 4.294ns (71.565%))
  Logic Levels:           3  (LUT2=1 LUT5=1 LUT6=1)
  Clock Path Skew:        -0.144ns (DCD - SCD + CPR)
    Destination Clock Delay (DCD):    3.267ns = ( 13.267 - 10.000 ) 
    Source Clock Delay      (SCD):    3.807ns
    Clock Pessimism Removal (CPR):    0.397ns
  Clock Uncertainty:      0.154ns  ((TSJ^2 + TIJ^2)^1/2 + DJ) / 2 + PE
    Total System Jitter     (TSJ):    0.071ns
    Total Input Jitter      (TIJ):    0.300ns
    Discrete Jitter          (DJ):    0.000ns
    Phase Error              (PE):    0.000ns

    Location             Delay type                Incr(ns)  Path(ns)    Netlist Resource(s)
  -------------------------------------------------------------------    -------------------
                         (clock clk_fpga_0 rise edge)
                                                      0.000     0.000 r  
    PS7_X0Y0             PS7                          0.000     0.000 r  u_week10_1_wrapper/week10_1_i/processing_system7_0/inst/PS7_i/FCLKCLK[0]
                         net (fo=1, routed)           1.938     1.938    u_week10_1_wrapper/week10_1_i/processing_system7_0/inst/FCLK_CLK_unbuffered[0]
    BUFGCTRL_X0Y16       BUFG (Prop_bufg_I_O)         0.101     2.039 r  u_week10_1_wrapper/week10_1_i/processing_system7_0/inst/buffer_fclk_clk_0.FCLK_CLK_0_BUFG/O
                         net (fo=990, routed)         1.768     3.807    u_week10_1_wrapper/week10_1_i/processing_system7_0/inst/M_AXI_GP0_ACLK
    PS7_X0Y0             PS7                                          r  u_week10_1_wrapper/week10_1_i/processing_system7_0/inst/PS7_i/MAXIGP0ACLK
  -------------------------------------------------------------------    -------------------
    PS7_X0Y0             PS7 (Prop_ps7_MAXIGP0ACLK_MAXIGP0WVALID)
                                                      1.334     5.141 r  u_week10_1_wrapper/week10_1_i/processing_system7_0/inst/PS7_i/MAXIGP0WVALID
                         net (fo=8, routed)           2.208     7.349    u_week10_1_wrapper/week10_1_i/ps7_0_axi_periph/xbar/inst/gen_sasd.crossbar_sasd_0/addr_arbiter_inst/s_axi_wvalid[0]
    SLICE_X14Y45         LUT5 (Prop_lut5_I1_O)        0.124     7.473 r  u_week10_1_wrapper/week10_1_i/ps7_0_axi_periph/xbar/inst/gen_sasd.crossbar_sasd_0/addr_arbiter_inst/m_axi_wvalid[1]_INST_0/O
                         net (fo=5, routed)           0.706     8.179    u_week10_1_wrapper/week10_1_i/axi_apb_bridge_0/U0/AXILITE_SLAVE_IF_MODULE/s_axi_wvalid
    SLICE_X13Y46         LUT6 (Prop_lut6_I2_O)        0.124     8.303 r  u_week10_1_wrapper/week10_1_i/axi_apb_bridge_0/U0/AXILITE_SLAVE_IF_MODULE/WREADY_i_i_1/O
                         net (fo=35, routed)          0.485     8.788    u_week10_1_wrapper/week10_1_i/axi_apb_bridge_0/U0/APB_MASTER_IF_MODULE/apb_wr_request
    SLICE_X10Y47         LUT2 (Prop_lut2_I1_O)        0.124     8.912 r  u_week10_1_wrapper/week10_1_i/axi_apb_bridge_0/U0/APB_MASTER_IF_MODULE/PWDATA_i[31]_i_1/O
                         net (fo=32, routed)          0.894     9.807    u_week10_1_wrapper/week10_1_i/axi_apb_bridge_0/U0/APB_MASTER_IF_MODULE/PWDATA_i[31]_i_1_n_0
    SLICE_X7Y44          FDRE                                         r  u_week10_1_wrapper/week10_1_i/axi_apb_bridge_0/U0/APB_MASTER_IF_MODULE/PWDATA_i_reg[6]/CE
  -------------------------------------------------------------------    -------------------

                         (clock clk_fpga_0 rise edge)
                                                     10.000    10.000 r  
    PS7_X0Y0             PS7                          0.000    10.000 r  u_week10_1_wrapper/week10_1_i/processing_system7_0/inst/PS7_i/FCLKCLK[0]
                         net (fo=1, routed)           1.666    11.666    u_week10_1_wrapper/week10_1_i/processing_system7_0/inst/FCLK_CLK_unbuffered[0]
    BUFGCTRL_X0Y16       BUFG (Prop_bufg_I_O)         0.091    11.757 r  u_week10_1_wrapper/week10_1_i/processing_system7_0/inst/buffer_fclk_clk_0.FCLK_CLK_0_BUFG/O
                         net (fo=990, routed)         1.509    13.267    u_week10_1_wrapper/week10_1_i/axi_apb_bridge_0/U0/APB_MASTER_IF_MODULE/s_axi_aclk
    SLICE_X7Y44          FDRE                                         r  u_week10_1_wrapper/week10_1_i/axi_apb_bridge_0/U0/APB_MASTER_IF_MODULE/PWDATA_i_reg[6]/C
                         clock pessimism              0.397    13.663    
                         clock uncertainty           -0.154    13.509    
    SLICE_X7Y44          FDRE (Setup_fdre_C_CE)      -0.205    13.304    u_week10_1_wrapper/week10_1_i/axi_apb_bridge_0/U0/APB_MASTER_IF_MODULE/PWDATA_i_reg[6]
  -------------------------------------------------------------------
                         required time                         13.304    
                         arrival time                          -9.807    
  -------------------------------------------------------------------
                         slack                                  3.497    

Slack (MET) :             3.497ns  (required time - arrival time)
  Source:                 u_week10_1_wrapper/week10_1_i/processing_system7_0/inst/PS7_i/MAXIGP0ACLK
                            (rising edge-triggered cell PS7 clocked by clk_fpga_0  {rise@0.000ns fall@5.000ns period=10.000ns})
  Destination:            u_week10_1_wrapper/week10_1_i/axi_apb_bridge_0/U0/APB_MASTER_IF_MODULE/PWDATA_i_reg[7]/CE
                            (rising edge-triggered cell FDRE clocked by clk_fpga_0  {rise@0.000ns fall@5.000ns period=10.000ns})
  Path Group:             clk_fpga_0
  Path Type:              Setup (Max at Slow Process Corner)
  Requirement:            10.000ns  (clk_fpga_0 rise@10.000ns - clk_fpga_0 rise@0.000ns)
  Data Path Delay:        6.000ns  (logic 1.706ns (28.435%)  route 4.294ns (71.565%))
  Logic Levels:           3  (LUT2=1 LUT5=1 LUT6=1)
  Clock Path Skew:        -0.144ns (DCD - SCD + CPR)
    Destination Clock Delay (DCD):    3.267ns = ( 13.267 - 10.000 ) 
    Source Clock Delay      (SCD):    3.807ns
    Clock Pessimism Removal (CPR):    0.397ns
  Clock Uncertainty:      0.154ns  ((TSJ^2 + TIJ^2)^1/2 + DJ) / 2 + PE
    Total System Jitter     (TSJ):    0.071ns
    Total Input Jitter      (TIJ):    0.300ns
    Discrete Jitter          (DJ):    0.000ns
    Phase Error              (PE):    0.000ns

    Location             Delay type                Incr(ns)  Path(ns)    Netlist Resource(s)
  -------------------------------------------------------------------    -------------------
                         (clock clk_fpga_0 rise edge)
                                                      0.000     0.000 r  
    PS7_X0Y0             PS7                          0.000     0.000 r  u_week10_1_wrapper/week10_1_i/processing_system7_0/inst/PS7_i/FCLKCLK[0]
                         net (fo=1, routed)           1.938     1.938    u_week10_1_wrapper/week10_1_i/processing_system7_0/inst/FCLK_CLK_unbuffered[0]
    BUFGCTRL_X0Y16       BUFG (Prop_bufg_I_O)         0.101     2.039 r  u_week10_1_wrapper/week10_1_i/processing_system7_0/inst/buffer_fclk_clk_0.FCLK_CLK_0_BUFG/O
                         net (fo=990, routed)         1.768     3.807    u_week10_1_wrapper/week10_1_i/processing_system7_0/inst/M_AXI_GP0_ACLK
    PS7_X0Y0             PS7                                          r  u_week10_1_wrapper/week10_1_i/processing_system7_0/inst/PS7_i/MAXIGP0ACLK
  -------------------------------------------------------------------    -------------------
    PS7_X0Y0             PS7 (Prop_ps7_MAXIGP0ACLK_MAXIGP0WVALID)
                                                      1.334     5.141 r  u_week10_1_wrapper/week10_1_i/processing_system7_0/inst/PS7_i/MAXIGP0WVALID
                         net (fo=8, routed)           2.208     7.349    u_week10_1_wrapper/week10_1_i/ps7_0_axi_periph/xbar/inst/gen_sasd.crossbar_sasd_0/addr_arbiter_inst/s_axi_wvalid[0]
    SLICE_X14Y45         LUT5 (Prop_lut5_I1_O)        0.124     7.473 r  u_week10_1_wrapper/week10_1_i/ps7_0_axi_periph/xbar/inst/gen_sasd.crossbar_sasd_0/addr_arbiter_inst/m_axi_wvalid[1]_INST_0/O
                         net (fo=5, routed)           0.706     8.179    u_week10_1_wrapper/week10_1_i/axi_apb_bridge_0/U0/AXILITE_SLAVE_IF_MODULE/s_axi_wvalid
    SLICE_X13Y46         LUT6 (Prop_lut6_I2_O)        0.124     8.303 r  u_week10_1_wrapper/week10_1_i/axi_apb_bridge_0/U0/AXILITE_SLAVE_IF_MODULE/WREADY_i_i_1/O
                         net (fo=35, routed)          0.485     8.788    u_week10_1_wrapper/week10_1_i/axi_apb_bridge_0/U0/APB_MASTER_IF_MODULE/apb_wr_request
    SLICE_X10Y47         LUT2 (Prop_lut2_I1_O)        0.124     8.912 r  u_week10_1_wrapper/week10_1_i/axi_apb_bridge_0/U0/APB_MASTER_IF_MODULE/PWDATA_i[31]_i_1/O
                         net (fo=32, routed)          0.894     9.807    u_week10_1_wrapper/week10_1_i/axi_apb_bridge_0/U0/APB_MASTER_IF_MODULE/PWDATA_i[31]_i_1_n_0
    SLICE_X7Y44          FDRE                                         r  u_week10_1_wrapper/week10_1_i/axi_apb_bridge_0/U0/APB_MASTER_IF_MODULE/PWDATA_i_reg[7]/CE
  -------------------------------------------------------------------    -------------------

                         (clock clk_fpga_0 rise edge)
                                                     10.000    10.000 r  
    PS7_X0Y0             PS7                          0.000    10.000 r  u_week10_1_wrapper/week10_1_i/processing_system7_0/inst/PS7_i/FCLKCLK[0]
                         net (fo=1, routed)           1.666    11.666    u_week10_1_wrapper/week10_1_i/processing_system7_0/inst/FCLK_CLK_unbuffered[0]
    BUFGCTRL_X0Y16       BUFG (Prop_bufg_I_O)         0.091    11.757 r  u_week10_1_wrapper/week10_1_i/processing_system7_0/inst/buffer_fclk_clk_0.FCLK_CLK_0_BUFG/O
                         net (fo=990, routed)         1.509    13.267    u_week10_1_wrapper/week10_1_i/axi_apb_bridge_0/U0/APB_MASTER_IF_MODULE/s_axi_aclk
    SLICE_X7Y44          FDRE                                         r  u_week10_1_wrapper/week10_1_i/axi_apb_bridge_0/U0/APB_MASTER_IF_MODULE/PWDATA_i_reg[7]/C
                         clock pessimism              0.397    13.663    
                         clock uncertainty           -0.154    13.509    
    SLICE_X7Y44          FDRE (Setup_fdre_C_CE)      -0.205    13.304    u_week10_1_wrapper/week10_1_i/axi_apb_bridge_0/U0/APB_MASTER_IF_MODULE/PWDATA_i_reg[7]
  -------------------------------------------------------------------
                         required time                         13.304    
                         arrival time                          -9.807    
  -------------------------------------------------------------------
                         slack                                  3.497    

Slack (MET) :             3.497ns  (required time - arrival time)
  Source:                 u_week10_1_wrapper/week10_1_i/processing_system7_0/inst/PS7_i/MAXIGP0ACLK
                            (rising edge-triggered cell PS7 clocked by clk_fpga_0  {rise@0.000ns fall@5.000ns period=10.000ns})
  Destination:            u_week10_1_wrapper/week10_1_i/axi_apb_bridge_0/U0/APB_MASTER_IF_MODULE/PWDATA_i_reg[8]/CE
                            (rising edge-triggered cell FDRE clocked by clk_fpga_0  {rise@0.000ns fall@5.000ns period=10.000ns})
  Path Group:             clk_fpga_0
  Path Type:              Setup (Max at Slow Process Corner)
  Requirement:            10.000ns  (clk_fpga_0 rise@10.000ns - clk_fpga_0 rise@0.000ns)
  Data Path Delay:        6.000ns  (logic 1.706ns (28.435%)  route 4.294ns (71.565%))
  Logic Levels:           3  (LUT2=1 LUT5=1 LUT6=1)
  Clock Path Skew:        -0.144ns (DCD - SCD + CPR)
    Destination Clock Delay (DCD):    3.267ns = ( 13.267 - 10.000 ) 
    Source Clock Delay      (SCD):    3.807ns
    Clock Pessimism Removal (CPR):    0.397ns
  Clock Uncertainty:      0.154ns  ((TSJ^2 + TIJ^2)^1/2 + DJ) / 2 + PE
    Total System Jitter     (TSJ):    0.071ns
    Total Input Jitter      (TIJ):    0.300ns
    Discrete Jitter          (DJ):    0.000ns
    Phase Error              (PE):    0.000ns

    Location             Delay type                Incr(ns)  Path(ns)    Netlist Resource(s)
  -------------------------------------------------------------------    -------------------
                         (clock clk_fpga_0 rise edge)
                                                      0.000     0.000 r  
    PS7_X0Y0             PS7                          0.000     0.000 r  u_week10_1_wrapper/week10_1_i/processing_system7_0/inst/PS7_i/FCLKCLK[0]
                         net (fo=1, routed)           1.938     1.938    u_week10_1_wrapper/week10_1_i/processing_system7_0/inst/FCLK_CLK_unbuffered[0]
    BUFGCTRL_X0Y16       BUFG (Prop_bufg_I_O)         0.101     2.039 r  u_week10_1_wrapper/week10_1_i/processing_system7_0/inst/buffer_fclk_clk_0.FCLK_CLK_0_BUFG/O
                         net (fo=990, routed)         1.768     3.807    u_week10_1_wrapper/week10_1_i/processing_system7_0/inst/M_AXI_GP0_ACLK
    PS7_X0Y0             PS7                                          r  u_week10_1_wrapper/week10_1_i/processing_system7_0/inst/PS7_i/MAXIGP0ACLK
  -------------------------------------------------------------------    -------------------
    PS7_X0Y0             PS7 (Prop_ps7_MAXIGP0ACLK_MAXIGP0WVALID)
                                                      1.334     5.141 r  u_week10_1_wrapper/week10_1_i/processing_system7_0/inst/PS7_i/MAXIGP0WVALID
                         net (fo=8, routed)           2.208     7.349    u_week10_1_wrapper/week10_1_i/ps7_0_axi_periph/xbar/inst/gen_sasd.crossbar_sasd_0/addr_arbiter_inst/s_axi_wvalid[0]
    SLICE_X14Y45         LUT5 (Prop_lut5_I1_O)        0.124     7.473 r  u_week10_1_wrapper/week10_1_i/ps7_0_axi_periph/xbar/inst/gen_sasd.crossbar_sasd_0/addr_arbiter_inst/m_axi_wvalid[1]_INST_0/O
                         net (fo=5, routed)           0.706     8.179    u_week10_1_wrapper/week10_1_i/axi_apb_bridge_0/U0/AXILITE_SLAVE_IF_MODULE/s_axi_wvalid
    SLICE_X13Y46         LUT6 (Prop_lut6_I2_O)        0.124     8.303 r  u_week10_1_wrapper/week10_1_i/axi_apb_bridge_0/U0/AXILITE_SLAVE_IF_MODULE/WREADY_i_i_1/O
                         net (fo=35, routed)          0.485     8.788    u_week10_1_wrapper/week10_1_i/axi_apb_bridge_0/U0/APB_MASTER_IF_MODULE/apb_wr_request
    SLICE_X10Y47         LUT2 (Prop_lut2_I1_O)        0.124     8.912 r  u_week10_1_wrapper/week10_1_i/axi_apb_bridge_0/U0/APB_MASTER_IF_MODULE/PWDATA_i[31]_i_1/O
                         net (fo=32, routed)          0.894     9.807    u_week10_1_wrapper/week10_1_i/axi_apb_bridge_0/U0/APB_MASTER_IF_MODULE/PWDATA_i[31]_i_1_n_0
    SLICE_X7Y44          FDRE                                         r  u_week10_1_wrapper/week10_1_i/axi_apb_bridge_0/U0/APB_MASTER_IF_MODULE/PWDATA_i_reg[8]/CE
  -------------------------------------------------------------------    -------------------

                         (clock clk_fpga_0 rise edge)
                                                     10.000    10.000 r  
    PS7_X0Y0             PS7                          0.000    10.000 r  u_week10_1_wrapper/week10_1_i/processing_system7_0/inst/PS7_i/FCLKCLK[0]
                         net (fo=1, routed)           1.666    11.666    u_week10_1_wrapper/week10_1_i/processing_system7_0/inst/FCLK_CLK_unbuffered[0]
    BUFGCTRL_X0Y16       BUFG (Prop_bufg_I_O)         0.091    11.757 r  u_week10_1_wrapper/week10_1_i/processing_system7_0/inst/buffer_fclk_clk_0.FCLK_CLK_0_BUFG/O
                         net (fo=990, routed)         1.509    13.267    u_week10_1_wrapper/week10_1_i/axi_apb_bridge_0/U0/APB_MASTER_IF_MODULE/s_axi_aclk
    SLICE_X7Y44          FDRE                                         r  u_week10_1_wrapper/week10_1_i/axi_apb_bridge_0/U0/APB_MASTER_IF_MODULE/PWDATA_i_reg[8]/C
                         clock pessimism              0.397    13.663    
                         clock uncertainty           -0.154    13.509    
    SLICE_X7Y44          FDRE (Setup_fdre_C_CE)      -0.205    13.304    u_week10_1_wrapper/week10_1_i/axi_apb_bridge_0/U0/APB_MASTER_IF_MODULE/PWDATA_i_reg[8]
  -------------------------------------------------------------------
                         required time                         13.304    
                         arrival time                          -9.807    
  -------------------------------------------------------------------
                         slack                                  3.497    

Slack (MET) :             3.497ns  (required time - arrival time)
  Source:                 u_week10_1_wrapper/week10_1_i/processing_system7_0/inst/PS7_i/MAXIGP0ACLK
                            (rising edge-triggered cell PS7 clocked by clk_fpga_0  {rise@0.000ns fall@5.000ns period=10.000ns})
  Destination:            u_week10_1_wrapper/week10_1_i/axi_apb_bridge_0/U0/APB_MASTER_IF_MODULE/PWDATA_i_reg[9]/CE
                            (rising edge-triggered cell FDRE clocked by clk_fpga_0  {rise@0.000ns fall@5.000ns period=10.000ns})
  Path Group:             clk_fpga_0
  Path Type:              Setup (Max at Slow Process Corner)
  Requirement:            10.000ns  (clk_fpga_0 rise@10.000ns - clk_fpga_0 rise@0.000ns)
  Data Path Delay:        6.000ns  (logic 1.706ns (28.435%)  route 4.294ns (71.565%))
  Logic Levels:           3  (LUT2=1 LUT5=1 LUT6=1)
  Clock Path Skew:        -0.144ns (DCD - SCD + CPR)
    Destination Clock Delay (DCD):    3.267ns = ( 13.267 - 10.000 ) 
    Source Clock Delay      (SCD):    3.807ns
    Clock Pessimism Removal (CPR):    0.397ns
  Clock Uncertainty:      0.154ns  ((TSJ^2 + TIJ^2)^1/2 + DJ) / 2 + PE
    Total System Jitter     (TSJ):    0.071ns
    Total Input Jitter      (TIJ):    0.300ns
    Discrete Jitter          (DJ):    0.000ns
    Phase Error              (PE):    0.000ns

    Location             Delay type                Incr(ns)  Path(ns)    Netlist Resource(s)
  -------------------------------------------------------------------    -------------------
                         (clock clk_fpga_0 rise edge)
                                                      0.000     0.000 r  
    PS7_X0Y0             PS7                          0.000     0.000 r  u_week10_1_wrapper/week10_1_i/processing_system7_0/inst/PS7_i/FCLKCLK[0]
                         net (fo=1, routed)           1.938     1.938    u_week10_1_wrapper/week10_1_i/processing_system7_0/inst/FCLK_CLK_unbuffered[0]
    BUFGCTRL_X0Y16       BUFG (Prop_bufg_I_O)         0.101     2.039 r  u_week10_1_wrapper/week10_1_i/processing_system7_0/inst/buffer_fclk_clk_0.FCLK_CLK_0_BUFG/O
                         net (fo=990, routed)         1.768     3.807    u_week10_1_wrapper/week10_1_i/processing_system7_0/inst/M_AXI_GP0_ACLK
    PS7_X0Y0             PS7                                          r  u_week10_1_wrapper/week10_1_i/processing_system7_0/inst/PS7_i/MAXIGP0ACLK
  -------------------------------------------------------------------    -------------------
    PS7_X0Y0             PS7 (Prop_ps7_MAXIGP0ACLK_MAXIGP0WVALID)
                                                      1.334     5.141 r  u_week10_1_wrapper/week10_1_i/processing_system7_0/inst/PS7_i/MAXIGP0WVALID
                         net (fo=8, routed)           2.208     7.349    u_week10_1_wrapper/week10_1_i/ps7_0_axi_periph/xbar/inst/gen_sasd.crossbar_sasd_0/addr_arbiter_inst/s_axi_wvalid[0]
    SLICE_X14Y45         LUT5 (Prop_lut5_I1_O)        0.124     7.473 r  u_week10_1_wrapper/week10_1_i/ps7_0_axi_periph/xbar/inst/gen_sasd.crossbar_sasd_0/addr_arbiter_inst/m_axi_wvalid[1]_INST_0/O
                         net (fo=5, routed)           0.706     8.179    u_week10_1_wrapper/week10_1_i/axi_apb_bridge_0/U0/AXILITE_SLAVE_IF_MODULE/s_axi_wvalid
    SLICE_X13Y46         LUT6 (Prop_lut6_I2_O)        0.124     8.303 r  u_week10_1_wrapper/week10_1_i/axi_apb_bridge_0/U0/AXILITE_SLAVE_IF_MODULE/WREADY_i_i_1/O
                         net (fo=35, routed)          0.485     8.788    u_week10_1_wrapper/week10_1_i/axi_apb_bridge_0/U0/APB_MASTER_IF_MODULE/apb_wr_request
    SLICE_X10Y47         LUT2 (Prop_lut2_I1_O)        0.124     8.912 r  u_week10_1_wrapper/week10_1_i/axi_apb_bridge_0/U0/APB_MASTER_IF_MODULE/PWDATA_i[31]_i_1/O
                         net (fo=32, routed)          0.894     9.807    u_week10_1_wrapper/week10_1_i/axi_apb_bridge_0/U0/APB_MASTER_IF_MODULE/PWDATA_i[31]_i_1_n_0
    SLICE_X7Y44          FDRE                                         r  u_week10_1_wrapper/week10_1_i/axi_apb_bridge_0/U0/APB_MASTER_IF_MODULE/PWDATA_i_reg[9]/CE
  -------------------------------------------------------------------    -------------------

                         (clock clk_fpga_0 rise edge)
                                                     10.000    10.000 r  
    PS7_X0Y0             PS7                          0.000    10.000 r  u_week10_1_wrapper/week10_1_i/processing_system7_0/inst/PS7_i/FCLKCLK[0]
                         net (fo=1, routed)           1.666    11.666    u_week10_1_wrapper/week10_1_i/processing_system7_0/inst/FCLK_CLK_unbuffered[0]
    BUFGCTRL_X0Y16       BUFG (Prop_bufg_I_O)         0.091    11.757 r  u_week10_1_wrapper/week10_1_i/processing_system7_0/inst/buffer_fclk_clk_0.FCLK_CLK_0_BUFG/O
                         net (fo=990, routed)         1.509    13.267    u_week10_1_wrapper/week10_1_i/axi_apb_bridge_0/U0/APB_MASTER_IF_MODULE/s_axi_aclk
    SLICE_X7Y44          FDRE                                         r  u_week10_1_wrapper/week10_1_i/axi_apb_bridge_0/U0/APB_MASTER_IF_MODULE/PWDATA_i_reg[9]/C
                         clock pessimism              0.397    13.663    
                         clock uncertainty           -0.154    13.509    
    SLICE_X7Y44          FDRE (Setup_fdre_C_CE)      -0.205    13.304    u_week10_1_wrapper/week10_1_i/axi_apb_bridge_0/U0/APB_MASTER_IF_MODULE/PWDATA_i_reg[9]
  -------------------------------------------------------------------
                         required time                         13.304    
                         arrival time                          -9.807    
  -------------------------------------------------------------------
                         slack                                  3.497    

Slack (MET) :             3.637ns  (required time - arrival time)
  Source:                 u_week10_1_wrapper/week10_1_i/processing_system7_0/inst/PS7_i/MAXIGP0ACLK
                            (rising edge-triggered cell PS7 clocked by clk_fpga_0  {rise@0.000ns fall@5.000ns period=10.000ns})
  Destination:            u_week10_1_wrapper/week10_1_i/axi_apb_bridge_0/U0/APB_MASTER_IF_MODULE/PWDATA_i_reg[12]/CE
                            (rising edge-triggered cell FDRE clocked by clk_fpga_0  {rise@0.000ns fall@5.000ns period=10.000ns})
  Path Group:             clk_fpga_0
  Path Type:              Setup (Max at Slow Process Corner)
  Requirement:            10.000ns  (clk_fpga_0 rise@10.000ns - clk_fpga_0 rise@0.000ns)
  Data Path Delay:        5.860ns  (logic 1.706ns (29.115%)  route 4.154ns (70.885%))
  Logic Levels:           3  (LUT2=1 LUT5=1 LUT6=1)
  Clock Path Skew:        -0.144ns (DCD - SCD + CPR)
    Destination Clock Delay (DCD):    3.267ns = ( 13.267 - 10.000 ) 
    Source Clock Delay      (SCD):    3.807ns
    Clock Pessimism Removal (CPR):    0.397ns
  Clock Uncertainty:      0.154ns  ((TSJ^2 + TIJ^2)^1/2 + DJ) / 2 + PE
    Total System Jitter     (TSJ):    0.071ns
    Total Input Jitter      (TIJ):    0.300ns
    Discrete Jitter          (DJ):    0.000ns
    Phase Error              (PE):    0.000ns

    Location             Delay type                Incr(ns)  Path(ns)    Netlist Resource(s)
  -------------------------------------------------------------------    -------------------
                         (clock clk_fpga_0 rise edge)
                                                      0.000     0.000 r  
    PS7_X0Y0             PS7                          0.000     0.000 r  u_week10_1_wrapper/week10_1_i/processing_system7_0/inst/PS7_i/FCLKCLK[0]
                         net (fo=1, routed)           1.938     1.938    u_week10_1_wrapper/week10_1_i/processing_system7_0/inst/FCLK_CLK_unbuffered[0]
    BUFGCTRL_X0Y16       BUFG (Prop_bufg_I_O)         0.101     2.039 r  u_week10_1_wrapper/week10_1_i/processing_system7_0/inst/buffer_fclk_clk_0.FCLK_CLK_0_BUFG/O
                         net (fo=990, routed)         1.768     3.807    u_week10_1_wrapper/week10_1_i/processing_system7_0/inst/M_AXI_GP0_ACLK
    PS7_X0Y0             PS7                                          r  u_week10_1_wrapper/week10_1_i/processing_system7_0/inst/PS7_i/MAXIGP0ACLK
  -------------------------------------------------------------------    -------------------
    PS7_X0Y0             PS7 (Prop_ps7_MAXIGP0ACLK_MAXIGP0WVALID)
                                                      1.334     5.141 r  u_week10_1_wrapper/week10_1_i/processing_system7_0/inst/PS7_i/MAXIGP0WVALID
                         net (fo=8, routed)           2.208     7.349    u_week10_1_wrapper/week10_1_i/ps7_0_axi_periph/xbar/inst/gen_sasd.crossbar_sasd_0/addr_arbiter_inst/s_axi_wvalid[0]
    SLICE_X14Y45         LUT5 (Prop_lut5_I1_O)        0.124     7.473 r  u_week10_1_wrapper/week10_1_i/ps7_0_axi_periph/xbar/inst/gen_sasd.crossbar_sasd_0/addr_arbiter_inst/m_axi_wvalid[1]_INST_0/O
                         net (fo=5, routed)           0.706     8.179    u_week10_1_wrapper/week10_1_i/axi_apb_bridge_0/U0/AXILITE_SLAVE_IF_MODULE/s_axi_wvalid
    SLICE_X13Y46         LUT6 (Prop_lut6_I2_O)        0.124     8.303 r  u_week10_1_wrapper/week10_1_i/axi_apb_bridge_0/U0/AXILITE_SLAVE_IF_MODULE/WREADY_i_i_1/O
                         net (fo=35, routed)          0.485     8.788    u_week10_1_wrapper/week10_1_i/axi_apb_bridge_0/U0/APB_MASTER_IF_MODULE/apb_wr_request
    SLICE_X10Y47         LUT2 (Prop_lut2_I1_O)        0.124     8.912 r  u_week10_1_wrapper/week10_1_i/axi_apb_bridge_0/U0/APB_MASTER_IF_MODULE/PWDATA_i[31]_i_1/O
                         net (fo=32, routed)          0.754     9.667    u_week10_1_wrapper/week10_1_i/axi_apb_bridge_0/U0/APB_MASTER_IF_MODULE/PWDATA_i[31]_i_1_n_0
    SLICE_X7Y46          FDRE                                         r  u_week10_1_wrapper/week10_1_i/axi_apb_bridge_0/U0/APB_MASTER_IF_MODULE/PWDATA_i_reg[12]/CE
  -------------------------------------------------------------------    -------------------

                         (clock clk_fpga_0 rise edge)
                                                     10.000    10.000 r  
    PS7_X0Y0             PS7                          0.000    10.000 r  u_week10_1_wrapper/week10_1_i/processing_system7_0/inst/PS7_i/FCLKCLK[0]
                         net (fo=1, routed)           1.666    11.666    u_week10_1_wrapper/week10_1_i/processing_system7_0/inst/FCLK_CLK_unbuffered[0]
    BUFGCTRL_X0Y16       BUFG (Prop_bufg_I_O)         0.091    11.757 r  u_week10_1_wrapper/week10_1_i/processing_system7_0/inst/buffer_fclk_clk_0.FCLK_CLK_0_BUFG/O
                         net (fo=990, routed)         1.509    13.267    u_week10_1_wrapper/week10_1_i/axi_apb_bridge_0/U0/APB_MASTER_IF_MODULE/s_axi_aclk
    SLICE_X7Y46          FDRE                                         r  u_week10_1_wrapper/week10_1_i/axi_apb_bridge_0/U0/APB_MASTER_IF_MODULE/PWDATA_i_reg[12]/C
                         clock pessimism              0.397    13.663    
                         clock uncertainty           -0.154    13.509    
    SLICE_X7Y46          FDRE (Setup_fdre_C_CE)      -0.205    13.304    u_week10_1_wrapper/week10_1_i/axi_apb_bridge_0/U0/APB_MASTER_IF_MODULE/PWDATA_i_reg[12]
  -------------------------------------------------------------------
                         required time                         13.304    
                         arrival time                          -9.667    
  -------------------------------------------------------------------
                         slack                                  3.637    

Slack (MET) :             3.637ns  (required time - arrival time)
  Source:                 u_week10_1_wrapper/week10_1_i/processing_system7_0/inst/PS7_i/MAXIGP0ACLK
                            (rising edge-triggered cell PS7 clocked by clk_fpga_0  {rise@0.000ns fall@5.000ns period=10.000ns})
  Destination:            u_week10_1_wrapper/week10_1_i/axi_apb_bridge_0/U0/APB_MASTER_IF_MODULE/PWDATA_i_reg[13]/CE
                            (rising edge-triggered cell FDRE clocked by clk_fpga_0  {rise@0.000ns fall@5.000ns period=10.000ns})
  Path Group:             clk_fpga_0
  Path Type:              Setup (Max at Slow Process Corner)
  Requirement:            10.000ns  (clk_fpga_0 rise@10.000ns - clk_fpga_0 rise@0.000ns)
  Data Path Delay:        5.860ns  (logic 1.706ns (29.115%)  route 4.154ns (70.885%))
  Logic Levels:           3  (LUT2=1 LUT5=1 LUT6=1)
  Clock Path Skew:        -0.144ns (DCD - SCD + CPR)
    Destination Clock Delay (DCD):    3.267ns = ( 13.267 - 10.000 ) 
    Source Clock Delay      (SCD):    3.807ns
    Clock Pessimism Removal (CPR):    0.397ns
  Clock Uncertainty:      0.154ns  ((TSJ^2 + TIJ^2)^1/2 + DJ) / 2 + PE
    Total System Jitter     (TSJ):    0.071ns
    Total Input Jitter      (TIJ):    0.300ns
    Discrete Jitter          (DJ):    0.000ns
    Phase Error              (PE):    0.000ns

    Location             Delay type                Incr(ns)  Path(ns)    Netlist Resource(s)
  -------------------------------------------------------------------    -------------------
                         (clock clk_fpga_0 rise edge)
                                                      0.000     0.000 r  
    PS7_X0Y0             PS7                          0.000     0.000 r  u_week10_1_wrapper/week10_1_i/processing_system7_0/inst/PS7_i/FCLKCLK[0]
                         net (fo=1, routed)           1.938     1.938    u_week10_1_wrapper/week10_1_i/processing_system7_0/inst/FCLK_CLK_unbuffered[0]
    BUFGCTRL_X0Y16       BUFG (Prop_bufg_I_O)         0.101     2.039 r  u_week10_1_wrapper/week10_1_i/processing_system7_0/inst/buffer_fclk_clk_0.FCLK_CLK_0_BUFG/O
                         net (fo=990, routed)         1.768     3.807    u_week10_1_wrapper/week10_1_i/processing_system7_0/inst/M_AXI_GP0_ACLK
    PS7_X0Y0             PS7                                          r  u_week10_1_wrapper/week10_1_i/processing_system7_0/inst/PS7_i/MAXIGP0ACLK
  -------------------------------------------------------------------    -------------------
    PS7_X0Y0             PS7 (Prop_ps7_MAXIGP0ACLK_MAXIGP0WVALID)
                                                      1.334     5.141 r  u_week10_1_wrapper/week10_1_i/processing_system7_0/inst/PS7_i/MAXIGP0WVALID
                         net (fo=8, routed)           2.208     7.349    u_week10_1_wrapper/week10_1_i/ps7_0_axi_periph/xbar/inst/gen_sasd.crossbar_sasd_0/addr_arbiter_inst/s_axi_wvalid[0]
    SLICE_X14Y45         LUT5 (Prop_lut5_I1_O)        0.124     7.473 r  u_week10_1_wrapper/week10_1_i/ps7_0_axi_periph/xbar/inst/gen_sasd.crossbar_sasd_0/addr_arbiter_inst/m_axi_wvalid[1]_INST_0/O
                         net (fo=5, routed)           0.706     8.179    u_week10_1_wrapper/week10_1_i/axi_apb_bridge_0/U0/AXILITE_SLAVE_IF_MODULE/s_axi_wvalid
    SLICE_X13Y46         LUT6 (Prop_lut6_I2_O)        0.124     8.303 r  u_week10_1_wrapper/week10_1_i/axi_apb_bridge_0/U0/AXILITE_SLAVE_IF_MODULE/WREADY_i_i_1/O
                         net (fo=35, routed)          0.485     8.788    u_week10_1_wrapper/week10_1_i/axi_apb_bridge_0/U0/APB_MASTER_IF_MODULE/apb_wr_request
    SLICE_X10Y47         LUT2 (Prop_lut2_I1_O)        0.124     8.912 r  u_week10_1_wrapper/week10_1_i/axi_apb_bridge_0/U0/APB_MASTER_IF_MODULE/PWDATA_i[31]_i_1/O
                         net (fo=32, routed)          0.754     9.667    u_week10_1_wrapper/week10_1_i/axi_apb_bridge_0/U0/APB_MASTER_IF_MODULE/PWDATA_i[31]_i_1_n_0
    SLICE_X7Y46          FDRE                                         r  u_week10_1_wrapper/week10_1_i/axi_apb_bridge_0/U0/APB_MASTER_IF_MODULE/PWDATA_i_reg[13]/CE
  -------------------------------------------------------------------    -------------------

                         (clock clk_fpga_0 rise edge)
                                                     10.000    10.000 r  
    PS7_X0Y0             PS7                          0.000    10.000 r  u_week10_1_wrapper/week10_1_i/processing_system7_0/inst/PS7_i/FCLKCLK[0]
                         net (fo=1, routed)           1.666    11.666    u_week10_1_wrapper/week10_1_i/processing_system7_0/inst/FCLK_CLK_unbuffered[0]
    BUFGCTRL_X0Y16       BUFG (Prop_bufg_I_O)         0.091    11.757 r  u_week10_1_wrapper/week10_1_i/processing_system7_0/inst/buffer_fclk_clk_0.FCLK_CLK_0_BUFG/O
                         net (fo=990, routed)         1.509    13.267    u_week10_1_wrapper/week10_1_i/axi_apb_bridge_0/U0/APB_MASTER_IF_MODULE/s_axi_aclk
    SLICE_X7Y46          FDRE                                         r  u_week10_1_wrapper/week10_1_i/axi_apb_bridge_0/U0/APB_MASTER_IF_MODULE/PWDATA_i_reg[13]/C
                         clock pessimism              0.397    13.663    
                         clock uncertainty           -0.154    13.509    
    SLICE_X7Y46          FDRE (Setup_fdre_C_CE)      -0.205    13.304    u_week10_1_wrapper/week10_1_i/axi_apb_bridge_0/U0/APB_MASTER_IF_MODULE/PWDATA_i_reg[13]
  -------------------------------------------------------------------
                         required time                         13.304    
                         arrival time                          -9.667    
  -------------------------------------------------------------------
                         slack                                  3.637    





Min Delay Paths
--------------------------------------------------------------------------------------
Slack (MET) :             0.029ns  (arrival time - required time)
  Source:                 u_week10_1_wrapper/week10_1_i/ps7_0_axi_periph/s00_couplers/auto_pc/inst/gen_axilite.gen_b2s_conv.axilite_b2s/SI_REG/aw.aw_pipe/m_payload_i_reg[21]/C
                            (rising edge-triggered cell FDRE clocked by clk_fpga_0  {rise@0.000ns fall@5.000ns period=10.000ns})
  Destination:            u_week10_1_wrapper/week10_1_i/ps7_0_axi_periph/xbar/inst/gen_sasd.crossbar_sasd_0/addr_arbiter_inst/gen_no_arbiter.m_amesg_i_reg[22]/D
                            (rising edge-triggered cell FDRE clocked by clk_fpga_0  {rise@0.000ns fall@5.000ns period=10.000ns})
  Path Group:             clk_fpga_0
  Path Type:              Hold (Min at Fast Process Corner)
  Requirement:            0.000ns  (clk_fpga_0 rise@0.000ns - clk_fpga_0 rise@0.000ns)
  Data Path Delay:        0.392ns  (logic 0.186ns (47.412%)  route 0.206ns (52.588%))
  Logic Levels:           1  (LUT4=1)
  Clock Path Skew:        0.272ns (DCD - SCD - CPR)
    Destination Clock Delay (DCD):    1.802ns
    Source Clock Delay      (SCD):    1.412ns
    Clock Pessimism Removal (CPR):    0.118ns

    Location             Delay type                Incr(ns)  Path(ns)    Netlist Resource(s)
  -------------------------------------------------------------------    -------------------
                         (clock clk_fpga_0 rise edge)
                                                      0.000     0.000 r  
    PS7_X0Y0             PS7                          0.000     0.000 r  u_week10_1_wrapper/week10_1_i/processing_system7_0/inst/PS7_i/FCLKCLK[0]
                         net (fo=1, routed)           0.804     0.804    u_week10_1_wrapper/week10_1_i/processing_system7_0/inst/FCLK_CLK_unbuffered[0]
    BUFGCTRL_X0Y16       BUFG (Prop_bufg_I_O)         0.026     0.830 r  u_week10_1_wrapper/week10_1_i/processing_system7_0/inst/buffer_fclk_clk_0.FCLK_CLK_0_BUFG/O
                         net (fo=990, routed)         0.582     1.412    u_week10_1_wrapper/week10_1_i/ps7_0_axi_periph/s00_couplers/auto_pc/inst/gen_axilite.gen_b2s_conv.axilite_b2s/SI_REG/aw.aw_pipe/aclk
    SLICE_X2Y50          FDRE                                         r  u_week10_1_wrapper/week10_1_i/ps7_0_axi_periph/s00_couplers/auto_pc/inst/gen_axilite.gen_b2s_conv.axilite_b2s/SI_REG/aw.aw_pipe/m_payload_i_reg[21]/C
  -------------------------------------------------------------------    -------------------
    SLICE_X2Y50          FDRE (Prop_fdre_C_Q)         0.141     1.553 r  u_week10_1_wrapper/week10_1_i/ps7_0_axi_periph/s00_couplers/auto_pc/inst/gen_axilite.gen_b2s_conv.axilite_b2s/SI_REG/aw.aw_pipe/m_payload_i_reg[21]/Q
                         net (fo=1, routed)           0.206     1.759    u_week10_1_wrapper/week10_1_i/ps7_0_axi_periph/xbar/inst/gen_sasd.crossbar_sasd_0/addr_arbiter_inst/s_axi_awaddr[21]
    SLICE_X1Y47          LUT4 (Prop_lut4_I3_O)        0.045     1.804 r  u_week10_1_wrapper/week10_1_i/ps7_0_axi_periph/xbar/inst/gen_sasd.crossbar_sasd_0/addr_arbiter_inst/gen_no_arbiter.m_amesg_i[22]_i_1/O
                         net (fo=1, routed)           0.000     1.804    u_week10_1_wrapper/week10_1_i/ps7_0_axi_periph/xbar/inst/gen_sasd.crossbar_sasd_0/addr_arbiter_inst/s_amesg[22]
    SLICE_X1Y47          FDRE                                         r  u_week10_1_wrapper/week10_1_i/ps7_0_axi_periph/xbar/inst/gen_sasd.crossbar_sasd_0/addr_arbiter_inst/gen_no_arbiter.m_amesg_i_reg[22]/D
  -------------------------------------------------------------------    -------------------

                         (clock clk_fpga_0 rise edge)
                                                      0.000     0.000 r  
    PS7_X0Y0             PS7                          0.000     0.000 r  u_week10_1_wrapper/week10_1_i/processing_system7_0/inst/PS7_i/FCLKCLK[0]
                         net (fo=1, routed)           0.919     0.919    u_week10_1_wrapper/week10_1_i/processing_system7_0/inst/FCLK_CLK_unbuffered[0]
    BUFGCTRL_X0Y16       BUFG (Prop_bufg_I_O)         0.029     0.948 r  u_week10_1_wrapper/week10_1_i/processing_system7_0/inst/buffer_fclk_clk_0.FCLK_CLK_0_BUFG/O
                         net (fo=990, routed)         0.854     1.802    u_week10_1_wrapper/week10_1_i/ps7_0_axi_periph/xbar/inst/gen_sasd.crossbar_sasd_0/addr_arbiter_inst/aclk
    SLICE_X1Y47          FDRE                                         r  u_week10_1_wrapper/week10_1_i/ps7_0_axi_periph/xbar/inst/gen_sasd.crossbar_sasd_0/addr_arbiter_inst/gen_no_arbiter.m_amesg_i_reg[22]/C
                         clock pessimism             -0.118     1.684    
    SLICE_X1Y47          FDRE (Hold_fdre_C_D)         0.091     1.775    u_week10_1_wrapper/week10_1_i/ps7_0_axi_periph/xbar/inst/gen_sasd.crossbar_sasd_0/addr_arbiter_inst/gen_no_arbiter.m_amesg_i_reg[22]
  -------------------------------------------------------------------
                         required time                         -1.775    
                         arrival time                           1.804    
  -------------------------------------------------------------------
                         slack                                  0.029    

Slack (MET) :             0.040ns  (arrival time - required time)
  Source:                 u_week10_1_wrapper/week10_1_i/ps7_0_axi_periph/s00_couplers/auto_pc/inst/gen_axilite.gen_b2s_conv.axilite_b2s/SI_REG/aw.aw_pipe/m_payload_i_reg[51]/C
                            (rising edge-triggered cell FDRE clocked by clk_fpga_0  {rise@0.000ns fall@5.000ns period=10.000ns})
  Destination:            u_week10_1_wrapper/week10_1_i/ps7_0_axi_periph/s00_couplers/auto_pc/inst/gen_axilite.gen_b2s_conv.axilite_b2s/WR.aw_channel_0/s_awid_r_reg[1]/D
                            (rising edge-triggered cell FDRE clocked by clk_fpga_0  {rise@0.000ns fall@5.000ns period=10.000ns})
  Path Group:             clk_fpga_0
  Path Type:              Hold (Min at Fast Process Corner)
  Requirement:            0.000ns  (clk_fpga_0 rise@0.000ns - clk_fpga_0 rise@0.000ns)
  Data Path Delay:        0.297ns  (logic 0.128ns (43.061%)  route 0.169ns (56.939%))
  Logic Levels:           0  
  Clock Path Skew:        0.263ns (DCD - SCD - CPR)
    Destination Clock Delay (DCD):    1.799ns
    Source Clock Delay      (SCD):    1.418ns
    Clock Pessimism Removal (CPR):    0.118ns

    Location             Delay type                Incr(ns)  Path(ns)    Netlist Resource(s)
  -------------------------------------------------------------------    -------------------
                         (clock clk_fpga_0 rise edge)
                                                      0.000     0.000 r  
    PS7_X0Y0             PS7                          0.000     0.000 r  u_week10_1_wrapper/week10_1_i/processing_system7_0/inst/PS7_i/FCLKCLK[0]
                         net (fo=1, routed)           0.804     0.804    u_week10_1_wrapper/week10_1_i/processing_system7_0/inst/FCLK_CLK_unbuffered[0]
    BUFGCTRL_X0Y16       BUFG (Prop_bufg_I_O)         0.026     0.830 r  u_week10_1_wrapper/week10_1_i/processing_system7_0/inst/buffer_fclk_clk_0.FCLK_CLK_0_BUFG/O
                         net (fo=990, routed)         0.588     1.418    u_week10_1_wrapper/week10_1_i/ps7_0_axi_periph/s00_couplers/auto_pc/inst/gen_axilite.gen_b2s_conv.axilite_b2s/SI_REG/aw.aw_pipe/aclk
    SLICE_X5Y48          FDRE                                         r  u_week10_1_wrapper/week10_1_i/ps7_0_axi_periph/s00_couplers/auto_pc/inst/gen_axilite.gen_b2s_conv.axilite_b2s/SI_REG/aw.aw_pipe/m_payload_i_reg[51]/C
  -------------------------------------------------------------------    -------------------
    SLICE_X5Y48          FDRE (Prop_fdre_C_Q)         0.128     1.546 r  u_week10_1_wrapper/week10_1_i/ps7_0_axi_periph/s00_couplers/auto_pc/inst/gen_axilite.gen_b2s_conv.axilite_b2s/SI_REG/aw.aw_pipe/m_payload_i_reg[51]/Q
                         net (fo=1, routed)           0.169     1.715    u_week10_1_wrapper/week10_1_i/ps7_0_axi_periph/s00_couplers/auto_pc/inst/gen_axilite.gen_b2s_conv.axilite_b2s/WR.aw_channel_0/s_awid_r_reg[11]_0[20]
    SLICE_X5Y51          FDRE                                         r  u_week10_1_wrapper/week10_1_i/ps7_0_axi_periph/s00_couplers/auto_pc/inst/gen_axilite.gen_b2s_conv.axilite_b2s/WR.aw_channel_0/s_awid_r_reg[1]/D
  -------------------------------------------------------------------    -------------------

                         (clock clk_fpga_0 rise edge)
                                                      0.000     0.000 r  
    PS7_X0Y0             PS7                          0.000     0.000 r  u_week10_1_wrapper/week10_1_i/processing_system7_0/inst/PS7_i/FCLKCLK[0]
                         net (fo=1, routed)           0.919     0.919    u_week10_1_wrapper/week10_1_i/processing_system7_0/inst/FCLK_CLK_unbuffered[0]
    BUFGCTRL_X0Y16       BUFG (Prop_bufg_I_O)         0.029     0.948 r  u_week10_1_wrapper/week10_1_i/processing_system7_0/inst/buffer_fclk_clk_0.FCLK_CLK_0_BUFG/O
                         net (fo=990, routed)         0.851     1.799    u_week10_1_wrapper/week10_1_i/ps7_0_axi_periph/s00_couplers/auto_pc/inst/gen_axilite.gen_b2s_conv.axilite_b2s/WR.aw_channel_0/aclk
    SLICE_X5Y51          FDRE                                         r  u_week10_1_wrapper/week10_1_i/ps7_0_axi_periph/s00_couplers/auto_pc/inst/gen_axilite.gen_b2s_conv.axilite_b2s/WR.aw_channel_0/s_awid_r_reg[1]/C
                         clock pessimism             -0.118     1.681    
    SLICE_X5Y51          FDRE (Hold_fdre_C_D)        -0.006     1.675    u_week10_1_wrapper/week10_1_i/ps7_0_axi_periph/s00_couplers/auto_pc/inst/gen_axilite.gen_b2s_conv.axilite_b2s/WR.aw_channel_0/s_awid_r_reg[1]
  -------------------------------------------------------------------
                         required time                         -1.675    
                         arrival time                           1.715    
  -------------------------------------------------------------------
                         slack                                  0.040    

Slack (MET) :             0.049ns  (arrival time - required time)
  Source:                 u_week10_1_wrapper/week10_1_i/ps7_0_axi_periph/s00_couplers/auto_pc/inst/gen_axilite.gen_b2s_conv.axilite_b2s/SI_REG/aw.aw_pipe/m_payload_i_reg[31]/C
                            (rising edge-triggered cell FDRE clocked by clk_fpga_0  {rise@0.000ns fall@5.000ns period=10.000ns})
  Destination:            u_week10_1_wrapper/week10_1_i/ps7_0_axi_periph/xbar/inst/gen_sasd.crossbar_sasd_0/addr_arbiter_inst/gen_no_arbiter.m_amesg_i_reg[32]/D
                            (rising edge-triggered cell FDRE clocked by clk_fpga_0  {rise@0.000ns fall@5.000ns period=10.000ns})
  Path Group:             clk_fpga_0
  Path Type:              Hold (Min at Fast Process Corner)
  Requirement:            0.000ns  (clk_fpga_0 rise@0.000ns - clk_fpga_0 rise@0.000ns)
  Data Path Delay:        0.415ns  (logic 0.186ns (44.780%)  route 0.229ns (55.220%))
  Logic Levels:           1  (LUT4=1)
  Clock Path Skew:        0.274ns (DCD - SCD - CPR)
    Destination Clock Delay (DCD):    1.804ns
    Source Clock Delay      (SCD):    1.412ns
    Clock Pessimism Removal (CPR):    0.118ns

    Location             Delay type                Incr(ns)  Path(ns)    Netlist Resource(s)
  -------------------------------------------------------------------    -------------------
                         (clock clk_fpga_0 rise edge)
                                                      0.000     0.000 r  
    PS7_X0Y0             PS7                          0.000     0.000 r  u_week10_1_wrapper/week10_1_i/processing_system7_0/inst/PS7_i/FCLKCLK[0]
                         net (fo=1, routed)           0.804     0.804    u_week10_1_wrapper/week10_1_i/processing_system7_0/inst/FCLK_CLK_unbuffered[0]
    BUFGCTRL_X0Y16       BUFG (Prop_bufg_I_O)         0.026     0.830 r  u_week10_1_wrapper/week10_1_i/processing_system7_0/inst/buffer_fclk_clk_0.FCLK_CLK_0_BUFG/O
                         net (fo=990, routed)         0.582     1.412    u_week10_1_wrapper/week10_1_i/ps7_0_axi_periph/s00_couplers/auto_pc/inst/gen_axilite.gen_b2s_conv.axilite_b2s/SI_REG/aw.aw_pipe/aclk
    SLICE_X2Y50          FDRE                                         r  u_week10_1_wrapper/week10_1_i/ps7_0_axi_periph/s00_couplers/auto_pc/inst/gen_axilite.gen_b2s_conv.axilite_b2s/SI_REG/aw.aw_pipe/m_payload_i_reg[31]/C
  -------------------------------------------------------------------    -------------------
    SLICE_X2Y50          FDRE (Prop_fdre_C_Q)         0.141     1.553 r  u_week10_1_wrapper/week10_1_i/ps7_0_axi_periph/s00_couplers/auto_pc/inst/gen_axilite.gen_b2s_conv.axilite_b2s/SI_REG/aw.aw_pipe/m_payload_i_reg[31]/Q
                         net (fo=1, routed)           0.229     1.782    u_week10_1_wrapper/week10_1_i/ps7_0_axi_periph/xbar/inst/gen_sasd.crossbar_sasd_0/addr_arbiter_inst/s_axi_awaddr[31]
    SLICE_X2Y49          LUT4 (Prop_lut4_I3_O)        0.045     1.827 r  u_week10_1_wrapper/week10_1_i/ps7_0_axi_periph/xbar/inst/gen_sasd.crossbar_sasd_0/addr_arbiter_inst/gen_no_arbiter.m_amesg_i[32]_i_2/O
                         net (fo=1, routed)           0.000     1.827    u_week10_1_wrapper/week10_1_i/ps7_0_axi_periph/xbar/inst/gen_sasd.crossbar_sasd_0/addr_arbiter_inst/s_amesg[32]
    SLICE_X2Y49          FDRE                                         r  u_week10_1_wrapper/week10_1_i/ps7_0_axi_periph/xbar/inst/gen_sasd.crossbar_sasd_0/addr_arbiter_inst/gen_no_arbiter.m_amesg_i_reg[32]/D
  -------------------------------------------------------------------    -------------------

                         (clock clk_fpga_0 rise edge)
                                                      0.000     0.000 r  
    PS7_X0Y0             PS7                          0.000     0.000 r  u_week10_1_wrapper/week10_1_i/processing_system7_0/inst/PS7_i/FCLKCLK[0]
                         net (fo=1, routed)           0.919     0.919    u_week10_1_wrapper/week10_1_i/processing_system7_0/inst/FCLK_CLK_unbuffered[0]
    BUFGCTRL_X0Y16       BUFG (Prop_bufg_I_O)         0.029     0.948 r  u_week10_1_wrapper/week10_1_i/processing_system7_0/inst/buffer_fclk_clk_0.FCLK_CLK_0_BUFG/O
                         net (fo=990, routed)         0.856     1.804    u_week10_1_wrapper/week10_1_i/ps7_0_axi_periph/xbar/inst/gen_sasd.crossbar_sasd_0/addr_arbiter_inst/aclk
    SLICE_X2Y49          FDRE                                         r  u_week10_1_wrapper/week10_1_i/ps7_0_axi_periph/xbar/inst/gen_sasd.crossbar_sasd_0/addr_arbiter_inst/gen_no_arbiter.m_amesg_i_reg[32]/C
                         clock pessimism             -0.118     1.686    
    SLICE_X2Y49          FDRE (Hold_fdre_C_D)         0.092     1.778    u_week10_1_wrapper/week10_1_i/ps7_0_axi_periph/xbar/inst/gen_sasd.crossbar_sasd_0/addr_arbiter_inst/gen_no_arbiter.m_amesg_i_reg[32]
  -------------------------------------------------------------------
                         required time                         -1.778    
                         arrival time                           1.827    
  -------------------------------------------------------------------
                         slack                                  0.049    

Slack (MET) :             0.078ns  (arrival time - required time)
  Source:                 u_week10_1_wrapper/week10_1_i/ps7_0_axi_periph/s00_couplers/auto_pc/inst/gen_axilite.gen_b2s_conv.axilite_b2s/SI_REG/aw.aw_pipe/m_payload_i_reg[28]/C
                            (rising edge-triggered cell FDRE clocked by clk_fpga_0  {rise@0.000ns fall@5.000ns period=10.000ns})
  Destination:            u_week10_1_wrapper/week10_1_i/ps7_0_axi_periph/xbar/inst/gen_sasd.crossbar_sasd_0/addr_arbiter_inst/gen_no_arbiter.m_amesg_i_reg[29]/D
                            (rising edge-triggered cell FDRE clocked by clk_fpga_0  {rise@0.000ns fall@5.000ns period=10.000ns})
  Path Group:             clk_fpga_0
  Path Type:              Hold (Min at Fast Process Corner)
  Requirement:            0.000ns  (clk_fpga_0 rise@0.000ns - clk_fpga_0 rise@0.000ns)
  Data Path Delay:        0.445ns  (logic 0.226ns (50.820%)  route 0.219ns (49.180%))
  Logic Levels:           1  (LUT4=1)
  Clock Path Skew:        0.274ns (DCD - SCD - CPR)
    Destination Clock Delay (DCD):    1.804ns
    Source Clock Delay      (SCD):    1.412ns
    Clock Pessimism Removal (CPR):    0.118ns

    Location             Delay type                Incr(ns)  Path(ns)    Netlist Resource(s)
  -------------------------------------------------------------------    -------------------
                         (clock clk_fpga_0 rise edge)
                                                      0.000     0.000 r  
    PS7_X0Y0             PS7                          0.000     0.000 r  u_week10_1_wrapper/week10_1_i/processing_system7_0/inst/PS7_i/FCLKCLK[0]
                         net (fo=1, routed)           0.804     0.804    u_week10_1_wrapper/week10_1_i/processing_system7_0/inst/FCLK_CLK_unbuffered[0]
    BUFGCTRL_X0Y16       BUFG (Prop_bufg_I_O)         0.026     0.830 r  u_week10_1_wrapper/week10_1_i/processing_system7_0/inst/buffer_fclk_clk_0.FCLK_CLK_0_BUFG/O
                         net (fo=990, routed)         0.582     1.412    u_week10_1_wrapper/week10_1_i/ps7_0_axi_periph/s00_couplers/auto_pc/inst/gen_axilite.gen_b2s_conv.axilite_b2s/SI_REG/aw.aw_pipe/aclk
    SLICE_X2Y50          FDRE                                         r  u_week10_1_wrapper/week10_1_i/ps7_0_axi_periph/s00_couplers/auto_pc/inst/gen_axilite.gen_b2s_conv.axilite_b2s/SI_REG/aw.aw_pipe/m_payload_i_reg[28]/C
  -------------------------------------------------------------------    -------------------
    SLICE_X2Y50          FDRE (Prop_fdre_C_Q)         0.128     1.540 r  u_week10_1_wrapper/week10_1_i/ps7_0_axi_periph/s00_couplers/auto_pc/inst/gen_axilite.gen_b2s_conv.axilite_b2s/SI_REG/aw.aw_pipe/m_payload_i_reg[28]/Q
                         net (fo=1, routed)           0.219     1.759    u_week10_1_wrapper/week10_1_i/ps7_0_axi_periph/xbar/inst/gen_sasd.crossbar_sasd_0/addr_arbiter_inst/s_axi_awaddr[28]
    SLICE_X2Y49          LUT4 (Prop_lut4_I3_O)        0.098     1.857 r  u_week10_1_wrapper/week10_1_i/ps7_0_axi_periph/xbar/inst/gen_sasd.crossbar_sasd_0/addr_arbiter_inst/gen_no_arbiter.m_amesg_i[29]_i_1/O
                         net (fo=1, routed)           0.000     1.857    u_week10_1_wrapper/week10_1_i/ps7_0_axi_periph/xbar/inst/gen_sasd.crossbar_sasd_0/addr_arbiter_inst/s_amesg[29]
    SLICE_X2Y49          FDRE                                         r  u_week10_1_wrapper/week10_1_i/ps7_0_axi_periph/xbar/inst/gen_sasd.crossbar_sasd_0/addr_arbiter_inst/gen_no_arbiter.m_amesg_i_reg[29]/D
  -------------------------------------------------------------------    -------------------

                         (clock clk_fpga_0 rise edge)
                                                      0.000     0.000 r  
    PS7_X0Y0             PS7                          0.000     0.000 r  u_week10_1_wrapper/week10_1_i/processing_system7_0/inst/PS7_i/FCLKCLK[0]
                         net (fo=1, routed)           0.919     0.919    u_week10_1_wrapper/week10_1_i/processing_system7_0/inst/FCLK_CLK_unbuffered[0]
    BUFGCTRL_X0Y16       BUFG (Prop_bufg_I_O)         0.029     0.948 r  u_week10_1_wrapper/week10_1_i/processing_system7_0/inst/buffer_fclk_clk_0.FCLK_CLK_0_BUFG/O
                         net (fo=990, routed)         0.856     1.804    u_week10_1_wrapper/week10_1_i/ps7_0_axi_periph/xbar/inst/gen_sasd.crossbar_sasd_0/addr_arbiter_inst/aclk
    SLICE_X2Y49          FDRE                                         r  u_week10_1_wrapper/week10_1_i/ps7_0_axi_periph/xbar/inst/gen_sasd.crossbar_sasd_0/addr_arbiter_inst/gen_no_arbiter.m_amesg_i_reg[29]/C
                         clock pessimism             -0.118     1.686    
    SLICE_X2Y49          FDRE (Hold_fdre_C_D)         0.092     1.778    u_week10_1_wrapper/week10_1_i/ps7_0_axi_periph/xbar/inst/gen_sasd.crossbar_sasd_0/addr_arbiter_inst/gen_no_arbiter.m_amesg_i_reg[29]
  -------------------------------------------------------------------
                         required time                         -1.778    
                         arrival time                           1.857    
  -------------------------------------------------------------------
                         slack                                  0.078    

Slack (MET) :             0.082ns  (arrival time - required time)
  Source:                 u_week10_1_wrapper/week10_1_i/ps7_0_axi_periph/s00_couplers/auto_pc/inst/gen_axilite.gen_b2s_conv.axilite_b2s/SI_REG/b.b_pipe/m_payload_i_reg[1]/C
                            (rising edge-triggered cell FDRE clocked by clk_fpga_0  {rise@0.000ns fall@5.000ns period=10.000ns})
  Destination:            u_week10_1_wrapper/week10_1_i/processing_system7_0/inst/PS7_i/MAXIGP0BRESP[1]
                            (rising edge-triggered cell PS7 clocked by clk_fpga_0  {rise@0.000ns fall@5.000ns period=10.000ns})
  Path Group:             clk_fpga_0
  Path Type:              Hold (Min at Fast Process Corner)
  Requirement:            0.000ns  (clk_fpga_0 rise@0.000ns - clk_fpga_0 rise@0.000ns)
  Data Path Delay:        0.342ns  (logic 0.148ns (43.227%)  route 0.194ns (56.773%))
  Logic Levels:           0  
  Clock Path Skew:        0.313ns (DCD - SCD - CPR)
    Destination Clock Delay (DCD):    1.843ns
    Source Clock Delay      (SCD):    1.412ns
    Clock Pessimism Removal (CPR):    0.118ns

    Location             Delay type                Incr(ns)  Path(ns)    Netlist Resource(s)
  -------------------------------------------------------------------    -------------------
                         (clock clk_fpga_0 rise edge)
                                                      0.000     0.000 r  
    PS7_X0Y0             PS7                          0.000     0.000 r  u_week10_1_wrapper/week10_1_i/processing_system7_0/inst/PS7_i/FCLKCLK[0]
                         net (fo=1, routed)           0.804     0.804    u_week10_1_wrapper/week10_1_i/processing_system7_0/inst/FCLK_CLK_unbuffered[0]
    BUFGCTRL_X0Y16       BUFG (Prop_bufg_I_O)         0.026     0.830 r  u_week10_1_wrapper/week10_1_i/processing_system7_0/inst/buffer_fclk_clk_0.FCLK_CLK_0_BUFG/O
                         net (fo=990, routed)         0.582     1.412    u_week10_1_wrapper/week10_1_i/ps7_0_axi_periph/s00_couplers/auto_pc/inst/gen_axilite.gen_b2s_conv.axilite_b2s/SI_REG/b.b_pipe/aclk
    SLICE_X4Y50          FDRE                                         r  u_week10_1_wrapper/week10_1_i/ps7_0_axi_periph/s00_couplers/auto_pc/inst/gen_axilite.gen_b2s_conv.axilite_b2s/SI_REG/b.b_pipe/m_payload_i_reg[1]/C
  -------------------------------------------------------------------    -------------------
    SLICE_X4Y50          FDRE (Prop_fdre_C_Q)         0.148     1.560 r  u_week10_1_wrapper/week10_1_i/ps7_0_axi_periph/s00_couplers/auto_pc/inst/gen_axilite.gen_b2s_conv.axilite_b2s/SI_REG/b.b_pipe/m_payload_i_reg[1]/Q
                         net (fo=1, routed)           0.194     1.754    u_week10_1_wrapper/week10_1_i/processing_system7_0/inst/M_AXI_GP0_BRESP[1]
    PS7_X0Y0             PS7                                          r  u_week10_1_wrapper/week10_1_i/processing_system7_0/inst/PS7_i/MAXIGP0BRESP[1]
  -------------------------------------------------------------------    -------------------

                         (clock clk_fpga_0 rise edge)
                                                      0.000     0.000 r  
    PS7_X0Y0             PS7                          0.000     0.000 r  u_week10_1_wrapper/week10_1_i/processing_system7_0/inst/PS7_i/FCLKCLK[0]
                         net (fo=1, routed)           0.919     0.919    u_week10_1_wrapper/week10_1_i/processing_system7_0/inst/FCLK_CLK_unbuffered[0]
    BUFGCTRL_X0Y16       BUFG (Prop_bufg_I_O)         0.029     0.948 r  u_week10_1_wrapper/week10_1_i/processing_system7_0/inst/buffer_fclk_clk_0.FCLK_CLK_0_BUFG/O
                         net (fo=990, routed)         0.895     1.843    u_week10_1_wrapper/week10_1_i/processing_system7_0/inst/M_AXI_GP0_ACLK
    PS7_X0Y0             PS7                                          r  u_week10_1_wrapper/week10_1_i/processing_system7_0/inst/PS7_i/MAXIGP0ACLK
                         clock pessimism             -0.118     1.725    
    PS7_X0Y0             PS7 (Hold_ps7_MAXIGP0ACLK_MAXIGP0BRESP[1])
                                                     -0.053     1.672    u_week10_1_wrapper/week10_1_i/processing_system7_0/inst/PS7_i
  -------------------------------------------------------------------
                         required time                         -1.672    
                         arrival time                           1.754    
  -------------------------------------------------------------------
                         slack                                  0.082    

Slack (MET) :             0.084ns  (arrival time - required time)
  Source:                 u_week10_1_wrapper/week10_1_i/ps7_0_axi_periph/s00_couplers/auto_pc/inst/gen_axilite.gen_b2s_conv.axilite_b2s/SI_REG/b.b_pipe/m_payload_i_reg[0]/C
                            (rising edge-triggered cell FDRE clocked by clk_fpga_0  {rise@0.000ns fall@5.000ns period=10.000ns})
  Destination:            u_week10_1_wrapper/week10_1_i/processing_system7_0/inst/PS7_i/MAXIGP0BRESP[0]
                            (rising edge-triggered cell PS7 clocked by clk_fpga_0  {rise@0.000ns fall@5.000ns period=10.000ns})
  Path Group:             clk_fpga_0
  Path Type:              Hold (Min at Fast Process Corner)
  Requirement:            0.000ns  (clk_fpga_0 rise@0.000ns - clk_fpga_0 rise@0.000ns)
  Data Path Delay:        0.397ns  (logic 0.164ns (41.290%)  route 0.233ns (58.710%))
  Logic Levels:           0  
  Clock Path Skew:        0.313ns (DCD - SCD - CPR)
    Destination Clock Delay (DCD):    1.843ns
    Source Clock Delay      (SCD):    1.412ns
    Clock Pessimism Removal (CPR):    0.118ns

    Location             Delay type                Incr(ns)  Path(ns)    Netlist Resource(s)
  -------------------------------------------------------------------    -------------------
                         (clock clk_fpga_0 rise edge)
                                                      0.000     0.000 r  
    PS7_X0Y0             PS7                          0.000     0.000 r  u_week10_1_wrapper/week10_1_i/processing_system7_0/inst/PS7_i/FCLKCLK[0]
                         net (fo=1, routed)           0.804     0.804    u_week10_1_wrapper/week10_1_i/processing_system7_0/inst/FCLK_CLK_unbuffered[0]
    BUFGCTRL_X0Y16       BUFG (Prop_bufg_I_O)         0.026     0.830 r  u_week10_1_wrapper/week10_1_i/processing_system7_0/inst/buffer_fclk_clk_0.FCLK_CLK_0_BUFG/O
                         net (fo=990, routed)         0.582     1.412    u_week10_1_wrapper/week10_1_i/ps7_0_axi_periph/s00_couplers/auto_pc/inst/gen_axilite.gen_b2s_conv.axilite_b2s/SI_REG/b.b_pipe/aclk
    SLICE_X4Y50          FDRE                                         r  u_week10_1_wrapper/week10_1_i/ps7_0_axi_periph/s00_couplers/auto_pc/inst/gen_axilite.gen_b2s_conv.axilite_b2s/SI_REG/b.b_pipe/m_payload_i_reg[0]/C
  -------------------------------------------------------------------    -------------------
    SLICE_X4Y50          FDRE (Prop_fdre_C_Q)         0.164     1.576 r  u_week10_1_wrapper/week10_1_i/ps7_0_axi_periph/s00_couplers/auto_pc/inst/gen_axilite.gen_b2s_conv.axilite_b2s/SI_REG/b.b_pipe/m_payload_i_reg[0]/Q
                         net (fo=1, routed)           0.233     1.809    u_week10_1_wrapper/week10_1_i/processing_system7_0/inst/M_AXI_GP0_BRESP[0]
    PS7_X0Y0             PS7                                          r  u_week10_1_wrapper/week10_1_i/processing_system7_0/inst/PS7_i/MAXIGP0BRESP[0]
  -------------------------------------------------------------------    -------------------

                         (clock clk_fpga_0 rise edge)
                                                      0.000     0.000 r  
    PS7_X0Y0             PS7                          0.000     0.000 r  u_week10_1_wrapper/week10_1_i/processing_system7_0/inst/PS7_i/FCLKCLK[0]
                         net (fo=1, routed)           0.919     0.919    u_week10_1_wrapper/week10_1_i/processing_system7_0/inst/FCLK_CLK_unbuffered[0]
    BUFGCTRL_X0Y16       BUFG (Prop_bufg_I_O)         0.029     0.948 r  u_week10_1_wrapper/week10_1_i/processing_system7_0/inst/buffer_fclk_clk_0.FCLK_CLK_0_BUFG/O
                         net (fo=990, routed)         0.895     1.843    u_week10_1_wrapper/week10_1_i/processing_system7_0/inst/M_AXI_GP0_ACLK
    PS7_X0Y0             PS7                                          r  u_week10_1_wrapper/week10_1_i/processing_system7_0/inst/PS7_i/MAXIGP0ACLK
                         clock pessimism             -0.118     1.725    
    PS7_X0Y0             PS7 (Hold_ps7_MAXIGP0ACLK_MAXIGP0BRESP[0])
                                                      0.000     1.725    u_week10_1_wrapper/week10_1_i/processing_system7_0/inst/PS7_i
  -------------------------------------------------------------------
                         required time                         -1.725    
                         arrival time                           1.809    
  -------------------------------------------------------------------
                         slack                                  0.084    

Slack (MET) :             0.086ns  (arrival time - required time)
  Source:                 u_week10_1_wrapper/week10_1_i/ps7_0_axi_periph/s00_couplers/auto_pc/inst/gen_axilite.gen_b2s_conv.axilite_b2s/SI_REG/aw.aw_pipe/m_payload_i_reg[30]/C
                            (rising edge-triggered cell FDRE clocked by clk_fpga_0  {rise@0.000ns fall@5.000ns period=10.000ns})
  Destination:            u_week10_1_wrapper/week10_1_i/ps7_0_axi_periph/xbar/inst/gen_sasd.crossbar_sasd_0/addr_arbiter_inst/gen_no_arbiter.m_amesg_i_reg[31]/D
                            (rising edge-triggered cell FDRE clocked by clk_fpga_0  {rise@0.000ns fall@5.000ns period=10.000ns})
  Path Group:             clk_fpga_0
  Path Type:              Hold (Min at Fast Process Corner)
  Requirement:            0.000ns  (clk_fpga_0 rise@0.000ns - clk_fpga_0 rise@0.000ns)
  Data Path Delay:        0.452ns  (logic 0.227ns (50.209%)  route 0.225ns (49.791%))
  Logic Levels:           1  (LUT4=1)
  Clock Path Skew:        0.274ns (DCD - SCD - CPR)
    Destination Clock Delay (DCD):    1.804ns
    Source Clock Delay      (SCD):    1.412ns
    Clock Pessimism Removal (CPR):    0.118ns

    Location             Delay type                Incr(ns)  Path(ns)    Netlist Resource(s)
  -------------------------------------------------------------------    -------------------
                         (clock clk_fpga_0 rise edge)
                                                      0.000     0.000 r  
    PS7_X0Y0             PS7                          0.000     0.000 r  u_week10_1_wrapper/week10_1_i/processing_system7_0/inst/PS7_i/FCLKCLK[0]
                         net (fo=1, routed)           0.804     0.804    u_week10_1_wrapper/week10_1_i/processing_system7_0/inst/FCLK_CLK_unbuffered[0]
    BUFGCTRL_X0Y16       BUFG (Prop_bufg_I_O)         0.026     0.830 r  u_week10_1_wrapper/week10_1_i/processing_system7_0/inst/buffer_fclk_clk_0.FCLK_CLK_0_BUFG/O
                         net (fo=990, routed)         0.582     1.412    u_week10_1_wrapper/week10_1_i/ps7_0_axi_periph/s00_couplers/auto_pc/inst/gen_axilite.gen_b2s_conv.axilite_b2s/SI_REG/aw.aw_pipe/aclk
    SLICE_X2Y51          FDRE                                         r  u_week10_1_wrapper/week10_1_i/ps7_0_axi_periph/s00_couplers/auto_pc/inst/gen_axilite.gen_b2s_conv.axilite_b2s/SI_REG/aw.aw_pipe/m_payload_i_reg[30]/C
  -------------------------------------------------------------------    -------------------
    SLICE_X2Y51          FDRE (Prop_fdre_C_Q)         0.128     1.540 r  u_week10_1_wrapper/week10_1_i/ps7_0_axi_periph/s00_couplers/auto_pc/inst/gen_axilite.gen_b2s_conv.axilite_b2s/SI_REG/aw.aw_pipe/m_payload_i_reg[30]/Q
                         net (fo=1, routed)           0.225     1.765    u_week10_1_wrapper/week10_1_i/ps7_0_axi_periph/xbar/inst/gen_sasd.crossbar_sasd_0/addr_arbiter_inst/s_axi_awaddr[30]
    SLICE_X2Y49          LUT4 (Prop_lut4_I3_O)        0.099     1.864 r  u_week10_1_wrapper/week10_1_i/ps7_0_axi_periph/xbar/inst/gen_sasd.crossbar_sasd_0/addr_arbiter_inst/gen_no_arbiter.m_amesg_i[31]_i_1/O
                         net (fo=1, routed)           0.000     1.864    u_week10_1_wrapper/week10_1_i/ps7_0_axi_periph/xbar/inst/gen_sasd.crossbar_sasd_0/addr_arbiter_inst/s_amesg[31]
    SLICE_X2Y49          FDRE                                         r  u_week10_1_wrapper/week10_1_i/ps7_0_axi_periph/xbar/inst/gen_sasd.crossbar_sasd_0/addr_arbiter_inst/gen_no_arbiter.m_amesg_i_reg[31]/D
  -------------------------------------------------------------------    -------------------

                         (clock clk_fpga_0 rise edge)
                                                      0.000     0.000 r  
    PS7_X0Y0             PS7                          0.000     0.000 r  u_week10_1_wrapper/week10_1_i/processing_system7_0/inst/PS7_i/FCLKCLK[0]
                         net (fo=1, routed)           0.919     0.919    u_week10_1_wrapper/week10_1_i/processing_system7_0/inst/FCLK_CLK_unbuffered[0]
    BUFGCTRL_X0Y16       BUFG (Prop_bufg_I_O)         0.029     0.948 r  u_week10_1_wrapper/week10_1_i/processing_system7_0/inst/buffer_fclk_clk_0.FCLK_CLK_0_BUFG/O
                         net (fo=990, routed)         0.856     1.804    u_week10_1_wrapper/week10_1_i/ps7_0_axi_periph/xbar/inst/gen_sasd.crossbar_sasd_0/addr_arbiter_inst/aclk
    SLICE_X2Y49          FDRE                                         r  u_week10_1_wrapper/week10_1_i/ps7_0_axi_periph/xbar/inst/gen_sasd.crossbar_sasd_0/addr_arbiter_inst/gen_no_arbiter.m_amesg_i_reg[31]/C
                         clock pessimism             -0.118     1.686    
    SLICE_X2Y49          FDRE (Hold_fdre_C_D)         0.092     1.778    u_week10_1_wrapper/week10_1_i/ps7_0_axi_periph/xbar/inst/gen_sasd.crossbar_sasd_0/addr_arbiter_inst/gen_no_arbiter.m_amesg_i_reg[31]
  -------------------------------------------------------------------
                         required time                         -1.778    
                         arrival time                           1.864    
  -------------------------------------------------------------------
                         slack                                  0.086    

Slack (MET) :             0.087ns  (arrival time - required time)
  Source:                 u_week10_1_wrapper/week10_1_i/ps7_0_axi_periph/s00_couplers/auto_pc/inst/gen_axilite.gen_b2s_conv.axilite_b2s/SI_REG/aw.aw_pipe/m_payload_i_reg[26]/C
                            (rising edge-triggered cell FDRE clocked by clk_fpga_0  {rise@0.000ns fall@5.000ns period=10.000ns})
  Destination:            u_week10_1_wrapper/week10_1_i/ps7_0_axi_periph/xbar/inst/gen_sasd.crossbar_sasd_0/addr_arbiter_inst/gen_no_arbiter.m_amesg_i_reg[27]/D
                            (rising edge-triggered cell FDRE clocked by clk_fpga_0  {rise@0.000ns fall@5.000ns period=10.000ns})
  Path Group:             clk_fpga_0
  Path Type:              Hold (Min at Fast Process Corner)
  Requirement:            0.000ns  (clk_fpga_0 rise@0.000ns - clk_fpga_0 rise@0.000ns)
  Data Path Delay:        0.453ns  (logic 0.226ns (49.894%)  route 0.227ns (50.106%))
  Logic Levels:           1  (LUT4=1)
  Clock Path Skew:        0.274ns (DCD - SCD - CPR)
    Destination Clock Delay (DCD):    1.804ns
    Source Clock Delay      (SCD):    1.412ns
    Clock Pessimism Removal (CPR):    0.118ns

    Location             Delay type                Incr(ns)  Path(ns)    Netlist Resource(s)
  -------------------------------------------------------------------    -------------------
                         (clock clk_fpga_0 rise edge)
                                                      0.000     0.000 r  
    PS7_X0Y0             PS7                          0.000     0.000 r  u_week10_1_wrapper/week10_1_i/processing_system7_0/inst/PS7_i/FCLKCLK[0]
                         net (fo=1, routed)           0.804     0.804    u_week10_1_wrapper/week10_1_i/processing_system7_0/inst/FCLK_CLK_unbuffered[0]
    BUFGCTRL_X0Y16       BUFG (Prop_bufg_I_O)         0.026     0.830 r  u_week10_1_wrapper/week10_1_i/processing_system7_0/inst/buffer_fclk_clk_0.FCLK_CLK_0_BUFG/O
                         net (fo=990, routed)         0.582     1.412    u_week10_1_wrapper/week10_1_i/ps7_0_axi_periph/s00_couplers/auto_pc/inst/gen_axilite.gen_b2s_conv.axilite_b2s/SI_REG/aw.aw_pipe/aclk
    SLICE_X2Y50          FDRE                                         r  u_week10_1_wrapper/week10_1_i/ps7_0_axi_periph/s00_couplers/auto_pc/inst/gen_axilite.gen_b2s_conv.axilite_b2s/SI_REG/aw.aw_pipe/m_payload_i_reg[26]/C
  -------------------------------------------------------------------    -------------------
    SLICE_X2Y50          FDRE (Prop_fdre_C_Q)         0.128     1.540 r  u_week10_1_wrapper/week10_1_i/ps7_0_axi_periph/s00_couplers/auto_pc/inst/gen_axilite.gen_b2s_conv.axilite_b2s/SI_REG/aw.aw_pipe/m_payload_i_reg[26]/Q
                         net (fo=1, routed)           0.227     1.767    u_week10_1_wrapper/week10_1_i/ps7_0_axi_periph/xbar/inst/gen_sasd.crossbar_sasd_0/addr_arbiter_inst/s_axi_awaddr[26]
    SLICE_X3Y49          LUT4 (Prop_lut4_I3_O)        0.098     1.865 r  u_week10_1_wrapper/week10_1_i/ps7_0_axi_periph/xbar/inst/gen_sasd.crossbar_sasd_0/addr_arbiter_inst/gen_no_arbiter.m_amesg_i[27]_i_1/O
                         net (fo=1, routed)           0.000     1.865    u_week10_1_wrapper/week10_1_i/ps7_0_axi_periph/xbar/inst/gen_sasd.crossbar_sasd_0/addr_arbiter_inst/s_amesg[27]
    SLICE_X3Y49          FDRE                                         r  u_week10_1_wrapper/week10_1_i/ps7_0_axi_periph/xbar/inst/gen_sasd.crossbar_sasd_0/addr_arbiter_inst/gen_no_arbiter.m_amesg_i_reg[27]/D
  -------------------------------------------------------------------    -------------------

                         (clock clk_fpga_0 rise edge)
                                                      0.000     0.000 r  
    PS7_X0Y0             PS7                          0.000     0.000 r  u_week10_1_wrapper/week10_1_i/processing_system7_0/inst/PS7_i/FCLKCLK[0]
                         net (fo=1, routed)           0.919     0.919    u_week10_1_wrapper/week10_1_i/processing_system7_0/inst/FCLK_CLK_unbuffered[0]
    BUFGCTRL_X0Y16       BUFG (Prop_bufg_I_O)         0.029     0.948 r  u_week10_1_wrapper/week10_1_i/processing_system7_0/inst/buffer_fclk_clk_0.FCLK_CLK_0_BUFG/O
                         net (fo=990, routed)         0.856     1.804    u_week10_1_wrapper/week10_1_i/ps7_0_axi_periph/xbar/inst/gen_sasd.crossbar_sasd_0/addr_arbiter_inst/aclk
    SLICE_X3Y49          FDRE                                         r  u_week10_1_wrapper/week10_1_i/ps7_0_axi_periph/xbar/inst/gen_sasd.crossbar_sasd_0/addr_arbiter_inst/gen_no_arbiter.m_amesg_i_reg[27]/C
                         clock pessimism             -0.118     1.686    
    SLICE_X3Y49          FDRE (Hold_fdre_C_D)         0.092     1.778    u_week10_1_wrapper/week10_1_i/ps7_0_axi_periph/xbar/inst/gen_sasd.crossbar_sasd_0/addr_arbiter_inst/gen_no_arbiter.m_amesg_i_reg[27]
  -------------------------------------------------------------------
                         required time                         -1.778    
                         arrival time                           1.865    
  -------------------------------------------------------------------
                         slack                                  0.087    

Slack (MET) :             0.092ns  (arrival time - required time)
  Source:                 u_week10_1_wrapper/week10_1_i/ps7_0_axi_periph/s00_couplers/auto_pc/inst/gen_axilite.gen_b2s_conv.axilite_b2s/SI_REG/b.b_pipe/m_payload_i_reg[6]/C
                            (rising edge-triggered cell FDRE clocked by clk_fpga_0  {rise@0.000ns fall@5.000ns period=10.000ns})
  Destination:            u_week10_1_wrapper/week10_1_i/processing_system7_0/inst/PS7_i/MAXIGP0BID[4]
                            (rising edge-triggered cell PS7 clocked by clk_fpga_0  {rise@0.000ns fall@5.000ns period=10.000ns})
  Path Group:             clk_fpga_0
  Path Type:              Hold (Min at Fast Process Corner)
  Requirement:            0.000ns  (clk_fpga_0 rise@0.000ns - clk_fpga_0 rise@0.000ns)
  Data Path Delay:        0.405ns  (logic 0.141ns (34.780%)  route 0.264ns (65.220%))
  Logic Levels:           0  
  Clock Path Skew:        0.313ns (DCD - SCD - CPR)
    Destination Clock Delay (DCD):    1.843ns
    Source Clock Delay      (SCD):    1.412ns
    Clock Pessimism Removal (CPR):    0.118ns

    Location             Delay type                Incr(ns)  Path(ns)    Netlist Resource(s)
  -------------------------------------------------------------------    -------------------
                         (clock clk_fpga_0 rise edge)
                                                      0.000     0.000 r  
    PS7_X0Y0             PS7                          0.000     0.000 r  u_week10_1_wrapper/week10_1_i/processing_system7_0/inst/PS7_i/FCLKCLK[0]
                         net (fo=1, routed)           0.804     0.804    u_week10_1_wrapper/week10_1_i/processing_system7_0/inst/FCLK_CLK_unbuffered[0]
    BUFGCTRL_X0Y16       BUFG (Prop_bufg_I_O)         0.026     0.830 r  u_week10_1_wrapper/week10_1_i/processing_system7_0/inst/buffer_fclk_clk_0.FCLK_CLK_0_BUFG/O
                         net (fo=990, routed)         0.582     1.412    u_week10_1_wrapper/week10_1_i/ps7_0_axi_periph/s00_couplers/auto_pc/inst/gen_axilite.gen_b2s_conv.axilite_b2s/SI_REG/b.b_pipe/aclk
    SLICE_X5Y52          FDRE                                         r  u_week10_1_wrapper/week10_1_i/ps7_0_axi_periph/s00_couplers/auto_pc/inst/gen_axilite.gen_b2s_conv.axilite_b2s/SI_REG/b.b_pipe/m_payload_i_reg[6]/C
  -------------------------------------------------------------------    -------------------
    SLICE_X5Y52          FDRE (Prop_fdre_C_Q)         0.141     1.553 r  u_week10_1_wrapper/week10_1_i/ps7_0_axi_periph/s00_couplers/auto_pc/inst/gen_axilite.gen_b2s_conv.axilite_b2s/SI_REG/b.b_pipe/m_payload_i_reg[6]/Q
                         net (fo=1, routed)           0.264     1.817    u_week10_1_wrapper/week10_1_i/processing_system7_0/inst/M_AXI_GP0_BID[4]
    PS7_X0Y0             PS7                                          r  u_week10_1_wrapper/week10_1_i/processing_system7_0/inst/PS7_i/MAXIGP0BID[4]
  -------------------------------------------------------------------    -------------------

                         (clock clk_fpga_0 rise edge)
                                                      0.000     0.000 r  
    PS7_X0Y0             PS7                          0.000     0.000 r  u_week10_1_wrapper/week10_1_i/processing_system7_0/inst/PS7_i/FCLKCLK[0]
                         net (fo=1, routed)           0.919     0.919    u_week10_1_wrapper/week10_1_i/processing_system7_0/inst/FCLK_CLK_unbuffered[0]
    BUFGCTRL_X0Y16       BUFG (Prop_bufg_I_O)         0.029     0.948 r  u_week10_1_wrapper/week10_1_i/processing_system7_0/inst/buffer_fclk_clk_0.FCLK_CLK_0_BUFG/O
                         net (fo=990, routed)         0.895     1.843    u_week10_1_wrapper/week10_1_i/processing_system7_0/inst/M_AXI_GP0_ACLK
    PS7_X0Y0             PS7                                          r  u_week10_1_wrapper/week10_1_i/processing_system7_0/inst/PS7_i/MAXIGP0ACLK
                         clock pessimism             -0.118     1.725    
    PS7_X0Y0             PS7 (Hold_ps7_MAXIGP0ACLK_MAXIGP0BID[4])
                                                      0.000     1.725    u_week10_1_wrapper/week10_1_i/processing_system7_0/inst/PS7_i
  -------------------------------------------------------------------
                         required time                         -1.725    
                         arrival time                           1.817    
  -------------------------------------------------------------------
                         slack                                  0.092    

Slack (MET) :             0.093ns  (arrival time - required time)
  Source:                 u_week10_1_wrapper/week10_1_i/ps7_0_axi_periph/s00_couplers/auto_pc/inst/gen_axilite.gen_b2s_conv.axilite_b2s/SI_REG/b.b_pipe/m_payload_i_reg[8]/C
                            (rising edge-triggered cell FDRE clocked by clk_fpga_0  {rise@0.000ns fall@5.000ns period=10.000ns})
  Destination:            u_week10_1_wrapper/week10_1_i/processing_system7_0/inst/PS7_i/MAXIGP0BID[6]
                            (rising edge-triggered cell PS7 clocked by clk_fpga_0  {rise@0.000ns fall@5.000ns period=10.000ns})
  Path Group:             clk_fpga_0
  Path Type:              Hold (Min at Fast Process Corner)
  Requirement:            0.000ns  (clk_fpga_0 rise@0.000ns - clk_fpga_0 rise@0.000ns)
  Data Path Delay:        0.406ns  (logic 0.141ns (34.694%)  route 0.265ns (65.306%))
  Logic Levels:           0  
  Clock Path Skew:        0.313ns (DCD - SCD - CPR)
    Destination Clock Delay (DCD):    1.843ns
    Source Clock Delay      (SCD):    1.412ns
    Clock Pessimism Removal (CPR):    0.118ns

    Location             Delay type                Incr(ns)  Path(ns)    Netlist Resource(s)
  -------------------------------------------------------------------    -------------------
                         (clock clk_fpga_0 rise edge)
                                                      0.000     0.000 r  
    PS7_X0Y0             PS7                          0.000     0.000 r  u_week10_1_wrapper/week10_1_i/processing_system7_0/inst/PS7_i/FCLKCLK[0]
                         net (fo=1, routed)           0.804     0.804    u_week10_1_wrapper/week10_1_i/processing_system7_0/inst/FCLK_CLK_unbuffered[0]
    BUFGCTRL_X0Y16       BUFG (Prop_bufg_I_O)         0.026     0.830 r  u_week10_1_wrapper/week10_1_i/processing_system7_0/inst/buffer_fclk_clk_0.FCLK_CLK_0_BUFG/O
                         net (fo=990, routed)         0.582     1.412    u_week10_1_wrapper/week10_1_i/ps7_0_axi_periph/s00_couplers/auto_pc/inst/gen_axilite.gen_b2s_conv.axilite_b2s/SI_REG/b.b_pipe/aclk
    SLICE_X5Y52          FDRE                                         r  u_week10_1_wrapper/week10_1_i/ps7_0_axi_periph/s00_couplers/auto_pc/inst/gen_axilite.gen_b2s_conv.axilite_b2s/SI_REG/b.b_pipe/m_payload_i_reg[8]/C
  -------------------------------------------------------------------    -------------------
    SLICE_X5Y52          FDRE (Prop_fdre_C_Q)         0.141     1.553 r  u_week10_1_wrapper/week10_1_i/ps7_0_axi_periph/s00_couplers/auto_pc/inst/gen_axilite.gen_b2s_conv.axilite_b2s/SI_REG/b.b_pipe/m_payload_i_reg[8]/Q
                         net (fo=1, routed)           0.265     1.818    u_week10_1_wrapper/week10_1_i/processing_system7_0/inst/M_AXI_GP0_BID[6]
    PS7_X0Y0             PS7                                          r  u_week10_1_wrapper/week10_1_i/processing_system7_0/inst/PS7_i/MAXIGP0BID[6]
  -------------------------------------------------------------------    -------------------

                         (clock clk_fpga_0 rise edge)
                                                      0.000     0.000 r  
    PS7_X0Y0             PS7                          0.000     0.000 r  u_week10_1_wrapper/week10_1_i/processing_system7_0/inst/PS7_i/FCLKCLK[0]
                         net (fo=1, routed)           0.919     0.919    u_week10_1_wrapper/week10_1_i/processing_system7_0/inst/FCLK_CLK_unbuffered[0]
    BUFGCTRL_X0Y16       BUFG (Prop_bufg_I_O)         0.029     0.948 r  u_week10_1_wrapper/week10_1_i/processing_system7_0/inst/buffer_fclk_clk_0.FCLK_CLK_0_BUFG/O
                         net (fo=990, routed)         0.895     1.843    u_week10_1_wrapper/week10_1_i/processing_system7_0/inst/M_AXI_GP0_ACLK
    PS7_X0Y0             PS7                                          r  u_week10_1_wrapper/week10_1_i/processing_system7_0/inst/PS7_i/MAXIGP0ACLK
                         clock pessimism             -0.118     1.725    
    PS7_X0Y0             PS7 (Hold_ps7_MAXIGP0ACLK_MAXIGP0BID[6])
                                                      0.000     1.725    u_week10_1_wrapper/week10_1_i/processing_system7_0/inst/PS7_i
  -------------------------------------------------------------------
                         required time                         -1.725    
                         arrival time                           1.818    
  -------------------------------------------------------------------
                         slack                                  0.093    





Pulse Width Checks
--------------------------------------------------------------------------------------
Clock Name:         clk_fpga_0
Waveform(ns):       { 0.000 5.000 }
Period(ns):         10.000
Sources:            { u_week10_1_wrapper/week10_1_i/processing_system7_0/inst/PS7_i/FCLKCLK[0] }

Check Type        Corner  Lib Pin      Reference Pin  Required(ns)  Actual(ns)  Slack(ns)  Location        Pin
Min Period        n/a     BUFG/I       n/a            2.155         10.000      7.845      BUFGCTRL_X0Y16  u_week10_1_wrapper/week10_1_i/processing_system7_0/inst/buffer_fclk_clk_0.FCLK_CLK_0_BUFG/I
Min Period        n/a     FDRE/C       n/a            1.000         10.000      9.000      SLICE_X5Y40     u_apb_7seg/r_cnt_reg[0]/C
Min Period        n/a     FDRE/C       n/a            1.000         10.000      9.000      SLICE_X5Y42     u_apb_7seg/r_cnt_reg[10]/C
Min Period        n/a     FDRE/C       n/a            1.000         10.000      9.000      SLICE_X5Y42     u_apb_7seg/r_cnt_reg[11]/C
Min Period        n/a     FDRE/C       n/a            1.000         10.000      9.000      SLICE_X5Y43     u_apb_7seg/r_cnt_reg[12]/C
Min Period        n/a     FDRE/C       n/a            1.000         10.000      9.000      SLICE_X5Y43     u_apb_7seg/r_cnt_reg[13]/C
Min Period        n/a     FDRE/C       n/a            1.000         10.000      9.000      SLICE_X5Y43     u_apb_7seg/r_cnt_reg[14]/C
Min Period        n/a     FDRE/C       n/a            1.000         10.000      9.000      SLICE_X5Y43     u_apb_7seg/r_cnt_reg[15]/C
Min Period        n/a     FDRE/C       n/a            1.000         10.000      9.000      SLICE_X5Y44     u_apb_7seg/r_cnt_reg[16]/C
Min Period        n/a     FDRE/C       n/a            1.000         10.000      9.000      SLICE_X5Y40     u_apb_7seg/r_cnt_reg[1]/C
Low Pulse Width   Slow    SRLC32E/CLK  n/a            0.980         5.000       4.020      SLICE_X8Y40     u_week10_1_wrapper/week10_1_i/ps7_0_axi_periph/s00_couplers/auto_pc/inst/gen_axilite.gen_b2s_conv.axilite_b2s/RD.r_channel_0/rd_data_fifo_0/memory_reg[31][0]_srl32/CLK
Low Pulse Width   Fast    SRLC32E/CLK  n/a            0.980         5.000       4.020      SLICE_X8Y40     u_week10_1_wrapper/week10_1_i/ps7_0_axi_periph/s00_couplers/auto_pc/inst/gen_axilite.gen_b2s_conv.axilite_b2s/RD.r_channel_0/rd_data_fifo_0/memory_reg[31][0]_srl32/CLK
Low Pulse Width   Slow    SRLC32E/CLK  n/a            0.980         5.000       4.020      SLICE_X8Y41     u_week10_1_wrapper/week10_1_i/ps7_0_axi_periph/s00_couplers/auto_pc/inst/gen_axilite.gen_b2s_conv.axilite_b2s/RD.r_channel_0/rd_data_fifo_0/memory_reg[31][10]_srl32/CLK
Low Pulse Width   Fast    SRLC32E/CLK  n/a            0.980         5.000       4.020      SLICE_X8Y41     u_week10_1_wrapper/week10_1_i/ps7_0_axi_periph/s00_couplers/auto_pc/inst/gen_axilite.gen_b2s_conv.axilite_b2s/RD.r_channel_0/rd_data_fifo_0/memory_reg[31][10]_srl32/CLK
Low Pulse Width   Slow    SRLC32E/CLK  n/a            0.980         5.000       4.020      SLICE_X4Y41     u_week10_1_wrapper/week10_1_i/ps7_0_axi_periph/s00_couplers/auto_pc/inst/gen_axilite.gen_b2s_conv.axilite_b2s/RD.r_channel_0/rd_data_fifo_0/memory_reg[31][11]_srl32/CLK
Low Pulse Width   Fast    SRLC32E/CLK  n/a            0.980         5.000       4.020      SLICE_X4Y41     u_week10_1_wrapper/week10_1_i/ps7_0_axi_periph/s00_couplers/auto_pc/inst/gen_axilite.gen_b2s_conv.axilite_b2s/RD.r_channel_0/rd_data_fifo_0/memory_reg[31][11]_srl32/CLK
Low Pulse Width   Slow    SRLC32E/CLK  n/a            0.980         5.000       4.020      SLICE_X8Y44     u_week10_1_wrapper/week10_1_i/ps7_0_axi_periph/s00_couplers/auto_pc/inst/gen_axilite.gen_b2s_conv.axilite_b2s/RD.r_channel_0/rd_data_fifo_0/memory_reg[31][12]_srl32/CLK
Low Pulse Width   Fast    SRLC32E/CLK  n/a            0.980         5.000       4.020      SLICE_X8Y44     u_week10_1_wrapper/week10_1_i/ps7_0_axi_periph/s00_couplers/auto_pc/inst/gen_axilite.gen_b2s_conv.axilite_b2s/RD.r_channel_0/rd_data_fifo_0/memory_reg[31][12]_srl32/CLK
Low Pulse Width   Slow    SRLC32E/CLK  n/a            0.980         5.000       4.020      SLICE_X8Y43     u_week10_1_wrapper/week10_1_i/ps7_0_axi_periph/s00_couplers/auto_pc/inst/gen_axilite.gen_b2s_conv.axilite_b2s/RD.r_channel_0/rd_data_fifo_0/memory_reg[31][13]_srl32/CLK
Low Pulse Width   Fast    SRLC32E/CLK  n/a            0.980         5.000       4.020      SLICE_X8Y43     u_week10_1_wrapper/week10_1_i/ps7_0_axi_periph/s00_couplers/auto_pc/inst/gen_axilite.gen_b2s_conv.axilite_b2s/RD.r_channel_0/rd_data_fifo_0/memory_reg[31][13]_srl32/CLK
High Pulse Width  Slow    SRLC32E/CLK  n/a            0.980         5.000       4.020      SLICE_X8Y40     u_week10_1_wrapper/week10_1_i/ps7_0_axi_periph/s00_couplers/auto_pc/inst/gen_axilite.gen_b2s_conv.axilite_b2s/RD.r_channel_0/rd_data_fifo_0/memory_reg[31][0]_srl32/CLK
High Pulse Width  Fast    SRLC32E/CLK  n/a            0.980         5.000       4.020      SLICE_X8Y40     u_week10_1_wrapper/week10_1_i/ps7_0_axi_periph/s00_couplers/auto_pc/inst/gen_axilite.gen_b2s_conv.axilite_b2s/RD.r_channel_0/rd_data_fifo_0/memory_reg[31][0]_srl32/CLK
High Pulse Width  Slow    SRLC32E/CLK  n/a            0.980         5.000       4.020      SLICE_X8Y41     u_week10_1_wrapper/week10_1_i/ps7_0_axi_periph/s00_couplers/auto_pc/inst/gen_axilite.gen_b2s_conv.axilite_b2s/RD.r_channel_0/rd_data_fifo_0/memory_reg[31][10]_srl32/CLK
High Pulse Width  Fast    SRLC32E/CLK  n/a            0.980         5.000       4.020      SLICE_X8Y41     u_week10_1_wrapper/week10_1_i/ps7_0_axi_periph/s00_couplers/auto_pc/inst/gen_axilite.gen_b2s_conv.axilite_b2s/RD.r_channel_0/rd_data_fifo_0/memory_reg[31][10]_srl32/CLK
High Pulse Width  Slow    SRLC32E/CLK  n/a            0.980         5.000       4.020      SLICE_X4Y41     u_week10_1_wrapper/week10_1_i/ps7_0_axi_periph/s00_couplers/auto_pc/inst/gen_axilite.gen_b2s_conv.axilite_b2s/RD.r_channel_0/rd_data_fifo_0/memory_reg[31][11]_srl32/CLK
High Pulse Width  Fast    SRLC32E/CLK  n/a            0.980         5.000       4.020      SLICE_X4Y41     u_week10_1_wrapper/week10_1_i/ps7_0_axi_periph/s00_couplers/auto_pc/inst/gen_axilite.gen_b2s_conv.axilite_b2s/RD.r_channel_0/rd_data_fifo_0/memory_reg[31][11]_srl32/CLK
High Pulse Width  Slow    SRLC32E/CLK  n/a            0.980         5.000       4.020      SLICE_X8Y44     u_week10_1_wrapper/week10_1_i/ps7_0_axi_periph/s00_couplers/auto_pc/inst/gen_axilite.gen_b2s_conv.axilite_b2s/RD.r_channel_0/rd_data_fifo_0/memory_reg[31][12]_srl32/CLK
High Pulse Width  Fast    SRLC32E/CLK  n/a            0.980         5.000       4.020      SLICE_X8Y44     u_week10_1_wrapper/week10_1_i/ps7_0_axi_periph/s00_couplers/auto_pc/inst/gen_axilite.gen_b2s_conv.axilite_b2s/RD.r_channel_0/rd_data_fifo_0/memory_reg[31][12]_srl32/CLK
High Pulse Width  Slow    SRLC32E/CLK  n/a            0.980         5.000       4.020      SLICE_X8Y43     u_week10_1_wrapper/week10_1_i/ps7_0_axi_periph/s00_couplers/auto_pc/inst/gen_axilite.gen_b2s_conv.axilite_b2s/RD.r_channel_0/rd_data_fifo_0/memory_reg[31][13]_srl32/CLK
High Pulse Width  Fast    SRLC32E/CLK  n/a            0.980         5.000       4.020      SLICE_X8Y43     u_week10_1_wrapper/week10_1_i/ps7_0_axi_periph/s00_couplers/auto_pc/inst/gen_axilite.gen_b2s_conv.axilite_b2s/RD.r_channel_0/rd_data_fifo_0/memory_reg[31][13]_srl32/CLK



---------------------------------------------------------------------------------------------------
Path Group:  **async_default**
From Clock:  clk_fpga_0
  To Clock:  clk_fpga_0

Setup :            0  Failing Endpoints,  Worst Slack        6.103ns,  Total Violation        0.000ns
Hold  :            0  Failing Endpoints,  Worst Slack        1.075ns,  Total Violation        0.000ns
---------------------------------------------------------------------------------------------------


Max Delay Paths
--------------------------------------------------------------------------------------
Slack (MET) :             6.103ns  (required time - arrival time)
  Source:                 u_week10_1_wrapper/week10_1_i/rst_ps7_0_100M/U0/ACTIVE_LOW_PR_OUT_DFF[0].FDRE_PER_N/C
                            (rising edge-triggered cell FDRE clocked by clk_fpga_0  {rise@0.000ns fall@5.000ns period=10.000ns})
  Destination:            u_apb_7seg/r_control_reg[0]/CLR
                            (recovery check against rising-edge clock clk_fpga_0  {rise@0.000ns fall@5.000ns period=10.000ns})
  Path Group:             **async_default**
  Path Type:              Recovery (Max at Slow Process Corner)
  Requirement:            10.000ns  (clk_fpga_0 rise@10.000ns - clk_fpga_0 rise@0.000ns)
  Data Path Delay:        3.087ns  (logic 0.606ns (19.631%)  route 2.481ns (80.369%))
  Logic Levels:           1  (LUT1=1)
  Clock Path Skew:        -0.047ns (DCD - SCD + CPR)
    Destination Clock Delay (DCD):    3.268ns = ( 13.268 - 10.000 ) 
    Source Clock Delay      (SCD):    3.711ns
    Clock Pessimism Removal (CPR):    0.397ns
  Clock Uncertainty:      0.154ns  ((TSJ^2 + TIJ^2)^1/2 + DJ) / 2 + PE
    Total System Jitter     (TSJ):    0.071ns
    Total Input Jitter      (TIJ):    0.300ns
    Discrete Jitter          (DJ):    0.000ns
    Phase Error              (PE):    0.000ns

    Location             Delay type                Incr(ns)  Path(ns)    Netlist Resource(s)
  -------------------------------------------------------------------    -------------------
                         (clock clk_fpga_0 rise edge)
                                                      0.000     0.000 r  
    PS7_X0Y0             PS7                          0.000     0.000 r  u_week10_1_wrapper/week10_1_i/processing_system7_0/inst/PS7_i/FCLKCLK[0]
                         net (fo=1, routed)           1.938     1.938    u_week10_1_wrapper/week10_1_i/processing_system7_0/inst/FCLK_CLK_unbuffered[0]
    BUFGCTRL_X0Y16       BUFG (Prop_bufg_I_O)         0.101     2.039 r  u_week10_1_wrapper/week10_1_i/processing_system7_0/inst/buffer_fclk_clk_0.FCLK_CLK_0_BUFG/O
                         net (fo=990, routed)         1.672     3.711    u_week10_1_wrapper/week10_1_i/rst_ps7_0_100M/U0/slowest_sync_clk
    SLICE_X19Y35         FDRE                                         r  u_week10_1_wrapper/week10_1_i/rst_ps7_0_100M/U0/ACTIVE_LOW_PR_OUT_DFF[0].FDRE_PER_N/C
  -------------------------------------------------------------------    -------------------
    SLICE_X19Y35         FDRE (Prop_fdre_C_Q)         0.456     4.167 r  u_week10_1_wrapper/week10_1_i/rst_ps7_0_100M/U0/ACTIVE_LOW_PR_OUT_DFF[0].FDRE_PER_N/Q
                         net (fo=8, routed)           1.268     5.435    u_apb_7seg/apb_rst[0]
    SLICE_X10Y42         LUT1 (Prop_lut1_I0_O)        0.150     5.585 f  u_apb_7seg/r_control[31]_i_1/O
                         net (fo=32, routed)          1.213     6.798    u_apb_7seg/r_control[31]_i_1_n_0
    SLICE_X9Y44          FDCE                                         f  u_apb_7seg/r_control_reg[0]/CLR
  -------------------------------------------------------------------    -------------------

                         (clock clk_fpga_0 rise edge)
                                                     10.000    10.000 r  
    PS7_X0Y0             PS7                          0.000    10.000 r  u_week10_1_wrapper/week10_1_i/processing_system7_0/inst/PS7_i/FCLKCLK[0]
                         net (fo=1, routed)           1.666    11.666    u_week10_1_wrapper/week10_1_i/processing_system7_0/inst/FCLK_CLK_unbuffered[0]
    BUFGCTRL_X0Y16       BUFG (Prop_bufg_I_O)         0.091    11.757 r  u_week10_1_wrapper/week10_1_i/processing_system7_0/inst/buffer_fclk_clk_0.FCLK_CLK_0_BUFG/O
                         net (fo=990, routed)         1.510    13.268    u_apb_7seg/apb_clk
    SLICE_X9Y44          FDCE                                         r  u_apb_7seg/r_control_reg[0]/C
                         clock pessimism              0.397    13.664    
                         clock uncertainty           -0.154    13.510    
    SLICE_X9Y44          FDCE (Recov_fdce_C_CLR)     -0.609    12.901    u_apb_7seg/r_control_reg[0]
  -------------------------------------------------------------------
                         required time                         12.901    
                         arrival time                          -6.798    
  -------------------------------------------------------------------
                         slack                                  6.103    

Slack (MET) :             6.103ns  (required time - arrival time)
  Source:                 u_week10_1_wrapper/week10_1_i/rst_ps7_0_100M/U0/ACTIVE_LOW_PR_OUT_DFF[0].FDRE_PER_N/C
                            (rising edge-triggered cell FDRE clocked by clk_fpga_0  {rise@0.000ns fall@5.000ns period=10.000ns})
  Destination:            u_apb_7seg/r_control_reg[10]/CLR
                            (recovery check against rising-edge clock clk_fpga_0  {rise@0.000ns fall@5.000ns period=10.000ns})
  Path Group:             **async_default**
  Path Type:              Recovery (Max at Slow Process Corner)
  Requirement:            10.000ns  (clk_fpga_0 rise@10.000ns - clk_fpga_0 rise@0.000ns)
  Data Path Delay:        3.087ns  (logic 0.606ns (19.631%)  route 2.481ns (80.369%))
  Logic Levels:           1  (LUT1=1)
  Clock Path Skew:        -0.047ns (DCD - SCD + CPR)
    Destination Clock Delay (DCD):    3.268ns = ( 13.268 - 10.000 ) 
    Source Clock Delay      (SCD):    3.711ns
    Clock Pessimism Removal (CPR):    0.397ns
  Clock Uncertainty:      0.154ns  ((TSJ^2 + TIJ^2)^1/2 + DJ) / 2 + PE
    Total System Jitter     (TSJ):    0.071ns
    Total Input Jitter      (TIJ):    0.300ns
    Discrete Jitter          (DJ):    0.000ns
    Phase Error              (PE):    0.000ns

    Location             Delay type                Incr(ns)  Path(ns)    Netlist Resource(s)
  -------------------------------------------------------------------    -------------------
                         (clock clk_fpga_0 rise edge)
                                                      0.000     0.000 r  
    PS7_X0Y0             PS7                          0.000     0.000 r  u_week10_1_wrapper/week10_1_i/processing_system7_0/inst/PS7_i/FCLKCLK[0]
                         net (fo=1, routed)           1.938     1.938    u_week10_1_wrapper/week10_1_i/processing_system7_0/inst/FCLK_CLK_unbuffered[0]
    BUFGCTRL_X0Y16       BUFG (Prop_bufg_I_O)         0.101     2.039 r  u_week10_1_wrapper/week10_1_i/processing_system7_0/inst/buffer_fclk_clk_0.FCLK_CLK_0_BUFG/O
                         net (fo=990, routed)         1.672     3.711    u_week10_1_wrapper/week10_1_i/rst_ps7_0_100M/U0/slowest_sync_clk
    SLICE_X19Y35         FDRE                                         r  u_week10_1_wrapper/week10_1_i/rst_ps7_0_100M/U0/ACTIVE_LOW_PR_OUT_DFF[0].FDRE_PER_N/C
  -------------------------------------------------------------------    -------------------
    SLICE_X19Y35         FDRE (Prop_fdre_C_Q)         0.456     4.167 r  u_week10_1_wrapper/week10_1_i/rst_ps7_0_100M/U0/ACTIVE_LOW_PR_OUT_DFF[0].FDRE_PER_N/Q
                         net (fo=8, routed)           1.268     5.435    u_apb_7seg/apb_rst[0]
    SLICE_X10Y42         LUT1 (Prop_lut1_I0_O)        0.150     5.585 f  u_apb_7seg/r_control[31]_i_1/O
                         net (fo=32, routed)          1.213     6.798    u_apb_7seg/r_control[31]_i_1_n_0
    SLICE_X9Y44          FDCE                                         f  u_apb_7seg/r_control_reg[10]/CLR
  -------------------------------------------------------------------    -------------------

                         (clock clk_fpga_0 rise edge)
                                                     10.000    10.000 r  
    PS7_X0Y0             PS7                          0.000    10.000 r  u_week10_1_wrapper/week10_1_i/processing_system7_0/inst/PS7_i/FCLKCLK[0]
                         net (fo=1, routed)           1.666    11.666    u_week10_1_wrapper/week10_1_i/processing_system7_0/inst/FCLK_CLK_unbuffered[0]
    BUFGCTRL_X0Y16       BUFG (Prop_bufg_I_O)         0.091    11.757 r  u_week10_1_wrapper/week10_1_i/processing_system7_0/inst/buffer_fclk_clk_0.FCLK_CLK_0_BUFG/O
                         net (fo=990, routed)         1.510    13.268    u_apb_7seg/apb_clk
    SLICE_X9Y44          FDCE                                         r  u_apb_7seg/r_control_reg[10]/C
                         clock pessimism              0.397    13.664    
                         clock uncertainty           -0.154    13.510    
    SLICE_X9Y44          FDCE (Recov_fdce_C_CLR)     -0.609    12.901    u_apb_7seg/r_control_reg[10]
  -------------------------------------------------------------------
                         required time                         12.901    
                         arrival time                          -6.798    
  -------------------------------------------------------------------
                         slack                                  6.103    

Slack (MET) :             6.103ns  (required time - arrival time)
  Source:                 u_week10_1_wrapper/week10_1_i/rst_ps7_0_100M/U0/ACTIVE_LOW_PR_OUT_DFF[0].FDRE_PER_N/C
                            (rising edge-triggered cell FDRE clocked by clk_fpga_0  {rise@0.000ns fall@5.000ns period=10.000ns})
  Destination:            u_apb_7seg/r_control_reg[12]/CLR
                            (recovery check against rising-edge clock clk_fpga_0  {rise@0.000ns fall@5.000ns period=10.000ns})
  Path Group:             **async_default**
  Path Type:              Recovery (Max at Slow Process Corner)
  Requirement:            10.000ns  (clk_fpga_0 rise@10.000ns - clk_fpga_0 rise@0.000ns)
  Data Path Delay:        3.087ns  (logic 0.606ns (19.631%)  route 2.481ns (80.369%))
  Logic Levels:           1  (LUT1=1)
  Clock Path Skew:        -0.047ns (DCD - SCD + CPR)
    Destination Clock Delay (DCD):    3.268ns = ( 13.268 - 10.000 ) 
    Source Clock Delay      (SCD):    3.711ns
    Clock Pessimism Removal (CPR):    0.397ns
  Clock Uncertainty:      0.154ns  ((TSJ^2 + TIJ^2)^1/2 + DJ) / 2 + PE
    Total System Jitter     (TSJ):    0.071ns
    Total Input Jitter      (TIJ):    0.300ns
    Discrete Jitter          (DJ):    0.000ns
    Phase Error              (PE):    0.000ns

    Location             Delay type                Incr(ns)  Path(ns)    Netlist Resource(s)
  -------------------------------------------------------------------    -------------------
                         (clock clk_fpga_0 rise edge)
                                                      0.000     0.000 r  
    PS7_X0Y0             PS7                          0.000     0.000 r  u_week10_1_wrapper/week10_1_i/processing_system7_0/inst/PS7_i/FCLKCLK[0]
                         net (fo=1, routed)           1.938     1.938    u_week10_1_wrapper/week10_1_i/processing_system7_0/inst/FCLK_CLK_unbuffered[0]
    BUFGCTRL_X0Y16       BUFG (Prop_bufg_I_O)         0.101     2.039 r  u_week10_1_wrapper/week10_1_i/processing_system7_0/inst/buffer_fclk_clk_0.FCLK_CLK_0_BUFG/O
                         net (fo=990, routed)         1.672     3.711    u_week10_1_wrapper/week10_1_i/rst_ps7_0_100M/U0/slowest_sync_clk
    SLICE_X19Y35         FDRE                                         r  u_week10_1_wrapper/week10_1_i/rst_ps7_0_100M/U0/ACTIVE_LOW_PR_OUT_DFF[0].FDRE_PER_N/C
  -------------------------------------------------------------------    -------------------
    SLICE_X19Y35         FDRE (Prop_fdre_C_Q)         0.456     4.167 r  u_week10_1_wrapper/week10_1_i/rst_ps7_0_100M/U0/ACTIVE_LOW_PR_OUT_DFF[0].FDRE_PER_N/Q
                         net (fo=8, routed)           1.268     5.435    u_apb_7seg/apb_rst[0]
    SLICE_X10Y42         LUT1 (Prop_lut1_I0_O)        0.150     5.585 f  u_apb_7seg/r_control[31]_i_1/O
                         net (fo=32, routed)          1.213     6.798    u_apb_7seg/r_control[31]_i_1_n_0
    SLICE_X9Y44          FDCE                                         f  u_apb_7seg/r_control_reg[12]/CLR
  -------------------------------------------------------------------    -------------------

                         (clock clk_fpga_0 rise edge)
                                                     10.000    10.000 r  
    PS7_X0Y0             PS7                          0.000    10.000 r  u_week10_1_wrapper/week10_1_i/processing_system7_0/inst/PS7_i/FCLKCLK[0]
                         net (fo=1, routed)           1.666    11.666    u_week10_1_wrapper/week10_1_i/processing_system7_0/inst/FCLK_CLK_unbuffered[0]
    BUFGCTRL_X0Y16       BUFG (Prop_bufg_I_O)         0.091    11.757 r  u_week10_1_wrapper/week10_1_i/processing_system7_0/inst/buffer_fclk_clk_0.FCLK_CLK_0_BUFG/O
                         net (fo=990, routed)         1.510    13.268    u_apb_7seg/apb_clk
    SLICE_X9Y44          FDCE                                         r  u_apb_7seg/r_control_reg[12]/C
                         clock pessimism              0.397    13.664    
                         clock uncertainty           -0.154    13.510    
    SLICE_X9Y44          FDCE (Recov_fdce_C_CLR)     -0.609    12.901    u_apb_7seg/r_control_reg[12]
  -------------------------------------------------------------------
                         required time                         12.901    
                         arrival time                          -6.798    
  -------------------------------------------------------------------
                         slack                                  6.103    

Slack (MET) :             6.103ns  (required time - arrival time)
  Source:                 u_week10_1_wrapper/week10_1_i/rst_ps7_0_100M/U0/ACTIVE_LOW_PR_OUT_DFF[0].FDRE_PER_N/C
                            (rising edge-triggered cell FDRE clocked by clk_fpga_0  {rise@0.000ns fall@5.000ns period=10.000ns})
  Destination:            u_apb_7seg/r_control_reg[1]/CLR
                            (recovery check against rising-edge clock clk_fpga_0  {rise@0.000ns fall@5.000ns period=10.000ns})
  Path Group:             **async_default**
  Path Type:              Recovery (Max at Slow Process Corner)
  Requirement:            10.000ns  (clk_fpga_0 rise@10.000ns - clk_fpga_0 rise@0.000ns)
  Data Path Delay:        3.087ns  (logic 0.606ns (19.631%)  route 2.481ns (80.369%))
  Logic Levels:           1  (LUT1=1)
  Clock Path Skew:        -0.047ns (DCD - SCD + CPR)
    Destination Clock Delay (DCD):    3.268ns = ( 13.268 - 10.000 ) 
    Source Clock Delay      (SCD):    3.711ns
    Clock Pessimism Removal (CPR):    0.397ns
  Clock Uncertainty:      0.154ns  ((TSJ^2 + TIJ^2)^1/2 + DJ) / 2 + PE
    Total System Jitter     (TSJ):    0.071ns
    Total Input Jitter      (TIJ):    0.300ns
    Discrete Jitter          (DJ):    0.000ns
    Phase Error              (PE):    0.000ns

    Location             Delay type                Incr(ns)  Path(ns)    Netlist Resource(s)
  -------------------------------------------------------------------    -------------------
                         (clock clk_fpga_0 rise edge)
                                                      0.000     0.000 r  
    PS7_X0Y0             PS7                          0.000     0.000 r  u_week10_1_wrapper/week10_1_i/processing_system7_0/inst/PS7_i/FCLKCLK[0]
                         net (fo=1, routed)           1.938     1.938    u_week10_1_wrapper/week10_1_i/processing_system7_0/inst/FCLK_CLK_unbuffered[0]
    BUFGCTRL_X0Y16       BUFG (Prop_bufg_I_O)         0.101     2.039 r  u_week10_1_wrapper/week10_1_i/processing_system7_0/inst/buffer_fclk_clk_0.FCLK_CLK_0_BUFG/O
                         net (fo=990, routed)         1.672     3.711    u_week10_1_wrapper/week10_1_i/rst_ps7_0_100M/U0/slowest_sync_clk
    SLICE_X19Y35         FDRE                                         r  u_week10_1_wrapper/week10_1_i/rst_ps7_0_100M/U0/ACTIVE_LOW_PR_OUT_DFF[0].FDRE_PER_N/C
  -------------------------------------------------------------------    -------------------
    SLICE_X19Y35         FDRE (Prop_fdre_C_Q)         0.456     4.167 r  u_week10_1_wrapper/week10_1_i/rst_ps7_0_100M/U0/ACTIVE_LOW_PR_OUT_DFF[0].FDRE_PER_N/Q
                         net (fo=8, routed)           1.268     5.435    u_apb_7seg/apb_rst[0]
    SLICE_X10Y42         LUT1 (Prop_lut1_I0_O)        0.150     5.585 f  u_apb_7seg/r_control[31]_i_1/O
                         net (fo=32, routed)          1.213     6.798    u_apb_7seg/r_control[31]_i_1_n_0
    SLICE_X9Y44          FDCE                                         f  u_apb_7seg/r_control_reg[1]/CLR
  -------------------------------------------------------------------    -------------------

                         (clock clk_fpga_0 rise edge)
                                                     10.000    10.000 r  
    PS7_X0Y0             PS7                          0.000    10.000 r  u_week10_1_wrapper/week10_1_i/processing_system7_0/inst/PS7_i/FCLKCLK[0]
                         net (fo=1, routed)           1.666    11.666    u_week10_1_wrapper/week10_1_i/processing_system7_0/inst/FCLK_CLK_unbuffered[0]
    BUFGCTRL_X0Y16       BUFG (Prop_bufg_I_O)         0.091    11.757 r  u_week10_1_wrapper/week10_1_i/processing_system7_0/inst/buffer_fclk_clk_0.FCLK_CLK_0_BUFG/O
                         net (fo=990, routed)         1.510    13.268    u_apb_7seg/apb_clk
    SLICE_X9Y44          FDCE                                         r  u_apb_7seg/r_control_reg[1]/C
                         clock pessimism              0.397    13.664    
                         clock uncertainty           -0.154    13.510    
    SLICE_X9Y44          FDCE (Recov_fdce_C_CLR)     -0.609    12.901    u_apb_7seg/r_control_reg[1]
  -------------------------------------------------------------------
                         required time                         12.901    
                         arrival time                          -6.798    
  -------------------------------------------------------------------
                         slack                                  6.103    

Slack (MET) :             6.103ns  (required time - arrival time)
  Source:                 u_week10_1_wrapper/week10_1_i/rst_ps7_0_100M/U0/ACTIVE_LOW_PR_OUT_DFF[0].FDRE_PER_N/C
                            (rising edge-triggered cell FDRE clocked by clk_fpga_0  {rise@0.000ns fall@5.000ns period=10.000ns})
  Destination:            u_apb_7seg/r_control_reg[2]/CLR
                            (recovery check against rising-edge clock clk_fpga_0  {rise@0.000ns fall@5.000ns period=10.000ns})
  Path Group:             **async_default**
  Path Type:              Recovery (Max at Slow Process Corner)
  Requirement:            10.000ns  (clk_fpga_0 rise@10.000ns - clk_fpga_0 rise@0.000ns)
  Data Path Delay:        3.087ns  (logic 0.606ns (19.631%)  route 2.481ns (80.369%))
  Logic Levels:           1  (LUT1=1)
  Clock Path Skew:        -0.047ns (DCD - SCD + CPR)
    Destination Clock Delay (DCD):    3.268ns = ( 13.268 - 10.000 ) 
    Source Clock Delay      (SCD):    3.711ns
    Clock Pessimism Removal (CPR):    0.397ns
  Clock Uncertainty:      0.154ns  ((TSJ^2 + TIJ^2)^1/2 + DJ) / 2 + PE
    Total System Jitter     (TSJ):    0.071ns
    Total Input Jitter      (TIJ):    0.300ns
    Discrete Jitter          (DJ):    0.000ns
    Phase Error              (PE):    0.000ns

    Location             Delay type                Incr(ns)  Path(ns)    Netlist Resource(s)
  -------------------------------------------------------------------    -------------------
                         (clock clk_fpga_0 rise edge)
                                                      0.000     0.000 r  
    PS7_X0Y0             PS7                          0.000     0.000 r  u_week10_1_wrapper/week10_1_i/processing_system7_0/inst/PS7_i/FCLKCLK[0]
                         net (fo=1, routed)           1.938     1.938    u_week10_1_wrapper/week10_1_i/processing_system7_0/inst/FCLK_CLK_unbuffered[0]
    BUFGCTRL_X0Y16       BUFG (Prop_bufg_I_O)         0.101     2.039 r  u_week10_1_wrapper/week10_1_i/processing_system7_0/inst/buffer_fclk_clk_0.FCLK_CLK_0_BUFG/O
                         net (fo=990, routed)         1.672     3.711    u_week10_1_wrapper/week10_1_i/rst_ps7_0_100M/U0/slowest_sync_clk
    SLICE_X19Y35         FDRE                                         r  u_week10_1_wrapper/week10_1_i/rst_ps7_0_100M/U0/ACTIVE_LOW_PR_OUT_DFF[0].FDRE_PER_N/C
  -------------------------------------------------------------------    -------------------
    SLICE_X19Y35         FDRE (Prop_fdre_C_Q)         0.456     4.167 r  u_week10_1_wrapper/week10_1_i/rst_ps7_0_100M/U0/ACTIVE_LOW_PR_OUT_DFF[0].FDRE_PER_N/Q
                         net (fo=8, routed)           1.268     5.435    u_apb_7seg/apb_rst[0]
    SLICE_X10Y42         LUT1 (Prop_lut1_I0_O)        0.150     5.585 f  u_apb_7seg/r_control[31]_i_1/O
                         net (fo=32, routed)          1.213     6.798    u_apb_7seg/r_control[31]_i_1_n_0
    SLICE_X9Y44          FDCE                                         f  u_apb_7seg/r_control_reg[2]/CLR
  -------------------------------------------------------------------    -------------------

                         (clock clk_fpga_0 rise edge)
                                                     10.000    10.000 r  
    PS7_X0Y0             PS7                          0.000    10.000 r  u_week10_1_wrapper/week10_1_i/processing_system7_0/inst/PS7_i/FCLKCLK[0]
                         net (fo=1, routed)           1.666    11.666    u_week10_1_wrapper/week10_1_i/processing_system7_0/inst/FCLK_CLK_unbuffered[0]
    BUFGCTRL_X0Y16       BUFG (Prop_bufg_I_O)         0.091    11.757 r  u_week10_1_wrapper/week10_1_i/processing_system7_0/inst/buffer_fclk_clk_0.FCLK_CLK_0_BUFG/O
                         net (fo=990, routed)         1.510    13.268    u_apb_7seg/apb_clk
    SLICE_X9Y44          FDCE                                         r  u_apb_7seg/r_control_reg[2]/C
                         clock pessimism              0.397    13.664    
                         clock uncertainty           -0.154    13.510    
    SLICE_X9Y44          FDCE (Recov_fdce_C_CLR)     -0.609    12.901    u_apb_7seg/r_control_reg[2]
  -------------------------------------------------------------------
                         required time                         12.901    
                         arrival time                          -6.798    
  -------------------------------------------------------------------
                         slack                                  6.103    

Slack (MET) :             6.103ns  (required time - arrival time)
  Source:                 u_week10_1_wrapper/week10_1_i/rst_ps7_0_100M/U0/ACTIVE_LOW_PR_OUT_DFF[0].FDRE_PER_N/C
                            (rising edge-triggered cell FDRE clocked by clk_fpga_0  {rise@0.000ns fall@5.000ns period=10.000ns})
  Destination:            u_apb_7seg/r_control_reg[3]/CLR
                            (recovery check against rising-edge clock clk_fpga_0  {rise@0.000ns fall@5.000ns period=10.000ns})
  Path Group:             **async_default**
  Path Type:              Recovery (Max at Slow Process Corner)
  Requirement:            10.000ns  (clk_fpga_0 rise@10.000ns - clk_fpga_0 rise@0.000ns)
  Data Path Delay:        3.087ns  (logic 0.606ns (19.631%)  route 2.481ns (80.369%))
  Logic Levels:           1  (LUT1=1)
  Clock Path Skew:        -0.047ns (DCD - SCD + CPR)
    Destination Clock Delay (DCD):    3.268ns = ( 13.268 - 10.000 ) 
    Source Clock Delay      (SCD):    3.711ns
    Clock Pessimism Removal (CPR):    0.397ns
  Clock Uncertainty:      0.154ns  ((TSJ^2 + TIJ^2)^1/2 + DJ) / 2 + PE
    Total System Jitter     (TSJ):    0.071ns
    Total Input Jitter      (TIJ):    0.300ns
    Discrete Jitter          (DJ):    0.000ns
    Phase Error              (PE):    0.000ns

    Location             Delay type                Incr(ns)  Path(ns)    Netlist Resource(s)
  -------------------------------------------------------------------    -------------------
                         (clock clk_fpga_0 rise edge)
                                                      0.000     0.000 r  
    PS7_X0Y0             PS7                          0.000     0.000 r  u_week10_1_wrapper/week10_1_i/processing_system7_0/inst/PS7_i/FCLKCLK[0]
                         net (fo=1, routed)           1.938     1.938    u_week10_1_wrapper/week10_1_i/processing_system7_0/inst/FCLK_CLK_unbuffered[0]
    BUFGCTRL_X0Y16       BUFG (Prop_bufg_I_O)         0.101     2.039 r  u_week10_1_wrapper/week10_1_i/processing_system7_0/inst/buffer_fclk_clk_0.FCLK_CLK_0_BUFG/O
                         net (fo=990, routed)         1.672     3.711    u_week10_1_wrapper/week10_1_i/rst_ps7_0_100M/U0/slowest_sync_clk
    SLICE_X19Y35         FDRE                                         r  u_week10_1_wrapper/week10_1_i/rst_ps7_0_100M/U0/ACTIVE_LOW_PR_OUT_DFF[0].FDRE_PER_N/C
  -------------------------------------------------------------------    -------------------
    SLICE_X19Y35         FDRE (Prop_fdre_C_Q)         0.456     4.167 r  u_week10_1_wrapper/week10_1_i/rst_ps7_0_100M/U0/ACTIVE_LOW_PR_OUT_DFF[0].FDRE_PER_N/Q
                         net (fo=8, routed)           1.268     5.435    u_apb_7seg/apb_rst[0]
    SLICE_X10Y42         LUT1 (Prop_lut1_I0_O)        0.150     5.585 f  u_apb_7seg/r_control[31]_i_1/O
                         net (fo=32, routed)          1.213     6.798    u_apb_7seg/r_control[31]_i_1_n_0
    SLICE_X9Y44          FDCE                                         f  u_apb_7seg/r_control_reg[3]/CLR
  -------------------------------------------------------------------    -------------------

                         (clock clk_fpga_0 rise edge)
                                                     10.000    10.000 r  
    PS7_X0Y0             PS7                          0.000    10.000 r  u_week10_1_wrapper/week10_1_i/processing_system7_0/inst/PS7_i/FCLKCLK[0]
                         net (fo=1, routed)           1.666    11.666    u_week10_1_wrapper/week10_1_i/processing_system7_0/inst/FCLK_CLK_unbuffered[0]
    BUFGCTRL_X0Y16       BUFG (Prop_bufg_I_O)         0.091    11.757 r  u_week10_1_wrapper/week10_1_i/processing_system7_0/inst/buffer_fclk_clk_0.FCLK_CLK_0_BUFG/O
                         net (fo=990, routed)         1.510    13.268    u_apb_7seg/apb_clk
    SLICE_X9Y44          FDCE                                         r  u_apb_7seg/r_control_reg[3]/C
                         clock pessimism              0.397    13.664    
                         clock uncertainty           -0.154    13.510    
    SLICE_X9Y44          FDCE (Recov_fdce_C_CLR)     -0.609    12.901    u_apb_7seg/r_control_reg[3]
  -------------------------------------------------------------------
                         required time                         12.901    
                         arrival time                          -6.798    
  -------------------------------------------------------------------
                         slack                                  6.103    

Slack (MET) :             6.103ns  (required time - arrival time)
  Source:                 u_week10_1_wrapper/week10_1_i/rst_ps7_0_100M/U0/ACTIVE_LOW_PR_OUT_DFF[0].FDRE_PER_N/C
                            (rising edge-triggered cell FDRE clocked by clk_fpga_0  {rise@0.000ns fall@5.000ns period=10.000ns})
  Destination:            u_apb_7seg/r_control_reg[6]/CLR
                            (recovery check against rising-edge clock clk_fpga_0  {rise@0.000ns fall@5.000ns period=10.000ns})
  Path Group:             **async_default**
  Path Type:              Recovery (Max at Slow Process Corner)
  Requirement:            10.000ns  (clk_fpga_0 rise@10.000ns - clk_fpga_0 rise@0.000ns)
  Data Path Delay:        3.087ns  (logic 0.606ns (19.631%)  route 2.481ns (80.369%))
  Logic Levels:           1  (LUT1=1)
  Clock Path Skew:        -0.047ns (DCD - SCD + CPR)
    Destination Clock Delay (DCD):    3.268ns = ( 13.268 - 10.000 ) 
    Source Clock Delay      (SCD):    3.711ns
    Clock Pessimism Removal (CPR):    0.397ns
  Clock Uncertainty:      0.154ns  ((TSJ^2 + TIJ^2)^1/2 + DJ) / 2 + PE
    Total System Jitter     (TSJ):    0.071ns
    Total Input Jitter      (TIJ):    0.300ns
    Discrete Jitter          (DJ):    0.000ns
    Phase Error              (PE):    0.000ns

    Location             Delay type                Incr(ns)  Path(ns)    Netlist Resource(s)
  -------------------------------------------------------------------    -------------------
                         (clock clk_fpga_0 rise edge)
                                                      0.000     0.000 r  
    PS7_X0Y0             PS7                          0.000     0.000 r  u_week10_1_wrapper/week10_1_i/processing_system7_0/inst/PS7_i/FCLKCLK[0]
                         net (fo=1, routed)           1.938     1.938    u_week10_1_wrapper/week10_1_i/processing_system7_0/inst/FCLK_CLK_unbuffered[0]
    BUFGCTRL_X0Y16       BUFG (Prop_bufg_I_O)         0.101     2.039 r  u_week10_1_wrapper/week10_1_i/processing_system7_0/inst/buffer_fclk_clk_0.FCLK_CLK_0_BUFG/O
                         net (fo=990, routed)         1.672     3.711    u_week10_1_wrapper/week10_1_i/rst_ps7_0_100M/U0/slowest_sync_clk
    SLICE_X19Y35         FDRE                                         r  u_week10_1_wrapper/week10_1_i/rst_ps7_0_100M/U0/ACTIVE_LOW_PR_OUT_DFF[0].FDRE_PER_N/C
  -------------------------------------------------------------------    -------------------
    SLICE_X19Y35         FDRE (Prop_fdre_C_Q)         0.456     4.167 r  u_week10_1_wrapper/week10_1_i/rst_ps7_0_100M/U0/ACTIVE_LOW_PR_OUT_DFF[0].FDRE_PER_N/Q
                         net (fo=8, routed)           1.268     5.435    u_apb_7seg/apb_rst[0]
    SLICE_X10Y42         LUT1 (Prop_lut1_I0_O)        0.150     5.585 f  u_apb_7seg/r_control[31]_i_1/O
                         net (fo=32, routed)          1.213     6.798    u_apb_7seg/r_control[31]_i_1_n_0
    SLICE_X9Y44          FDCE                                         f  u_apb_7seg/r_control_reg[6]/CLR
  -------------------------------------------------------------------    -------------------

                         (clock clk_fpga_0 rise edge)
                                                     10.000    10.000 r  
    PS7_X0Y0             PS7                          0.000    10.000 r  u_week10_1_wrapper/week10_1_i/processing_system7_0/inst/PS7_i/FCLKCLK[0]
                         net (fo=1, routed)           1.666    11.666    u_week10_1_wrapper/week10_1_i/processing_system7_0/inst/FCLK_CLK_unbuffered[0]
    BUFGCTRL_X0Y16       BUFG (Prop_bufg_I_O)         0.091    11.757 r  u_week10_1_wrapper/week10_1_i/processing_system7_0/inst/buffer_fclk_clk_0.FCLK_CLK_0_BUFG/O
                         net (fo=990, routed)         1.510    13.268    u_apb_7seg/apb_clk
    SLICE_X9Y44          FDCE                                         r  u_apb_7seg/r_control_reg[6]/C
                         clock pessimism              0.397    13.664    
                         clock uncertainty           -0.154    13.510    
    SLICE_X9Y44          FDCE (Recov_fdce_C_CLR)     -0.609    12.901    u_apb_7seg/r_control_reg[6]
  -------------------------------------------------------------------
                         required time                         12.901    
                         arrival time                          -6.798    
  -------------------------------------------------------------------
                         slack                                  6.103    

Slack (MET) :             6.103ns  (required time - arrival time)
  Source:                 u_week10_1_wrapper/week10_1_i/rst_ps7_0_100M/U0/ACTIVE_LOW_PR_OUT_DFF[0].FDRE_PER_N/C
                            (rising edge-triggered cell FDRE clocked by clk_fpga_0  {rise@0.000ns fall@5.000ns period=10.000ns})
  Destination:            u_apb_7seg/r_control_reg[7]/CLR
                            (recovery check against rising-edge clock clk_fpga_0  {rise@0.000ns fall@5.000ns period=10.000ns})
  Path Group:             **async_default**
  Path Type:              Recovery (Max at Slow Process Corner)
  Requirement:            10.000ns  (clk_fpga_0 rise@10.000ns - clk_fpga_0 rise@0.000ns)
  Data Path Delay:        3.087ns  (logic 0.606ns (19.631%)  route 2.481ns (80.369%))
  Logic Levels:           1  (LUT1=1)
  Clock Path Skew:        -0.047ns (DCD - SCD + CPR)
    Destination Clock Delay (DCD):    3.268ns = ( 13.268 - 10.000 ) 
    Source Clock Delay      (SCD):    3.711ns
    Clock Pessimism Removal (CPR):    0.397ns
  Clock Uncertainty:      0.154ns  ((TSJ^2 + TIJ^2)^1/2 + DJ) / 2 + PE
    Total System Jitter     (TSJ):    0.071ns
    Total Input Jitter      (TIJ):    0.300ns
    Discrete Jitter          (DJ):    0.000ns
    Phase Error              (PE):    0.000ns

    Location             Delay type                Incr(ns)  Path(ns)    Netlist Resource(s)
  -------------------------------------------------------------------    -------------------
                         (clock clk_fpga_0 rise edge)
                                                      0.000     0.000 r  
    PS7_X0Y0             PS7                          0.000     0.000 r  u_week10_1_wrapper/week10_1_i/processing_system7_0/inst/PS7_i/FCLKCLK[0]
                         net (fo=1, routed)           1.938     1.938    u_week10_1_wrapper/week10_1_i/processing_system7_0/inst/FCLK_CLK_unbuffered[0]
    BUFGCTRL_X0Y16       BUFG (Prop_bufg_I_O)         0.101     2.039 r  u_week10_1_wrapper/week10_1_i/processing_system7_0/inst/buffer_fclk_clk_0.FCLK_CLK_0_BUFG/O
                         net (fo=990, routed)         1.672     3.711    u_week10_1_wrapper/week10_1_i/rst_ps7_0_100M/U0/slowest_sync_clk
    SLICE_X19Y35         FDRE                                         r  u_week10_1_wrapper/week10_1_i/rst_ps7_0_100M/U0/ACTIVE_LOW_PR_OUT_DFF[0].FDRE_PER_N/C
  -------------------------------------------------------------------    -------------------
    SLICE_X19Y35         FDRE (Prop_fdre_C_Q)         0.456     4.167 r  u_week10_1_wrapper/week10_1_i/rst_ps7_0_100M/U0/ACTIVE_LOW_PR_OUT_DFF[0].FDRE_PER_N/Q
                         net (fo=8, routed)           1.268     5.435    u_apb_7seg/apb_rst[0]
    SLICE_X10Y42         LUT1 (Prop_lut1_I0_O)        0.150     5.585 f  u_apb_7seg/r_control[31]_i_1/O
                         net (fo=32, routed)          1.213     6.798    u_apb_7seg/r_control[31]_i_1_n_0
    SLICE_X9Y44          FDCE                                         f  u_apb_7seg/r_control_reg[7]/CLR
  -------------------------------------------------------------------    -------------------

                         (clock clk_fpga_0 rise edge)
                                                     10.000    10.000 r  
    PS7_X0Y0             PS7                          0.000    10.000 r  u_week10_1_wrapper/week10_1_i/processing_system7_0/inst/PS7_i/FCLKCLK[0]
                         net (fo=1, routed)           1.666    11.666    u_week10_1_wrapper/week10_1_i/processing_system7_0/inst/FCLK_CLK_unbuffered[0]
    BUFGCTRL_X0Y16       BUFG (Prop_bufg_I_O)         0.091    11.757 r  u_week10_1_wrapper/week10_1_i/processing_system7_0/inst/buffer_fclk_clk_0.FCLK_CLK_0_BUFG/O
                         net (fo=990, routed)         1.510    13.268    u_apb_7seg/apb_clk
    SLICE_X9Y44          FDCE                                         r  u_apb_7seg/r_control_reg[7]/C
                         clock pessimism              0.397    13.664    
                         clock uncertainty           -0.154    13.510    
    SLICE_X9Y44          FDCE (Recov_fdce_C_CLR)     -0.609    12.901    u_apb_7seg/r_control_reg[7]
  -------------------------------------------------------------------
                         required time                         12.901    
                         arrival time                          -6.798    
  -------------------------------------------------------------------
                         slack                                  6.103    

Slack (MET) :             6.265ns  (required time - arrival time)
  Source:                 u_week10_1_wrapper/week10_1_i/rst_ps7_0_100M/U0/ACTIVE_LOW_PR_OUT_DFF[0].FDRE_PER_N/C
                            (rising edge-triggered cell FDRE clocked by clk_fpga_0  {rise@0.000ns fall@5.000ns period=10.000ns})
  Destination:            u_apb_7seg/r_control_reg[11]/CLR
                            (recovery check against rising-edge clock clk_fpga_0  {rise@0.000ns fall@5.000ns period=10.000ns})
  Path Group:             **async_default**
  Path Type:              Recovery (Max at Slow Process Corner)
  Requirement:            10.000ns  (clk_fpga_0 rise@10.000ns - clk_fpga_0 rise@0.000ns)
  Data Path Delay:        2.924ns  (logic 0.606ns (20.724%)  route 2.318ns (79.276%))
  Logic Levels:           1  (LUT1=1)
  Clock Path Skew:        -0.048ns (DCD - SCD + CPR)
    Destination Clock Delay (DCD):    3.267ns = ( 13.267 - 10.000 ) 
    Source Clock Delay      (SCD):    3.711ns
    Clock Pessimism Removal (CPR):    0.397ns
  Clock Uncertainty:      0.154ns  ((TSJ^2 + TIJ^2)^1/2 + DJ) / 2 + PE
    Total System Jitter     (TSJ):    0.071ns
    Total Input Jitter      (TIJ):    0.300ns
    Discrete Jitter          (DJ):    0.000ns
    Phase Error              (PE):    0.000ns

    Location             Delay type                Incr(ns)  Path(ns)    Netlist Resource(s)
  -------------------------------------------------------------------    -------------------
                         (clock clk_fpga_0 rise edge)
                                                      0.000     0.000 r  
    PS7_X0Y0             PS7                          0.000     0.000 r  u_week10_1_wrapper/week10_1_i/processing_system7_0/inst/PS7_i/FCLKCLK[0]
                         net (fo=1, routed)           1.938     1.938    u_week10_1_wrapper/week10_1_i/processing_system7_0/inst/FCLK_CLK_unbuffered[0]
    BUFGCTRL_X0Y16       BUFG (Prop_bufg_I_O)         0.101     2.039 r  u_week10_1_wrapper/week10_1_i/processing_system7_0/inst/buffer_fclk_clk_0.FCLK_CLK_0_BUFG/O
                         net (fo=990, routed)         1.672     3.711    u_week10_1_wrapper/week10_1_i/rst_ps7_0_100M/U0/slowest_sync_clk
    SLICE_X19Y35         FDRE                                         r  u_week10_1_wrapper/week10_1_i/rst_ps7_0_100M/U0/ACTIVE_LOW_PR_OUT_DFF[0].FDRE_PER_N/C
  -------------------------------------------------------------------    -------------------
    SLICE_X19Y35         FDRE (Prop_fdre_C_Q)         0.456     4.167 r  u_week10_1_wrapper/week10_1_i/rst_ps7_0_100M/U0/ACTIVE_LOW_PR_OUT_DFF[0].FDRE_PER_N/Q
                         net (fo=8, routed)           1.268     5.435    u_apb_7seg/apb_rst[0]
    SLICE_X10Y42         LUT1 (Prop_lut1_I0_O)        0.150     5.585 f  u_apb_7seg/r_control[31]_i_1/O
                         net (fo=32, routed)          1.050     6.635    u_apb_7seg/r_control[31]_i_1_n_0
    SLICE_X7Y45          FDCE                                         f  u_apb_7seg/r_control_reg[11]/CLR
  -------------------------------------------------------------------    -------------------

                         (clock clk_fpga_0 rise edge)
                                                     10.000    10.000 r  
    PS7_X0Y0             PS7                          0.000    10.000 r  u_week10_1_wrapper/week10_1_i/processing_system7_0/inst/PS7_i/FCLKCLK[0]
                         net (fo=1, routed)           1.666    11.666    u_week10_1_wrapper/week10_1_i/processing_system7_0/inst/FCLK_CLK_unbuffered[0]
    BUFGCTRL_X0Y16       BUFG (Prop_bufg_I_O)         0.091    11.757 r  u_week10_1_wrapper/week10_1_i/processing_system7_0/inst/buffer_fclk_clk_0.FCLK_CLK_0_BUFG/O
                         net (fo=990, routed)         1.509    13.267    u_apb_7seg/apb_clk
    SLICE_X7Y45          FDCE                                         r  u_apb_7seg/r_control_reg[11]/C
                         clock pessimism              0.397    13.663    
                         clock uncertainty           -0.154    13.509    
    SLICE_X7Y45          FDCE (Recov_fdce_C_CLR)     -0.609    12.900    u_apb_7seg/r_control_reg[11]
  -------------------------------------------------------------------
                         required time                         12.900    
                         arrival time                          -6.635    
  -------------------------------------------------------------------
                         slack                                  6.265    

Slack (MET) :             6.265ns  (required time - arrival time)
  Source:                 u_week10_1_wrapper/week10_1_i/rst_ps7_0_100M/U0/ACTIVE_LOW_PR_OUT_DFF[0].FDRE_PER_N/C
                            (rising edge-triggered cell FDRE clocked by clk_fpga_0  {rise@0.000ns fall@5.000ns period=10.000ns})
  Destination:            u_apb_7seg/r_control_reg[13]/CLR
                            (recovery check against rising-edge clock clk_fpga_0  {rise@0.000ns fall@5.000ns period=10.000ns})
  Path Group:             **async_default**
  Path Type:              Recovery (Max at Slow Process Corner)
  Requirement:            10.000ns  (clk_fpga_0 rise@10.000ns - clk_fpga_0 rise@0.000ns)
  Data Path Delay:        2.924ns  (logic 0.606ns (20.724%)  route 2.318ns (79.276%))
  Logic Levels:           1  (LUT1=1)
  Clock Path Skew:        -0.048ns (DCD - SCD + CPR)
    Destination Clock Delay (DCD):    3.267ns = ( 13.267 - 10.000 ) 
    Source Clock Delay      (SCD):    3.711ns
    Clock Pessimism Removal (CPR):    0.397ns
  Clock Uncertainty:      0.154ns  ((TSJ^2 + TIJ^2)^1/2 + DJ) / 2 + PE
    Total System Jitter     (TSJ):    0.071ns
    Total Input Jitter      (TIJ):    0.300ns
    Discrete Jitter          (DJ):    0.000ns
    Phase Error              (PE):    0.000ns

    Location             Delay type                Incr(ns)  Path(ns)    Netlist Resource(s)
  -------------------------------------------------------------------    -------------------
                         (clock clk_fpga_0 rise edge)
                                                      0.000     0.000 r  
    PS7_X0Y0             PS7                          0.000     0.000 r  u_week10_1_wrapper/week10_1_i/processing_system7_0/inst/PS7_i/FCLKCLK[0]
                         net (fo=1, routed)           1.938     1.938    u_week10_1_wrapper/week10_1_i/processing_system7_0/inst/FCLK_CLK_unbuffered[0]
    BUFGCTRL_X0Y16       BUFG (Prop_bufg_I_O)         0.101     2.039 r  u_week10_1_wrapper/week10_1_i/processing_system7_0/inst/buffer_fclk_clk_0.FCLK_CLK_0_BUFG/O
                         net (fo=990, routed)         1.672     3.711    u_week10_1_wrapper/week10_1_i/rst_ps7_0_100M/U0/slowest_sync_clk
    SLICE_X19Y35         FDRE                                         r  u_week10_1_wrapper/week10_1_i/rst_ps7_0_100M/U0/ACTIVE_LOW_PR_OUT_DFF[0].FDRE_PER_N/C
  -------------------------------------------------------------------    -------------------
    SLICE_X19Y35         FDRE (Prop_fdre_C_Q)         0.456     4.167 r  u_week10_1_wrapper/week10_1_i/rst_ps7_0_100M/U0/ACTIVE_LOW_PR_OUT_DFF[0].FDRE_PER_N/Q
                         net (fo=8, routed)           1.268     5.435    u_apb_7seg/apb_rst[0]
    SLICE_X10Y42         LUT1 (Prop_lut1_I0_O)        0.150     5.585 f  u_apb_7seg/r_control[31]_i_1/O
                         net (fo=32, routed)          1.050     6.635    u_apb_7seg/r_control[31]_i_1_n_0
    SLICE_X7Y45          FDCE                                         f  u_apb_7seg/r_control_reg[13]/CLR
  -------------------------------------------------------------------    -------------------

                         (clock clk_fpga_0 rise edge)
                                                     10.000    10.000 r  
    PS7_X0Y0             PS7                          0.000    10.000 r  u_week10_1_wrapper/week10_1_i/processing_system7_0/inst/PS7_i/FCLKCLK[0]
                         net (fo=1, routed)           1.666    11.666    u_week10_1_wrapper/week10_1_i/processing_system7_0/inst/FCLK_CLK_unbuffered[0]
    BUFGCTRL_X0Y16       BUFG (Prop_bufg_I_O)         0.091    11.757 r  u_week10_1_wrapper/week10_1_i/processing_system7_0/inst/buffer_fclk_clk_0.FCLK_CLK_0_BUFG/O
                         net (fo=990, routed)         1.509    13.267    u_apb_7seg/apb_clk
    SLICE_X7Y45          FDCE                                         r  u_apb_7seg/r_control_reg[13]/C
                         clock pessimism              0.397    13.663    
                         clock uncertainty           -0.154    13.509    
    SLICE_X7Y45          FDCE (Recov_fdce_C_CLR)     -0.609    12.900    u_apb_7seg/r_control_reg[13]
  -------------------------------------------------------------------
                         required time                         12.900    
                         arrival time                          -6.635    
  -------------------------------------------------------------------
                         slack                                  6.265    





Min Delay Paths
--------------------------------------------------------------------------------------
Slack (MET) :             1.075ns  (arrival time - required time)
  Source:                 u_week10_1_wrapper/week10_1_i/rst_ps7_0_100M/U0/ACTIVE_LOW_PR_OUT_DFF[0].FDRE_PER_N/C
                            (rising edge-triggered cell FDRE clocked by clk_fpga_0  {rise@0.000ns fall@5.000ns period=10.000ns})
  Destination:            u_apb_7seg/r_control_reg[20]/CLR
                            (removal check against rising-edge clock clk_fpga_0  {rise@0.000ns fall@5.000ns period=10.000ns})
  Path Group:             **async_default**
  Path Type:              Removal (Min at Fast Process Corner)
  Requirement:            0.000ns  (clk_fpga_0 rise@0.000ns - clk_fpga_0 rise@0.000ns)
  Data Path Delay:        0.960ns  (logic 0.187ns (19.471%)  route 0.773ns (80.529%))
  Logic Levels:           1  (LUT1=1)
  Clock Path Skew:        0.043ns (DCD - SCD - CPR)
    Destination Clock Delay (DCD):    1.785ns
    Source Clock Delay      (SCD):    1.391ns
    Clock Pessimism Removal (CPR):    0.351ns

    Location             Delay type                Incr(ns)  Path(ns)    Netlist Resource(s)
  -------------------------------------------------------------------    -------------------
                         (clock clk_fpga_0 rise edge)
                                                      0.000     0.000 r  
    PS7_X0Y0             PS7                          0.000     0.000 r  u_week10_1_wrapper/week10_1_i/processing_system7_0/inst/PS7_i/FCLKCLK[0]
                         net (fo=1, routed)           0.804     0.804    u_week10_1_wrapper/week10_1_i/processing_system7_0/inst/FCLK_CLK_unbuffered[0]
    BUFGCTRL_X0Y16       BUFG (Prop_bufg_I_O)         0.026     0.830 r  u_week10_1_wrapper/week10_1_i/processing_system7_0/inst/buffer_fclk_clk_0.FCLK_CLK_0_BUFG/O
                         net (fo=990, routed)         0.561     1.391    u_week10_1_wrapper/week10_1_i/rst_ps7_0_100M/U0/slowest_sync_clk
    SLICE_X19Y35         FDRE                                         r  u_week10_1_wrapper/week10_1_i/rst_ps7_0_100M/U0/ACTIVE_LOW_PR_OUT_DFF[0].FDRE_PER_N/C
  -------------------------------------------------------------------    -------------------
    SLICE_X19Y35         FDRE (Prop_fdre_C_Q)         0.141     1.532 r  u_week10_1_wrapper/week10_1_i/rst_ps7_0_100M/U0/ACTIVE_LOW_PR_OUT_DFF[0].FDRE_PER_N/Q
                         net (fo=8, routed)           0.553     2.085    u_apb_7seg/apb_rst[0]
    SLICE_X10Y42         LUT1 (Prop_lut1_I0_O)        0.046     2.131 f  u_apb_7seg/r_control[31]_i_1/O
                         net (fo=32, routed)          0.220     2.351    u_apb_7seg/r_control[31]_i_1_n_0
    SLICE_X11Y47         FDCE                                         f  u_apb_7seg/r_control_reg[20]/CLR
  -------------------------------------------------------------------    -------------------

                         (clock clk_fpga_0 rise edge)
                                                      0.000     0.000 r  
    PS7_X0Y0             PS7                          0.000     0.000 r  u_week10_1_wrapper/week10_1_i/processing_system7_0/inst/PS7_i/FCLKCLK[0]
                         net (fo=1, routed)           0.919     0.919    u_week10_1_wrapper/week10_1_i/processing_system7_0/inst/FCLK_CLK_unbuffered[0]
    BUFGCTRL_X0Y16       BUFG (Prop_bufg_I_O)         0.029     0.948 r  u_week10_1_wrapper/week10_1_i/processing_system7_0/inst/buffer_fclk_clk_0.FCLK_CLK_0_BUFG/O
                         net (fo=990, routed)         0.837     1.785    u_apb_7seg/apb_clk
    SLICE_X11Y47         FDCE                                         r  u_apb_7seg/r_control_reg[20]/C
                         clock pessimism             -0.351     1.434    
    SLICE_X11Y47         FDCE (Remov_fdce_C_CLR)     -0.158     1.276    u_apb_7seg/r_control_reg[20]
  -------------------------------------------------------------------
                         required time                         -1.276    
                         arrival time                           2.351    
  -------------------------------------------------------------------
                         slack                                  1.075    

Slack (MET) :             1.075ns  (arrival time - required time)
  Source:                 u_week10_1_wrapper/week10_1_i/rst_ps7_0_100M/U0/ACTIVE_LOW_PR_OUT_DFF[0].FDRE_PER_N/C
                            (rising edge-triggered cell FDRE clocked by clk_fpga_0  {rise@0.000ns fall@5.000ns period=10.000ns})
  Destination:            u_apb_7seg/r_control_reg[26]/CLR
                            (removal check against rising-edge clock clk_fpga_0  {rise@0.000ns fall@5.000ns period=10.000ns})
  Path Group:             **async_default**
  Path Type:              Removal (Min at Fast Process Corner)
  Requirement:            0.000ns  (clk_fpga_0 rise@0.000ns - clk_fpga_0 rise@0.000ns)
  Data Path Delay:        0.960ns  (logic 0.187ns (19.471%)  route 0.773ns (80.529%))
  Logic Levels:           1  (LUT1=1)
  Clock Path Skew:        0.043ns (DCD - SCD - CPR)
    Destination Clock Delay (DCD):    1.785ns
    Source Clock Delay      (SCD):    1.391ns
    Clock Pessimism Removal (CPR):    0.351ns

    Location             Delay type                Incr(ns)  Path(ns)    Netlist Resource(s)
  -------------------------------------------------------------------    -------------------
                         (clock clk_fpga_0 rise edge)
                                                      0.000     0.000 r  
    PS7_X0Y0             PS7                          0.000     0.000 r  u_week10_1_wrapper/week10_1_i/processing_system7_0/inst/PS7_i/FCLKCLK[0]
                         net (fo=1, routed)           0.804     0.804    u_week10_1_wrapper/week10_1_i/processing_system7_0/inst/FCLK_CLK_unbuffered[0]
    BUFGCTRL_X0Y16       BUFG (Prop_bufg_I_O)         0.026     0.830 r  u_week10_1_wrapper/week10_1_i/processing_system7_0/inst/buffer_fclk_clk_0.FCLK_CLK_0_BUFG/O
                         net (fo=990, routed)         0.561     1.391    u_week10_1_wrapper/week10_1_i/rst_ps7_0_100M/U0/slowest_sync_clk
    SLICE_X19Y35         FDRE                                         r  u_week10_1_wrapper/week10_1_i/rst_ps7_0_100M/U0/ACTIVE_LOW_PR_OUT_DFF[0].FDRE_PER_N/C
  -------------------------------------------------------------------    -------------------
    SLICE_X19Y35         FDRE (Prop_fdre_C_Q)         0.141     1.532 r  u_week10_1_wrapper/week10_1_i/rst_ps7_0_100M/U0/ACTIVE_LOW_PR_OUT_DFF[0].FDRE_PER_N/Q
                         net (fo=8, routed)           0.553     2.085    u_apb_7seg/apb_rst[0]
    SLICE_X10Y42         LUT1 (Prop_lut1_I0_O)        0.046     2.131 f  u_apb_7seg/r_control[31]_i_1/O
                         net (fo=32, routed)          0.220     2.351    u_apb_7seg/r_control[31]_i_1_n_0
    SLICE_X11Y47         FDCE                                         f  u_apb_7seg/r_control_reg[26]/CLR
  -------------------------------------------------------------------    -------------------

                         (clock clk_fpga_0 rise edge)
                                                      0.000     0.000 r  
    PS7_X0Y0             PS7                          0.000     0.000 r  u_week10_1_wrapper/week10_1_i/processing_system7_0/inst/PS7_i/FCLKCLK[0]
                         net (fo=1, routed)           0.919     0.919    u_week10_1_wrapper/week10_1_i/processing_system7_0/inst/FCLK_CLK_unbuffered[0]
    BUFGCTRL_X0Y16       BUFG (Prop_bufg_I_O)         0.029     0.948 r  u_week10_1_wrapper/week10_1_i/processing_system7_0/inst/buffer_fclk_clk_0.FCLK_CLK_0_BUFG/O
                         net (fo=990, routed)         0.837     1.785    u_apb_7seg/apb_clk
    SLICE_X11Y47         FDCE                                         r  u_apb_7seg/r_control_reg[26]/C
                         clock pessimism             -0.351     1.434    
    SLICE_X11Y47         FDCE (Remov_fdce_C_CLR)     -0.158     1.276    u_apb_7seg/r_control_reg[26]
  -------------------------------------------------------------------
                         required time                         -1.276    
                         arrival time                           2.351    
  -------------------------------------------------------------------
                         slack                                  1.075    

Slack (MET) :             1.075ns  (arrival time - required time)
  Source:                 u_week10_1_wrapper/week10_1_i/rst_ps7_0_100M/U0/ACTIVE_LOW_PR_OUT_DFF[0].FDRE_PER_N/C
                            (rising edge-triggered cell FDRE clocked by clk_fpga_0  {rise@0.000ns fall@5.000ns period=10.000ns})
  Destination:            u_apb_7seg/r_control_reg[27]/CLR
                            (removal check against rising-edge clock clk_fpga_0  {rise@0.000ns fall@5.000ns period=10.000ns})
  Path Group:             **async_default**
  Path Type:              Removal (Min at Fast Process Corner)
  Requirement:            0.000ns  (clk_fpga_0 rise@0.000ns - clk_fpga_0 rise@0.000ns)
  Data Path Delay:        0.960ns  (logic 0.187ns (19.471%)  route 0.773ns (80.529%))
  Logic Levels:           1  (LUT1=1)
  Clock Path Skew:        0.043ns (DCD - SCD - CPR)
    Destination Clock Delay (DCD):    1.785ns
    Source Clock Delay      (SCD):    1.391ns
    Clock Pessimism Removal (CPR):    0.351ns

    Location             Delay type                Incr(ns)  Path(ns)    Netlist Resource(s)
  -------------------------------------------------------------------    -------------------
                         (clock clk_fpga_0 rise edge)
                                                      0.000     0.000 r  
    PS7_X0Y0             PS7                          0.000     0.000 r  u_week10_1_wrapper/week10_1_i/processing_system7_0/inst/PS7_i/FCLKCLK[0]
                         net (fo=1, routed)           0.804     0.804    u_week10_1_wrapper/week10_1_i/processing_system7_0/inst/FCLK_CLK_unbuffered[0]
    BUFGCTRL_X0Y16       BUFG (Prop_bufg_I_O)         0.026     0.830 r  u_week10_1_wrapper/week10_1_i/processing_system7_0/inst/buffer_fclk_clk_0.FCLK_CLK_0_BUFG/O
                         net (fo=990, routed)         0.561     1.391    u_week10_1_wrapper/week10_1_i/rst_ps7_0_100M/U0/slowest_sync_clk
    SLICE_X19Y35         FDRE                                         r  u_week10_1_wrapper/week10_1_i/rst_ps7_0_100M/U0/ACTIVE_LOW_PR_OUT_DFF[0].FDRE_PER_N/C
  -------------------------------------------------------------------    -------------------
    SLICE_X19Y35         FDRE (Prop_fdre_C_Q)         0.141     1.532 r  u_week10_1_wrapper/week10_1_i/rst_ps7_0_100M/U0/ACTIVE_LOW_PR_OUT_DFF[0].FDRE_PER_N/Q
                         net (fo=8, routed)           0.553     2.085    u_apb_7seg/apb_rst[0]
    SLICE_X10Y42         LUT1 (Prop_lut1_I0_O)        0.046     2.131 f  u_apb_7seg/r_control[31]_i_1/O
                         net (fo=32, routed)          0.220     2.351    u_apb_7seg/r_control[31]_i_1_n_0
    SLICE_X11Y47         FDCE                                         f  u_apb_7seg/r_control_reg[27]/CLR
  -------------------------------------------------------------------    -------------------

                         (clock clk_fpga_0 rise edge)
                                                      0.000     0.000 r  
    PS7_X0Y0             PS7                          0.000     0.000 r  u_week10_1_wrapper/week10_1_i/processing_system7_0/inst/PS7_i/FCLKCLK[0]
                         net (fo=1, routed)           0.919     0.919    u_week10_1_wrapper/week10_1_i/processing_system7_0/inst/FCLK_CLK_unbuffered[0]
    BUFGCTRL_X0Y16       BUFG (Prop_bufg_I_O)         0.029     0.948 r  u_week10_1_wrapper/week10_1_i/processing_system7_0/inst/buffer_fclk_clk_0.FCLK_CLK_0_BUFG/O
                         net (fo=990, routed)         0.837     1.785    u_apb_7seg/apb_clk
    SLICE_X11Y47         FDCE                                         r  u_apb_7seg/r_control_reg[27]/C
                         clock pessimism             -0.351     1.434    
    SLICE_X11Y47         FDCE (Remov_fdce_C_CLR)     -0.158     1.276    u_apb_7seg/r_control_reg[27]
  -------------------------------------------------------------------
                         required time                         -1.276    
                         arrival time                           2.351    
  -------------------------------------------------------------------
                         slack                                  1.075    

Slack (MET) :             1.075ns  (arrival time - required time)
  Source:                 u_week10_1_wrapper/week10_1_i/rst_ps7_0_100M/U0/ACTIVE_LOW_PR_OUT_DFF[0].FDRE_PER_N/C
                            (rising edge-triggered cell FDRE clocked by clk_fpga_0  {rise@0.000ns fall@5.000ns period=10.000ns})
  Destination:            u_apb_7seg/r_control_reg[28]/CLR
                            (removal check against rising-edge clock clk_fpga_0  {rise@0.000ns fall@5.000ns period=10.000ns})
  Path Group:             **async_default**
  Path Type:              Removal (Min at Fast Process Corner)
  Requirement:            0.000ns  (clk_fpga_0 rise@0.000ns - clk_fpga_0 rise@0.000ns)
  Data Path Delay:        0.960ns  (logic 0.187ns (19.471%)  route 0.773ns (80.529%))
  Logic Levels:           1  (LUT1=1)
  Clock Path Skew:        0.043ns (DCD - SCD - CPR)
    Destination Clock Delay (DCD):    1.785ns
    Source Clock Delay      (SCD):    1.391ns
    Clock Pessimism Removal (CPR):    0.351ns

    Location             Delay type                Incr(ns)  Path(ns)    Netlist Resource(s)
  -------------------------------------------------------------------    -------------------
                         (clock clk_fpga_0 rise edge)
                                                      0.000     0.000 r  
    PS7_X0Y0             PS7                          0.000     0.000 r  u_week10_1_wrapper/week10_1_i/processing_system7_0/inst/PS7_i/FCLKCLK[0]
                         net (fo=1, routed)           0.804     0.804    u_week10_1_wrapper/week10_1_i/processing_system7_0/inst/FCLK_CLK_unbuffered[0]
    BUFGCTRL_X0Y16       BUFG (Prop_bufg_I_O)         0.026     0.830 r  u_week10_1_wrapper/week10_1_i/processing_system7_0/inst/buffer_fclk_clk_0.FCLK_CLK_0_BUFG/O
                         net (fo=990, routed)         0.561     1.391    u_week10_1_wrapper/week10_1_i/rst_ps7_0_100M/U0/slowest_sync_clk
    SLICE_X19Y35         FDRE                                         r  u_week10_1_wrapper/week10_1_i/rst_ps7_0_100M/U0/ACTIVE_LOW_PR_OUT_DFF[0].FDRE_PER_N/C
  -------------------------------------------------------------------    -------------------
    SLICE_X19Y35         FDRE (Prop_fdre_C_Q)         0.141     1.532 r  u_week10_1_wrapper/week10_1_i/rst_ps7_0_100M/U0/ACTIVE_LOW_PR_OUT_DFF[0].FDRE_PER_N/Q
                         net (fo=8, routed)           0.553     2.085    u_apb_7seg/apb_rst[0]
    SLICE_X10Y42         LUT1 (Prop_lut1_I0_O)        0.046     2.131 f  u_apb_7seg/r_control[31]_i_1/O
                         net (fo=32, routed)          0.220     2.351    u_apb_7seg/r_control[31]_i_1_n_0
    SLICE_X11Y47         FDCE                                         f  u_apb_7seg/r_control_reg[28]/CLR
  -------------------------------------------------------------------    -------------------

                         (clock clk_fpga_0 rise edge)
                                                      0.000     0.000 r  
    PS7_X0Y0             PS7                          0.000     0.000 r  u_week10_1_wrapper/week10_1_i/processing_system7_0/inst/PS7_i/FCLKCLK[0]
                         net (fo=1, routed)           0.919     0.919    u_week10_1_wrapper/week10_1_i/processing_system7_0/inst/FCLK_CLK_unbuffered[0]
    BUFGCTRL_X0Y16       BUFG (Prop_bufg_I_O)         0.029     0.948 r  u_week10_1_wrapper/week10_1_i/processing_system7_0/inst/buffer_fclk_clk_0.FCLK_CLK_0_BUFG/O
                         net (fo=990, routed)         0.837     1.785    u_apb_7seg/apb_clk
    SLICE_X11Y47         FDCE                                         r  u_apb_7seg/r_control_reg[28]/C
                         clock pessimism             -0.351     1.434    
    SLICE_X11Y47         FDCE (Remov_fdce_C_CLR)     -0.158     1.276    u_apb_7seg/r_control_reg[28]
  -------------------------------------------------------------------
                         required time                         -1.276    
                         arrival time                           2.351    
  -------------------------------------------------------------------
                         slack                                  1.075    

Slack (MET) :             1.075ns  (arrival time - required time)
  Source:                 u_week10_1_wrapper/week10_1_i/rst_ps7_0_100M/U0/ACTIVE_LOW_PR_OUT_DFF[0].FDRE_PER_N/C
                            (rising edge-triggered cell FDRE clocked by clk_fpga_0  {rise@0.000ns fall@5.000ns period=10.000ns})
  Destination:            u_apb_7seg/r_control_reg[29]/CLR
                            (removal check against rising-edge clock clk_fpga_0  {rise@0.000ns fall@5.000ns period=10.000ns})
  Path Group:             **async_default**
  Path Type:              Removal (Min at Fast Process Corner)
  Requirement:            0.000ns  (clk_fpga_0 rise@0.000ns - clk_fpga_0 rise@0.000ns)
  Data Path Delay:        0.960ns  (logic 0.187ns (19.471%)  route 0.773ns (80.529%))
  Logic Levels:           1  (LUT1=1)
  Clock Path Skew:        0.043ns (DCD - SCD - CPR)
    Destination Clock Delay (DCD):    1.785ns
    Source Clock Delay      (SCD):    1.391ns
    Clock Pessimism Removal (CPR):    0.351ns

    Location             Delay type                Incr(ns)  Path(ns)    Netlist Resource(s)
  -------------------------------------------------------------------    -------------------
                         (clock clk_fpga_0 rise edge)
                                                      0.000     0.000 r  
    PS7_X0Y0             PS7                          0.000     0.000 r  u_week10_1_wrapper/week10_1_i/processing_system7_0/inst/PS7_i/FCLKCLK[0]
                         net (fo=1, routed)           0.804     0.804    u_week10_1_wrapper/week10_1_i/processing_system7_0/inst/FCLK_CLK_unbuffered[0]
    BUFGCTRL_X0Y16       BUFG (Prop_bufg_I_O)         0.026     0.830 r  u_week10_1_wrapper/week10_1_i/processing_system7_0/inst/buffer_fclk_clk_0.FCLK_CLK_0_BUFG/O
                         net (fo=990, routed)         0.561     1.391    u_week10_1_wrapper/week10_1_i/rst_ps7_0_100M/U0/slowest_sync_clk
    SLICE_X19Y35         FDRE                                         r  u_week10_1_wrapper/week10_1_i/rst_ps7_0_100M/U0/ACTIVE_LOW_PR_OUT_DFF[0].FDRE_PER_N/C
  -------------------------------------------------------------------    -------------------
    SLICE_X19Y35         FDRE (Prop_fdre_C_Q)         0.141     1.532 r  u_week10_1_wrapper/week10_1_i/rst_ps7_0_100M/U0/ACTIVE_LOW_PR_OUT_DFF[0].FDRE_PER_N/Q
                         net (fo=8, routed)           0.553     2.085    u_apb_7seg/apb_rst[0]
    SLICE_X10Y42         LUT1 (Prop_lut1_I0_O)        0.046     2.131 f  u_apb_7seg/r_control[31]_i_1/O
                         net (fo=32, routed)          0.220     2.351    u_apb_7seg/r_control[31]_i_1_n_0
    SLICE_X11Y47         FDCE                                         f  u_apb_7seg/r_control_reg[29]/CLR
  -------------------------------------------------------------------    -------------------

                         (clock clk_fpga_0 rise edge)
                                                      0.000     0.000 r  
    PS7_X0Y0             PS7                          0.000     0.000 r  u_week10_1_wrapper/week10_1_i/processing_system7_0/inst/PS7_i/FCLKCLK[0]
                         net (fo=1, routed)           0.919     0.919    u_week10_1_wrapper/week10_1_i/processing_system7_0/inst/FCLK_CLK_unbuffered[0]
    BUFGCTRL_X0Y16       BUFG (Prop_bufg_I_O)         0.029     0.948 r  u_week10_1_wrapper/week10_1_i/processing_system7_0/inst/buffer_fclk_clk_0.FCLK_CLK_0_BUFG/O
                         net (fo=990, routed)         0.837     1.785    u_apb_7seg/apb_clk
    SLICE_X11Y47         FDCE                                         r  u_apb_7seg/r_control_reg[29]/C
                         clock pessimism             -0.351     1.434    
    SLICE_X11Y47         FDCE (Remov_fdce_C_CLR)     -0.158     1.276    u_apb_7seg/r_control_reg[29]
  -------------------------------------------------------------------
                         required time                         -1.276    
                         arrival time                           2.351    
  -------------------------------------------------------------------
                         slack                                  1.075    

Slack (MET) :             1.075ns  (arrival time - required time)
  Source:                 u_week10_1_wrapper/week10_1_i/rst_ps7_0_100M/U0/ACTIVE_LOW_PR_OUT_DFF[0].FDRE_PER_N/C
                            (rising edge-triggered cell FDRE clocked by clk_fpga_0  {rise@0.000ns fall@5.000ns period=10.000ns})
  Destination:            u_apb_7seg/r_control_reg[30]/CLR
                            (removal check against rising-edge clock clk_fpga_0  {rise@0.000ns fall@5.000ns period=10.000ns})
  Path Group:             **async_default**
  Path Type:              Removal (Min at Fast Process Corner)
  Requirement:            0.000ns  (clk_fpga_0 rise@0.000ns - clk_fpga_0 rise@0.000ns)
  Data Path Delay:        0.960ns  (logic 0.187ns (19.471%)  route 0.773ns (80.529%))
  Logic Levels:           1  (LUT1=1)
  Clock Path Skew:        0.043ns (DCD - SCD - CPR)
    Destination Clock Delay (DCD):    1.785ns
    Source Clock Delay      (SCD):    1.391ns
    Clock Pessimism Removal (CPR):    0.351ns

    Location             Delay type                Incr(ns)  Path(ns)    Netlist Resource(s)
  -------------------------------------------------------------------    -------------------
                         (clock clk_fpga_0 rise edge)
                                                      0.000     0.000 r  
    PS7_X0Y0             PS7                          0.000     0.000 r  u_week10_1_wrapper/week10_1_i/processing_system7_0/inst/PS7_i/FCLKCLK[0]
                         net (fo=1, routed)           0.804     0.804    u_week10_1_wrapper/week10_1_i/processing_system7_0/inst/FCLK_CLK_unbuffered[0]
    BUFGCTRL_X0Y16       BUFG (Prop_bufg_I_O)         0.026     0.830 r  u_week10_1_wrapper/week10_1_i/processing_system7_0/inst/buffer_fclk_clk_0.FCLK_CLK_0_BUFG/O
                         net (fo=990, routed)         0.561     1.391    u_week10_1_wrapper/week10_1_i/rst_ps7_0_100M/U0/slowest_sync_clk
    SLICE_X19Y35         FDRE                                         r  u_week10_1_wrapper/week10_1_i/rst_ps7_0_100M/U0/ACTIVE_LOW_PR_OUT_DFF[0].FDRE_PER_N/C
  -------------------------------------------------------------------    -------------------
    SLICE_X19Y35         FDRE (Prop_fdre_C_Q)         0.141     1.532 r  u_week10_1_wrapper/week10_1_i/rst_ps7_0_100M/U0/ACTIVE_LOW_PR_OUT_DFF[0].FDRE_PER_N/Q
                         net (fo=8, routed)           0.553     2.085    u_apb_7seg/apb_rst[0]
    SLICE_X10Y42         LUT1 (Prop_lut1_I0_O)        0.046     2.131 f  u_apb_7seg/r_control[31]_i_1/O
                         net (fo=32, routed)          0.220     2.351    u_apb_7seg/r_control[31]_i_1_n_0
    SLICE_X11Y47         FDCE                                         f  u_apb_7seg/r_control_reg[30]/CLR
  -------------------------------------------------------------------    -------------------

                         (clock clk_fpga_0 rise edge)
                                                      0.000     0.000 r  
    PS7_X0Y0             PS7                          0.000     0.000 r  u_week10_1_wrapper/week10_1_i/processing_system7_0/inst/PS7_i/FCLKCLK[0]
                         net (fo=1, routed)           0.919     0.919    u_week10_1_wrapper/week10_1_i/processing_system7_0/inst/FCLK_CLK_unbuffered[0]
    BUFGCTRL_X0Y16       BUFG (Prop_bufg_I_O)         0.029     0.948 r  u_week10_1_wrapper/week10_1_i/processing_system7_0/inst/buffer_fclk_clk_0.FCLK_CLK_0_BUFG/O
                         net (fo=990, routed)         0.837     1.785    u_apb_7seg/apb_clk
    SLICE_X11Y47         FDCE                                         r  u_apb_7seg/r_control_reg[30]/C
                         clock pessimism             -0.351     1.434    
    SLICE_X11Y47         FDCE (Remov_fdce_C_CLR)     -0.158     1.276    u_apb_7seg/r_control_reg[30]
  -------------------------------------------------------------------
                         required time                         -1.276    
                         arrival time                           2.351    
  -------------------------------------------------------------------
                         slack                                  1.075    

Slack (MET) :             1.075ns  (arrival time - required time)
  Source:                 u_week10_1_wrapper/week10_1_i/rst_ps7_0_100M/U0/ACTIVE_LOW_PR_OUT_DFF[0].FDRE_PER_N/C
                            (rising edge-triggered cell FDRE clocked by clk_fpga_0  {rise@0.000ns fall@5.000ns period=10.000ns})
  Destination:            u_apb_7seg/r_control_reg[31]/CLR
                            (removal check against rising-edge clock clk_fpga_0  {rise@0.000ns fall@5.000ns period=10.000ns})
  Path Group:             **async_default**
  Path Type:              Removal (Min at Fast Process Corner)
  Requirement:            0.000ns  (clk_fpga_0 rise@0.000ns - clk_fpga_0 rise@0.000ns)
  Data Path Delay:        0.960ns  (logic 0.187ns (19.471%)  route 0.773ns (80.529%))
  Logic Levels:           1  (LUT1=1)
  Clock Path Skew:        0.043ns (DCD - SCD - CPR)
    Destination Clock Delay (DCD):    1.785ns
    Source Clock Delay      (SCD):    1.391ns
    Clock Pessimism Removal (CPR):    0.351ns

    Location             Delay type                Incr(ns)  Path(ns)    Netlist Resource(s)
  -------------------------------------------------------------------    -------------------
                         (clock clk_fpga_0 rise edge)
                                                      0.000     0.000 r  
    PS7_X0Y0             PS7                          0.000     0.000 r  u_week10_1_wrapper/week10_1_i/processing_system7_0/inst/PS7_i/FCLKCLK[0]
                         net (fo=1, routed)           0.804     0.804    u_week10_1_wrapper/week10_1_i/processing_system7_0/inst/FCLK_CLK_unbuffered[0]
    BUFGCTRL_X0Y16       BUFG (Prop_bufg_I_O)         0.026     0.830 r  u_week10_1_wrapper/week10_1_i/processing_system7_0/inst/buffer_fclk_clk_0.FCLK_CLK_0_BUFG/O
                         net (fo=990, routed)         0.561     1.391    u_week10_1_wrapper/week10_1_i/rst_ps7_0_100M/U0/slowest_sync_clk
    SLICE_X19Y35         FDRE                                         r  u_week10_1_wrapper/week10_1_i/rst_ps7_0_100M/U0/ACTIVE_LOW_PR_OUT_DFF[0].FDRE_PER_N/C
  -------------------------------------------------------------------    -------------------
    SLICE_X19Y35         FDRE (Prop_fdre_C_Q)         0.141     1.532 r  u_week10_1_wrapper/week10_1_i/rst_ps7_0_100M/U0/ACTIVE_LOW_PR_OUT_DFF[0].FDRE_PER_N/Q
                         net (fo=8, routed)           0.553     2.085    u_apb_7seg/apb_rst[0]
    SLICE_X10Y42         LUT1 (Prop_lut1_I0_O)        0.046     2.131 f  u_apb_7seg/r_control[31]_i_1/O
                         net (fo=32, routed)          0.220     2.351    u_apb_7seg/r_control[31]_i_1_n_0
    SLICE_X11Y47         FDCE                                         f  u_apb_7seg/r_control_reg[31]/CLR
  -------------------------------------------------------------------    -------------------

                         (clock clk_fpga_0 rise edge)
                                                      0.000     0.000 r  
    PS7_X0Y0             PS7                          0.000     0.000 r  u_week10_1_wrapper/week10_1_i/processing_system7_0/inst/PS7_i/FCLKCLK[0]
                         net (fo=1, routed)           0.919     0.919    u_week10_1_wrapper/week10_1_i/processing_system7_0/inst/FCLK_CLK_unbuffered[0]
    BUFGCTRL_X0Y16       BUFG (Prop_bufg_I_O)         0.029     0.948 r  u_week10_1_wrapper/week10_1_i/processing_system7_0/inst/buffer_fclk_clk_0.FCLK_CLK_0_BUFG/O
                         net (fo=990, routed)         0.837     1.785    u_apb_7seg/apb_clk
    SLICE_X11Y47         FDCE                                         r  u_apb_7seg/r_control_reg[31]/C
                         clock pessimism             -0.351     1.434    
    SLICE_X11Y47         FDCE (Remov_fdce_C_CLR)     -0.158     1.276    u_apb_7seg/r_control_reg[31]
  -------------------------------------------------------------------
                         required time                         -1.276    
                         arrival time                           2.351    
  -------------------------------------------------------------------
                         slack                                  1.075    

Slack (MET) :             1.144ns  (arrival time - required time)
  Source:                 u_week10_1_wrapper/week10_1_i/rst_ps7_0_100M/U0/ACTIVE_LOW_PR_OUT_DFF[0].FDRE_PER_N/C
                            (rising edge-triggered cell FDRE clocked by clk_fpga_0  {rise@0.000ns fall@5.000ns period=10.000ns})
  Destination:            u_apb_7seg/r_control_reg[16]/CLR
                            (removal check against rising-edge clock clk_fpga_0  {rise@0.000ns fall@5.000ns period=10.000ns})
  Path Group:             **async_default**
  Path Type:              Removal (Min at Fast Process Corner)
  Requirement:            0.000ns  (clk_fpga_0 rise@0.000ns - clk_fpga_0 rise@0.000ns)
  Data Path Delay:        1.054ns  (logic 0.187ns (17.747%)  route 0.867ns (82.253%))
  Logic Levels:           1  (LUT1=1)
  Clock Path Skew:        0.043ns (DCD - SCD - CPR)
    Destination Clock Delay (DCD):    1.785ns
    Source Clock Delay      (SCD):    1.391ns
    Clock Pessimism Removal (CPR):    0.351ns

    Location             Delay type                Incr(ns)  Path(ns)    Netlist Resource(s)
  -------------------------------------------------------------------    -------------------
                         (clock clk_fpga_0 rise edge)
                                                      0.000     0.000 r  
    PS7_X0Y0             PS7                          0.000     0.000 r  u_week10_1_wrapper/week10_1_i/processing_system7_0/inst/PS7_i/FCLKCLK[0]
                         net (fo=1, routed)           0.804     0.804    u_week10_1_wrapper/week10_1_i/processing_system7_0/inst/FCLK_CLK_unbuffered[0]
    BUFGCTRL_X0Y16       BUFG (Prop_bufg_I_O)         0.026     0.830 r  u_week10_1_wrapper/week10_1_i/processing_system7_0/inst/buffer_fclk_clk_0.FCLK_CLK_0_BUFG/O
                         net (fo=990, routed)         0.561     1.391    u_week10_1_wrapper/week10_1_i/rst_ps7_0_100M/U0/slowest_sync_clk
    SLICE_X19Y35         FDRE                                         r  u_week10_1_wrapper/week10_1_i/rst_ps7_0_100M/U0/ACTIVE_LOW_PR_OUT_DFF[0].FDRE_PER_N/C
  -------------------------------------------------------------------    -------------------
    SLICE_X19Y35         FDRE (Prop_fdre_C_Q)         0.141     1.532 r  u_week10_1_wrapper/week10_1_i/rst_ps7_0_100M/U0/ACTIVE_LOW_PR_OUT_DFF[0].FDRE_PER_N/Q
                         net (fo=8, routed)           0.553     2.085    u_apb_7seg/apb_rst[0]
    SLICE_X10Y42         LUT1 (Prop_lut1_I0_O)        0.046     2.131 f  u_apb_7seg/r_control[31]_i_1/O
                         net (fo=32, routed)          0.314     2.445    u_apb_7seg/r_control[31]_i_1_n_0
    SLICE_X6Y48          FDCE                                         f  u_apb_7seg/r_control_reg[16]/CLR
  -------------------------------------------------------------------    -------------------

                         (clock clk_fpga_0 rise edge)
                                                      0.000     0.000 r  
    PS7_X0Y0             PS7                          0.000     0.000 r  u_week10_1_wrapper/week10_1_i/processing_system7_0/inst/PS7_i/FCLKCLK[0]
                         net (fo=1, routed)           0.919     0.919    u_week10_1_wrapper/week10_1_i/processing_system7_0/inst/FCLK_CLK_unbuffered[0]
    BUFGCTRL_X0Y16       BUFG (Prop_bufg_I_O)         0.029     0.948 r  u_week10_1_wrapper/week10_1_i/processing_system7_0/inst/buffer_fclk_clk_0.FCLK_CLK_0_BUFG/O
                         net (fo=990, routed)         0.837     1.785    u_apb_7seg/apb_clk
    SLICE_X6Y48          FDCE                                         r  u_apb_7seg/r_control_reg[16]/C
                         clock pessimism             -0.351     1.434    
    SLICE_X6Y48          FDCE (Remov_fdce_C_CLR)     -0.133     1.301    u_apb_7seg/r_control_reg[16]
  -------------------------------------------------------------------
                         required time                         -1.301    
                         arrival time                           2.445    
  -------------------------------------------------------------------
                         slack                                  1.144    

Slack (MET) :             1.144ns  (arrival time - required time)
  Source:                 u_week10_1_wrapper/week10_1_i/rst_ps7_0_100M/U0/ACTIVE_LOW_PR_OUT_DFF[0].FDRE_PER_N/C
                            (rising edge-triggered cell FDRE clocked by clk_fpga_0  {rise@0.000ns fall@5.000ns period=10.000ns})
  Destination:            u_apb_7seg/r_control_reg[21]/CLR
                            (removal check against rising-edge clock clk_fpga_0  {rise@0.000ns fall@5.000ns period=10.000ns})
  Path Group:             **async_default**
  Path Type:              Removal (Min at Fast Process Corner)
  Requirement:            0.000ns  (clk_fpga_0 rise@0.000ns - clk_fpga_0 rise@0.000ns)
  Data Path Delay:        1.054ns  (logic 0.187ns (17.747%)  route 0.867ns (82.253%))
  Logic Levels:           1  (LUT1=1)
  Clock Path Skew:        0.043ns (DCD - SCD - CPR)
    Destination Clock Delay (DCD):    1.785ns
    Source Clock Delay      (SCD):    1.391ns
    Clock Pessimism Removal (CPR):    0.351ns

    Location             Delay type                Incr(ns)  Path(ns)    Netlist Resource(s)
  -------------------------------------------------------------------    -------------------
                         (clock clk_fpga_0 rise edge)
                                                      0.000     0.000 r  
    PS7_X0Y0             PS7                          0.000     0.000 r  u_week10_1_wrapper/week10_1_i/processing_system7_0/inst/PS7_i/FCLKCLK[0]
                         net (fo=1, routed)           0.804     0.804    u_week10_1_wrapper/week10_1_i/processing_system7_0/inst/FCLK_CLK_unbuffered[0]
    BUFGCTRL_X0Y16       BUFG (Prop_bufg_I_O)         0.026     0.830 r  u_week10_1_wrapper/week10_1_i/processing_system7_0/inst/buffer_fclk_clk_0.FCLK_CLK_0_BUFG/O
                         net (fo=990, routed)         0.561     1.391    u_week10_1_wrapper/week10_1_i/rst_ps7_0_100M/U0/slowest_sync_clk
    SLICE_X19Y35         FDRE                                         r  u_week10_1_wrapper/week10_1_i/rst_ps7_0_100M/U0/ACTIVE_LOW_PR_OUT_DFF[0].FDRE_PER_N/C
  -------------------------------------------------------------------    -------------------
    SLICE_X19Y35         FDRE (Prop_fdre_C_Q)         0.141     1.532 r  u_week10_1_wrapper/week10_1_i/rst_ps7_0_100M/U0/ACTIVE_LOW_PR_OUT_DFF[0].FDRE_PER_N/Q
                         net (fo=8, routed)           0.553     2.085    u_apb_7seg/apb_rst[0]
    SLICE_X10Y42         LUT1 (Prop_lut1_I0_O)        0.046     2.131 f  u_apb_7seg/r_control[31]_i_1/O
                         net (fo=32, routed)          0.314     2.445    u_apb_7seg/r_control[31]_i_1_n_0
    SLICE_X6Y48          FDCE                                         f  u_apb_7seg/r_control_reg[21]/CLR
  -------------------------------------------------------------------    -------------------

                         (clock clk_fpga_0 rise edge)
                                                      0.000     0.000 r  
    PS7_X0Y0             PS7                          0.000     0.000 r  u_week10_1_wrapper/week10_1_i/processing_system7_0/inst/PS7_i/FCLKCLK[0]
                         net (fo=1, routed)           0.919     0.919    u_week10_1_wrapper/week10_1_i/processing_system7_0/inst/FCLK_CLK_unbuffered[0]
    BUFGCTRL_X0Y16       BUFG (Prop_bufg_I_O)         0.029     0.948 r  u_week10_1_wrapper/week10_1_i/processing_system7_0/inst/buffer_fclk_clk_0.FCLK_CLK_0_BUFG/O
                         net (fo=990, routed)         0.837     1.785    u_apb_7seg/apb_clk
    SLICE_X6Y48          FDCE                                         r  u_apb_7seg/r_control_reg[21]/C
                         clock pessimism             -0.351     1.434    
    SLICE_X6Y48          FDCE (Remov_fdce_C_CLR)     -0.133     1.301    u_apb_7seg/r_control_reg[21]
  -------------------------------------------------------------------
                         required time                         -1.301    
                         arrival time                           2.445    
  -------------------------------------------------------------------
                         slack                                  1.144    

Slack (MET) :             1.144ns  (arrival time - required time)
  Source:                 u_week10_1_wrapper/week10_1_i/rst_ps7_0_100M/U0/ACTIVE_LOW_PR_OUT_DFF[0].FDRE_PER_N/C
                            (rising edge-triggered cell FDRE clocked by clk_fpga_0  {rise@0.000ns fall@5.000ns period=10.000ns})
  Destination:            u_apb_7seg/r_control_reg[22]/CLR
                            (removal check against rising-edge clock clk_fpga_0  {rise@0.000ns fall@5.000ns period=10.000ns})
  Path Group:             **async_default**
  Path Type:              Removal (Min at Fast Process Corner)
  Requirement:            0.000ns  (clk_fpga_0 rise@0.000ns - clk_fpga_0 rise@0.000ns)
  Data Path Delay:        1.054ns  (logic 0.187ns (17.747%)  route 0.867ns (82.253%))
  Logic Levels:           1  (LUT1=1)
  Clock Path Skew:        0.043ns (DCD - SCD - CPR)
    Destination Clock Delay (DCD):    1.785ns
    Source Clock Delay      (SCD):    1.391ns
    Clock Pessimism Removal (CPR):    0.351ns

    Location             Delay type                Incr(ns)  Path(ns)    Netlist Resource(s)
  -------------------------------------------------------------------    -------------------
                         (clock clk_fpga_0 rise edge)
                                                      0.000     0.000 r  
    PS7_X0Y0             PS7                          0.000     0.000 r  u_week10_1_wrapper/week10_1_i/processing_system7_0/inst/PS7_i/FCLKCLK[0]
                         net (fo=1, routed)           0.804     0.804    u_week10_1_wrapper/week10_1_i/processing_system7_0/inst/FCLK_CLK_unbuffered[0]
    BUFGCTRL_X0Y16       BUFG (Prop_bufg_I_O)         0.026     0.830 r  u_week10_1_wrapper/week10_1_i/processing_system7_0/inst/buffer_fclk_clk_0.FCLK_CLK_0_BUFG/O
                         net (fo=990, routed)         0.561     1.391    u_week10_1_wrapper/week10_1_i/rst_ps7_0_100M/U0/slowest_sync_clk
    SLICE_X19Y35         FDRE                                         r  u_week10_1_wrapper/week10_1_i/rst_ps7_0_100M/U0/ACTIVE_LOW_PR_OUT_DFF[0].FDRE_PER_N/C
  -------------------------------------------------------------------    -------------------
    SLICE_X19Y35         FDRE (Prop_fdre_C_Q)         0.141     1.532 r  u_week10_1_wrapper/week10_1_i/rst_ps7_0_100M/U0/ACTIVE_LOW_PR_OUT_DFF[0].FDRE_PER_N/Q
                         net (fo=8, routed)           0.553     2.085    u_apb_7seg/apb_rst[0]
    SLICE_X10Y42         LUT1 (Prop_lut1_I0_O)        0.046     2.131 f  u_apb_7seg/r_control[31]_i_1/O
                         net (fo=32, routed)          0.314     2.445    u_apb_7seg/r_control[31]_i_1_n_0
    SLICE_X6Y48          FDCE                                         f  u_apb_7seg/r_control_reg[22]/CLR
  -------------------------------------------------------------------    -------------------

                         (clock clk_fpga_0 rise edge)
                                                      0.000     0.000 r  
    PS7_X0Y0             PS7                          0.000     0.000 r  u_week10_1_wrapper/week10_1_i/processing_system7_0/inst/PS7_i/FCLKCLK[0]
                         net (fo=1, routed)           0.919     0.919    u_week10_1_wrapper/week10_1_i/processing_system7_0/inst/FCLK_CLK_unbuffered[0]
    BUFGCTRL_X0Y16       BUFG (Prop_bufg_I_O)         0.029     0.948 r  u_week10_1_wrapper/week10_1_i/processing_system7_0/inst/buffer_fclk_clk_0.FCLK_CLK_0_BUFG/O
                         net (fo=990, routed)         0.837     1.785    u_apb_7seg/apb_clk
    SLICE_X6Y48          FDCE                                         r  u_apb_7seg/r_control_reg[22]/C
                         clock pessimism             -0.351     1.434    
    SLICE_X6Y48          FDCE (Remov_fdce_C_CLR)     -0.133     1.301    u_apb_7seg/r_control_reg[22]
  -------------------------------------------------------------------
                         required time                         -1.301    
                         arrival time                           2.445    
  -------------------------------------------------------------------
                         slack                                  1.144    





--------------------------------------------------------------------------------------
Path Group:  (none)
From Clock:  
  To Clock:  clk_fpga_0

Max Delay             5 Endpoints
Min Delay             5 Endpoints
--------------------------------------------------------------------------------------


Max Delay Paths
--------------------------------------------------------------------------------------
Slack:                    inf
  Source:                 i_btn[2]
                            (input port)
  Destination:            u_week10_1_wrapper/week10_1_i/axi_gpio_0/U0/gpio_core_1/Not_Dual.INPUT_DOUBLE_REGS3/GENERATE_LEVEL_P_S_CDC.MULTI_BIT.FOR_IN_cdc_to[2].CROSS2_PLEVEL_IN2SCNDRY_IN_cdc_to/D
                            (rising edge-triggered cell FDRE clocked by clk_fpga_0  {rise@0.000ns fall@5.000ns period=10.000ns})
  Path Group:             (none)
  Path Type:              Setup (Max at Slow Process Corner)
  Data Path Delay:        4.099ns  (logic 1.451ns (35.394%)  route 2.648ns (64.606%))
  Logic Levels:           1  (IBUF=1)
  Clock Path Skew:        3.254ns (DCD - SCD + CPR)
    Destination Clock Delay (DCD):    3.254ns
    Source Clock Delay      (SCD):    0.000ns
    Clock Pessimism Removal (CPR):    0.000ns
  Clock Uncertainty:      0.152ns  ((TSJ^2 + TIJ^2)^1/2 + DJ) / 2 + PE
    Total System Jitter     (TSJ):    0.050ns
    Total Input Jitter      (TIJ):    0.300ns
    Discrete Jitter          (DJ):    0.000ns
    Phase Error              (PE):    0.000ns
  Timing Exception:       False Path

    Location             Delay type                Incr(ns)  Path(ns)    Netlist Resource(s)
  -------------------------------------------------------------------    -------------------
    P15                                               0.000     0.000 r  i_btn[2] (IN)
                         net (fo=0)                   0.000     0.000    i_btn[2]
    P15                  IBUF (Prop_ibuf_I_O)         1.451     1.451 r  i_btn_IBUF[2]_inst/O
                         net (fo=1, routed)           2.648     4.099    u_week10_1_wrapper/week10_1_i/axi_gpio_0/U0/gpio_core_1/Not_Dual.INPUT_DOUBLE_REGS3/gpio_io_i[2]
    SLICE_X15Y32         FDRE                                         r  u_week10_1_wrapper/week10_1_i/axi_gpio_0/U0/gpio_core_1/Not_Dual.INPUT_DOUBLE_REGS3/GENERATE_LEVEL_P_S_CDC.MULTI_BIT.FOR_IN_cdc_to[2].CROSS2_PLEVEL_IN2SCNDRY_IN_cdc_to/D
  -------------------------------------------------------------------    -------------------

                         (clock clk_fpga_0 rise edge)
                                                      0.000     0.000 r  
    PS7_X0Y0             PS7                          0.000     0.000 r  u_week10_1_wrapper/week10_1_i/processing_system7_0/inst/PS7_i/FCLKCLK[0]
                         net (fo=1, routed)           1.666     1.666    u_week10_1_wrapper/week10_1_i/processing_system7_0/inst/FCLK_CLK_unbuffered[0]
    BUFGCTRL_X0Y16       BUFG (Prop_bufg_I_O)         0.091     1.757 r  u_week10_1_wrapper/week10_1_i/processing_system7_0/inst/buffer_fclk_clk_0.FCLK_CLK_0_BUFG/O
                         net (fo=990, routed)         1.496     3.254    u_week10_1_wrapper/week10_1_i/axi_gpio_0/U0/gpio_core_1/Not_Dual.INPUT_DOUBLE_REGS3/s_axi_aclk
    SLICE_X15Y32         FDRE                                         r  u_week10_1_wrapper/week10_1_i/axi_gpio_0/U0/gpio_core_1/Not_Dual.INPUT_DOUBLE_REGS3/GENERATE_LEVEL_P_S_CDC.MULTI_BIT.FOR_IN_cdc_to[2].CROSS2_PLEVEL_IN2SCNDRY_IN_cdc_to/C

Slack:                    inf
  Source:                 i_btn[3]
                            (input port)
  Destination:            u_week10_1_wrapper/week10_1_i/axi_gpio_0/U0/gpio_core_1/Not_Dual.INPUT_DOUBLE_REGS3/GENERATE_LEVEL_P_S_CDC.MULTI_BIT.FOR_IN_cdc_to[3].CROSS2_PLEVEL_IN2SCNDRY_IN_cdc_to/D
                            (rising edge-triggered cell FDRE clocked by clk_fpga_0  {rise@0.000ns fall@5.000ns period=10.000ns})
  Path Group:             (none)
  Path Type:              Setup (Max at Slow Process Corner)
  Data Path Delay:        3.705ns  (logic 1.476ns (39.848%)  route 2.229ns (60.152%))
  Logic Levels:           1  (IBUF=1)
  Clock Path Skew:        3.259ns (DCD - SCD + CPR)
    Destination Clock Delay (DCD):    3.259ns
    Source Clock Delay      (SCD):    0.000ns
    Clock Pessimism Removal (CPR):    0.000ns
  Clock Uncertainty:      0.152ns  ((TSJ^2 + TIJ^2)^1/2 + DJ) / 2 + PE
    Total System Jitter     (TSJ):    0.050ns
    Total Input Jitter      (TIJ):    0.300ns
    Discrete Jitter          (DJ):    0.000ns
    Phase Error              (PE):    0.000ns
  Timing Exception:       False Path

    Location             Delay type                Incr(ns)  Path(ns)    Netlist Resource(s)
  -------------------------------------------------------------------    -------------------
    M14                                               0.000     0.000 r  i_btn[3] (IN)
                         net (fo=0)                   0.000     0.000    i_btn[3]
    M14                  IBUF (Prop_ibuf_I_O)         1.476     1.476 r  i_btn_IBUF[3]_inst/O
                         net (fo=1, routed)           2.229     3.705    u_week10_1_wrapper/week10_1_i/axi_gpio_0/U0/gpio_core_1/Not_Dual.INPUT_DOUBLE_REGS3/gpio_io_i[3]
    SLICE_X18Y40         FDRE                                         r  u_week10_1_wrapper/week10_1_i/axi_gpio_0/U0/gpio_core_1/Not_Dual.INPUT_DOUBLE_REGS3/GENERATE_LEVEL_P_S_CDC.MULTI_BIT.FOR_IN_cdc_to[3].CROSS2_PLEVEL_IN2SCNDRY_IN_cdc_to/D
  -------------------------------------------------------------------    -------------------

                         (clock clk_fpga_0 rise edge)
                                                      0.000     0.000 r  
    PS7_X0Y0             PS7                          0.000     0.000 r  u_week10_1_wrapper/week10_1_i/processing_system7_0/inst/PS7_i/FCLKCLK[0]
                         net (fo=1, routed)           1.666     1.666    u_week10_1_wrapper/week10_1_i/processing_system7_0/inst/FCLK_CLK_unbuffered[0]
    BUFGCTRL_X0Y16       BUFG (Prop_bufg_I_O)         0.091     1.757 r  u_week10_1_wrapper/week10_1_i/processing_system7_0/inst/buffer_fclk_clk_0.FCLK_CLK_0_BUFG/O
                         net (fo=990, routed)         1.501     3.259    u_week10_1_wrapper/week10_1_i/axi_gpio_0/U0/gpio_core_1/Not_Dual.INPUT_DOUBLE_REGS3/s_axi_aclk
    SLICE_X18Y40         FDRE                                         r  u_week10_1_wrapper/week10_1_i/axi_gpio_0/U0/gpio_core_1/Not_Dual.INPUT_DOUBLE_REGS3/GENERATE_LEVEL_P_S_CDC.MULTI_BIT.FOR_IN_cdc_to[3].CROSS2_PLEVEL_IN2SCNDRY_IN_cdc_to/C

Slack:                    inf
  Source:                 i_btn[1]
                            (input port)
  Destination:            u_week10_1_wrapper/week10_1_i/axi_gpio_0/U0/gpio_core_1/Not_Dual.INPUT_DOUBLE_REGS3/GENERATE_LEVEL_P_S_CDC.MULTI_BIT.FOR_IN_cdc_to[1].CROSS2_PLEVEL_IN2SCNDRY_IN_cdc_to/D
                            (rising edge-triggered cell FDRE clocked by clk_fpga_0  {rise@0.000ns fall@5.000ns period=10.000ns})
  Path Group:             (none)
  Path Type:              Setup (Max at Slow Process Corner)
  Data Path Delay:        3.489ns  (logic 1.539ns (44.111%)  route 1.950ns (55.889%))
  Logic Levels:           1  (IBUF=1)
  Clock Path Skew:        3.260ns (DCD - SCD + CPR)
    Destination Clock Delay (DCD):    3.260ns
    Source Clock Delay      (SCD):    0.000ns
    Clock Pessimism Removal (CPR):    0.000ns
  Clock Uncertainty:      0.152ns  ((TSJ^2 + TIJ^2)^1/2 + DJ) / 2 + PE
    Total System Jitter     (TSJ):    0.050ns
    Total Input Jitter      (TIJ):    0.300ns
    Discrete Jitter          (DJ):    0.000ns
    Phase Error              (PE):    0.000ns
  Timing Exception:       False Path

    Location             Delay type                Incr(ns)  Path(ns)    Netlist Resource(s)
  -------------------------------------------------------------------    -------------------
    W13                                               0.000     0.000 r  i_btn[1] (IN)
                         net (fo=0)                   0.000     0.000    i_btn[1]
    W13                  IBUF (Prop_ibuf_I_O)         1.539     1.539 r  i_btn_IBUF[1]_inst/O
                         net (fo=1, routed)           1.950     3.489    u_week10_1_wrapper/week10_1_i/axi_gpio_0/U0/gpio_core_1/Not_Dual.INPUT_DOUBLE_REGS3/gpio_io_i[1]
    SLICE_X15Y40         FDRE                                         r  u_week10_1_wrapper/week10_1_i/axi_gpio_0/U0/gpio_core_1/Not_Dual.INPUT_DOUBLE_REGS3/GENERATE_LEVEL_P_S_CDC.MULTI_BIT.FOR_IN_cdc_to[1].CROSS2_PLEVEL_IN2SCNDRY_IN_cdc_to/D
  -------------------------------------------------------------------    -------------------

                         (clock clk_fpga_0 rise edge)
                                                      0.000     0.000 r  
    PS7_X0Y0             PS7                          0.000     0.000 r  u_week10_1_wrapper/week10_1_i/processing_system7_0/inst/PS7_i/FCLKCLK[0]
                         net (fo=1, routed)           1.666     1.666    u_week10_1_wrapper/week10_1_i/processing_system7_0/inst/FCLK_CLK_unbuffered[0]
    BUFGCTRL_X0Y16       BUFG (Prop_bufg_I_O)         0.091     1.757 r  u_week10_1_wrapper/week10_1_i/processing_system7_0/inst/buffer_fclk_clk_0.FCLK_CLK_0_BUFG/O
                         net (fo=990, routed)         1.502     3.260    u_week10_1_wrapper/week10_1_i/axi_gpio_0/U0/gpio_core_1/Not_Dual.INPUT_DOUBLE_REGS3/s_axi_aclk
    SLICE_X15Y40         FDRE                                         r  u_week10_1_wrapper/week10_1_i/axi_gpio_0/U0/gpio_core_1/Not_Dual.INPUT_DOUBLE_REGS3/GENERATE_LEVEL_P_S_CDC.MULTI_BIT.FOR_IN_cdc_to[1].CROSS2_PLEVEL_IN2SCNDRY_IN_cdc_to/C

Slack:                    inf
  Source:                 i_btn[0]
                            (input port)
  Destination:            u_week10_1_wrapper/week10_1_i/axi_gpio_0/U0/gpio_core_1/Not_Dual.INPUT_DOUBLE_REGS3/GENERATE_LEVEL_P_S_CDC.MULTI_BIT.FOR_IN_cdc_to[0].CROSS2_PLEVEL_IN2SCNDRY_IN_cdc_to/D
                            (rising edge-triggered cell FDRE clocked by clk_fpga_0  {rise@0.000ns fall@5.000ns period=10.000ns})
  Path Group:             (none)
  Path Type:              Setup (Max at Slow Process Corner)
  Data Path Delay:        3.471ns  (logic 1.583ns (45.600%)  route 1.888ns (54.400%))
  Logic Levels:           1  (IBUF=1)
  Clock Path Skew:        3.256ns (DCD - SCD + CPR)
    Destination Clock Delay (DCD):    3.256ns
    Source Clock Delay      (SCD):    0.000ns
    Clock Pessimism Removal (CPR):    0.000ns
  Clock Uncertainty:      0.152ns  ((TSJ^2 + TIJ^2)^1/2 + DJ) / 2 + PE
    Total System Jitter     (TSJ):    0.050ns
    Total Input Jitter      (TIJ):    0.300ns
    Discrete Jitter          (DJ):    0.000ns
    Phase Error              (PE):    0.000ns
  Timing Exception:       False Path

    Location             Delay type                Incr(ns)  Path(ns)    Netlist Resource(s)
  -------------------------------------------------------------------    -------------------
    W14                                               0.000     0.000 r  i_btn[0] (IN)
                         net (fo=0)                   0.000     0.000    i_btn[0]
    W14                  IBUF (Prop_ibuf_I_O)         1.583     1.583 r  i_btn_IBUF[0]_inst/O
                         net (fo=1, routed)           1.888     3.471    u_week10_1_wrapper/week10_1_i/axi_gpio_0/U0/gpio_core_1/Not_Dual.INPUT_DOUBLE_REGS3/gpio_io_i[0]
    SLICE_X18Y36         FDRE                                         r  u_week10_1_wrapper/week10_1_i/axi_gpio_0/U0/gpio_core_1/Not_Dual.INPUT_DOUBLE_REGS3/GENERATE_LEVEL_P_S_CDC.MULTI_BIT.FOR_IN_cdc_to[0].CROSS2_PLEVEL_IN2SCNDRY_IN_cdc_to/D
  -------------------------------------------------------------------    -------------------

                         (clock clk_fpga_0 rise edge)
                                                      0.000     0.000 r  
    PS7_X0Y0             PS7                          0.000     0.000 r  u_week10_1_wrapper/week10_1_i/processing_system7_0/inst/PS7_i/FCLKCLK[0]
                         net (fo=1, routed)           1.666     1.666    u_week10_1_wrapper/week10_1_i/processing_system7_0/inst/FCLK_CLK_unbuffered[0]
    BUFGCTRL_X0Y16       BUFG (Prop_bufg_I_O)         0.091     1.757 r  u_week10_1_wrapper/week10_1_i/processing_system7_0/inst/buffer_fclk_clk_0.FCLK_CLK_0_BUFG/O
                         net (fo=990, routed)         1.498     3.256    u_week10_1_wrapper/week10_1_i/axi_gpio_0/U0/gpio_core_1/Not_Dual.INPUT_DOUBLE_REGS3/s_axi_aclk
    SLICE_X18Y36         FDRE                                         r  u_week10_1_wrapper/week10_1_i/axi_gpio_0/U0/gpio_core_1/Not_Dual.INPUT_DOUBLE_REGS3/GENERATE_LEVEL_P_S_CDC.MULTI_BIT.FOR_IN_cdc_to[0].CROSS2_PLEVEL_IN2SCNDRY_IN_cdc_to/C

Slack:                    inf
  Source:                 u_week10_1_wrapper/week10_1_i/processing_system7_0/inst/PS7_i/FCLKRESETN[0]
                            (internal pin)
  Destination:            u_week10_1_wrapper/week10_1_i/rst_ps7_0_100M/U0/EXT_LPF/ACTIVE_LOW_EXT.ACT_LO_EXT/GENERATE_LEVEL_P_S_CDC.SINGLE_BIT.CROSS_PLEVEL_IN2SCNDRY_IN_cdc_to/D
                            (rising edge-triggered cell FDRE clocked by clk_fpga_0  {rise@0.000ns fall@5.000ns period=10.000ns})
  Path Group:             (none)
  Path Type:              Setup (Max at Slow Process Corner)
  Data Path Delay:        1.525ns  (logic 0.124ns (8.132%)  route 1.401ns (91.868%))
  Logic Levels:           1  (LUT1=1)
  Clock Uncertainty:      0.152ns  ((TSJ^2 + TIJ^2)^1/2 + DJ) / 2 + PE
    Total System Jitter     (TSJ):    0.050ns
    Total Input Jitter      (TIJ):    0.300ns
    Discrete Jitter          (DJ):    0.000ns
    Phase Error              (PE):    0.000ns
  Timing Exception:       False Path

    Location             Delay type                Incr(ns)  Path(ns)    Netlist Resource(s)
  -------------------------------------------------------------------    -------------------
    PS7_X0Y0             PS7                          0.000     0.000 f  u_week10_1_wrapper/week10_1_i/processing_system7_0/inst/PS7_i/FCLKRESETN[0]
                         net (fo=1, routed)           1.401     1.401    u_week10_1_wrapper/week10_1_i/rst_ps7_0_100M/U0/EXT_LPF/ACTIVE_LOW_EXT.ACT_LO_EXT/ext_reset_in
    SLICE_X18Y35         LUT1 (Prop_lut1_I0_O)        0.124     1.525 r  u_week10_1_wrapper/week10_1_i/rst_ps7_0_100M/U0/EXT_LPF/ACTIVE_LOW_EXT.ACT_LO_EXT/GENERATE_LEVEL_P_S_CDC.SINGLE_BIT.CROSS_PLEVEL_IN2SCNDRY_IN_cdc_to_i_1/O
                         net (fo=1, routed)           0.000     1.525    u_week10_1_wrapper/week10_1_i/rst_ps7_0_100M/U0/EXT_LPF/ACTIVE_LOW_EXT.ACT_LO_EXT/exr_d1
    SLICE_X18Y35         FDRE                                         r  u_week10_1_wrapper/week10_1_i/rst_ps7_0_100M/U0/EXT_LPF/ACTIVE_LOW_EXT.ACT_LO_EXT/GENERATE_LEVEL_P_S_CDC.SINGLE_BIT.CROSS_PLEVEL_IN2SCNDRY_IN_cdc_to/D
  -------------------------------------------------------------------    -------------------

                         (clock clk_fpga_0 rise edge)
                                                      0.000     0.000 r  
    PS7_X0Y0             PS7                          0.000     0.000 r  u_week10_1_wrapper/week10_1_i/processing_system7_0/inst/PS7_i/FCLKCLK[0]
                         net (fo=1, routed)           1.666     1.666    u_week10_1_wrapper/week10_1_i/processing_system7_0/inst/FCLK_CLK_unbuffered[0]
    BUFGCTRL_X0Y16       BUFG (Prop_bufg_I_O)         0.091     1.757 r  u_week10_1_wrapper/week10_1_i/processing_system7_0/inst/buffer_fclk_clk_0.FCLK_CLK_0_BUFG/O
                         net (fo=990, routed)         1.498     3.256    u_week10_1_wrapper/week10_1_i/rst_ps7_0_100M/U0/EXT_LPF/ACTIVE_LOW_EXT.ACT_LO_EXT/slowest_sync_clk
    SLICE_X18Y35         FDRE                                         r  u_week10_1_wrapper/week10_1_i/rst_ps7_0_100M/U0/EXT_LPF/ACTIVE_LOW_EXT.ACT_LO_EXT/GENERATE_LEVEL_P_S_CDC.SINGLE_BIT.CROSS_PLEVEL_IN2SCNDRY_IN_cdc_to/C





Min Delay Paths
--------------------------------------------------------------------------------------
Slack:                    inf
  Source:                 u_week10_1_wrapper/week10_1_i/processing_system7_0/inst/PS7_i/FCLKRESETN[0]
                            (internal pin)
  Destination:            u_week10_1_wrapper/week10_1_i/rst_ps7_0_100M/U0/EXT_LPF/ACTIVE_LOW_EXT.ACT_LO_EXT/GENERATE_LEVEL_P_S_CDC.SINGLE_BIT.CROSS_PLEVEL_IN2SCNDRY_IN_cdc_to/D
                            (rising edge-triggered cell FDRE clocked by clk_fpga_0  {rise@0.000ns fall@5.000ns period=10.000ns})
  Path Group:             (none)
  Path Type:              Hold (Min at Fast Process Corner)
  Data Path Delay:        0.711ns  (logic 0.045ns (6.331%)  route 0.666ns (93.669%))
  Logic Levels:           1  (LUT1=1)
  Clock Uncertainty:      0.152ns  ((TSJ^2 + TIJ^2)^1/2 + DJ) / 2 + PE
    Total System Jitter     (TSJ):    0.050ns
    Total Input Jitter      (TIJ):    0.300ns
    Discrete Jitter          (DJ):    0.000ns
    Phase Error              (PE):    0.000ns
  Timing Exception:       False Path

    Location             Delay type                Incr(ns)  Path(ns)    Netlist Resource(s)
  -------------------------------------------------------------------    -------------------
    PS7_X0Y0             PS7                          0.000     0.000 f  u_week10_1_wrapper/week10_1_i/processing_system7_0/inst/PS7_i/FCLKRESETN[0]
                         net (fo=1, routed)           0.666     0.666    u_week10_1_wrapper/week10_1_i/rst_ps7_0_100M/U0/EXT_LPF/ACTIVE_LOW_EXT.ACT_LO_EXT/ext_reset_in
    SLICE_X18Y35         LUT1 (Prop_lut1_I0_O)        0.045     0.711 r  u_week10_1_wrapper/week10_1_i/rst_ps7_0_100M/U0/EXT_LPF/ACTIVE_LOW_EXT.ACT_LO_EXT/GENERATE_LEVEL_P_S_CDC.SINGLE_BIT.CROSS_PLEVEL_IN2SCNDRY_IN_cdc_to_i_1/O
                         net (fo=1, routed)           0.000     0.711    u_week10_1_wrapper/week10_1_i/rst_ps7_0_100M/U0/EXT_LPF/ACTIVE_LOW_EXT.ACT_LO_EXT/exr_d1
    SLICE_X18Y35         FDRE                                         r  u_week10_1_wrapper/week10_1_i/rst_ps7_0_100M/U0/EXT_LPF/ACTIVE_LOW_EXT.ACT_LO_EXT/GENERATE_LEVEL_P_S_CDC.SINGLE_BIT.CROSS_PLEVEL_IN2SCNDRY_IN_cdc_to/D
  -------------------------------------------------------------------    -------------------

                         (clock clk_fpga_0 rise edge)
                                                      0.000     0.000 r  
    PS7_X0Y0             PS7                          0.000     0.000 r  u_week10_1_wrapper/week10_1_i/processing_system7_0/inst/PS7_i/FCLKCLK[0]
                         net (fo=1, routed)           0.919     0.919    u_week10_1_wrapper/week10_1_i/processing_system7_0/inst/FCLK_CLK_unbuffered[0]
    BUFGCTRL_X0Y16       BUFG (Prop_bufg_I_O)         0.029     0.948 r  u_week10_1_wrapper/week10_1_i/processing_system7_0/inst/buffer_fclk_clk_0.FCLK_CLK_0_BUFG/O
                         net (fo=990, routed)         0.828     1.776    u_week10_1_wrapper/week10_1_i/rst_ps7_0_100M/U0/EXT_LPF/ACTIVE_LOW_EXT.ACT_LO_EXT/slowest_sync_clk
    SLICE_X18Y35         FDRE                                         r  u_week10_1_wrapper/week10_1_i/rst_ps7_0_100M/U0/EXT_LPF/ACTIVE_LOW_EXT.ACT_LO_EXT/GENERATE_LEVEL_P_S_CDC.SINGLE_BIT.CROSS_PLEVEL_IN2SCNDRY_IN_cdc_to/C

Slack:                    inf
  Source:                 i_btn[1]
                            (input port)
  Destination:            u_week10_1_wrapper/week10_1_i/axi_gpio_0/U0/gpio_core_1/Not_Dual.INPUT_DOUBLE_REGS3/GENERATE_LEVEL_P_S_CDC.MULTI_BIT.FOR_IN_cdc_to[1].CROSS2_PLEVEL_IN2SCNDRY_IN_cdc_to/D
                            (rising edge-triggered cell FDRE clocked by clk_fpga_0  {rise@0.000ns fall@5.000ns period=10.000ns})
  Path Group:             (none)
  Path Type:              Hold (Min at Fast Process Corner)
  Data Path Delay:        1.174ns  (logic 0.306ns (26.109%)  route 0.867ns (73.891%))
  Logic Levels:           1  (IBUF=1)
  Clock Path Skew:        1.780ns (DCD - SCD - CPR)
    Destination Clock Delay (DCD):    1.780ns
    Source Clock Delay      (SCD):    0.000ns
    Clock Pessimism Removal (CPR):    -0.000ns
  Timing Exception:       False Path

    Location             Delay type                Incr(ns)  Path(ns)    Netlist Resource(s)
  -------------------------------------------------------------------    -------------------
    W13                                               0.000     0.000 r  i_btn[1] (IN)
                         net (fo=0)                   0.000     0.000    i_btn[1]
    W13                  IBUF (Prop_ibuf_I_O)         0.306     0.306 r  i_btn_IBUF[1]_inst/O
                         net (fo=1, routed)           0.867     1.174    u_week10_1_wrapper/week10_1_i/axi_gpio_0/U0/gpio_core_1/Not_Dual.INPUT_DOUBLE_REGS3/gpio_io_i[1]
    SLICE_X15Y40         FDRE                                         r  u_week10_1_wrapper/week10_1_i/axi_gpio_0/U0/gpio_core_1/Not_Dual.INPUT_DOUBLE_REGS3/GENERATE_LEVEL_P_S_CDC.MULTI_BIT.FOR_IN_cdc_to[1].CROSS2_PLEVEL_IN2SCNDRY_IN_cdc_to/D
  -------------------------------------------------------------------    -------------------

                         (clock clk_fpga_0 rise edge)
                                                      0.000     0.000 r  
    PS7_X0Y0             PS7                          0.000     0.000 r  u_week10_1_wrapper/week10_1_i/processing_system7_0/inst/PS7_i/FCLKCLK[0]
                         net (fo=1, routed)           0.919     0.919    u_week10_1_wrapper/week10_1_i/processing_system7_0/inst/FCLK_CLK_unbuffered[0]
    BUFGCTRL_X0Y16       BUFG (Prop_bufg_I_O)         0.029     0.948 r  u_week10_1_wrapper/week10_1_i/processing_system7_0/inst/buffer_fclk_clk_0.FCLK_CLK_0_BUFG/O
                         net (fo=990, routed)         0.832     1.780    u_week10_1_wrapper/week10_1_i/axi_gpio_0/U0/gpio_core_1/Not_Dual.INPUT_DOUBLE_REGS3/s_axi_aclk
    SLICE_X15Y40         FDRE                                         r  u_week10_1_wrapper/week10_1_i/axi_gpio_0/U0/gpio_core_1/Not_Dual.INPUT_DOUBLE_REGS3/GENERATE_LEVEL_P_S_CDC.MULTI_BIT.FOR_IN_cdc_to[1].CROSS2_PLEVEL_IN2SCNDRY_IN_cdc_to/C

Slack:                    inf
  Source:                 i_btn[0]
                            (input port)
  Destination:            u_week10_1_wrapper/week10_1_i/axi_gpio_0/U0/gpio_core_1/Not_Dual.INPUT_DOUBLE_REGS3/GENERATE_LEVEL_P_S_CDC.MULTI_BIT.FOR_IN_cdc_to[0].CROSS2_PLEVEL_IN2SCNDRY_IN_cdc_to/D
                            (rising edge-triggered cell FDRE clocked by clk_fpga_0  {rise@0.000ns fall@5.000ns period=10.000ns})
  Path Group:             (none)
  Path Type:              Hold (Min at Fast Process Corner)
  Data Path Delay:        1.205ns  (logic 0.350ns (29.018%)  route 0.855ns (70.982%))
  Logic Levels:           1  (IBUF=1)
  Clock Path Skew:        1.776ns (DCD - SCD - CPR)
    Destination Clock Delay (DCD):    1.776ns
    Source Clock Delay      (SCD):    0.000ns
    Clock Pessimism Removal (CPR):    -0.000ns
  Timing Exception:       False Path

    Location             Delay type                Incr(ns)  Path(ns)    Netlist Resource(s)
  -------------------------------------------------------------------    -------------------
    W14                                               0.000     0.000 r  i_btn[0] (IN)
                         net (fo=0)                   0.000     0.000    i_btn[0]
    W14                  IBUF (Prop_ibuf_I_O)         0.350     0.350 r  i_btn_IBUF[0]_inst/O
                         net (fo=1, routed)           0.855     1.205    u_week10_1_wrapper/week10_1_i/axi_gpio_0/U0/gpio_core_1/Not_Dual.INPUT_DOUBLE_REGS3/gpio_io_i[0]
    SLICE_X18Y36         FDRE                                         r  u_week10_1_wrapper/week10_1_i/axi_gpio_0/U0/gpio_core_1/Not_Dual.INPUT_DOUBLE_REGS3/GENERATE_LEVEL_P_S_CDC.MULTI_BIT.FOR_IN_cdc_to[0].CROSS2_PLEVEL_IN2SCNDRY_IN_cdc_to/D
  -------------------------------------------------------------------    -------------------

                         (clock clk_fpga_0 rise edge)
                                                      0.000     0.000 r  
    PS7_X0Y0             PS7                          0.000     0.000 r  u_week10_1_wrapper/week10_1_i/processing_system7_0/inst/PS7_i/FCLKCLK[0]
                         net (fo=1, routed)           0.919     0.919    u_week10_1_wrapper/week10_1_i/processing_system7_0/inst/FCLK_CLK_unbuffered[0]
    BUFGCTRL_X0Y16       BUFG (Prop_bufg_I_O)         0.029     0.948 r  u_week10_1_wrapper/week10_1_i/processing_system7_0/inst/buffer_fclk_clk_0.FCLK_CLK_0_BUFG/O
                         net (fo=990, routed)         0.828     1.776    u_week10_1_wrapper/week10_1_i/axi_gpio_0/U0/gpio_core_1/Not_Dual.INPUT_DOUBLE_REGS3/s_axi_aclk
    SLICE_X18Y36         FDRE                                         r  u_week10_1_wrapper/week10_1_i/axi_gpio_0/U0/gpio_core_1/Not_Dual.INPUT_DOUBLE_REGS3/GENERATE_LEVEL_P_S_CDC.MULTI_BIT.FOR_IN_cdc_to[0].CROSS2_PLEVEL_IN2SCNDRY_IN_cdc_to/C

Slack:                    inf
  Source:                 i_btn[3]
                            (input port)
  Destination:            u_week10_1_wrapper/week10_1_i/axi_gpio_0/U0/gpio_core_1/Not_Dual.INPUT_DOUBLE_REGS3/GENERATE_LEVEL_P_S_CDC.MULTI_BIT.FOR_IN_cdc_to[3].CROSS2_PLEVEL_IN2SCNDRY_IN_cdc_to/D
                            (rising edge-triggered cell FDRE clocked by clk_fpga_0  {rise@0.000ns fall@5.000ns period=10.000ns})
  Path Group:             (none)
  Path Type:              Hold (Min at Fast Process Corner)
  Data Path Delay:        1.261ns  (logic 0.244ns (19.371%)  route 1.017ns (80.629%))
  Logic Levels:           1  (IBUF=1)
  Clock Path Skew:        1.780ns (DCD - SCD - CPR)
    Destination Clock Delay (DCD):    1.780ns
    Source Clock Delay      (SCD):    0.000ns
    Clock Pessimism Removal (CPR):    -0.000ns
  Timing Exception:       False Path

    Location             Delay type                Incr(ns)  Path(ns)    Netlist Resource(s)
  -------------------------------------------------------------------    -------------------
    M14                                               0.000     0.000 r  i_btn[3] (IN)
                         net (fo=0)                   0.000     0.000    i_btn[3]
    M14                  IBUF (Prop_ibuf_I_O)         0.244     0.244 r  i_btn_IBUF[3]_inst/O
                         net (fo=1, routed)           1.017     1.261    u_week10_1_wrapper/week10_1_i/axi_gpio_0/U0/gpio_core_1/Not_Dual.INPUT_DOUBLE_REGS3/gpio_io_i[3]
    SLICE_X18Y40         FDRE                                         r  u_week10_1_wrapper/week10_1_i/axi_gpio_0/U0/gpio_core_1/Not_Dual.INPUT_DOUBLE_REGS3/GENERATE_LEVEL_P_S_CDC.MULTI_BIT.FOR_IN_cdc_to[3].CROSS2_PLEVEL_IN2SCNDRY_IN_cdc_to/D
  -------------------------------------------------------------------    -------------------

                         (clock clk_fpga_0 rise edge)
                                                      0.000     0.000 r  
    PS7_X0Y0             PS7                          0.000     0.000 r  u_week10_1_wrapper/week10_1_i/processing_system7_0/inst/PS7_i/FCLKCLK[0]
                         net (fo=1, routed)           0.919     0.919    u_week10_1_wrapper/week10_1_i/processing_system7_0/inst/FCLK_CLK_unbuffered[0]
    BUFGCTRL_X0Y16       BUFG (Prop_bufg_I_O)         0.029     0.948 r  u_week10_1_wrapper/week10_1_i/processing_system7_0/inst/buffer_fclk_clk_0.FCLK_CLK_0_BUFG/O
                         net (fo=990, routed)         0.832     1.780    u_week10_1_wrapper/week10_1_i/axi_gpio_0/U0/gpio_core_1/Not_Dual.INPUT_DOUBLE_REGS3/s_axi_aclk
    SLICE_X18Y40         FDRE                                         r  u_week10_1_wrapper/week10_1_i/axi_gpio_0/U0/gpio_core_1/Not_Dual.INPUT_DOUBLE_REGS3/GENERATE_LEVEL_P_S_CDC.MULTI_BIT.FOR_IN_cdc_to[3].CROSS2_PLEVEL_IN2SCNDRY_IN_cdc_to/C

Slack:                    inf
  Source:                 i_btn[2]
                            (input port)
  Destination:            u_week10_1_wrapper/week10_1_i/axi_gpio_0/U0/gpio_core_1/Not_Dual.INPUT_DOUBLE_REGS3/GENERATE_LEVEL_P_S_CDC.MULTI_BIT.FOR_IN_cdc_to[2].CROSS2_PLEVEL_IN2SCNDRY_IN_cdc_to/D
                            (rising edge-triggered cell FDRE clocked by clk_fpga_0  {rise@0.000ns fall@5.000ns period=10.000ns})
  Path Group:             (none)
  Path Type:              Hold (Min at Fast Process Corner)
  Data Path Delay:        1.433ns  (logic 0.219ns (15.274%)  route 1.214ns (84.726%))
  Logic Levels:           1  (IBUF=1)
  Clock Path Skew:        1.773ns (DCD - SCD - CPR)
    Destination Clock Delay (DCD):    1.773ns
    Source Clock Delay      (SCD):    0.000ns
    Clock Pessimism Removal (CPR):    -0.000ns
  Timing Exception:       False Path

    Location             Delay type                Incr(ns)  Path(ns)    Netlist Resource(s)
  -------------------------------------------------------------------    -------------------
    P15                                               0.000     0.000 r  i_btn[2] (IN)
                         net (fo=0)                   0.000     0.000    i_btn[2]
    P15                  IBUF (Prop_ibuf_I_O)         0.219     0.219 r  i_btn_IBUF[2]_inst/O
                         net (fo=1, routed)           1.214     1.433    u_week10_1_wrapper/week10_1_i/axi_gpio_0/U0/gpio_core_1/Not_Dual.INPUT_DOUBLE_REGS3/gpio_io_i[2]
    SLICE_X15Y32         FDRE                                         r  u_week10_1_wrapper/week10_1_i/axi_gpio_0/U0/gpio_core_1/Not_Dual.INPUT_DOUBLE_REGS3/GENERATE_LEVEL_P_S_CDC.MULTI_BIT.FOR_IN_cdc_to[2].CROSS2_PLEVEL_IN2SCNDRY_IN_cdc_to/D
  -------------------------------------------------------------------    -------------------

                         (clock clk_fpga_0 rise edge)
                                                      0.000     0.000 r  
    PS7_X0Y0             PS7                          0.000     0.000 r  u_week10_1_wrapper/week10_1_i/processing_system7_0/inst/PS7_i/FCLKCLK[0]
                         net (fo=1, routed)           0.919     0.919    u_week10_1_wrapper/week10_1_i/processing_system7_0/inst/FCLK_CLK_unbuffered[0]
    BUFGCTRL_X0Y16       BUFG (Prop_bufg_I_O)         0.029     0.948 r  u_week10_1_wrapper/week10_1_i/processing_system7_0/inst/buffer_fclk_clk_0.FCLK_CLK_0_BUFG/O
                         net (fo=990, routed)         0.825     1.773    u_week10_1_wrapper/week10_1_i/axi_gpio_0/U0/gpio_core_1/Not_Dual.INPUT_DOUBLE_REGS3/s_axi_aclk
    SLICE_X15Y32         FDRE                                         r  u_week10_1_wrapper/week10_1_i/axi_gpio_0/U0/gpio_core_1/Not_Dual.INPUT_DOUBLE_REGS3/GENERATE_LEVEL_P_S_CDC.MULTI_BIT.FOR_IN_cdc_to[2].CROSS2_PLEVEL_IN2SCNDRY_IN_cdc_to/C





--------------------------------------------------------------------------------------
Path Group:  (none)
From Clock:  clk_fpga_0
  To Clock:  

Max Delay            12 Endpoints
Min Delay            12 Endpoints
--------------------------------------------------------------------------------------


Max Delay Paths
--------------------------------------------------------------------------------------
Slack:                    inf
  Source:                 u_apb_7seg/r_cnt_reg[15]/C
                            (rising edge-triggered cell FDRE clocked by clk_fpga_0  {rise@0.000ns fall@5.000ns period=10.000ns})
  Destination:            o_seg_cat[4]
                            (output port)
  Path Group:             (none)
  Path Type:              Max at Slow Process Corner
  Data Path Delay:        11.023ns  (logic 4.300ns (39.007%)  route 6.723ns (60.993%))
  Logic Levels:           3  (LUT4=1 LUT6=1 OBUF=1)
  Clock Uncertainty:      0.152ns  ((TSJ^2 + TIJ^2)^1/2 + DJ) / 2 + PE
    Total System Jitter     (TSJ):    0.050ns
    Total Input Jitter      (TIJ):    0.300ns
    Discrete Jitter          (DJ):    0.000ns
    Phase Error              (PE):    0.000ns

    Location             Delay type                Incr(ns)  Path(ns)    Netlist Resource(s)
  -------------------------------------------------------------------    -------------------
                         (clock clk_fpga_0 rise edge)
                                                      0.000     0.000 r  
    PS7_X0Y0             PS7                          0.000     0.000 r  u_week10_1_wrapper/week10_1_i/processing_system7_0/inst/PS7_i/FCLKCLK[0]
                         net (fo=1, routed)           1.938     1.938    u_week10_1_wrapper/week10_1_i/processing_system7_0/inst/FCLK_CLK_unbuffered[0]
    BUFGCTRL_X0Y16       BUFG (Prop_bufg_I_O)         0.101     2.039 r  u_week10_1_wrapper/week10_1_i/processing_system7_0/inst/buffer_fclk_clk_0.FCLK_CLK_0_BUFG/O
                         net (fo=990, routed)         1.731     3.770    u_apb_7seg/apb_clk
    SLICE_X5Y43          FDRE                                         r  u_apb_7seg/r_cnt_reg[15]/C
  -------------------------------------------------------------------    -------------------
    SLICE_X5Y43          FDRE (Prop_fdre_C_Q)         0.456     4.226 r  u_apb_7seg/r_cnt_reg[15]/Q
                         net (fo=10, routed)          1.404     5.630    u_apb_7seg/sel[0]
    SLICE_X6Y45          LUT6 (Prop_lut6_I4_O)        0.124     5.754 r  u_apb_7seg/o_seg_cat_OBUF[6]_inst_i_2/O
                         net (fo=7, routed)           1.206     6.960    u_apb_7seg/hex__27[3]
    SLICE_X8Y47          LUT4 (Prop_lut4_I0_O)        0.124     7.084 r  u_apb_7seg/o_seg_cat_OBUF[4]_inst_i_1/O
                         net (fo=1, routed)           4.114    11.198    o_seg_cat_OBUF[4]
    M17                  OBUF (Prop_obuf_I_O)         3.596    14.793 r  o_seg_cat_OBUF[4]_inst/O
                         net (fo=0)                   0.000    14.793    o_seg_cat[4]
    M17                                                               r  o_seg_cat[4] (OUT)
  -------------------------------------------------------------------    -------------------

Slack:                    inf
  Source:                 u_apb_7seg/r_cnt_reg[16]/C
                            (rising edge-triggered cell FDRE clocked by clk_fpga_0  {rise@0.000ns fall@5.000ns period=10.000ns})
  Destination:            o_seg_cat[2]
                            (output port)
  Path Group:             (none)
  Path Type:              Max at Slow Process Corner
  Data Path Delay:        10.520ns  (logic 4.468ns (42.466%)  route 6.053ns (57.534%))
  Logic Levels:           3  (LUT4=1 LUT6=1 OBUF=1)
  Clock Uncertainty:      0.152ns  ((TSJ^2 + TIJ^2)^1/2 + DJ) / 2 + PE
    Total System Jitter     (TSJ):    0.050ns
    Total Input Jitter      (TIJ):    0.300ns
    Discrete Jitter          (DJ):    0.000ns
    Phase Error              (PE):    0.000ns

    Location             Delay type                Incr(ns)  Path(ns)    Netlist Resource(s)
  -------------------------------------------------------------------    -------------------
                         (clock clk_fpga_0 rise edge)
                                                      0.000     0.000 r  
    PS7_X0Y0             PS7                          0.000     0.000 r  u_week10_1_wrapper/week10_1_i/processing_system7_0/inst/PS7_i/FCLKCLK[0]
                         net (fo=1, routed)           1.938     1.938    u_week10_1_wrapper/week10_1_i/processing_system7_0/inst/FCLK_CLK_unbuffered[0]
    BUFGCTRL_X0Y16       BUFG (Prop_bufg_I_O)         0.101     2.039 r  u_week10_1_wrapper/week10_1_i/processing_system7_0/inst/buffer_fclk_clk_0.FCLK_CLK_0_BUFG/O
                         net (fo=990, routed)         1.731     3.770    u_apb_7seg/apb_clk
    SLICE_X5Y44          FDRE                                         r  u_apb_7seg/r_cnt_reg[16]/C
  -------------------------------------------------------------------    -------------------
    SLICE_X5Y44          FDRE (Prop_fdre_C_Q)         0.456     4.226 r  u_apb_7seg/r_cnt_reg[16]/Q
                         net (fo=10, routed)          1.424     5.650    u_apb_7seg/sel[1]
    SLICE_X9Y43          LUT6 (Prop_lut6_I3_O)        0.124     5.774 f  u_apb_7seg/o_seg_cat_OBUF[6]_inst_i_5/O
                         net (fo=7, routed)           1.046     6.820    u_apb_7seg/hex__27[0]
    SLICE_X8Y47          LUT4 (Prop_lut4_I0_O)        0.150     6.970 r  u_apb_7seg/o_seg_cat_OBUF[2]_inst_i_1/O
                         net (fo=1, routed)           3.583    10.553    o_seg_cat_OBUF[2]
    J18                  OBUF (Prop_obuf_I_O)         3.738    14.291 r  o_seg_cat_OBUF[2]_inst/O
                         net (fo=0)                   0.000    14.291    o_seg_cat[2]
    J18                                                               r  o_seg_cat[2] (OUT)
  -------------------------------------------------------------------    -------------------

Slack:                    inf
  Source:                 u_apb_7seg/r_cnt_reg[16]/C
                            (rising edge-triggered cell FDRE clocked by clk_fpga_0  {rise@0.000ns fall@5.000ns period=10.000ns})
  Destination:            o_seg_cat[1]
                            (output port)
  Path Group:             (none)
  Path Type:              Max at Slow Process Corner
  Data Path Delay:        10.158ns  (logic 4.220ns (41.539%)  route 5.938ns (58.461%))
  Logic Levels:           3  (LUT4=1 LUT6=1 OBUF=1)
  Clock Uncertainty:      0.152ns  ((TSJ^2 + TIJ^2)^1/2 + DJ) / 2 + PE
    Total System Jitter     (TSJ):    0.050ns
    Total Input Jitter      (TIJ):    0.300ns
    Discrete Jitter          (DJ):    0.000ns
    Phase Error              (PE):    0.000ns

    Location             Delay type                Incr(ns)  Path(ns)    Netlist Resource(s)
  -------------------------------------------------------------------    -------------------
                         (clock clk_fpga_0 rise edge)
                                                      0.000     0.000 r  
    PS7_X0Y0             PS7                          0.000     0.000 r  u_week10_1_wrapper/week10_1_i/processing_system7_0/inst/PS7_i/FCLKCLK[0]
                         net (fo=1, routed)           1.938     1.938    u_week10_1_wrapper/week10_1_i/processing_system7_0/inst/FCLK_CLK_unbuffered[0]
    BUFGCTRL_X0Y16       BUFG (Prop_bufg_I_O)         0.101     2.039 r  u_week10_1_wrapper/week10_1_i/processing_system7_0/inst/buffer_fclk_clk_0.FCLK_CLK_0_BUFG/O
                         net (fo=990, routed)         1.731     3.770    u_apb_7seg/apb_clk
    SLICE_X5Y44          FDRE                                         r  u_apb_7seg/r_cnt_reg[16]/C
  -------------------------------------------------------------------    -------------------
    SLICE_X5Y44          FDRE (Prop_fdre_C_Q)         0.456     4.226 r  u_apb_7seg/r_cnt_reg[16]/Q
                         net (fo=10, routed)          1.424     5.650    u_apb_7seg/sel[1]
    SLICE_X9Y43          LUT6 (Prop_lut6_I3_O)        0.124     5.774 r  u_apb_7seg/o_seg_cat_OBUF[6]_inst_i_5/O
                         net (fo=7, routed)           1.046     6.820    u_apb_7seg/hex__27[0]
    SLICE_X8Y47          LUT4 (Prop_lut4_I0_O)        0.124     6.944 r  u_apb_7seg/o_seg_cat_OBUF[1]_inst_i_1/O
                         net (fo=1, routed)           3.469    10.413    o_seg_cat_OBUF[1]
    H15                  OBUF (Prop_obuf_I_O)         3.516    13.928 r  o_seg_cat_OBUF[1]_inst/O
                         net (fo=0)                   0.000    13.928    o_seg_cat[1]
    H15                                                               r  o_seg_cat[1] (OUT)
  -------------------------------------------------------------------    -------------------

Slack:                    inf
  Source:                 u_apb_7seg/r_cnt_reg[15]/C
                            (rising edge-triggered cell FDRE clocked by clk_fpga_0  {rise@0.000ns fall@5.000ns period=10.000ns})
  Destination:            o_seg_cat[5]
                            (output port)
  Path Group:             (none)
  Path Type:              Max at Slow Process Corner
  Data Path Delay:        10.135ns  (logic 4.461ns (44.016%)  route 5.674ns (55.984%))
  Logic Levels:           3  (LUT4=1 LUT6=1 OBUF=1)
  Clock Uncertainty:      0.152ns  ((TSJ^2 + TIJ^2)^1/2 + DJ) / 2 + PE
    Total System Jitter     (TSJ):    0.050ns
    Total Input Jitter      (TIJ):    0.300ns
    Discrete Jitter          (DJ):    0.000ns
    Phase Error              (PE):    0.000ns

    Location             Delay type                Incr(ns)  Path(ns)    Netlist Resource(s)
  -------------------------------------------------------------------    -------------------
                         (clock clk_fpga_0 rise edge)
                                                      0.000     0.000 r  
    PS7_X0Y0             PS7                          0.000     0.000 r  u_week10_1_wrapper/week10_1_i/processing_system7_0/inst/PS7_i/FCLKCLK[0]
                         net (fo=1, routed)           1.938     1.938    u_week10_1_wrapper/week10_1_i/processing_system7_0/inst/FCLK_CLK_unbuffered[0]
    BUFGCTRL_X0Y16       BUFG (Prop_bufg_I_O)         0.101     2.039 r  u_week10_1_wrapper/week10_1_i/processing_system7_0/inst/buffer_fclk_clk_0.FCLK_CLK_0_BUFG/O
                         net (fo=990, routed)         1.731     3.770    u_apb_7seg/apb_clk
    SLICE_X5Y43          FDRE                                         r  u_apb_7seg/r_cnt_reg[15]/C
  -------------------------------------------------------------------    -------------------
    SLICE_X5Y43          FDRE (Prop_fdre_C_Q)         0.456     4.226 r  u_apb_7seg/r_cnt_reg[15]/Q
                         net (fo=10, routed)          1.404     5.630    u_apb_7seg/sel[0]
    SLICE_X6Y45          LUT6 (Prop_lut6_I4_O)        0.124     5.754 r  u_apb_7seg/o_seg_cat_OBUF[6]_inst_i_2/O
                         net (fo=7, routed)           1.206     6.960    u_apb_7seg/hex__27[3]
    SLICE_X8Y47          LUT4 (Prop_lut4_I2_O)        0.153     7.113 r  u_apb_7seg/o_seg_cat_OBUF[5]_inst_i_1/O
                         net (fo=1, routed)           3.064    10.177    o_seg_cat_OBUF[5]
    J16                  OBUF (Prop_obuf_I_O)         3.728    13.906 r  o_seg_cat_OBUF[5]_inst/O
                         net (fo=0)                   0.000    13.906    o_seg_cat[5]
    J16                                                               r  o_seg_cat[5] (OUT)
  -------------------------------------------------------------------    -------------------

Slack:                    inf
  Source:                 u_apb_7seg/r_cnt_reg[16]/C
                            (rising edge-triggered cell FDRE clocked by clk_fpga_0  {rise@0.000ns fall@5.000ns period=10.000ns})
  Destination:            o_seg_cat[0]
                            (output port)
  Path Group:             (none)
  Path Type:              Max at Slow Process Corner
  Data Path Delay:        10.129ns  (logic 4.515ns (44.577%)  route 5.614ns (55.423%))
  Logic Levels:           3  (LUT4=1 LUT6=1 OBUF=1)
  Clock Uncertainty:      0.152ns  ((TSJ^2 + TIJ^2)^1/2 + DJ) / 2 + PE
    Total System Jitter     (TSJ):    0.050ns
    Total Input Jitter      (TIJ):    0.300ns
    Discrete Jitter          (DJ):    0.000ns
    Phase Error              (PE):    0.000ns

    Location             Delay type                Incr(ns)  Path(ns)    Netlist Resource(s)
  -------------------------------------------------------------------    -------------------
                         (clock clk_fpga_0 rise edge)
                                                      0.000     0.000 r  
    PS7_X0Y0             PS7                          0.000     0.000 r  u_week10_1_wrapper/week10_1_i/processing_system7_0/inst/PS7_i/FCLKCLK[0]
                         net (fo=1, routed)           1.938     1.938    u_week10_1_wrapper/week10_1_i/processing_system7_0/inst/FCLK_CLK_unbuffered[0]
    BUFGCTRL_X0Y16       BUFG (Prop_bufg_I_O)         0.101     2.039 r  u_week10_1_wrapper/week10_1_i/processing_system7_0/inst/buffer_fclk_clk_0.FCLK_CLK_0_BUFG/O
                         net (fo=990, routed)         1.731     3.770    u_apb_7seg/apb_clk
    SLICE_X5Y44          FDRE                                         r  u_apb_7seg/r_cnt_reg[16]/C
  -------------------------------------------------------------------    -------------------
    SLICE_X5Y44          FDRE (Prop_fdre_C_Q)         0.456     4.226 r  u_apb_7seg/r_cnt_reg[16]/Q
                         net (fo=10, routed)          1.424     5.650    u_apb_7seg/sel[1]
    SLICE_X9Y43          LUT6 (Prop_lut6_I3_O)        0.124     5.774 r  u_apb_7seg/o_seg_cat_OBUF[6]_inst_i_5/O
                         net (fo=7, routed)           1.043     6.817    u_apb_7seg/hex__27[0]
    SLICE_X8Y47          LUT4 (Prop_lut4_I0_O)        0.150     6.967 r  u_apb_7seg/o_seg_cat_OBUF[0]_inst_i_1/O
                         net (fo=1, routed)           3.147    10.114    o_seg_cat_OBUF[0]
    K14                  OBUF (Prop_obuf_I_O)         3.785    13.899 r  o_seg_cat_OBUF[0]_inst/O
                         net (fo=0)                   0.000    13.899    o_seg_cat[0]
    K14                                                               r  o_seg_cat[0] (OUT)
  -------------------------------------------------------------------    -------------------

Slack:                    inf
  Source:                 u_apb_7seg/r_cnt_reg[15]/C
                            (rising edge-triggered cell FDRE clocked by clk_fpga_0  {rise@0.000ns fall@5.000ns period=10.000ns})
  Destination:            o_seg_cat[6]
                            (output port)
  Path Group:             (none)
  Path Type:              Max at Slow Process Corner
  Data Path Delay:        9.985ns  (logic 4.234ns (42.403%)  route 5.751ns (57.597%))
  Logic Levels:           3  (LUT4=1 LUT6=1 OBUF=1)
  Clock Uncertainty:      0.152ns  ((TSJ^2 + TIJ^2)^1/2 + DJ) / 2 + PE
    Total System Jitter     (TSJ):    0.050ns
    Total Input Jitter      (TIJ):    0.300ns
    Discrete Jitter          (DJ):    0.000ns
    Phase Error              (PE):    0.000ns

    Location             Delay type                Incr(ns)  Path(ns)    Netlist Resource(s)
  -------------------------------------------------------------------    -------------------
                         (clock clk_fpga_0 rise edge)
                                                      0.000     0.000 r  
    PS7_X0Y0             PS7                          0.000     0.000 r  u_week10_1_wrapper/week10_1_i/processing_system7_0/inst/PS7_i/FCLKCLK[0]
                         net (fo=1, routed)           1.938     1.938    u_week10_1_wrapper/week10_1_i/processing_system7_0/inst/FCLK_CLK_unbuffered[0]
    BUFGCTRL_X0Y16       BUFG (Prop_bufg_I_O)         0.101     2.039 r  u_week10_1_wrapper/week10_1_i/processing_system7_0/inst/buffer_fclk_clk_0.FCLK_CLK_0_BUFG/O
                         net (fo=990, routed)         1.731     3.770    u_apb_7seg/apb_clk
    SLICE_X5Y43          FDRE                                         r  u_apb_7seg/r_cnt_reg[15]/C
  -------------------------------------------------------------------    -------------------
    SLICE_X5Y43          FDRE (Prop_fdre_C_Q)         0.456     4.226 r  u_apb_7seg/r_cnt_reg[15]/Q
                         net (fo=10, routed)          1.404     5.630    u_apb_7seg/sel[0]
    SLICE_X6Y45          LUT6 (Prop_lut6_I4_O)        0.124     5.754 r  u_apb_7seg/o_seg_cat_OBUF[6]_inst_i_2/O
                         net (fo=7, routed)           1.066     6.820    u_apb_7seg/hex__27[3]
    SLICE_X8Y46          LUT4 (Prop_lut4_I0_O)        0.124     6.944 r  u_apb_7seg/o_seg_cat_OBUF[6]_inst_i_1/O
                         net (fo=1, routed)           3.282    10.226    o_seg_cat_OBUF[6]
    H18                  OBUF (Prop_obuf_I_O)         3.530    13.756 r  o_seg_cat_OBUF[6]_inst/O
                         net (fo=0)                   0.000    13.756    o_seg_cat[6]
    H18                                                               r  o_seg_cat[6] (OUT)
  -------------------------------------------------------------------    -------------------

Slack:                    inf
  Source:                 u_apb_7seg/r_cnt_reg[16]/C
                            (rising edge-triggered cell FDRE clocked by clk_fpga_0  {rise@0.000ns fall@5.000ns period=10.000ns})
  Destination:            o_seg_cat[3]
                            (output port)
  Path Group:             (none)
  Path Type:              Max at Slow Process Corner
  Data Path Delay:        9.738ns  (logic 4.217ns (43.306%)  route 5.521ns (56.694%))
  Logic Levels:           3  (LUT4=1 LUT6=1 OBUF=1)
  Clock Uncertainty:      0.152ns  ((TSJ^2 + TIJ^2)^1/2 + DJ) / 2 + PE
    Total System Jitter     (TSJ):    0.050ns
    Total Input Jitter      (TIJ):    0.300ns
    Discrete Jitter          (DJ):    0.000ns
    Phase Error              (PE):    0.000ns

    Location             Delay type                Incr(ns)  Path(ns)    Netlist Resource(s)
  -------------------------------------------------------------------    -------------------
                         (clock clk_fpga_0 rise edge)
                                                      0.000     0.000 r  
    PS7_X0Y0             PS7                          0.000     0.000 r  u_week10_1_wrapper/week10_1_i/processing_system7_0/inst/PS7_i/FCLKCLK[0]
                         net (fo=1, routed)           1.938     1.938    u_week10_1_wrapper/week10_1_i/processing_system7_0/inst/FCLK_CLK_unbuffered[0]
    BUFGCTRL_X0Y16       BUFG (Prop_bufg_I_O)         0.101     2.039 r  u_week10_1_wrapper/week10_1_i/processing_system7_0/inst/buffer_fclk_clk_0.FCLK_CLK_0_BUFG/O
                         net (fo=990, routed)         1.731     3.770    u_apb_7seg/apb_clk
    SLICE_X5Y44          FDRE                                         r  u_apb_7seg/r_cnt_reg[16]/C
  -------------------------------------------------------------------    -------------------
    SLICE_X5Y44          FDRE (Prop_fdre_C_Q)         0.456     4.226 r  u_apb_7seg/r_cnt_reg[16]/Q
                         net (fo=10, routed)          1.424     5.650    u_apb_7seg/sel[1]
    SLICE_X9Y43          LUT6 (Prop_lut6_I3_O)        0.124     5.774 r  u_apb_7seg/o_seg_cat_OBUF[6]_inst_i_5/O
                         net (fo=7, routed)           1.043     6.817    u_apb_7seg/hex__27[0]
    SLICE_X8Y47          LUT4 (Prop_lut4_I3_O)        0.124     6.941 r  u_apb_7seg/o_seg_cat_OBUF[3]_inst_i_1/O
                         net (fo=1, routed)           3.054     9.995    o_seg_cat_OBUF[3]
    J15                  OBUF (Prop_obuf_I_O)         3.513    13.508 r  o_seg_cat_OBUF[3]_inst/O
                         net (fo=0)                   0.000    13.508    o_seg_cat[3]
    J15                                                               r  o_seg_cat[3] (OUT)
  -------------------------------------------------------------------    -------------------

Slack:                    inf
  Source:                 u_apb_7seg/r_cnt_reg[15]/C
                            (rising edge-triggered cell FDRE clocked by clk_fpga_0  {rise@0.000ns fall@5.000ns period=10.000ns})
  Destination:            o_seg_an[3]
                            (output port)
  Path Group:             (none)
  Path Type:              Max at Slow Process Corner
  Data Path Delay:        9.736ns  (logic 4.356ns (44.741%)  route 5.380ns (55.260%))
  Logic Levels:           2  (LUT3=1 OBUF=1)
  Clock Uncertainty:      0.152ns  ((TSJ^2 + TIJ^2)^1/2 + DJ) / 2 + PE
    Total System Jitter     (TSJ):    0.050ns
    Total Input Jitter      (TIJ):    0.300ns
    Discrete Jitter          (DJ):    0.000ns
    Phase Error              (PE):    0.000ns

    Location             Delay type                Incr(ns)  Path(ns)    Netlist Resource(s)
  -------------------------------------------------------------------    -------------------
                         (clock clk_fpga_0 rise edge)
                                                      0.000     0.000 r  
    PS7_X0Y0             PS7                          0.000     0.000 r  u_week10_1_wrapper/week10_1_i/processing_system7_0/inst/PS7_i/FCLKCLK[0]
                         net (fo=1, routed)           1.938     1.938    u_week10_1_wrapper/week10_1_i/processing_system7_0/inst/FCLK_CLK_unbuffered[0]
    BUFGCTRL_X0Y16       BUFG (Prop_bufg_I_O)         0.101     2.039 r  u_week10_1_wrapper/week10_1_i/processing_system7_0/inst/buffer_fclk_clk_0.FCLK_CLK_0_BUFG/O
                         net (fo=990, routed)         1.731     3.770    u_apb_7seg/apb_clk
    SLICE_X5Y43          FDRE                                         r  u_apb_7seg/r_cnt_reg[15]/C
  -------------------------------------------------------------------    -------------------
    SLICE_X5Y43          FDRE (Prop_fdre_C_Q)         0.456     4.226 f  u_apb_7seg/r_cnt_reg[15]/Q
                         net (fo=10, routed)          1.488     5.715    u_apb_7seg/sel[0]
    SLICE_X8Y49          LUT3 (Prop_lut3_I1_O)        0.150     5.865 r  u_apb_7seg/o_seg_an_OBUF[3]_inst_i_1/O
                         net (fo=1, routed)           3.892     9.757    o_seg_an_OBUF[3]
    L16                  OBUF (Prop_obuf_I_O)         3.750    13.507 r  o_seg_an_OBUF[3]_inst/O
                         net (fo=0)                   0.000    13.507    o_seg_an[3]
    L16                                                               r  o_seg_an[3] (OUT)
  -------------------------------------------------------------------    -------------------

Slack:                    inf
  Source:                 u_apb_7seg/r_cnt_reg[15]/C
                            (rising edge-triggered cell FDRE clocked by clk_fpga_0  {rise@0.000ns fall@5.000ns period=10.000ns})
  Destination:            o_seg_an[0]
                            (output port)
  Path Group:             (none)
  Path Type:              Max at Slow Process Corner
  Data Path Delay:        9.640ns  (logic 4.351ns (45.132%)  route 5.290ns (54.868%))
  Logic Levels:           2  (LUT3=1 OBUF=1)
  Clock Uncertainty:      0.152ns  ((TSJ^2 + TIJ^2)^1/2 + DJ) / 2 + PE
    Total System Jitter     (TSJ):    0.050ns
    Total Input Jitter      (TIJ):    0.300ns
    Discrete Jitter          (DJ):    0.000ns
    Phase Error              (PE):    0.000ns

    Location             Delay type                Incr(ns)  Path(ns)    Netlist Resource(s)
  -------------------------------------------------------------------    -------------------
                         (clock clk_fpga_0 rise edge)
                                                      0.000     0.000 r  
    PS7_X0Y0             PS7                          0.000     0.000 r  u_week10_1_wrapper/week10_1_i/processing_system7_0/inst/PS7_i/FCLKCLK[0]
                         net (fo=1, routed)           1.938     1.938    u_week10_1_wrapper/week10_1_i/processing_system7_0/inst/FCLK_CLK_unbuffered[0]
    BUFGCTRL_X0Y16       BUFG (Prop_bufg_I_O)         0.101     2.039 r  u_week10_1_wrapper/week10_1_i/processing_system7_0/inst/buffer_fclk_clk_0.FCLK_CLK_0_BUFG/O
                         net (fo=990, routed)         1.731     3.770    u_apb_7seg/apb_clk
    SLICE_X5Y43          FDRE                                         r  u_apb_7seg/r_cnt_reg[15]/C
  -------------------------------------------------------------------    -------------------
    SLICE_X5Y43          FDRE (Prop_fdre_C_Q)         0.456     4.226 r  u_apb_7seg/r_cnt_reg[15]/Q
                         net (fo=10, routed)          1.469     5.696    u_apb_7seg/sel[0]
    SLICE_X9Y49          LUT3 (Prop_lut3_I1_O)        0.150     5.846 r  u_apb_7seg/o_seg_an_OBUF[0]_inst_i_1/O
                         net (fo=1, routed)           3.820     9.666    o_seg_an_OBUF[0]
    K19                  OBUF (Prop_obuf_I_O)         3.745    13.411 r  o_seg_an_OBUF[0]_inst/O
                         net (fo=0)                   0.000    13.411    o_seg_an[0]
    K19                                                               r  o_seg_an[0] (OUT)
  -------------------------------------------------------------------    -------------------

Slack:                    inf
  Source:                 u_apb_7seg/r_cnt_reg[15]/C
                            (rising edge-triggered cell FDRE clocked by clk_fpga_0  {rise@0.000ns fall@5.000ns period=10.000ns})
  Destination:            o_seg_an[2]
                            (output port)
  Path Group:             (none)
  Path Type:              Max at Slow Process Corner
  Data Path Delay:        9.611ns  (logic 4.169ns (43.381%)  route 5.442ns (56.619%))
  Logic Levels:           2  (LUT3=1 OBUF=1)
  Clock Uncertainty:      0.152ns  ((TSJ^2 + TIJ^2)^1/2 + DJ) / 2 + PE
    Total System Jitter     (TSJ):    0.050ns
    Total Input Jitter      (TIJ):    0.300ns
    Discrete Jitter          (DJ):    0.000ns
    Phase Error              (PE):    0.000ns

    Location             Delay type                Incr(ns)  Path(ns)    Netlist Resource(s)
  -------------------------------------------------------------------    -------------------
                         (clock clk_fpga_0 rise edge)
                                                      0.000     0.000 r  
    PS7_X0Y0             PS7                          0.000     0.000 r  u_week10_1_wrapper/week10_1_i/processing_system7_0/inst/PS7_i/FCLKCLK[0]
                         net (fo=1, routed)           1.938     1.938    u_week10_1_wrapper/week10_1_i/processing_system7_0/inst/FCLK_CLK_unbuffered[0]
    BUFGCTRL_X0Y16       BUFG (Prop_bufg_I_O)         0.101     2.039 r  u_week10_1_wrapper/week10_1_i/processing_system7_0/inst/buffer_fclk_clk_0.FCLK_CLK_0_BUFG/O
                         net (fo=990, routed)         1.731     3.770    u_apb_7seg/apb_clk
    SLICE_X5Y43          FDRE                                         r  u_apb_7seg/r_cnt_reg[15]/C
  -------------------------------------------------------------------    -------------------
    SLICE_X5Y43          FDRE (Prop_fdre_C_Q)         0.456     4.226 r  u_apb_7seg/r_cnt_reg[15]/Q
                         net (fo=10, routed)          1.488     5.715    u_apb_7seg/sel[0]
    SLICE_X8Y49          LUT3 (Prop_lut3_I1_O)        0.124     5.839 r  u_apb_7seg/o_seg_an_OBUF[2]_inst_i_1/O
                         net (fo=1, routed)           3.953     9.792    o_seg_an_OBUF[2]
    M18                  OBUF (Prop_obuf_I_O)         3.589    13.381 r  o_seg_an_OBUF[2]_inst/O
                         net (fo=0)                   0.000    13.381    o_seg_an[2]
    M18                                                               r  o_seg_an[2] (OUT)
  -------------------------------------------------------------------    -------------------





Min Delay Paths
--------------------------------------------------------------------------------------
Slack:                    inf
  Source:                 u_apb_7seg/r_control_reg[17]/C
                            (rising edge-triggered cell FDCE clocked by clk_fpga_0  {rise@0.000ns fall@5.000ns period=10.000ns})
  Destination:            o_seg_cat[7]
                            (output port)
  Path Group:             (none)
  Path Type:              Min at Fast Process Corner
  Data Path Delay:        2.812ns  (logic 1.430ns (50.871%)  route 1.381ns (49.129%))
  Logic Levels:           2  (LUT6=1 OBUF=1)
  Clock Uncertainty:      0.152ns  ((TSJ^2 + TIJ^2)^1/2 + DJ) / 2 + PE
    Total System Jitter     (TSJ):    0.050ns
    Total Input Jitter      (TIJ):    0.300ns
    Discrete Jitter          (DJ):    0.000ns
    Phase Error              (PE):    0.000ns

    Location             Delay type                Incr(ns)  Path(ns)    Netlist Resource(s)
  -------------------------------------------------------------------    -------------------
                         (clock clk_fpga_0 rise edge)
                                                      0.000     0.000 r  
    PS7_X0Y0             PS7                          0.000     0.000 r  u_week10_1_wrapper/week10_1_i/processing_system7_0/inst/PS7_i/FCLKCLK[0]
                         net (fo=1, routed)           0.804     0.804    u_week10_1_wrapper/week10_1_i/processing_system7_0/inst/FCLK_CLK_unbuffered[0]
    BUFGCTRL_X0Y16       BUFG (Prop_bufg_I_O)         0.026     0.830 r  u_week10_1_wrapper/week10_1_i/processing_system7_0/inst/buffer_fclk_clk_0.FCLK_CLK_0_BUFG/O
                         net (fo=990, routed)         0.569     1.399    u_apb_7seg/apb_clk
    SLICE_X7Y48          FDCE                                         r  u_apb_7seg/r_control_reg[17]/C
  -------------------------------------------------------------------    -------------------
    SLICE_X7Y48          FDCE (Prop_fdce_C_Q)         0.141     1.540 f  u_apb_7seg/r_control_reg[17]/Q
                         net (fo=2, routed)           0.127     1.667    u_apb_7seg/Q[17]
    SLICE_X8Y48          LUT6 (Prop_lut6_I5_O)        0.045     1.712 r  u_apb_7seg/o_seg_cat_OBUF[7]_inst_i_1/O
                         net (fo=1, routed)           1.254     2.966    o_seg_cat_OBUF[7]
    K18                  OBUF (Prop_obuf_I_O)         1.244     4.211 r  o_seg_cat_OBUF[7]_inst/O
                         net (fo=0)                   0.000     4.211    o_seg_cat[7]
    K18                                                               r  o_seg_cat[7] (OUT)
  -------------------------------------------------------------------    -------------------

Slack:                    inf
  Source:                 u_apb_7seg/r_control_reg[21]/C
                            (rising edge-triggered cell FDCE clocked by clk_fpga_0  {rise@0.000ns fall@5.000ns period=10.000ns})
  Destination:            o_seg_an[1]
                            (output port)
  Path Group:             (none)
  Path Type:              Min at Fast Process Corner
  Data Path Delay:        2.891ns  (logic 1.423ns (49.230%)  route 1.468ns (50.770%))
  Logic Levels:           2  (LUT3=1 OBUF=1)
  Clock Uncertainty:      0.152ns  ((TSJ^2 + TIJ^2)^1/2 + DJ) / 2 + PE
    Total System Jitter     (TSJ):    0.050ns
    Total Input Jitter      (TIJ):    0.300ns
    Discrete Jitter          (DJ):    0.000ns
    Phase Error              (PE):    0.000ns

    Location             Delay type                Incr(ns)  Path(ns)    Netlist Resource(s)
  -------------------------------------------------------------------    -------------------
                         (clock clk_fpga_0 rise edge)
                                                      0.000     0.000 r  
    PS7_X0Y0             PS7                          0.000     0.000 r  u_week10_1_wrapper/week10_1_i/processing_system7_0/inst/PS7_i/FCLKCLK[0]
                         net (fo=1, routed)           0.804     0.804    u_week10_1_wrapper/week10_1_i/processing_system7_0/inst/FCLK_CLK_unbuffered[0]
    BUFGCTRL_X0Y16       BUFG (Prop_bufg_I_O)         0.026     0.830 r  u_week10_1_wrapper/week10_1_i/processing_system7_0/inst/buffer_fclk_clk_0.FCLK_CLK_0_BUFG/O
                         net (fo=990, routed)         0.569     1.399    u_apb_7seg/apb_clk
    SLICE_X6Y48          FDCE                                         r  u_apb_7seg/r_control_reg[21]/C
  -------------------------------------------------------------------    -------------------
    SLICE_X6Y48          FDCE (Prop_fdce_C_Q)         0.164     1.563 f  u_apb_7seg/r_control_reg[21]/Q
                         net (fo=2, routed)           0.289     1.852    u_apb_7seg/Q[21]
    SLICE_X9Y49          LUT3 (Prop_lut3_I2_O)        0.045     1.897 r  u_apb_7seg/o_seg_an_OBUF[1]_inst_i_1/O
                         net (fo=1, routed)           1.179     3.076    o_seg_an_OBUF[1]
    H17                  OBUF (Prop_obuf_I_O)         1.214     4.290 r  o_seg_an_OBUF[1]_inst/O
                         net (fo=0)                   0.000     4.290    o_seg_an[1]
    H17                                                               r  o_seg_an[1] (OUT)
  -------------------------------------------------------------------    -------------------

Slack:                    inf
  Source:                 u_apb_7seg/r_control_reg[1]/C
                            (rising edge-triggered cell FDCE clocked by clk_fpga_0  {rise@0.000ns fall@5.000ns period=10.000ns})
  Destination:            o_seg_cat[6]
                            (output port)
  Path Group:             (none)
  Path Type:              Min at Fast Process Corner
  Data Path Delay:        2.909ns  (logic 1.462ns (50.257%)  route 1.447ns (49.743%))
  Logic Levels:           3  (LUT4=1 LUT6=1 OBUF=1)
  Clock Uncertainty:      0.152ns  ((TSJ^2 + TIJ^2)^1/2 + DJ) / 2 + PE
    Total System Jitter     (TSJ):    0.050ns
    Total Input Jitter      (TIJ):    0.300ns
    Discrete Jitter          (DJ):    0.000ns
    Phase Error              (PE):    0.000ns

    Location             Delay type                Incr(ns)  Path(ns)    Netlist Resource(s)
  -------------------------------------------------------------------    -------------------
                         (clock clk_fpga_0 rise edge)
                                                      0.000     0.000 r  
    PS7_X0Y0             PS7                          0.000     0.000 r  u_week10_1_wrapper/week10_1_i/processing_system7_0/inst/PS7_i/FCLKCLK[0]
                         net (fo=1, routed)           0.804     0.804    u_week10_1_wrapper/week10_1_i/processing_system7_0/inst/FCLK_CLK_unbuffered[0]
    BUFGCTRL_X0Y16       BUFG (Prop_bufg_I_O)         0.026     0.830 r  u_week10_1_wrapper/week10_1_i/processing_system7_0/inst/buffer_fclk_clk_0.FCLK_CLK_0_BUFG/O
                         net (fo=990, routed)         0.568     1.398    u_apb_7seg/apb_clk
    SLICE_X9Y44          FDCE                                         r  u_apb_7seg/r_control_reg[1]/C
  -------------------------------------------------------------------    -------------------
    SLICE_X9Y44          FDCE (Prop_fdce_C_Q)         0.141     1.539 r  u_apb_7seg/r_control_reg[1]/Q
                         net (fo=2, routed)           0.235     1.773    u_apb_7seg/Q[1]
    SLICE_X8Y46          LUT6 (Prop_lut6_I2_O)        0.045     1.818 r  u_apb_7seg/o_seg_cat_OBUF[6]_inst_i_4/O
                         net (fo=7, routed)           0.134     1.952    u_apb_7seg/hex__27[1]
    SLICE_X8Y46          LUT4 (Prop_lut4_I2_O)        0.045     1.997 r  u_apb_7seg/o_seg_cat_OBUF[6]_inst_i_1/O
                         net (fo=1, routed)           1.079     3.076    o_seg_cat_OBUF[6]
    H18                  OBUF (Prop_obuf_I_O)         1.231     4.307 r  o_seg_cat_OBUF[6]_inst/O
                         net (fo=0)                   0.000     4.307    o_seg_cat[6]
    H18                                                               r  o_seg_cat[6] (OUT)
  -------------------------------------------------------------------    -------------------

Slack:                    inf
  Source:                 u_apb_7seg/r_control_reg[11]/C
                            (rising edge-triggered cell FDCE clocked by clk_fpga_0  {rise@0.000ns fall@5.000ns period=10.000ns})
  Destination:            o_seg_cat[3]
                            (output port)
  Path Group:             (none)
  Path Type:              Min at Fast Process Corner
  Data Path Delay:        2.988ns  (logic 1.445ns (48.371%)  route 1.543ns (51.629%))
  Logic Levels:           3  (LUT4=1 LUT6=1 OBUF=1)
  Clock Uncertainty:      0.152ns  ((TSJ^2 + TIJ^2)^1/2 + DJ) / 2 + PE
    Total System Jitter     (TSJ):    0.050ns
    Total Input Jitter      (TIJ):    0.300ns
    Discrete Jitter          (DJ):    0.000ns
    Phase Error              (PE):    0.000ns

    Location             Delay type                Incr(ns)  Path(ns)    Netlist Resource(s)
  -------------------------------------------------------------------    -------------------
                         (clock clk_fpga_0 rise edge)
                                                      0.000     0.000 r  
    PS7_X0Y0             PS7                          0.000     0.000 r  u_week10_1_wrapper/week10_1_i/processing_system7_0/inst/PS7_i/FCLKCLK[0]
                         net (fo=1, routed)           0.804     0.804    u_week10_1_wrapper/week10_1_i/processing_system7_0/inst/FCLK_CLK_unbuffered[0]
    BUFGCTRL_X0Y16       BUFG (Prop_bufg_I_O)         0.026     0.830 r  u_week10_1_wrapper/week10_1_i/processing_system7_0/inst/buffer_fclk_clk_0.FCLK_CLK_0_BUFG/O
                         net (fo=990, routed)         0.568     1.398    u_apb_7seg/apb_clk
    SLICE_X7Y45          FDCE                                         r  u_apb_7seg/r_control_reg[11]/C
  -------------------------------------------------------------------    -------------------
    SLICE_X7Y45          FDCE (Prop_fdce_C_Q)         0.141     1.539 r  u_apb_7seg/r_control_reg[11]/Q
                         net (fo=2, routed)           0.103     1.642    u_apb_7seg/Q[11]
    SLICE_X6Y45          LUT6 (Prop_lut6_I0_O)        0.045     1.687 r  u_apb_7seg/o_seg_cat_OBUF[6]_inst_i_2/O
                         net (fo=7, routed)           0.389     2.076    u_apb_7seg/hex__27[3]
    SLICE_X8Y47          LUT4 (Prop_lut4_I0_O)        0.045     2.121 r  u_apb_7seg/o_seg_cat_OBUF[3]_inst_i_1/O
                         net (fo=1, routed)           1.050     3.171    o_seg_cat_OBUF[3]
    J15                  OBUF (Prop_obuf_I_O)         1.214     4.386 r  o_seg_cat_OBUF[3]_inst/O
                         net (fo=0)                   0.000     4.386    o_seg_cat[3]
    J15                                                               r  o_seg_cat[3] (OUT)
  -------------------------------------------------------------------    -------------------

Slack:                    inf
  Source:                 u_apb_7seg/r_control_reg[2]/C
                            (rising edge-triggered cell FDCE clocked by clk_fpga_0  {rise@0.000ns fall@5.000ns period=10.000ns})
  Destination:            o_seg_cat[5]
                            (output port)
  Path Group:             (none)
  Path Type:              Min at Fast Process Corner
  Data Path Delay:        3.072ns  (logic 1.560ns (50.791%)  route 1.512ns (49.209%))
  Logic Levels:           3  (LUT4=1 LUT6=1 OBUF=1)
  Clock Uncertainty:      0.152ns  ((TSJ^2 + TIJ^2)^1/2 + DJ) / 2 + PE
    Total System Jitter     (TSJ):    0.050ns
    Total Input Jitter      (TIJ):    0.300ns
    Discrete Jitter          (DJ):    0.000ns
    Phase Error              (PE):    0.000ns

    Location             Delay type                Incr(ns)  Path(ns)    Netlist Resource(s)
  -------------------------------------------------------------------    -------------------
                         (clock clk_fpga_0 rise edge)
                                                      0.000     0.000 r  
    PS7_X0Y0             PS7                          0.000     0.000 r  u_week10_1_wrapper/week10_1_i/processing_system7_0/inst/PS7_i/FCLKCLK[0]
                         net (fo=1, routed)           0.804     0.804    u_week10_1_wrapper/week10_1_i/processing_system7_0/inst/FCLK_CLK_unbuffered[0]
    BUFGCTRL_X0Y16       BUFG (Prop_bufg_I_O)         0.026     0.830 r  u_week10_1_wrapper/week10_1_i/processing_system7_0/inst/buffer_fclk_clk_0.FCLK_CLK_0_BUFG/O
                         net (fo=990, routed)         0.568     1.398    u_apb_7seg/apb_clk
    SLICE_X9Y44          FDCE                                         r  u_apb_7seg/r_control_reg[2]/C
  -------------------------------------------------------------------    -------------------
    SLICE_X9Y44          FDCE (Prop_fdce_C_Q)         0.128     1.526 r  u_apb_7seg/r_control_reg[2]/Q
                         net (fo=2, routed)           0.125     1.651    u_apb_7seg/Q[2]
    SLICE_X6Y44          LUT6 (Prop_lut6_I2_O)        0.099     1.750 r  u_apb_7seg/o_seg_cat_OBUF[6]_inst_i_3/O
                         net (fo=7, routed)           0.310     2.060    u_apb_7seg/hex__27[2]
    SLICE_X8Y47          LUT4 (Prop_lut4_I3_O)        0.043     2.103 r  u_apb_7seg/o_seg_cat_OBUF[5]_inst_i_1/O
                         net (fo=1, routed)           1.076     3.179    o_seg_cat_OBUF[5]
    J16                  OBUF (Prop_obuf_I_O)         1.290     4.470 r  o_seg_cat_OBUF[5]_inst/O
                         net (fo=0)                   0.000     4.470    o_seg_cat[5]
    J16                                                               r  o_seg_cat[5] (OUT)
  -------------------------------------------------------------------    -------------------

Slack:                    inf
  Source:                 u_apb_7seg/r_control_reg[11]/C
                            (rising edge-triggered cell FDCE clocked by clk_fpga_0  {rise@0.000ns fall@5.000ns period=10.000ns})
  Destination:            o_seg_cat[1]
                            (output port)
  Path Group:             (none)
  Path Type:              Min at Fast Process Corner
  Data Path Delay:        3.096ns  (logic 1.448ns (46.761%)  route 1.648ns (53.239%))
  Logic Levels:           3  (LUT4=1 LUT6=1 OBUF=1)
  Clock Uncertainty:      0.152ns  ((TSJ^2 + TIJ^2)^1/2 + DJ) / 2 + PE
    Total System Jitter     (TSJ):    0.050ns
    Total Input Jitter      (TIJ):    0.300ns
    Discrete Jitter          (DJ):    0.000ns
    Phase Error              (PE):    0.000ns

    Location             Delay type                Incr(ns)  Path(ns)    Netlist Resource(s)
  -------------------------------------------------------------------    -------------------
                         (clock clk_fpga_0 rise edge)
                                                      0.000     0.000 r  
    PS7_X0Y0             PS7                          0.000     0.000 r  u_week10_1_wrapper/week10_1_i/processing_system7_0/inst/PS7_i/FCLKCLK[0]
                         net (fo=1, routed)           0.804     0.804    u_week10_1_wrapper/week10_1_i/processing_system7_0/inst/FCLK_CLK_unbuffered[0]
    BUFGCTRL_X0Y16       BUFG (Prop_bufg_I_O)         0.026     0.830 r  u_week10_1_wrapper/week10_1_i/processing_system7_0/inst/buffer_fclk_clk_0.FCLK_CLK_0_BUFG/O
                         net (fo=990, routed)         0.568     1.398    u_apb_7seg/apb_clk
    SLICE_X7Y45          FDCE                                         r  u_apb_7seg/r_control_reg[11]/C
  -------------------------------------------------------------------    -------------------
    SLICE_X7Y45          FDCE (Prop_fdce_C_Q)         0.141     1.539 r  u_apb_7seg/r_control_reg[11]/Q
                         net (fo=2, routed)           0.103     1.642    u_apb_7seg/Q[11]
    SLICE_X6Y45          LUT6 (Prop_lut6_I0_O)        0.045     1.687 r  u_apb_7seg/o_seg_cat_OBUF[6]_inst_i_2/O
                         net (fo=7, routed)           0.313     2.000    u_apb_7seg/hex__27[3]
    SLICE_X8Y47          LUT4 (Prop_lut4_I3_O)        0.045     2.045 r  u_apb_7seg/o_seg_cat_OBUF[1]_inst_i_1/O
                         net (fo=1, routed)           1.232     3.277    o_seg_cat_OBUF[1]
    H15                  OBUF (Prop_obuf_I_O)         1.217     4.494 r  o_seg_cat_OBUF[1]_inst/O
                         net (fo=0)                   0.000     4.494    o_seg_cat[1]
    H15                                                               r  o_seg_cat[1] (OUT)
  -------------------------------------------------------------------    -------------------

Slack:                    inf
  Source:                 u_apb_7seg/r_control_reg[20]/C
                            (rising edge-triggered cell FDCE clocked by clk_fpga_0  {rise@0.000ns fall@5.000ns period=10.000ns})
  Destination:            o_seg_an[0]
                            (output port)
  Path Group:             (none)
  Path Type:              Min at Fast Process Corner
  Data Path Delay:        3.144ns  (logic 1.489ns (47.343%)  route 1.656ns (52.657%))
  Logic Levels:           2  (LUT3=1 OBUF=1)
  Clock Uncertainty:      0.152ns  ((TSJ^2 + TIJ^2)^1/2 + DJ) / 2 + PE
    Total System Jitter     (TSJ):    0.050ns
    Total Input Jitter      (TIJ):    0.300ns
    Discrete Jitter          (DJ):    0.000ns
    Phase Error              (PE):    0.000ns

    Location             Delay type                Incr(ns)  Path(ns)    Netlist Resource(s)
  -------------------------------------------------------------------    -------------------
                         (clock clk_fpga_0 rise edge)
                                                      0.000     0.000 r  
    PS7_X0Y0             PS7                          0.000     0.000 r  u_week10_1_wrapper/week10_1_i/processing_system7_0/inst/PS7_i/FCLKCLK[0]
                         net (fo=1, routed)           0.804     0.804    u_week10_1_wrapper/week10_1_i/processing_system7_0/inst/FCLK_CLK_unbuffered[0]
    BUFGCTRL_X0Y16       BUFG (Prop_bufg_I_O)         0.026     0.830 r  u_week10_1_wrapper/week10_1_i/processing_system7_0/inst/buffer_fclk_clk_0.FCLK_CLK_0_BUFG/O
                         net (fo=990, routed)         0.569     1.399    u_apb_7seg/apb_clk
    SLICE_X11Y47         FDCE                                         r  u_apb_7seg/r_control_reg[20]/C
  -------------------------------------------------------------------    -------------------
    SLICE_X11Y47         FDCE (Prop_fdce_C_Q)         0.141     1.540 f  u_apb_7seg/r_control_reg[20]/Q
                         net (fo=2, routed)           0.303     1.843    u_apb_7seg/Q[20]
    SLICE_X9Y49          LUT3 (Prop_lut3_I2_O)        0.042     1.885 r  u_apb_7seg/o_seg_an_OBUF[0]_inst_i_1/O
                         net (fo=1, routed)           1.352     3.238    o_seg_an_OBUF[0]
    K19                  OBUF (Prop_obuf_I_O)         1.306     4.543 r  o_seg_an_OBUF[0]_inst/O
                         net (fo=0)                   0.000     4.543    o_seg_an[0]
    K19                                                               r  o_seg_an[0] (OUT)
  -------------------------------------------------------------------    -------------------

Slack:                    inf
  Source:                 u_apb_7seg/r_control_reg[11]/C
                            (rising edge-triggered cell FDCE clocked by clk_fpga_0  {rise@0.000ns fall@5.000ns period=10.000ns})
  Destination:            o_seg_cat[0]
                            (output port)
  Path Group:             (none)
  Path Type:              Min at Fast Process Corner
  Data Path Delay:        3.147ns  (logic 1.564ns (49.686%)  route 1.583ns (50.314%))
  Logic Levels:           3  (LUT4=1 LUT6=1 OBUF=1)
  Clock Uncertainty:      0.152ns  ((TSJ^2 + TIJ^2)^1/2 + DJ) / 2 + PE
    Total System Jitter     (TSJ):    0.050ns
    Total Input Jitter      (TIJ):    0.300ns
    Discrete Jitter          (DJ):    0.000ns
    Phase Error              (PE):    0.000ns

    Location             Delay type                Incr(ns)  Path(ns)    Netlist Resource(s)
  -------------------------------------------------------------------    -------------------
                         (clock clk_fpga_0 rise edge)
                                                      0.000     0.000 r  
    PS7_X0Y0             PS7                          0.000     0.000 r  u_week10_1_wrapper/week10_1_i/processing_system7_0/inst/PS7_i/FCLKCLK[0]
                         net (fo=1, routed)           0.804     0.804    u_week10_1_wrapper/week10_1_i/processing_system7_0/inst/FCLK_CLK_unbuffered[0]
    BUFGCTRL_X0Y16       BUFG (Prop_bufg_I_O)         0.026     0.830 r  u_week10_1_wrapper/week10_1_i/processing_system7_0/inst/buffer_fclk_clk_0.FCLK_CLK_0_BUFG/O
                         net (fo=990, routed)         0.568     1.398    u_apb_7seg/apb_clk
    SLICE_X7Y45          FDCE                                         r  u_apb_7seg/r_control_reg[11]/C
  -------------------------------------------------------------------    -------------------
    SLICE_X7Y45          FDCE (Prop_fdce_C_Q)         0.141     1.539 r  u_apb_7seg/r_control_reg[11]/Q
                         net (fo=2, routed)           0.103     1.642    u_apb_7seg/Q[11]
    SLICE_X6Y45          LUT6 (Prop_lut6_I0_O)        0.045     1.687 r  u_apb_7seg/o_seg_cat_OBUF[6]_inst_i_2/O
                         net (fo=7, routed)           0.389     2.076    u_apb_7seg/hex__27[3]
    SLICE_X8Y47          LUT4 (Prop_lut4_I3_O)        0.043     2.119 r  u_apb_7seg/o_seg_cat_OBUF[0]_inst_i_1/O
                         net (fo=1, routed)           1.091     3.210    o_seg_cat_OBUF[0]
    K14                  OBUF (Prop_obuf_I_O)         1.335     4.545 r  o_seg_cat_OBUF[0]_inst/O
                         net (fo=0)                   0.000     4.545    o_seg_cat[0]
    K14                                                               r  o_seg_cat[0] (OUT)
  -------------------------------------------------------------------    -------------------

Slack:                    inf
  Source:                 u_apb_7seg/r_control_reg[11]/C
                            (rising edge-triggered cell FDCE clocked by clk_fpga_0  {rise@0.000ns fall@5.000ns period=10.000ns})
  Destination:            o_seg_cat[2]
                            (output port)
  Path Group:             (none)
  Path Type:              Min at Fast Process Corner
  Data Path Delay:        3.182ns  (logic 1.534ns (48.224%)  route 1.647ns (51.776%))
  Logic Levels:           3  (LUT4=1 LUT6=1 OBUF=1)
  Clock Uncertainty:      0.152ns  ((TSJ^2 + TIJ^2)^1/2 + DJ) / 2 + PE
    Total System Jitter     (TSJ):    0.050ns
    Total Input Jitter      (TIJ):    0.300ns
    Discrete Jitter          (DJ):    0.000ns
    Phase Error              (PE):    0.000ns

    Location             Delay type                Incr(ns)  Path(ns)    Netlist Resource(s)
  -------------------------------------------------------------------    -------------------
                         (clock clk_fpga_0 rise edge)
                                                      0.000     0.000 r  
    PS7_X0Y0             PS7                          0.000     0.000 r  u_week10_1_wrapper/week10_1_i/processing_system7_0/inst/PS7_i/FCLKCLK[0]
                         net (fo=1, routed)           0.804     0.804    u_week10_1_wrapper/week10_1_i/processing_system7_0/inst/FCLK_CLK_unbuffered[0]
    BUFGCTRL_X0Y16       BUFG (Prop_bufg_I_O)         0.026     0.830 r  u_week10_1_wrapper/week10_1_i/processing_system7_0/inst/buffer_fclk_clk_0.FCLK_CLK_0_BUFG/O
                         net (fo=990, routed)         0.568     1.398    u_apb_7seg/apb_clk
    SLICE_X7Y45          FDCE                                         r  u_apb_7seg/r_control_reg[11]/C
  -------------------------------------------------------------------    -------------------
    SLICE_X7Y45          FDCE (Prop_fdce_C_Q)         0.141     1.539 r  u_apb_7seg/r_control_reg[11]/Q
                         net (fo=2, routed)           0.103     1.642    u_apb_7seg/Q[11]
    SLICE_X6Y45          LUT6 (Prop_lut6_I0_O)        0.045     1.687 r  u_apb_7seg/o_seg_cat_OBUF[6]_inst_i_2/O
                         net (fo=7, routed)           0.313     2.000    u_apb_7seg/hex__27[3]
    SLICE_X8Y47          LUT4 (Prop_lut4_I3_O)        0.048     2.048 r  u_apb_7seg/o_seg_cat_OBUF[2]_inst_i_1/O
                         net (fo=1, routed)           1.231     3.279    o_seg_cat_OBUF[2]
    J18                  OBUF (Prop_obuf_I_O)         1.300     4.580 r  o_seg_cat_OBUF[2]_inst/O
                         net (fo=0)                   0.000     4.580    o_seg_cat[2]
    J18                                                               r  o_seg_cat[2] (OUT)
  -------------------------------------------------------------------    -------------------

Slack:                    inf
  Source:                 u_apb_7seg/r_control_reg[23]/C
                            (rising edge-triggered cell FDCE clocked by clk_fpga_0  {rise@0.000ns fall@5.000ns period=10.000ns})
  Destination:            o_seg_an[3]
                            (output port)
  Path Group:             (none)
  Path Type:              Min at Fast Process Corner
  Data Path Delay:        3.266ns  (logic 1.521ns (46.567%)  route 1.745ns (53.433%))
  Logic Levels:           2  (LUT3=1 OBUF=1)
  Clock Uncertainty:      0.152ns  ((TSJ^2 + TIJ^2)^1/2 + DJ) / 2 + PE
    Total System Jitter     (TSJ):    0.050ns
    Total Input Jitter      (TIJ):    0.300ns
    Discrete Jitter          (DJ):    0.000ns
    Phase Error              (PE):    0.000ns

    Location             Delay type                Incr(ns)  Path(ns)    Netlist Resource(s)
  -------------------------------------------------------------------    -------------------
                         (clock clk_fpga_0 rise edge)
                                                      0.000     0.000 r  
    PS7_X0Y0             PS7                          0.000     0.000 r  u_week10_1_wrapper/week10_1_i/processing_system7_0/inst/PS7_i/FCLKCLK[0]
                         net (fo=1, routed)           0.804     0.804    u_week10_1_wrapper/week10_1_i/processing_system7_0/inst/FCLK_CLK_unbuffered[0]
    BUFGCTRL_X0Y16       BUFG (Prop_bufg_I_O)         0.026     0.830 r  u_week10_1_wrapper/week10_1_i/processing_system7_0/inst/buffer_fclk_clk_0.FCLK_CLK_0_BUFG/O
                         net (fo=990, routed)         0.569     1.399    u_apb_7seg/apb_clk
    SLICE_X6Y48          FDCE                                         r  u_apb_7seg/r_control_reg[23]/C
  -------------------------------------------------------------------    -------------------
    SLICE_X6Y48          FDCE (Prop_fdce_C_Q)         0.164     1.563 f  u_apb_7seg/r_control_reg[23]/Q
                         net (fo=2, routed)           0.294     1.857    u_apb_7seg/Q[23]
    SLICE_X8Y49          LUT3 (Prop_lut3_I2_O)        0.044     1.901 r  u_apb_7seg/o_seg_an_OBUF[3]_inst_i_1/O
                         net (fo=1, routed)           1.451     3.352    o_seg_an_OBUF[3]
    L16                  OBUF (Prop_obuf_I_O)         1.313     4.665 r  o_seg_an_OBUF[3]_inst/O
                         net (fo=0)                   0.000     4.665    o_seg_an[3]
    L16                                                               r  o_seg_an[3] (OUT)
  -------------------------------------------------------------------    -------------------





