Copyright 1986-2022 Xilinx, Inc. All Rights Reserved.
---------------------------------------------------------------------------------------------------------------------------------------------------------------------------------------------------------------------------------------------
| Tool Version : Vivado v.2022.1 (win64) Build 3526262 Mon Apr 18 15:48:16 MDT 2022
| Date         : Fri Mar 20 15:28:13 2026
| Host         : BOOK-PI4T4K8H7V running 64-bit major release  (build 9200)
| Command      : report_timing_summary -max_paths 10 -report_unconstrained -file PS_Block_wrapper_timing_summary_routed.rpt -pb PS_Block_wrapper_timing_summary_routed.pb -rpx PS_Block_wrapper_timing_summary_routed.rpx -warn_on_violation
| Design       : PS_Block_wrapper
| Device       : 7z007s-clg400
| Speed File   : -1  PRODUCTION 1.12 2019-11-22
---------------------------------------------------------------------------------------------------------------------------------------------------------------------------------------------------------------------------------------------

Timing Summary Report

------------------------------------------------------------------------------------------------
| Timer Settings
| --------------
------------------------------------------------------------------------------------------------

  Enable Multi Corner Analysis               :  Yes
  Enable Pessimism Removal                   :  Yes
  Pessimism Removal Resolution               :  Nearest Common Node
  Enable Input Delay Default Clock           :  No
  Enable Preset / Clear Arcs                 :  No
  Disable Flight Delays                      :  No
  Ignore I/O Paths                           :  No
  Timing Early Launch at Borrowing Latches   :  No
  Borrow Time for Max Delay Exceptions       :  Yes
  Merge Timing Exceptions                    :  Yes

  Corner  Analyze    Analyze    
  Name    Max Paths  Min Paths  
  ------  ---------  ---------  
  Slow    Yes        Yes        
  Fast    Yes        Yes        


------------------------------------------------------------------------------------------------
| Report Methodology
| ------------------
------------------------------------------------------------------------------------------------

Rule       Severity  Description                    Violations  
---------  --------  -----------------------------  ----------  
TIMING-18  Warning   Missing input or output delay  20          

Note: This report is based on the most recent report_methodology run and may not be up-to-date. Run report_methodology on the current design for the latest report.



check_timing report

Table of Contents
-----------------
1. checking no_clock (0)
2. checking constant_clock (0)
3. checking pulse_width_clock (0)
4. checking unconstrained_internal_endpoints (0)
5. checking no_input_delay (20)
6. checking no_output_delay (16)
7. checking multiple_clock (0)
8. checking generated_clocks (0)
9. checking loops (0)
10. checking partial_input_delay (0)
11. checking partial_output_delay (0)
12. checking latch_loops (0)

1. checking no_clock (0)
------------------------
 There are 0 register/latch pins with no clock.


2. checking constant_clock (0)
------------------------------
 There are 0 register/latch pins with constant_clock.


3. checking pulse_width_clock (0)
---------------------------------
 There are 0 register/latch pins which need pulse_width check


4. checking unconstrained_internal_endpoints (0)
------------------------------------------------
 There are 0 pins that are not constrained for maximum delay.

 There are 0 pins that are not constrained for maximum delay due to constant clock.


5. checking no_input_delay (20)
-------------------------------
 There are 20 input ports with no input delay specified. (HIGH)

 There are 0 input ports with no input delay but user has a false path constraint.


6. checking no_output_delay (16)
--------------------------------
 There are 16 ports with no output delay specified. (HIGH)

 There are 0 ports with no output delay but user has a false path constraint

 There are 0 ports with no output delay but with a timing clock defined on it or propagating through it


7. checking multiple_clock (0)
------------------------------
 There are 0 register/latch pins with multiple clocks.


8. checking generated_clocks (0)
--------------------------------
 There are 0 generated clocks that are not connected to a clock source.


9. checking loops (0)
---------------------
 There are 0 combinational loops in the design.


10. checking partial_input_delay (0)
------------------------------------
 There are 0 input ports with partial input delay specified.


11. checking partial_output_delay (0)
-------------------------------------
 There are 0 ports with partial output delay specified.


12. checking latch_loops (0)
----------------------------
 There are 0 combinational latch loops in the design through latch input



------------------------------------------------------------------------------------------------
| Design Timing Summary
| ---------------------
------------------------------------------------------------------------------------------------

    WNS(ns)      TNS(ns)  TNS Failing Endpoints  TNS Total Endpoints      WHS(ns)      THS(ns)  THS Failing Endpoints  THS Total Endpoints     WPWS(ns)     TPWS(ns)  TPWS Failing Endpoints  TPWS Total Endpoints  
    -------      -------  ---------------------  -------------------      -------      -------  ---------------------  -------------------     --------     --------  ----------------------  --------------------  
      3.931        0.000                      0                 1944        0.023        0.000                      0                 1944        4.020        0.000                       0                  1024  


All user specified timing constraints are met.


------------------------------------------------------------------------------------------------
| Clock Summary
| -------------
------------------------------------------------------------------------------------------------

Clock       Waveform(ns)         Period(ns)      Frequency(MHz)
-----       ------------         ----------      --------------
clk_fpga_0  {0.000 5.000}        10.000          100.000         
clk_fpga_1  {0.000 3.438}        6.875           145.455         


------------------------------------------------------------------------------------------------
| Intra Clock Table
| -----------------
------------------------------------------------------------------------------------------------

Clock             WNS(ns)      TNS(ns)  TNS Failing Endpoints  TNS Total Endpoints      WHS(ns)      THS(ns)  THS Failing Endpoints  THS Total Endpoints     WPWS(ns)     TPWS(ns)  TPWS Failing Endpoints  TPWS Total Endpoints  
-----             -------      -------  ---------------------  -------------------      -------      -------  ---------------------  -------------------     --------     --------  ----------------------  --------------------  
clk_fpga_0          3.931        0.000                      0                 1944        0.023        0.000                      0                 1944        4.020        0.000                       0                  1024  


------------------------------------------------------------------------------------------------
| Inter Clock Table
| -----------------
------------------------------------------------------------------------------------------------

From Clock    To Clock          WNS(ns)      TNS(ns)  TNS Failing Endpoints  TNS Total Endpoints      WHS(ns)      THS(ns)  THS Failing Endpoints  THS Total Endpoints  
----------    --------          -------      -------  ---------------------  -------------------      -------      -------  ---------------------  -------------------  


------------------------------------------------------------------------------------------------
| Other Path Groups Table
| -----------------------
------------------------------------------------------------------------------------------------

Path Group    From Clock    To Clock          WNS(ns)      TNS(ns)  TNS Failing Endpoints  TNS Total Endpoints      WHS(ns)      THS(ns)  THS Failing Endpoints  THS Total Endpoints  
----------    ----------    --------          -------      -------  ---------------------  -------------------      -------      -------  ---------------------  -------------------  


------------------------------------------------------------------------------------------------
| User Ignored Path Table
| -----------------------
------------------------------------------------------------------------------------------------

Path Group    From Clock    To Clock    
----------    ----------    --------    
(none)                      clk_fpga_0    


------------------------------------------------------------------------------------------------
| Unconstrained Path Table
| ------------------------
------------------------------------------------------------------------------------------------

Path Group    From Clock    To Clock    
----------    ----------    --------    
(none)        clk_fpga_0                  


------------------------------------------------------------------------------------------------
| Timing Details
| --------------
------------------------------------------------------------------------------------------------


---------------------------------------------------------------------------------------------------
From Clock:  clk_fpga_0
  To Clock:  clk_fpga_0

Setup :            0  Failing Endpoints,  Worst Slack        3.931ns,  Total Violation        0.000ns
Hold  :            0  Failing Endpoints,  Worst Slack        0.023ns,  Total Violation        0.000ns
PW    :            0  Failing Endpoints,  Worst Slack        4.020ns,  Total Violation        0.000ns
---------------------------------------------------------------------------------------------------


Max Delay Paths
--------------------------------------------------------------------------------------
Slack (MET) :             3.931ns  (required time - arrival time)
  Source:                 PS_Block_i/ps7_0_axi_periph/xbar/inst/gen_sasd.crossbar_sasd_0/addr_arbiter_inst/gen_no_arbiter.grant_rnw_reg/C
                            (rising edge-triggered cell FDRE clocked by clk_fpga_0  {rise@0.000ns fall@5.000ns period=10.000ns})
  Destination:            PS_Block_i/ps7_0_axi_periph/s00_couplers/auto_pc/inst/gen_axilite.gen_b2s_conv.axilite_b2s/RD.ar_channel_0/cmd_translator_0/s_axburst_eq0_reg/D
                            (rising edge-triggered cell FDRE clocked by clk_fpga_0  {rise@0.000ns fall@5.000ns period=10.000ns})
  Path Group:             clk_fpga_0
  Path Type:              Setup (Max at Slow Process Corner)
  Requirement:            10.000ns  (clk_fpga_0 rise@10.000ns - clk_fpga_0 rise@0.000ns)
  Data Path Delay:        5.886ns  (logic 1.210ns (20.557%)  route 4.676ns (79.443%))
  Logic Levels:           4  (LUT2=1 LUT4=2 LUT5=1)
  Clock Path Skew:        -0.060ns (DCD - SCD + CPR)
    Destination Clock Delay (DCD):    3.268ns = ( 13.268 - 10.000 ) 
    Source Clock Delay      (SCD):    3.724ns
    Clock Pessimism Removal (CPR):    0.397ns
  Clock Uncertainty:      0.154ns  ((TSJ^2 + TIJ^2)^1/2 + DJ) / 2 + PE
    Total System Jitter     (TSJ):    0.071ns
    Total Input Jitter      (TIJ):    0.300ns
    Discrete Jitter          (DJ):    0.000ns
    Phase Error              (PE):    0.000ns

    Location             Delay type                Incr(ns)  Path(ns)    Netlist Resource(s)
  -------------------------------------------------------------------    -------------------
                         (clock clk_fpga_0 rise edge)
                                                      0.000     0.000 r  
    PS7_X0Y0             PS7                          0.000     0.000 r  PS_Block_i/processing_system7_0/inst/PS7_i/FCLKCLK[0]
                         net (fo=1, routed)           1.938     1.938    PS_Block_i/processing_system7_0/inst/FCLK_CLK_unbuffered[0]
    BUFGCTRL_X0Y16       BUFG (Prop_bufg_I_O)         0.101     2.039 r  PS_Block_i/processing_system7_0/inst/buffer_fclk_clk_0.FCLK_CLK_0_BUFG/O
                         net (fo=1025, routed)        1.685     3.724    PS_Block_i/ps7_0_axi_periph/xbar/inst/gen_sasd.crossbar_sasd_0/addr_arbiter_inst/aclk
    SLICE_X12Y48         FDRE                                         r  PS_Block_i/ps7_0_axi_periph/xbar/inst/gen_sasd.crossbar_sasd_0/addr_arbiter_inst/gen_no_arbiter.grant_rnw_reg/C
  -------------------------------------------------------------------    -------------------
    SLICE_X12Y48         FDRE (Prop_fdre_C_Q)         0.518     4.242 f  PS_Block_i/ps7_0_axi_periph/xbar/inst/gen_sasd.crossbar_sasd_0/addr_arbiter_inst/gen_no_arbiter.grant_rnw_reg/Q
                         net (fo=28, routed)          1.301     5.543    PS_Block_i/ps7_0_axi_periph/xbar/inst/gen_sasd.crossbar_sasd_0/addr_arbiter_inst/aa_grant_rnw
    SLICE_X15Y48         LUT2 (Prop_lut2_I0_O)        0.124     5.667 f  PS_Block_i/ps7_0_axi_periph/xbar/inst/gen_sasd.crossbar_sasd_0/addr_arbiter_inst/s_axi_arready[0]_INST_0/O
                         net (fo=15, routed)          1.571     7.238    PS_Block_i/ps7_0_axi_periph/s00_couplers/auto_pc/inst/gen_axilite.gen_b2s_conv.axilite_b2s/RD.ar_channel_0/ar_cmd_fsm_0/m_axi_arready
    SLICE_X10Y40         LUT4 (Prop_lut4_I0_O)        0.116     7.354 f  PS_Block_i/ps7_0_axi_periph/s00_couplers/auto_pc/inst/gen_axilite.gen_b2s_conv.axilite_b2s/RD.ar_channel_0/ar_cmd_fsm_0/axlen_cnt[3]_i_1__2/O
                         net (fo=27, routed)          1.222     8.577    PS_Block_i/ps7_0_axi_periph/s00_couplers/auto_pc/inst/gen_axilite.gen_b2s_conv.axilite_b2s/RD.ar_channel_0/cmd_translator_0/incr_cmd_0/axlen_cnt_reg[4]_0
    SLICE_X9Y44          LUT5 (Prop_lut5_I3_O)        0.328     8.905 r  PS_Block_i/ps7_0_axi_periph/s00_couplers/auto_pc/inst/gen_axilite.gen_b2s_conv.axilite_b2s/RD.ar_channel_0/cmd_translator_0/incr_cmd_0/next_pending_r_i_1__1/O
                         net (fo=3, routed)           0.582     9.486    PS_Block_i/ps7_0_axi_periph/s00_couplers/auto_pc/inst/gen_axilite.gen_b2s_conv.axilite_b2s/RD.ar_channel_0/cmd_translator_0/wrap_cmd_0/incr_next_pending
    SLICE_X9Y44          LUT4 (Prop_lut4_I3_O)        0.124     9.610 r  PS_Block_i/ps7_0_axi_periph/s00_couplers/auto_pc/inst/gen_axilite.gen_b2s_conv.axilite_b2s/RD.ar_channel_0/cmd_translator_0/wrap_cmd_0/s_axburst_eq0_i_1__0/O
                         net (fo=1, routed)           0.000     9.610    PS_Block_i/ps7_0_axi_periph/s00_couplers/auto_pc/inst/gen_axilite.gen_b2s_conv.axilite_b2s/RD.ar_channel_0/cmd_translator_0/wrap_cmd_0_n_25
    SLICE_X9Y44          FDRE                                         r  PS_Block_i/ps7_0_axi_periph/s00_couplers/auto_pc/inst/gen_axilite.gen_b2s_conv.axilite_b2s/RD.ar_channel_0/cmd_translator_0/s_axburst_eq0_reg/D
  -------------------------------------------------------------------    -------------------

                         (clock clk_fpga_0 rise edge)
                                                     10.000    10.000 r  
    PS7_X0Y0             PS7                          0.000    10.000 r  PS_Block_i/processing_system7_0/inst/PS7_i/FCLKCLK[0]
                         net (fo=1, routed)           1.666    11.666    PS_Block_i/processing_system7_0/inst/FCLK_CLK_unbuffered[0]
    BUFGCTRL_X0Y16       BUFG (Prop_bufg_I_O)         0.091    11.757 r  PS_Block_i/processing_system7_0/inst/buffer_fclk_clk_0.FCLK_CLK_0_BUFG/O
                         net (fo=1025, routed)        1.510    13.268    PS_Block_i/ps7_0_axi_periph/s00_couplers/auto_pc/inst/gen_axilite.gen_b2s_conv.axilite_b2s/RD.ar_channel_0/cmd_translator_0/aclk
    SLICE_X9Y44          FDRE                                         r  PS_Block_i/ps7_0_axi_periph/s00_couplers/auto_pc/inst/gen_axilite.gen_b2s_conv.axilite_b2s/RD.ar_channel_0/cmd_translator_0/s_axburst_eq0_reg/C
                         clock pessimism              0.397    13.664    
                         clock uncertainty           -0.154    13.510    
    SLICE_X9Y44          FDRE (Setup_fdre_C_D)        0.031    13.541    PS_Block_i/ps7_0_axi_periph/s00_couplers/auto_pc/inst/gen_axilite.gen_b2s_conv.axilite_b2s/RD.ar_channel_0/cmd_translator_0/s_axburst_eq0_reg
  -------------------------------------------------------------------
                         required time                         13.541    
                         arrival time                          -9.610    
  -------------------------------------------------------------------
                         slack                                  3.931    

Slack (MET) :             3.949ns  (required time - arrival time)
  Source:                 PS_Block_i/ps7_0_axi_periph/xbar/inst/gen_sasd.crossbar_sasd_0/addr_arbiter_inst/gen_no_arbiter.grant_rnw_reg/C
                            (rising edge-triggered cell FDRE clocked by clk_fpga_0  {rise@0.000ns fall@5.000ns period=10.000ns})
  Destination:            PS_Block_i/ps7_0_axi_periph/s00_couplers/auto_pc/inst/gen_axilite.gen_b2s_conv.axilite_b2s/RD.ar_channel_0/cmd_translator_0/s_axburst_eq1_reg/D
                            (rising edge-triggered cell FDRE clocked by clk_fpga_0  {rise@0.000ns fall@5.000ns period=10.000ns})
  Path Group:             clk_fpga_0
  Path Type:              Setup (Max at Slow Process Corner)
  Requirement:            10.000ns  (clk_fpga_0 rise@10.000ns - clk_fpga_0 rise@0.000ns)
  Data Path Delay:        5.912ns  (logic 1.236ns (20.906%)  route 4.676ns (79.094%))
  Logic Levels:           4  (LUT2=1 LUT4=2 LUT5=1)
  Clock Path Skew:        -0.060ns (DCD - SCD + CPR)
    Destination Clock Delay (DCD):    3.268ns = ( 13.268 - 10.000 ) 
    Source Clock Delay      (SCD):    3.724ns
    Clock Pessimism Removal (CPR):    0.397ns
  Clock Uncertainty:      0.154ns  ((TSJ^2 + TIJ^2)^1/2 + DJ) / 2 + PE
    Total System Jitter     (TSJ):    0.071ns
    Total Input Jitter      (TIJ):    0.300ns
    Discrete Jitter          (DJ):    0.000ns
    Phase Error              (PE):    0.000ns

    Location             Delay type                Incr(ns)  Path(ns)    Netlist Resource(s)
  -------------------------------------------------------------------    -------------------
                         (clock clk_fpga_0 rise edge)
                                                      0.000     0.000 r  
    PS7_X0Y0             PS7                          0.000     0.000 r  PS_Block_i/processing_system7_0/inst/PS7_i/FCLKCLK[0]
                         net (fo=1, routed)           1.938     1.938    PS_Block_i/processing_system7_0/inst/FCLK_CLK_unbuffered[0]
    BUFGCTRL_X0Y16       BUFG (Prop_bufg_I_O)         0.101     2.039 r  PS_Block_i/processing_system7_0/inst/buffer_fclk_clk_0.FCLK_CLK_0_BUFG/O
                         net (fo=1025, routed)        1.685     3.724    PS_Block_i/ps7_0_axi_periph/xbar/inst/gen_sasd.crossbar_sasd_0/addr_arbiter_inst/aclk
    SLICE_X12Y48         FDRE                                         r  PS_Block_i/ps7_0_axi_periph/xbar/inst/gen_sasd.crossbar_sasd_0/addr_arbiter_inst/gen_no_arbiter.grant_rnw_reg/C
  -------------------------------------------------------------------    -------------------
    SLICE_X12Y48         FDRE (Prop_fdre_C_Q)         0.518     4.242 f  PS_Block_i/ps7_0_axi_periph/xbar/inst/gen_sasd.crossbar_sasd_0/addr_arbiter_inst/gen_no_arbiter.grant_rnw_reg/Q
                         net (fo=28, routed)          1.301     5.543    PS_Block_i/ps7_0_axi_periph/xbar/inst/gen_sasd.crossbar_sasd_0/addr_arbiter_inst/aa_grant_rnw
    SLICE_X15Y48         LUT2 (Prop_lut2_I0_O)        0.124     5.667 f  PS_Block_i/ps7_0_axi_periph/xbar/inst/gen_sasd.crossbar_sasd_0/addr_arbiter_inst/s_axi_arready[0]_INST_0/O
                         net (fo=15, routed)          1.571     7.238    PS_Block_i/ps7_0_axi_periph/s00_couplers/auto_pc/inst/gen_axilite.gen_b2s_conv.axilite_b2s/RD.ar_channel_0/ar_cmd_fsm_0/m_axi_arready
    SLICE_X10Y40         LUT4 (Prop_lut4_I0_O)        0.116     7.354 f  PS_Block_i/ps7_0_axi_periph/s00_couplers/auto_pc/inst/gen_axilite.gen_b2s_conv.axilite_b2s/RD.ar_channel_0/ar_cmd_fsm_0/axlen_cnt[3]_i_1__2/O
                         net (fo=27, routed)          1.222     8.577    PS_Block_i/ps7_0_axi_periph/s00_couplers/auto_pc/inst/gen_axilite.gen_b2s_conv.axilite_b2s/RD.ar_channel_0/cmd_translator_0/incr_cmd_0/axlen_cnt_reg[4]_0
    SLICE_X9Y44          LUT5 (Prop_lut5_I3_O)        0.328     8.905 r  PS_Block_i/ps7_0_axi_periph/s00_couplers/auto_pc/inst/gen_axilite.gen_b2s_conv.axilite_b2s/RD.ar_channel_0/cmd_translator_0/incr_cmd_0/next_pending_r_i_1__1/O
                         net (fo=3, routed)           0.582     9.486    PS_Block_i/ps7_0_axi_periph/s00_couplers/auto_pc/inst/gen_axilite.gen_b2s_conv.axilite_b2s/RD.ar_channel_0/cmd_translator_0/wrap_cmd_0/incr_next_pending
    SLICE_X9Y44          LUT4 (Prop_lut4_I3_O)        0.150     9.636 r  PS_Block_i/ps7_0_axi_periph/s00_couplers/auto_pc/inst/gen_axilite.gen_b2s_conv.axilite_b2s/RD.ar_channel_0/cmd_translator_0/wrap_cmd_0/s_axburst_eq1_i_1__0/O
                         net (fo=1, routed)           0.000     9.636    PS_Block_i/ps7_0_axi_periph/s00_couplers/auto_pc/inst/gen_axilite.gen_b2s_conv.axilite_b2s/RD.ar_channel_0/cmd_translator_0/wrap_cmd_0_n_26
    SLICE_X9Y44          FDRE                                         r  PS_Block_i/ps7_0_axi_periph/s00_couplers/auto_pc/inst/gen_axilite.gen_b2s_conv.axilite_b2s/RD.ar_channel_0/cmd_translator_0/s_axburst_eq1_reg/D
  -------------------------------------------------------------------    -------------------

                         (clock clk_fpga_0 rise edge)
                                                     10.000    10.000 r  
    PS7_X0Y0             PS7                          0.000    10.000 r  PS_Block_i/processing_system7_0/inst/PS7_i/FCLKCLK[0]
                         net (fo=1, routed)           1.666    11.666    PS_Block_i/processing_system7_0/inst/FCLK_CLK_unbuffered[0]
    BUFGCTRL_X0Y16       BUFG (Prop_bufg_I_O)         0.091    11.757 r  PS_Block_i/processing_system7_0/inst/buffer_fclk_clk_0.FCLK_CLK_0_BUFG/O
                         net (fo=1025, routed)        1.510    13.268    PS_Block_i/ps7_0_axi_periph/s00_couplers/auto_pc/inst/gen_axilite.gen_b2s_conv.axilite_b2s/RD.ar_channel_0/cmd_translator_0/aclk
    SLICE_X9Y44          FDRE                                         r  PS_Block_i/ps7_0_axi_periph/s00_couplers/auto_pc/inst/gen_axilite.gen_b2s_conv.axilite_b2s/RD.ar_channel_0/cmd_translator_0/s_axburst_eq1_reg/C
                         clock pessimism              0.397    13.664    
                         clock uncertainty           -0.154    13.510    
    SLICE_X9Y44          FDRE (Setup_fdre_C_D)        0.075    13.585    PS_Block_i/ps7_0_axi_periph/s00_couplers/auto_pc/inst/gen_axilite.gen_b2s_conv.axilite_b2s/RD.ar_channel_0/cmd_translator_0/s_axburst_eq1_reg
  -------------------------------------------------------------------
                         required time                         13.585    
                         arrival time                          -9.636    
  -------------------------------------------------------------------
                         slack                                  3.949    

Slack (MET) :             4.008ns  (required time - arrival time)
  Source:                 PS_Block_i/ps7_0_axi_periph/xbar/inst/gen_sasd.crossbar_sasd_0/addr_arbiter_inst/gen_no_arbiter.grant_rnw_reg/C
                            (rising edge-triggered cell FDRE clocked by clk_fpga_0  {rise@0.000ns fall@5.000ns period=10.000ns})
  Destination:            PS_Block_i/ps7_0_axi_periph/s00_couplers/auto_pc/inst/gen_axilite.gen_b2s_conv.axilite_b2s/RD.ar_channel_0/cmd_translator_0/incr_cmd_0/next_pending_r_reg/D
                            (rising edge-triggered cell FDRE clocked by clk_fpga_0  {rise@0.000ns fall@5.000ns period=10.000ns})
  Path Group:             clk_fpga_0
  Path Type:              Setup (Max at Slow Process Corner)
  Requirement:            10.000ns  (clk_fpga_0 rise@10.000ns - clk_fpga_0 rise@0.000ns)
  Data Path Delay:        5.710ns  (logic 1.086ns (19.018%)  route 4.624ns (80.982%))
  Logic Levels:           3  (LUT2=1 LUT4=1 LUT5=1)
  Clock Path Skew:        -0.060ns (DCD - SCD + CPR)
    Destination Clock Delay (DCD):    3.268ns = ( 13.268 - 10.000 ) 
    Source Clock Delay      (SCD):    3.724ns
    Clock Pessimism Removal (CPR):    0.397ns
  Clock Uncertainty:      0.154ns  ((TSJ^2 + TIJ^2)^1/2 + DJ) / 2 + PE
    Total System Jitter     (TSJ):    0.071ns
    Total Input Jitter      (TIJ):    0.300ns
    Discrete Jitter          (DJ):    0.000ns
    Phase Error              (PE):    0.000ns

    Location             Delay type                Incr(ns)  Path(ns)    Netlist Resource(s)
  -------------------------------------------------------------------    -------------------
                         (clock clk_fpga_0 rise edge)
                                                      0.000     0.000 r  
    PS7_X0Y0             PS7                          0.000     0.000 r  PS_Block_i/processing_system7_0/inst/PS7_i/FCLKCLK[0]
                         net (fo=1, routed)           1.938     1.938    PS_Block_i/processing_system7_0/inst/FCLK_CLK_unbuffered[0]
    BUFGCTRL_X0Y16       BUFG (Prop_bufg_I_O)         0.101     2.039 r  PS_Block_i/processing_system7_0/inst/buffer_fclk_clk_0.FCLK_CLK_0_BUFG/O
                         net (fo=1025, routed)        1.685     3.724    PS_Block_i/ps7_0_axi_periph/xbar/inst/gen_sasd.crossbar_sasd_0/addr_arbiter_inst/aclk
    SLICE_X12Y48         FDRE                                         r  PS_Block_i/ps7_0_axi_periph/xbar/inst/gen_sasd.crossbar_sasd_0/addr_arbiter_inst/gen_no_arbiter.grant_rnw_reg/C
  -------------------------------------------------------------------    -------------------
    SLICE_X12Y48         FDRE (Prop_fdre_C_Q)         0.518     4.242 f  PS_Block_i/ps7_0_axi_periph/xbar/inst/gen_sasd.crossbar_sasd_0/addr_arbiter_inst/gen_no_arbiter.grant_rnw_reg/Q
                         net (fo=28, routed)          1.301     5.543    PS_Block_i/ps7_0_axi_periph/xbar/inst/gen_sasd.crossbar_sasd_0/addr_arbiter_inst/aa_grant_rnw
    SLICE_X15Y48         LUT2 (Prop_lut2_I0_O)        0.124     5.667 f  PS_Block_i/ps7_0_axi_periph/xbar/inst/gen_sasd.crossbar_sasd_0/addr_arbiter_inst/s_axi_arready[0]_INST_0/O
                         net (fo=15, routed)          1.571     7.238    PS_Block_i/ps7_0_axi_periph/s00_couplers/auto_pc/inst/gen_axilite.gen_b2s_conv.axilite_b2s/RD.ar_channel_0/ar_cmd_fsm_0/m_axi_arready
    SLICE_X10Y40         LUT4 (Prop_lut4_I0_O)        0.116     7.354 f  PS_Block_i/ps7_0_axi_periph/s00_couplers/auto_pc/inst/gen_axilite.gen_b2s_conv.axilite_b2s/RD.ar_channel_0/ar_cmd_fsm_0/axlen_cnt[3]_i_1__2/O
                         net (fo=27, routed)          1.222     8.577    PS_Block_i/ps7_0_axi_periph/s00_couplers/auto_pc/inst/gen_axilite.gen_b2s_conv.axilite_b2s/RD.ar_channel_0/cmd_translator_0/incr_cmd_0/axlen_cnt_reg[4]_0
    SLICE_X9Y44          LUT5 (Prop_lut5_I3_O)        0.328     8.905 r  PS_Block_i/ps7_0_axi_periph/s00_couplers/auto_pc/inst/gen_axilite.gen_b2s_conv.axilite_b2s/RD.ar_channel_0/cmd_translator_0/incr_cmd_0/next_pending_r_i_1__1/O
                         net (fo=3, routed)           0.530     9.435    PS_Block_i/ps7_0_axi_periph/s00_couplers/auto_pc/inst/gen_axilite.gen_b2s_conv.axilite_b2s/RD.ar_channel_0/cmd_translator_0/incr_cmd_0/incr_next_pending
    SLICE_X9Y44          FDRE                                         r  PS_Block_i/ps7_0_axi_periph/s00_couplers/auto_pc/inst/gen_axilite.gen_b2s_conv.axilite_b2s/RD.ar_channel_0/cmd_translator_0/incr_cmd_0/next_pending_r_reg/D
  -------------------------------------------------------------------    -------------------

                         (clock clk_fpga_0 rise edge)
                                                     10.000    10.000 r  
    PS7_X0Y0             PS7                          0.000    10.000 r  PS_Block_i/processing_system7_0/inst/PS7_i/FCLKCLK[0]
                         net (fo=1, routed)           1.666    11.666    PS_Block_i/processing_system7_0/inst/FCLK_CLK_unbuffered[0]
    BUFGCTRL_X0Y16       BUFG (Prop_bufg_I_O)         0.091    11.757 r  PS_Block_i/processing_system7_0/inst/buffer_fclk_clk_0.FCLK_CLK_0_BUFG/O
                         net (fo=1025, routed)        1.510    13.268    PS_Block_i/ps7_0_axi_periph/s00_couplers/auto_pc/inst/gen_axilite.gen_b2s_conv.axilite_b2s/RD.ar_channel_0/cmd_translator_0/incr_cmd_0/aclk
    SLICE_X9Y44          FDRE                                         r  PS_Block_i/ps7_0_axi_periph/s00_couplers/auto_pc/inst/gen_axilite.gen_b2s_conv.axilite_b2s/RD.ar_channel_0/cmd_translator_0/incr_cmd_0/next_pending_r_reg/C
                         clock pessimism              0.397    13.664    
                         clock uncertainty           -0.154    13.510    
    SLICE_X9Y44          FDRE (Setup_fdre_C_D)       -0.067    13.443    PS_Block_i/ps7_0_axi_periph/s00_couplers/auto_pc/inst/gen_axilite.gen_b2s_conv.axilite_b2s/RD.ar_channel_0/cmd_translator_0/incr_cmd_0/next_pending_r_reg
  -------------------------------------------------------------------
                         required time                         13.443    
                         arrival time                          -9.435    
  -------------------------------------------------------------------
                         slack                                  4.008    

Slack (MET) :             4.055ns  (required time - arrival time)
  Source:                 PS_Block_i/ps7_0_axi_periph/s00_couplers/auto_pc/inst/gen_axilite.gen_b2s_conv.axilite_b2s/SI_REG/aw.aw_pipe/m_payload_i_reg[39]/C
                            (rising edge-triggered cell FDRE clocked by clk_fpga_0  {rise@0.000ns fall@5.000ns period=10.000ns})
  Destination:            PS_Block_i/ps7_0_axi_periph/s00_couplers/auto_pc/inst/gen_axilite.gen_b2s_conv.axilite_b2s/WR.aw_channel_0/cmd_translator_0/incr_cmd_0/axaddr_incr_reg[8]/D
                            (rising edge-triggered cell FDRE clocked by clk_fpga_0  {rise@0.000ns fall@5.000ns period=10.000ns})
  Path Group:             clk_fpga_0
  Path Type:              Setup (Max at Slow Process Corner)
  Requirement:            10.000ns  (clk_fpga_0 rise@10.000ns - clk_fpga_0 rise@0.000ns)
  Data Path Delay:        5.808ns  (logic 2.125ns (36.588%)  route 3.683ns (63.412%))
  Logic Levels:           8  (CARRY4=3 LUT3=3 LUT4=1 LUT6=1)
  Clock Path Skew:        -0.058ns (DCD - SCD + CPR)
    Destination Clock Delay (DCD):    3.295ns = ( 13.295 - 10.000 ) 
    Source Clock Delay      (SCD):    3.749ns
    Clock Pessimism Removal (CPR):    0.396ns
  Clock Uncertainty:      0.154ns  ((TSJ^2 + TIJ^2)^1/2 + DJ) / 2 + PE
    Total System Jitter     (TSJ):    0.071ns
    Total Input Jitter      (TIJ):    0.300ns
    Discrete Jitter          (DJ):    0.000ns
    Phase Error              (PE):    0.000ns

    Location             Delay type                Incr(ns)  Path(ns)    Netlist Resource(s)
  -------------------------------------------------------------------    -------------------
                         (clock clk_fpga_0 rise edge)
                                                      0.000     0.000 r  
    PS7_X0Y0             PS7                          0.000     0.000 r  PS_Block_i/processing_system7_0/inst/PS7_i/FCLKCLK[0]
                         net (fo=1, routed)           1.938     1.938    PS_Block_i/processing_system7_0/inst/FCLK_CLK_unbuffered[0]
    BUFGCTRL_X0Y16       BUFG (Prop_bufg_I_O)         0.101     2.039 r  PS_Block_i/processing_system7_0/inst/buffer_fclk_clk_0.FCLK_CLK_0_BUFG/O
                         net (fo=1025, routed)        1.710     3.749    PS_Block_i/ps7_0_axi_periph/s00_couplers/auto_pc/inst/gen_axilite.gen_b2s_conv.axilite_b2s/SI_REG/aw.aw_pipe/aclk
    SLICE_X1Y52          FDRE                                         r  PS_Block_i/ps7_0_axi_periph/s00_couplers/auto_pc/inst/gen_axilite.gen_b2s_conv.axilite_b2s/SI_REG/aw.aw_pipe/m_payload_i_reg[39]/C
  -------------------------------------------------------------------    -------------------
    SLICE_X1Y52          FDRE (Prop_fdre_C_Q)         0.419     4.168 r  PS_Block_i/ps7_0_axi_periph/s00_couplers/auto_pc/inst/gen_axilite.gen_b2s_conv.axilite_b2s/SI_REG/aw.aw_pipe/m_payload_i_reg[39]/Q
                         net (fo=7, routed)           1.017     5.185    PS_Block_i/ps7_0_axi_periph/s00_couplers/auto_pc/inst/gen_axilite.gen_b2s_conv.axilite_b2s/WR.aw_channel_0/cmd_translator_0/axlen_cnt_reg[3][11]
    SLICE_X10Y50         LUT3 (Prop_lut3_I1_O)        0.299     5.484 f  PS_Block_i/ps7_0_axi_periph/s00_couplers/auto_pc/inst/gen_axilite.gen_b2s_conv.axilite_b2s/WR.aw_channel_0/cmd_translator_0/FSM_sequential_state[1]_i_2/O
                         net (fo=3, routed)           0.293     5.777    PS_Block_i/ps7_0_axi_periph/s00_couplers/auto_pc/inst/gen_axilite.gen_b2s_conv.axilite_b2s/WR.aw_channel_0/aw_cmd_fsm_0/FSM_sequential_state_reg[1]_0
    SLICE_X10Y50         LUT6 (Prop_lut6_I3_O)        0.124     5.901 r  PS_Block_i/ps7_0_axi_periph/s00_couplers/auto_pc/inst/gen_axilite.gen_b2s_conv.axilite_b2s/WR.aw_channel_0/aw_cmd_fsm_0/memory_reg[3][0]_srl4_i_1/O
                         net (fo=30, routed)          0.467     6.368    PS_Block_i/ps7_0_axi_periph/s00_couplers/auto_pc/inst/gen_axilite.gen_b2s_conv.axilite_b2s/WR.aw_channel_0/aw_cmd_fsm_0/m_axi_awready_0
    SLICE_X11Y51         LUT3 (Prop_lut3_I2_O)        0.124     6.492 r  PS_Block_i/ps7_0_axi_periph/s00_couplers/auto_pc/inst/gen_axilite.gen_b2s_conv.axilite_b2s/WR.aw_channel_0/aw_cmd_fsm_0/next_pending_r_i_3/O
                         net (fo=23, routed)          1.113     7.606    PS_Block_i/ps7_0_axi_periph/s00_couplers/auto_pc/inst/gen_axilite.gen_b2s_conv.axilite_b2s/WR.aw_channel_0/cmd_translator_0/incr_cmd_0/next
    SLICE_X4Y52          LUT4 (Prop_lut4_I3_O)        0.124     7.730 r  PS_Block_i/ps7_0_axi_periph/s00_couplers/auto_pc/inst/gen_axilite.gen_b2s_conv.axilite_b2s/WR.aw_channel_0/cmd_translator_0/incr_cmd_0/axaddr_incr[3]_i_7/O
                         net (fo=1, routed)           0.000     7.730    PS_Block_i/ps7_0_axi_periph/s00_couplers/auto_pc/inst/gen_axilite.gen_b2s_conv.axilite_b2s/SI_REG/aw.aw_pipe/axaddr_incr_reg[3][3]
    SLICE_X4Y52          CARRY4 (Prop_carry4_S[3]_CO[3])
                                                      0.376     8.106 r  PS_Block_i/ps7_0_axi_periph/s00_couplers/auto_pc/inst/gen_axilite.gen_b2s_conv.axilite_b2s/SI_REG/aw.aw_pipe/axaddr_incr_reg[3]_i_2/CO[3]
                         net (fo=1, routed)           0.000     8.106    PS_Block_i/ps7_0_axi_periph/s00_couplers/auto_pc/inst/gen_axilite.gen_b2s_conv.axilite_b2s/SI_REG/aw.aw_pipe/axaddr_incr_reg[3]_i_2_n_0
    SLICE_X4Y53          CARRY4 (Prop_carry4_CI_CO[3])
                                                      0.117     8.223 r  PS_Block_i/ps7_0_axi_periph/s00_couplers/auto_pc/inst/gen_axilite.gen_b2s_conv.axilite_b2s/SI_REG/aw.aw_pipe/axaddr_incr_reg[7]_i_2/CO[3]
                         net (fo=1, routed)           0.000     8.223    PS_Block_i/ps7_0_axi_periph/s00_couplers/auto_pc/inst/gen_axilite.gen_b2s_conv.axilite_b2s/SI_REG/aw.aw_pipe/axaddr_incr_reg[7]_i_2_n_0
    SLICE_X4Y54          CARRY4 (Prop_carry4_CI_O[0])
                                                      0.219     8.442 r  PS_Block_i/ps7_0_axi_periph/s00_couplers/auto_pc/inst/gen_axilite.gen_b2s_conv.axilite_b2s/SI_REG/aw.aw_pipe/axaddr_incr_reg[11]_i_3/O[0]
                         net (fo=1, routed)           0.793     9.234    PS_Block_i/ps7_0_axi_periph/s00_couplers/auto_pc/inst/gen_axilite.gen_b2s_conv.axilite_b2s/WR.aw_channel_0/cmd_translator_0/incr_cmd_0/axaddr_incr[8]
    SLICE_X3Y54          LUT3 (Prop_lut3_I0_O)        0.323     9.557 r  PS_Block_i/ps7_0_axi_periph/s00_couplers/auto_pc/inst/gen_axilite.gen_b2s_conv.axilite_b2s/WR.aw_channel_0/cmd_translator_0/incr_cmd_0/axaddr_incr[8]_i_1/O
                         net (fo=1, routed)           0.000     9.557    PS_Block_i/ps7_0_axi_periph/s00_couplers/auto_pc/inst/gen_axilite.gen_b2s_conv.axilite_b2s/WR.aw_channel_0/cmd_translator_0/incr_cmd_0/p_1_in[8]
    SLICE_X3Y54          FDRE                                         r  PS_Block_i/ps7_0_axi_periph/s00_couplers/auto_pc/inst/gen_axilite.gen_b2s_conv.axilite_b2s/WR.aw_channel_0/cmd_translator_0/incr_cmd_0/axaddr_incr_reg[8]/D
  -------------------------------------------------------------------    -------------------

                         (clock clk_fpga_0 rise edge)
                                                     10.000    10.000 r  
    PS7_X0Y0             PS7                          0.000    10.000 r  PS_Block_i/processing_system7_0/inst/PS7_i/FCLKCLK[0]
                         net (fo=1, routed)           1.666    11.666    PS_Block_i/processing_system7_0/inst/FCLK_CLK_unbuffered[0]
    BUFGCTRL_X0Y16       BUFG (Prop_bufg_I_O)         0.091    11.757 r  PS_Block_i/processing_system7_0/inst/buffer_fclk_clk_0.FCLK_CLK_0_BUFG/O
                         net (fo=1025, routed)        1.538    13.295    PS_Block_i/ps7_0_axi_periph/s00_couplers/auto_pc/inst/gen_axilite.gen_b2s_conv.axilite_b2s/WR.aw_channel_0/cmd_translator_0/incr_cmd_0/aclk
    SLICE_X3Y54          FDRE                                         r  PS_Block_i/ps7_0_axi_periph/s00_couplers/auto_pc/inst/gen_axilite.gen_b2s_conv.axilite_b2s/WR.aw_channel_0/cmd_translator_0/incr_cmd_0/axaddr_incr_reg[8]/C
                         clock pessimism              0.396    13.691    
                         clock uncertainty           -0.154    13.537    
    SLICE_X3Y54          FDRE (Setup_fdre_C_D)        0.075    13.612    PS_Block_i/ps7_0_axi_periph/s00_couplers/auto_pc/inst/gen_axilite.gen_b2s_conv.axilite_b2s/WR.aw_channel_0/cmd_translator_0/incr_cmd_0/axaddr_incr_reg[8]
  -------------------------------------------------------------------
                         required time                         13.612    
                         arrival time                          -9.557    
  -------------------------------------------------------------------
                         slack                                  4.055    

Slack (MET) :             4.083ns  (required time - arrival time)
  Source:                 PS_Block_i/ps7_0_axi_periph/s00_couplers/auto_pc/inst/gen_axilite.gen_b2s_conv.axilite_b2s/SI_REG/aw.aw_pipe/m_payload_i_reg[39]/C
                            (rising edge-triggered cell FDRE clocked by clk_fpga_0  {rise@0.000ns fall@5.000ns period=10.000ns})
  Destination:            PS_Block_i/ps7_0_axi_periph/s00_couplers/auto_pc/inst/gen_axilite.gen_b2s_conv.axilite_b2s/WR.aw_channel_0/cmd_translator_0/incr_cmd_0/axaddr_incr_reg[9]/D
                            (rising edge-triggered cell FDRE clocked by clk_fpga_0  {rise@0.000ns fall@5.000ns period=10.000ns})
  Path Group:             clk_fpga_0
  Path Type:              Setup (Max at Slow Process Corner)
  Requirement:            10.000ns  (clk_fpga_0 rise@10.000ns - clk_fpga_0 rise@0.000ns)
  Data Path Delay:        5.780ns  (logic 2.240ns (38.757%)  route 3.540ns (61.243%))
  Logic Levels:           8  (CARRY4=3 LUT3=3 LUT4=1 LUT6=1)
  Clock Path Skew:        -0.058ns (DCD - SCD + CPR)
    Destination Clock Delay (DCD):    3.295ns = ( 13.295 - 10.000 ) 
    Source Clock Delay      (SCD):    3.749ns
    Clock Pessimism Removal (CPR):    0.396ns
  Clock Uncertainty:      0.154ns  ((TSJ^2 + TIJ^2)^1/2 + DJ) / 2 + PE
    Total System Jitter     (TSJ):    0.071ns
    Total Input Jitter      (TIJ):    0.300ns
    Discrete Jitter          (DJ):    0.000ns
    Phase Error              (PE):    0.000ns

    Location             Delay type                Incr(ns)  Path(ns)    Netlist Resource(s)
  -------------------------------------------------------------------    -------------------
                         (clock clk_fpga_0 rise edge)
                                                      0.000     0.000 r  
    PS7_X0Y0             PS7                          0.000     0.000 r  PS_Block_i/processing_system7_0/inst/PS7_i/FCLKCLK[0]
                         net (fo=1, routed)           1.938     1.938    PS_Block_i/processing_system7_0/inst/FCLK_CLK_unbuffered[0]
    BUFGCTRL_X0Y16       BUFG (Prop_bufg_I_O)         0.101     2.039 r  PS_Block_i/processing_system7_0/inst/buffer_fclk_clk_0.FCLK_CLK_0_BUFG/O
                         net (fo=1025, routed)        1.710     3.749    PS_Block_i/ps7_0_axi_periph/s00_couplers/auto_pc/inst/gen_axilite.gen_b2s_conv.axilite_b2s/SI_REG/aw.aw_pipe/aclk
    SLICE_X1Y52          FDRE                                         r  PS_Block_i/ps7_0_axi_periph/s00_couplers/auto_pc/inst/gen_axilite.gen_b2s_conv.axilite_b2s/SI_REG/aw.aw_pipe/m_payload_i_reg[39]/C
  -------------------------------------------------------------------    -------------------
    SLICE_X1Y52          FDRE (Prop_fdre_C_Q)         0.419     4.168 r  PS_Block_i/ps7_0_axi_periph/s00_couplers/auto_pc/inst/gen_axilite.gen_b2s_conv.axilite_b2s/SI_REG/aw.aw_pipe/m_payload_i_reg[39]/Q
                         net (fo=7, routed)           1.017     5.185    PS_Block_i/ps7_0_axi_periph/s00_couplers/auto_pc/inst/gen_axilite.gen_b2s_conv.axilite_b2s/WR.aw_channel_0/cmd_translator_0/axlen_cnt_reg[3][11]
    SLICE_X10Y50         LUT3 (Prop_lut3_I1_O)        0.299     5.484 f  PS_Block_i/ps7_0_axi_periph/s00_couplers/auto_pc/inst/gen_axilite.gen_b2s_conv.axilite_b2s/WR.aw_channel_0/cmd_translator_0/FSM_sequential_state[1]_i_2/O
                         net (fo=3, routed)           0.293     5.777    PS_Block_i/ps7_0_axi_periph/s00_couplers/auto_pc/inst/gen_axilite.gen_b2s_conv.axilite_b2s/WR.aw_channel_0/aw_cmd_fsm_0/FSM_sequential_state_reg[1]_0
    SLICE_X10Y50         LUT6 (Prop_lut6_I3_O)        0.124     5.901 r  PS_Block_i/ps7_0_axi_periph/s00_couplers/auto_pc/inst/gen_axilite.gen_b2s_conv.axilite_b2s/WR.aw_channel_0/aw_cmd_fsm_0/memory_reg[3][0]_srl4_i_1/O
                         net (fo=30, routed)          0.467     6.368    PS_Block_i/ps7_0_axi_periph/s00_couplers/auto_pc/inst/gen_axilite.gen_b2s_conv.axilite_b2s/WR.aw_channel_0/aw_cmd_fsm_0/m_axi_awready_0
    SLICE_X11Y51         LUT3 (Prop_lut3_I2_O)        0.124     6.492 r  PS_Block_i/ps7_0_axi_periph/s00_couplers/auto_pc/inst/gen_axilite.gen_b2s_conv.axilite_b2s/WR.aw_channel_0/aw_cmd_fsm_0/next_pending_r_i_3/O
                         net (fo=23, routed)          1.113     7.606    PS_Block_i/ps7_0_axi_periph/s00_couplers/auto_pc/inst/gen_axilite.gen_b2s_conv.axilite_b2s/WR.aw_channel_0/cmd_translator_0/incr_cmd_0/next
    SLICE_X4Y52          LUT4 (Prop_lut4_I3_O)        0.124     7.730 r  PS_Block_i/ps7_0_axi_periph/s00_couplers/auto_pc/inst/gen_axilite.gen_b2s_conv.axilite_b2s/WR.aw_channel_0/cmd_translator_0/incr_cmd_0/axaddr_incr[3]_i_7/O
                         net (fo=1, routed)           0.000     7.730    PS_Block_i/ps7_0_axi_periph/s00_couplers/auto_pc/inst/gen_axilite.gen_b2s_conv.axilite_b2s/SI_REG/aw.aw_pipe/axaddr_incr_reg[3][3]
    SLICE_X4Y52          CARRY4 (Prop_carry4_S[3]_CO[3])
                                                      0.376     8.106 r  PS_Block_i/ps7_0_axi_periph/s00_couplers/auto_pc/inst/gen_axilite.gen_b2s_conv.axilite_b2s/SI_REG/aw.aw_pipe/axaddr_incr_reg[3]_i_2/CO[3]
                         net (fo=1, routed)           0.000     8.106    PS_Block_i/ps7_0_axi_periph/s00_couplers/auto_pc/inst/gen_axilite.gen_b2s_conv.axilite_b2s/SI_REG/aw.aw_pipe/axaddr_incr_reg[3]_i_2_n_0
    SLICE_X4Y53          CARRY4 (Prop_carry4_CI_CO[3])
                                                      0.117     8.223 r  PS_Block_i/ps7_0_axi_periph/s00_couplers/auto_pc/inst/gen_axilite.gen_b2s_conv.axilite_b2s/SI_REG/aw.aw_pipe/axaddr_incr_reg[7]_i_2/CO[3]
                         net (fo=1, routed)           0.000     8.223    PS_Block_i/ps7_0_axi_periph/s00_couplers/auto_pc/inst/gen_axilite.gen_b2s_conv.axilite_b2s/SI_REG/aw.aw_pipe/axaddr_incr_reg[7]_i_2_n_0
    SLICE_X4Y54          CARRY4 (Prop_carry4_CI_O[1])
                                                      0.323     8.546 r  PS_Block_i/ps7_0_axi_periph/s00_couplers/auto_pc/inst/gen_axilite.gen_b2s_conv.axilite_b2s/SI_REG/aw.aw_pipe/axaddr_incr_reg[11]_i_3/O[1]
                         net (fo=1, routed)           0.649     9.195    PS_Block_i/ps7_0_axi_periph/s00_couplers/auto_pc/inst/gen_axilite.gen_b2s_conv.axilite_b2s/WR.aw_channel_0/cmd_translator_0/incr_cmd_0/axaddr_incr[9]
    SLICE_X3Y54          LUT3 (Prop_lut3_I0_O)        0.334     9.529 r  PS_Block_i/ps7_0_axi_periph/s00_couplers/auto_pc/inst/gen_axilite.gen_b2s_conv.axilite_b2s/WR.aw_channel_0/cmd_translator_0/incr_cmd_0/axaddr_incr[9]_i_1/O
                         net (fo=1, routed)           0.000     9.529    PS_Block_i/ps7_0_axi_periph/s00_couplers/auto_pc/inst/gen_axilite.gen_b2s_conv.axilite_b2s/WR.aw_channel_0/cmd_translator_0/incr_cmd_0/p_1_in[9]
    SLICE_X3Y54          FDRE                                         r  PS_Block_i/ps7_0_axi_periph/s00_couplers/auto_pc/inst/gen_axilite.gen_b2s_conv.axilite_b2s/WR.aw_channel_0/cmd_translator_0/incr_cmd_0/axaddr_incr_reg[9]/D
  -------------------------------------------------------------------    -------------------

                         (clock clk_fpga_0 rise edge)
                                                     10.000    10.000 r  
    PS7_X0Y0             PS7                          0.000    10.000 r  PS_Block_i/processing_system7_0/inst/PS7_i/FCLKCLK[0]
                         net (fo=1, routed)           1.666    11.666    PS_Block_i/processing_system7_0/inst/FCLK_CLK_unbuffered[0]
    BUFGCTRL_X0Y16       BUFG (Prop_bufg_I_O)         0.091    11.757 r  PS_Block_i/processing_system7_0/inst/buffer_fclk_clk_0.FCLK_CLK_0_BUFG/O
                         net (fo=1025, routed)        1.538    13.295    PS_Block_i/ps7_0_axi_periph/s00_couplers/auto_pc/inst/gen_axilite.gen_b2s_conv.axilite_b2s/WR.aw_channel_0/cmd_translator_0/incr_cmd_0/aclk
    SLICE_X3Y54          FDRE                                         r  PS_Block_i/ps7_0_axi_periph/s00_couplers/auto_pc/inst/gen_axilite.gen_b2s_conv.axilite_b2s/WR.aw_channel_0/cmd_translator_0/incr_cmd_0/axaddr_incr_reg[9]/C
                         clock pessimism              0.396    13.691    
                         clock uncertainty           -0.154    13.537    
    SLICE_X3Y54          FDRE (Setup_fdre_C_D)        0.075    13.612    PS_Block_i/ps7_0_axi_periph/s00_couplers/auto_pc/inst/gen_axilite.gen_b2s_conv.axilite_b2s/WR.aw_channel_0/cmd_translator_0/incr_cmd_0/axaddr_incr_reg[9]
  -------------------------------------------------------------------
                         required time                         13.612    
                         arrival time                          -9.529    
  -------------------------------------------------------------------
                         slack                                  4.083    

Slack (MET) :             4.184ns  (required time - arrival time)
  Source:                 PS_Block_i/ps7_0_axi_periph/s00_couplers/auto_pc/inst/gen_axilite.gen_b2s_conv.axilite_b2s/SI_REG/aw.aw_pipe/m_payload_i_reg[39]/C
                            (rising edge-triggered cell FDRE clocked by clk_fpga_0  {rise@0.000ns fall@5.000ns period=10.000ns})
  Destination:            PS_Block_i/ps7_0_axi_periph/s00_couplers/auto_pc/inst/gen_axilite.gen_b2s_conv.axilite_b2s/WR.aw_channel_0/cmd_translator_0/incr_cmd_0/axaddr_incr_reg[5]/D
                            (rising edge-triggered cell FDRE clocked by clk_fpga_0  {rise@0.000ns fall@5.000ns period=10.000ns})
  Path Group:             clk_fpga_0
  Path Type:              Setup (Max at Slow Process Corner)
  Requirement:            10.000ns  (clk_fpga_0 rise@10.000ns - clk_fpga_0 rise@0.000ns)
  Data Path Delay:        5.635ns  (logic 2.095ns (37.181%)  route 3.540ns (62.819%))
  Logic Levels:           7  (CARRY4=2 LUT3=3 LUT4=1 LUT6=1)
  Clock Path Skew:        -0.058ns (DCD - SCD + CPR)
    Destination Clock Delay (DCD):    3.295ns = ( 13.295 - 10.000 ) 
    Source Clock Delay      (SCD):    3.749ns
    Clock Pessimism Removal (CPR):    0.396ns
  Clock Uncertainty:      0.154ns  ((TSJ^2 + TIJ^2)^1/2 + DJ) / 2 + PE
    Total System Jitter     (TSJ):    0.071ns
    Total Input Jitter      (TIJ):    0.300ns
    Discrete Jitter          (DJ):    0.000ns
    Phase Error              (PE):    0.000ns

    Location             Delay type                Incr(ns)  Path(ns)    Netlist Resource(s)
  -------------------------------------------------------------------    -------------------
                         (clock clk_fpga_0 rise edge)
                                                      0.000     0.000 r  
    PS7_X0Y0             PS7                          0.000     0.000 r  PS_Block_i/processing_system7_0/inst/PS7_i/FCLKCLK[0]
                         net (fo=1, routed)           1.938     1.938    PS_Block_i/processing_system7_0/inst/FCLK_CLK_unbuffered[0]
    BUFGCTRL_X0Y16       BUFG (Prop_bufg_I_O)         0.101     2.039 r  PS_Block_i/processing_system7_0/inst/buffer_fclk_clk_0.FCLK_CLK_0_BUFG/O
                         net (fo=1025, routed)        1.710     3.749    PS_Block_i/ps7_0_axi_periph/s00_couplers/auto_pc/inst/gen_axilite.gen_b2s_conv.axilite_b2s/SI_REG/aw.aw_pipe/aclk
    SLICE_X1Y52          FDRE                                         r  PS_Block_i/ps7_0_axi_periph/s00_couplers/auto_pc/inst/gen_axilite.gen_b2s_conv.axilite_b2s/SI_REG/aw.aw_pipe/m_payload_i_reg[39]/C
  -------------------------------------------------------------------    -------------------
    SLICE_X1Y52          FDRE (Prop_fdre_C_Q)         0.419     4.168 r  PS_Block_i/ps7_0_axi_periph/s00_couplers/auto_pc/inst/gen_axilite.gen_b2s_conv.axilite_b2s/SI_REG/aw.aw_pipe/m_payload_i_reg[39]/Q
                         net (fo=7, routed)           1.017     5.185    PS_Block_i/ps7_0_axi_periph/s00_couplers/auto_pc/inst/gen_axilite.gen_b2s_conv.axilite_b2s/WR.aw_channel_0/cmd_translator_0/axlen_cnt_reg[3][11]
    SLICE_X10Y50         LUT3 (Prop_lut3_I1_O)        0.299     5.484 f  PS_Block_i/ps7_0_axi_periph/s00_couplers/auto_pc/inst/gen_axilite.gen_b2s_conv.axilite_b2s/WR.aw_channel_0/cmd_translator_0/FSM_sequential_state[1]_i_2/O
                         net (fo=3, routed)           0.293     5.777    PS_Block_i/ps7_0_axi_periph/s00_couplers/auto_pc/inst/gen_axilite.gen_b2s_conv.axilite_b2s/WR.aw_channel_0/aw_cmd_fsm_0/FSM_sequential_state_reg[1]_0
    SLICE_X10Y50         LUT6 (Prop_lut6_I3_O)        0.124     5.901 r  PS_Block_i/ps7_0_axi_periph/s00_couplers/auto_pc/inst/gen_axilite.gen_b2s_conv.axilite_b2s/WR.aw_channel_0/aw_cmd_fsm_0/memory_reg[3][0]_srl4_i_1/O
                         net (fo=30, routed)          0.467     6.368    PS_Block_i/ps7_0_axi_periph/s00_couplers/auto_pc/inst/gen_axilite.gen_b2s_conv.axilite_b2s/WR.aw_channel_0/aw_cmd_fsm_0/m_axi_awready_0
    SLICE_X11Y51         LUT3 (Prop_lut3_I2_O)        0.124     6.492 r  PS_Block_i/ps7_0_axi_periph/s00_couplers/auto_pc/inst/gen_axilite.gen_b2s_conv.axilite_b2s/WR.aw_channel_0/aw_cmd_fsm_0/next_pending_r_i_3/O
                         net (fo=23, routed)          1.113     7.606    PS_Block_i/ps7_0_axi_periph/s00_couplers/auto_pc/inst/gen_axilite.gen_b2s_conv.axilite_b2s/WR.aw_channel_0/cmd_translator_0/incr_cmd_0/next
    SLICE_X4Y52          LUT4 (Prop_lut4_I3_O)        0.124     7.730 r  PS_Block_i/ps7_0_axi_periph/s00_couplers/auto_pc/inst/gen_axilite.gen_b2s_conv.axilite_b2s/WR.aw_channel_0/cmd_translator_0/incr_cmd_0/axaddr_incr[3]_i_7/O
                         net (fo=1, routed)           0.000     7.730    PS_Block_i/ps7_0_axi_periph/s00_couplers/auto_pc/inst/gen_axilite.gen_b2s_conv.axilite_b2s/SI_REG/aw.aw_pipe/axaddr_incr_reg[3][3]
    SLICE_X4Y52          CARRY4 (Prop_carry4_S[3]_CO[3])
                                                      0.376     8.106 r  PS_Block_i/ps7_0_axi_periph/s00_couplers/auto_pc/inst/gen_axilite.gen_b2s_conv.axilite_b2s/SI_REG/aw.aw_pipe/axaddr_incr_reg[3]_i_2/CO[3]
                         net (fo=1, routed)           0.000     8.106    PS_Block_i/ps7_0_axi_periph/s00_couplers/auto_pc/inst/gen_axilite.gen_b2s_conv.axilite_b2s/SI_REG/aw.aw_pipe/axaddr_incr_reg[3]_i_2_n_0
    SLICE_X4Y53          CARRY4 (Prop_carry4_CI_O[1])
                                                      0.323     8.429 r  PS_Block_i/ps7_0_axi_periph/s00_couplers/auto_pc/inst/gen_axilite.gen_b2s_conv.axilite_b2s/SI_REG/aw.aw_pipe/axaddr_incr_reg[7]_i_2/O[1]
                         net (fo=1, routed)           0.649     9.078    PS_Block_i/ps7_0_axi_periph/s00_couplers/auto_pc/inst/gen_axilite.gen_b2s_conv.axilite_b2s/WR.aw_channel_0/cmd_translator_0/incr_cmd_0/axaddr_incr[5]
    SLICE_X3Y53          LUT3 (Prop_lut3_I0_O)        0.306     9.384 r  PS_Block_i/ps7_0_axi_periph/s00_couplers/auto_pc/inst/gen_axilite.gen_b2s_conv.axilite_b2s/WR.aw_channel_0/cmd_translator_0/incr_cmd_0/axaddr_incr[5]_i_1/O
                         net (fo=1, routed)           0.000     9.384    PS_Block_i/ps7_0_axi_periph/s00_couplers/auto_pc/inst/gen_axilite.gen_b2s_conv.axilite_b2s/WR.aw_channel_0/cmd_translator_0/incr_cmd_0/p_1_in[5]
    SLICE_X3Y53          FDRE                                         r  PS_Block_i/ps7_0_axi_periph/s00_couplers/auto_pc/inst/gen_axilite.gen_b2s_conv.axilite_b2s/WR.aw_channel_0/cmd_translator_0/incr_cmd_0/axaddr_incr_reg[5]/D
  -------------------------------------------------------------------    -------------------

                         (clock clk_fpga_0 rise edge)
                                                     10.000    10.000 r  
    PS7_X0Y0             PS7                          0.000    10.000 r  PS_Block_i/processing_system7_0/inst/PS7_i/FCLKCLK[0]
                         net (fo=1, routed)           1.666    11.666    PS_Block_i/processing_system7_0/inst/FCLK_CLK_unbuffered[0]
    BUFGCTRL_X0Y16       BUFG (Prop_bufg_I_O)         0.091    11.757 r  PS_Block_i/processing_system7_0/inst/buffer_fclk_clk_0.FCLK_CLK_0_BUFG/O
                         net (fo=1025, routed)        1.538    13.295    PS_Block_i/ps7_0_axi_periph/s00_couplers/auto_pc/inst/gen_axilite.gen_b2s_conv.axilite_b2s/WR.aw_channel_0/cmd_translator_0/incr_cmd_0/aclk
    SLICE_X3Y53          FDRE                                         r  PS_Block_i/ps7_0_axi_periph/s00_couplers/auto_pc/inst/gen_axilite.gen_b2s_conv.axilite_b2s/WR.aw_channel_0/cmd_translator_0/incr_cmd_0/axaddr_incr_reg[5]/C
                         clock pessimism              0.396    13.691    
                         clock uncertainty           -0.154    13.537    
    SLICE_X3Y53          FDRE (Setup_fdre_C_D)        0.031    13.568    PS_Block_i/ps7_0_axi_periph/s00_couplers/auto_pc/inst/gen_axilite.gen_b2s_conv.axilite_b2s/WR.aw_channel_0/cmd_translator_0/incr_cmd_0/axaddr_incr_reg[5]
  -------------------------------------------------------------------
                         required time                         13.568    
                         arrival time                          -9.384    
  -------------------------------------------------------------------
                         slack                                  4.184    

Slack (MET) :             4.233ns  (required time - arrival time)
  Source:                 PS_Block_i/ps7_0_axi_periph/s00_couplers/auto_pc/inst/gen_axilite.gen_b2s_conv.axilite_b2s/SI_REG/aw.aw_pipe/m_payload_i_reg[39]/C
                            (rising edge-triggered cell FDRE clocked by clk_fpga_0  {rise@0.000ns fall@5.000ns period=10.000ns})
  Destination:            PS_Block_i/ps7_0_axi_periph/s00_couplers/auto_pc/inst/gen_axilite.gen_b2s_conv.axilite_b2s/WR.aw_channel_0/cmd_translator_0/incr_cmd_0/axaddr_incr_reg[10]/D
                            (rising edge-triggered cell FDRE clocked by clk_fpga_0  {rise@0.000ns fall@5.000ns period=10.000ns})
  Path Group:             clk_fpga_0
  Path Type:              Setup (Max at Slow Process Corner)
  Requirement:            10.000ns  (clk_fpga_0 rise@10.000ns - clk_fpga_0 rise@0.000ns)
  Data Path Delay:        5.584ns  (logic 2.123ns (38.020%)  route 3.461ns (61.980%))
  Logic Levels:           8  (CARRY4=3 LUT3=3 LUT4=1 LUT6=1)
  Clock Path Skew:        -0.058ns (DCD - SCD + CPR)
    Destination Clock Delay (DCD):    3.295ns = ( 13.295 - 10.000 ) 
    Source Clock Delay      (SCD):    3.749ns
    Clock Pessimism Removal (CPR):    0.396ns
  Clock Uncertainty:      0.154ns  ((TSJ^2 + TIJ^2)^1/2 + DJ) / 2 + PE
    Total System Jitter     (TSJ):    0.071ns
    Total Input Jitter      (TIJ):    0.300ns
    Discrete Jitter          (DJ):    0.000ns
    Phase Error              (PE):    0.000ns

    Location             Delay type                Incr(ns)  Path(ns)    Netlist Resource(s)
  -------------------------------------------------------------------    -------------------
                         (clock clk_fpga_0 rise edge)
                                                      0.000     0.000 r  
    PS7_X0Y0             PS7                          0.000     0.000 r  PS_Block_i/processing_system7_0/inst/PS7_i/FCLKCLK[0]
                         net (fo=1, routed)           1.938     1.938    PS_Block_i/processing_system7_0/inst/FCLK_CLK_unbuffered[0]
    BUFGCTRL_X0Y16       BUFG (Prop_bufg_I_O)         0.101     2.039 r  PS_Block_i/processing_system7_0/inst/buffer_fclk_clk_0.FCLK_CLK_0_BUFG/O
                         net (fo=1025, routed)        1.710     3.749    PS_Block_i/ps7_0_axi_periph/s00_couplers/auto_pc/inst/gen_axilite.gen_b2s_conv.axilite_b2s/SI_REG/aw.aw_pipe/aclk
    SLICE_X1Y52          FDRE                                         r  PS_Block_i/ps7_0_axi_periph/s00_couplers/auto_pc/inst/gen_axilite.gen_b2s_conv.axilite_b2s/SI_REG/aw.aw_pipe/m_payload_i_reg[39]/C
  -------------------------------------------------------------------    -------------------
    SLICE_X1Y52          FDRE (Prop_fdre_C_Q)         0.419     4.168 r  PS_Block_i/ps7_0_axi_periph/s00_couplers/auto_pc/inst/gen_axilite.gen_b2s_conv.axilite_b2s/SI_REG/aw.aw_pipe/m_payload_i_reg[39]/Q
                         net (fo=7, routed)           1.017     5.185    PS_Block_i/ps7_0_axi_periph/s00_couplers/auto_pc/inst/gen_axilite.gen_b2s_conv.axilite_b2s/WR.aw_channel_0/cmd_translator_0/axlen_cnt_reg[3][11]
    SLICE_X10Y50         LUT3 (Prop_lut3_I1_O)        0.299     5.484 f  PS_Block_i/ps7_0_axi_periph/s00_couplers/auto_pc/inst/gen_axilite.gen_b2s_conv.axilite_b2s/WR.aw_channel_0/cmd_translator_0/FSM_sequential_state[1]_i_2/O
                         net (fo=3, routed)           0.293     5.777    PS_Block_i/ps7_0_axi_periph/s00_couplers/auto_pc/inst/gen_axilite.gen_b2s_conv.axilite_b2s/WR.aw_channel_0/aw_cmd_fsm_0/FSM_sequential_state_reg[1]_0
    SLICE_X10Y50         LUT6 (Prop_lut6_I3_O)        0.124     5.901 r  PS_Block_i/ps7_0_axi_periph/s00_couplers/auto_pc/inst/gen_axilite.gen_b2s_conv.axilite_b2s/WR.aw_channel_0/aw_cmd_fsm_0/memory_reg[3][0]_srl4_i_1/O
                         net (fo=30, routed)          0.467     6.368    PS_Block_i/ps7_0_axi_periph/s00_couplers/auto_pc/inst/gen_axilite.gen_b2s_conv.axilite_b2s/WR.aw_channel_0/aw_cmd_fsm_0/m_axi_awready_0
    SLICE_X11Y51         LUT3 (Prop_lut3_I2_O)        0.124     6.492 r  PS_Block_i/ps7_0_axi_periph/s00_couplers/auto_pc/inst/gen_axilite.gen_b2s_conv.axilite_b2s/WR.aw_channel_0/aw_cmd_fsm_0/next_pending_r_i_3/O
                         net (fo=23, routed)          1.113     7.606    PS_Block_i/ps7_0_axi_periph/s00_couplers/auto_pc/inst/gen_axilite.gen_b2s_conv.axilite_b2s/WR.aw_channel_0/cmd_translator_0/incr_cmd_0/next
    SLICE_X4Y52          LUT4 (Prop_lut4_I3_O)        0.124     7.730 r  PS_Block_i/ps7_0_axi_periph/s00_couplers/auto_pc/inst/gen_axilite.gen_b2s_conv.axilite_b2s/WR.aw_channel_0/cmd_translator_0/incr_cmd_0/axaddr_incr[3]_i_7/O
                         net (fo=1, routed)           0.000     7.730    PS_Block_i/ps7_0_axi_periph/s00_couplers/auto_pc/inst/gen_axilite.gen_b2s_conv.axilite_b2s/SI_REG/aw.aw_pipe/axaddr_incr_reg[3][3]
    SLICE_X4Y52          CARRY4 (Prop_carry4_S[3]_CO[3])
                                                      0.376     8.106 r  PS_Block_i/ps7_0_axi_periph/s00_couplers/auto_pc/inst/gen_axilite.gen_b2s_conv.axilite_b2s/SI_REG/aw.aw_pipe/axaddr_incr_reg[3]_i_2/CO[3]
                         net (fo=1, routed)           0.000     8.106    PS_Block_i/ps7_0_axi_periph/s00_couplers/auto_pc/inst/gen_axilite.gen_b2s_conv.axilite_b2s/SI_REG/aw.aw_pipe/axaddr_incr_reg[3]_i_2_n_0
    SLICE_X4Y53          CARRY4 (Prop_carry4_CI_CO[3])
                                                      0.117     8.223 r  PS_Block_i/ps7_0_axi_periph/s00_couplers/auto_pc/inst/gen_axilite.gen_b2s_conv.axilite_b2s/SI_REG/aw.aw_pipe/axaddr_incr_reg[7]_i_2/CO[3]
                         net (fo=1, routed)           0.000     8.223    PS_Block_i/ps7_0_axi_periph/s00_couplers/auto_pc/inst/gen_axilite.gen_b2s_conv.axilite_b2s/SI_REG/aw.aw_pipe/axaddr_incr_reg[7]_i_2_n_0
    SLICE_X4Y54          CARRY4 (Prop_carry4_CI_O[2])
                                                      0.239     8.462 r  PS_Block_i/ps7_0_axi_periph/s00_couplers/auto_pc/inst/gen_axilite.gen_b2s_conv.axilite_b2s/SI_REG/aw.aw_pipe/axaddr_incr_reg[11]_i_3/O[2]
                         net (fo=1, routed)           0.571     9.032    PS_Block_i/ps7_0_axi_periph/s00_couplers/auto_pc/inst/gen_axilite.gen_b2s_conv.axilite_b2s/WR.aw_channel_0/cmd_translator_0/incr_cmd_0/axaddr_incr[10]
    SLICE_X3Y54          LUT3 (Prop_lut3_I0_O)        0.301     9.333 r  PS_Block_i/ps7_0_axi_periph/s00_couplers/auto_pc/inst/gen_axilite.gen_b2s_conv.axilite_b2s/WR.aw_channel_0/cmd_translator_0/incr_cmd_0/axaddr_incr[10]_i_1/O
                         net (fo=1, routed)           0.000     9.333    PS_Block_i/ps7_0_axi_periph/s00_couplers/auto_pc/inst/gen_axilite.gen_b2s_conv.axilite_b2s/WR.aw_channel_0/cmd_translator_0/incr_cmd_0/p_1_in[10]
    SLICE_X3Y54          FDRE                                         r  PS_Block_i/ps7_0_axi_periph/s00_couplers/auto_pc/inst/gen_axilite.gen_b2s_conv.axilite_b2s/WR.aw_channel_0/cmd_translator_0/incr_cmd_0/axaddr_incr_reg[10]/D
  -------------------------------------------------------------------    -------------------

                         (clock clk_fpga_0 rise edge)
                                                     10.000    10.000 r  
    PS7_X0Y0             PS7                          0.000    10.000 r  PS_Block_i/processing_system7_0/inst/PS7_i/FCLKCLK[0]
                         net (fo=1, routed)           1.666    11.666    PS_Block_i/processing_system7_0/inst/FCLK_CLK_unbuffered[0]
    BUFGCTRL_X0Y16       BUFG (Prop_bufg_I_O)         0.091    11.757 r  PS_Block_i/processing_system7_0/inst/buffer_fclk_clk_0.FCLK_CLK_0_BUFG/O
                         net (fo=1025, routed)        1.538    13.295    PS_Block_i/ps7_0_axi_periph/s00_couplers/auto_pc/inst/gen_axilite.gen_b2s_conv.axilite_b2s/WR.aw_channel_0/cmd_translator_0/incr_cmd_0/aclk
    SLICE_X3Y54          FDRE                                         r  PS_Block_i/ps7_0_axi_periph/s00_couplers/auto_pc/inst/gen_axilite.gen_b2s_conv.axilite_b2s/WR.aw_channel_0/cmd_translator_0/incr_cmd_0/axaddr_incr_reg[10]/C
                         clock pessimism              0.396    13.691    
                         clock uncertainty           -0.154    13.537    
    SLICE_X3Y54          FDRE (Setup_fdre_C_D)        0.029    13.566    PS_Block_i/ps7_0_axi_periph/s00_couplers/auto_pc/inst/gen_axilite.gen_b2s_conv.axilite_b2s/WR.aw_channel_0/cmd_translator_0/incr_cmd_0/axaddr_incr_reg[10]
  -------------------------------------------------------------------
                         required time                         13.566    
                         arrival time                          -9.333    
  -------------------------------------------------------------------
                         slack                                  4.233    

Slack (MET) :             4.268ns  (required time - arrival time)
  Source:                 PS_Block_i/ps7_0_axi_periph/s00_couplers/auto_pc/inst/gen_axilite.gen_b2s_conv.axilite_b2s/SI_REG/aw.aw_pipe/m_payload_i_reg[39]/C
                            (rising edge-triggered cell FDRE clocked by clk_fpga_0  {rise@0.000ns fall@5.000ns period=10.000ns})
  Destination:            PS_Block_i/ps7_0_axi_periph/s00_couplers/auto_pc/inst/gen_axilite.gen_b2s_conv.axilite_b2s/WR.aw_channel_0/cmd_translator_0/incr_cmd_0/axaddr_incr_reg[4]/D
                            (rising edge-triggered cell FDRE clocked by clk_fpga_0  {rise@0.000ns fall@5.000ns period=10.000ns})
  Path Group:             clk_fpga_0
  Path Type:              Setup (Max at Slow Process Corner)
  Requirement:            10.000ns  (clk_fpga_0 rise@10.000ns - clk_fpga_0 rise@0.000ns)
  Data Path Delay:        5.549ns  (logic 1.980ns (35.685%)  route 3.569ns (64.315%))
  Logic Levels:           7  (CARRY4=2 LUT3=3 LUT4=1 LUT6=1)
  Clock Path Skew:        -0.058ns (DCD - SCD + CPR)
    Destination Clock Delay (DCD):    3.295ns = ( 13.295 - 10.000 ) 
    Source Clock Delay      (SCD):    3.749ns
    Clock Pessimism Removal (CPR):    0.396ns
  Clock Uncertainty:      0.154ns  ((TSJ^2 + TIJ^2)^1/2 + DJ) / 2 + PE
    Total System Jitter     (TSJ):    0.071ns
    Total Input Jitter      (TIJ):    0.300ns
    Discrete Jitter          (DJ):    0.000ns
    Phase Error              (PE):    0.000ns

    Location             Delay type                Incr(ns)  Path(ns)    Netlist Resource(s)
  -------------------------------------------------------------------    -------------------
                         (clock clk_fpga_0 rise edge)
                                                      0.000     0.000 r  
    PS7_X0Y0             PS7                          0.000     0.000 r  PS_Block_i/processing_system7_0/inst/PS7_i/FCLKCLK[0]
                         net (fo=1, routed)           1.938     1.938    PS_Block_i/processing_system7_0/inst/FCLK_CLK_unbuffered[0]
    BUFGCTRL_X0Y16       BUFG (Prop_bufg_I_O)         0.101     2.039 r  PS_Block_i/processing_system7_0/inst/buffer_fclk_clk_0.FCLK_CLK_0_BUFG/O
                         net (fo=1025, routed)        1.710     3.749    PS_Block_i/ps7_0_axi_periph/s00_couplers/auto_pc/inst/gen_axilite.gen_b2s_conv.axilite_b2s/SI_REG/aw.aw_pipe/aclk
    SLICE_X1Y52          FDRE                                         r  PS_Block_i/ps7_0_axi_periph/s00_couplers/auto_pc/inst/gen_axilite.gen_b2s_conv.axilite_b2s/SI_REG/aw.aw_pipe/m_payload_i_reg[39]/C
  -------------------------------------------------------------------    -------------------
    SLICE_X1Y52          FDRE (Prop_fdre_C_Q)         0.419     4.168 r  PS_Block_i/ps7_0_axi_periph/s00_couplers/auto_pc/inst/gen_axilite.gen_b2s_conv.axilite_b2s/SI_REG/aw.aw_pipe/m_payload_i_reg[39]/Q
                         net (fo=7, routed)           1.017     5.185    PS_Block_i/ps7_0_axi_periph/s00_couplers/auto_pc/inst/gen_axilite.gen_b2s_conv.axilite_b2s/WR.aw_channel_0/cmd_translator_0/axlen_cnt_reg[3][11]
    SLICE_X10Y50         LUT3 (Prop_lut3_I1_O)        0.299     5.484 f  PS_Block_i/ps7_0_axi_periph/s00_couplers/auto_pc/inst/gen_axilite.gen_b2s_conv.axilite_b2s/WR.aw_channel_0/cmd_translator_0/FSM_sequential_state[1]_i_2/O
                         net (fo=3, routed)           0.293     5.777    PS_Block_i/ps7_0_axi_periph/s00_couplers/auto_pc/inst/gen_axilite.gen_b2s_conv.axilite_b2s/WR.aw_channel_0/aw_cmd_fsm_0/FSM_sequential_state_reg[1]_0
    SLICE_X10Y50         LUT6 (Prop_lut6_I3_O)        0.124     5.901 r  PS_Block_i/ps7_0_axi_periph/s00_couplers/auto_pc/inst/gen_axilite.gen_b2s_conv.axilite_b2s/WR.aw_channel_0/aw_cmd_fsm_0/memory_reg[3][0]_srl4_i_1/O
                         net (fo=30, routed)          0.467     6.368    PS_Block_i/ps7_0_axi_periph/s00_couplers/auto_pc/inst/gen_axilite.gen_b2s_conv.axilite_b2s/WR.aw_channel_0/aw_cmd_fsm_0/m_axi_awready_0
    SLICE_X11Y51         LUT3 (Prop_lut3_I2_O)        0.124     6.492 r  PS_Block_i/ps7_0_axi_periph/s00_couplers/auto_pc/inst/gen_axilite.gen_b2s_conv.axilite_b2s/WR.aw_channel_0/aw_cmd_fsm_0/next_pending_r_i_3/O
                         net (fo=23, routed)          1.113     7.606    PS_Block_i/ps7_0_axi_periph/s00_couplers/auto_pc/inst/gen_axilite.gen_b2s_conv.axilite_b2s/WR.aw_channel_0/cmd_translator_0/incr_cmd_0/next
    SLICE_X4Y52          LUT4 (Prop_lut4_I3_O)        0.124     7.730 r  PS_Block_i/ps7_0_axi_periph/s00_couplers/auto_pc/inst/gen_axilite.gen_b2s_conv.axilite_b2s/WR.aw_channel_0/cmd_translator_0/incr_cmd_0/axaddr_incr[3]_i_7/O
                         net (fo=1, routed)           0.000     7.730    PS_Block_i/ps7_0_axi_periph/s00_couplers/auto_pc/inst/gen_axilite.gen_b2s_conv.axilite_b2s/SI_REG/aw.aw_pipe/axaddr_incr_reg[3][3]
    SLICE_X4Y52          CARRY4 (Prop_carry4_S[3]_CO[3])
                                                      0.376     8.106 r  PS_Block_i/ps7_0_axi_periph/s00_couplers/auto_pc/inst/gen_axilite.gen_b2s_conv.axilite_b2s/SI_REG/aw.aw_pipe/axaddr_incr_reg[3]_i_2/CO[3]
                         net (fo=1, routed)           0.000     8.106    PS_Block_i/ps7_0_axi_periph/s00_couplers/auto_pc/inst/gen_axilite.gen_b2s_conv.axilite_b2s/SI_REG/aw.aw_pipe/axaddr_incr_reg[3]_i_2_n_0
    SLICE_X4Y53          CARRY4 (Prop_carry4_CI_O[0])
                                                      0.219     8.325 r  PS_Block_i/ps7_0_axi_periph/s00_couplers/auto_pc/inst/gen_axilite.gen_b2s_conv.axilite_b2s/SI_REG/aw.aw_pipe/axaddr_incr_reg[7]_i_2/O[0]
                         net (fo=1, routed)           0.678     9.003    PS_Block_i/ps7_0_axi_periph/s00_couplers/auto_pc/inst/gen_axilite.gen_b2s_conv.axilite_b2s/WR.aw_channel_0/cmd_translator_0/incr_cmd_0/axaddr_incr[4]
    SLICE_X3Y53          LUT3 (Prop_lut3_I0_O)        0.295     9.298 r  PS_Block_i/ps7_0_axi_periph/s00_couplers/auto_pc/inst/gen_axilite.gen_b2s_conv.axilite_b2s/WR.aw_channel_0/cmd_translator_0/incr_cmd_0/axaddr_incr[4]_i_1/O
                         net (fo=1, routed)           0.000     9.298    PS_Block_i/ps7_0_axi_periph/s00_couplers/auto_pc/inst/gen_axilite.gen_b2s_conv.axilite_b2s/WR.aw_channel_0/cmd_translator_0/incr_cmd_0/p_1_in[4]
    SLICE_X3Y53          FDRE                                         r  PS_Block_i/ps7_0_axi_periph/s00_couplers/auto_pc/inst/gen_axilite.gen_b2s_conv.axilite_b2s/WR.aw_channel_0/cmd_translator_0/incr_cmd_0/axaddr_incr_reg[4]/D
  -------------------------------------------------------------------    -------------------

                         (clock clk_fpga_0 rise edge)
                                                     10.000    10.000 r  
    PS7_X0Y0             PS7                          0.000    10.000 r  PS_Block_i/processing_system7_0/inst/PS7_i/FCLKCLK[0]
                         net (fo=1, routed)           1.666    11.666    PS_Block_i/processing_system7_0/inst/FCLK_CLK_unbuffered[0]
    BUFGCTRL_X0Y16       BUFG (Prop_bufg_I_O)         0.091    11.757 r  PS_Block_i/processing_system7_0/inst/buffer_fclk_clk_0.FCLK_CLK_0_BUFG/O
                         net (fo=1025, routed)        1.538    13.295    PS_Block_i/ps7_0_axi_periph/s00_couplers/auto_pc/inst/gen_axilite.gen_b2s_conv.axilite_b2s/WR.aw_channel_0/cmd_translator_0/incr_cmd_0/aclk
    SLICE_X3Y53          FDRE                                         r  PS_Block_i/ps7_0_axi_periph/s00_couplers/auto_pc/inst/gen_axilite.gen_b2s_conv.axilite_b2s/WR.aw_channel_0/cmd_translator_0/incr_cmd_0/axaddr_incr_reg[4]/C
                         clock pessimism              0.396    13.691    
                         clock uncertainty           -0.154    13.537    
    SLICE_X3Y53          FDRE (Setup_fdre_C_D)        0.029    13.566    PS_Block_i/ps7_0_axi_periph/s00_couplers/auto_pc/inst/gen_axilite.gen_b2s_conv.axilite_b2s/WR.aw_channel_0/cmd_translator_0/incr_cmd_0/axaddr_incr_reg[4]
  -------------------------------------------------------------------
                         required time                         13.566    
                         arrival time                          -9.298    
  -------------------------------------------------------------------
                         slack                                  4.268    

Slack (MET) :             4.322ns  (required time - arrival time)
  Source:                 PS_Block_i/ps7_0_axi_periph/s00_couplers/auto_pc/inst/gen_axilite.gen_b2s_conv.axilite_b2s/SI_REG/aw.aw_pipe/m_payload_i_reg[39]/C
                            (rising edge-triggered cell FDRE clocked by clk_fpga_0  {rise@0.000ns fall@5.000ns period=10.000ns})
  Destination:            PS_Block_i/ps7_0_axi_periph/s00_couplers/auto_pc/inst/gen_axilite.gen_b2s_conv.axilite_b2s/WR.aw_channel_0/cmd_translator_0/incr_cmd_0/axaddr_incr_reg[11]/D
                            (rising edge-triggered cell FDRE clocked by clk_fpga_0  {rise@0.000ns fall@5.000ns period=10.000ns})
  Path Group:             clk_fpga_0
  Path Type:              Setup (Max at Slow Process Corner)
  Requirement:            10.000ns  (clk_fpga_0 rise@10.000ns - clk_fpga_0 rise@0.000ns)
  Data Path Delay:        5.497ns  (logic 2.205ns (40.112%)  route 3.292ns (59.888%))
  Logic Levels:           8  (CARRY4=3 LUT3=3 LUT4=1 LUT6=1)
  Clock Path Skew:        -0.058ns (DCD - SCD + CPR)
    Destination Clock Delay (DCD):    3.295ns = ( 13.295 - 10.000 ) 
    Source Clock Delay      (SCD):    3.749ns
    Clock Pessimism Removal (CPR):    0.396ns
  Clock Uncertainty:      0.154ns  ((TSJ^2 + TIJ^2)^1/2 + DJ) / 2 + PE
    Total System Jitter     (TSJ):    0.071ns
    Total Input Jitter      (TIJ):    0.300ns
    Discrete Jitter          (DJ):    0.000ns
    Phase Error              (PE):    0.000ns

    Location             Delay type                Incr(ns)  Path(ns)    Netlist Resource(s)
  -------------------------------------------------------------------    -------------------
                         (clock clk_fpga_0 rise edge)
                                                      0.000     0.000 r  
    PS7_X0Y0             PS7                          0.000     0.000 r  PS_Block_i/processing_system7_0/inst/PS7_i/FCLKCLK[0]
                         net (fo=1, routed)           1.938     1.938    PS_Block_i/processing_system7_0/inst/FCLK_CLK_unbuffered[0]
    BUFGCTRL_X0Y16       BUFG (Prop_bufg_I_O)         0.101     2.039 r  PS_Block_i/processing_system7_0/inst/buffer_fclk_clk_0.FCLK_CLK_0_BUFG/O
                         net (fo=1025, routed)        1.710     3.749    PS_Block_i/ps7_0_axi_periph/s00_couplers/auto_pc/inst/gen_axilite.gen_b2s_conv.axilite_b2s/SI_REG/aw.aw_pipe/aclk
    SLICE_X1Y52          FDRE                                         r  PS_Block_i/ps7_0_axi_periph/s00_couplers/auto_pc/inst/gen_axilite.gen_b2s_conv.axilite_b2s/SI_REG/aw.aw_pipe/m_payload_i_reg[39]/C
  -------------------------------------------------------------------    -------------------
    SLICE_X1Y52          FDRE (Prop_fdre_C_Q)         0.419     4.168 r  PS_Block_i/ps7_0_axi_periph/s00_couplers/auto_pc/inst/gen_axilite.gen_b2s_conv.axilite_b2s/SI_REG/aw.aw_pipe/m_payload_i_reg[39]/Q
                         net (fo=7, routed)           1.017     5.185    PS_Block_i/ps7_0_axi_periph/s00_couplers/auto_pc/inst/gen_axilite.gen_b2s_conv.axilite_b2s/WR.aw_channel_0/cmd_translator_0/axlen_cnt_reg[3][11]
    SLICE_X10Y50         LUT3 (Prop_lut3_I1_O)        0.299     5.484 f  PS_Block_i/ps7_0_axi_periph/s00_couplers/auto_pc/inst/gen_axilite.gen_b2s_conv.axilite_b2s/WR.aw_channel_0/cmd_translator_0/FSM_sequential_state[1]_i_2/O
                         net (fo=3, routed)           0.293     5.777    PS_Block_i/ps7_0_axi_periph/s00_couplers/auto_pc/inst/gen_axilite.gen_b2s_conv.axilite_b2s/WR.aw_channel_0/aw_cmd_fsm_0/FSM_sequential_state_reg[1]_0
    SLICE_X10Y50         LUT6 (Prop_lut6_I3_O)        0.124     5.901 r  PS_Block_i/ps7_0_axi_periph/s00_couplers/auto_pc/inst/gen_axilite.gen_b2s_conv.axilite_b2s/WR.aw_channel_0/aw_cmd_fsm_0/memory_reg[3][0]_srl4_i_1/O
                         net (fo=30, routed)          0.467     6.368    PS_Block_i/ps7_0_axi_periph/s00_couplers/auto_pc/inst/gen_axilite.gen_b2s_conv.axilite_b2s/WR.aw_channel_0/aw_cmd_fsm_0/m_axi_awready_0
    SLICE_X11Y51         LUT3 (Prop_lut3_I2_O)        0.124     6.492 r  PS_Block_i/ps7_0_axi_periph/s00_couplers/auto_pc/inst/gen_axilite.gen_b2s_conv.axilite_b2s/WR.aw_channel_0/aw_cmd_fsm_0/next_pending_r_i_3/O
                         net (fo=23, routed)          1.113     7.606    PS_Block_i/ps7_0_axi_periph/s00_couplers/auto_pc/inst/gen_axilite.gen_b2s_conv.axilite_b2s/WR.aw_channel_0/cmd_translator_0/incr_cmd_0/next
    SLICE_X4Y52          LUT4 (Prop_lut4_I3_O)        0.124     7.730 r  PS_Block_i/ps7_0_axi_periph/s00_couplers/auto_pc/inst/gen_axilite.gen_b2s_conv.axilite_b2s/WR.aw_channel_0/cmd_translator_0/incr_cmd_0/axaddr_incr[3]_i_7/O
                         net (fo=1, routed)           0.000     7.730    PS_Block_i/ps7_0_axi_periph/s00_couplers/auto_pc/inst/gen_axilite.gen_b2s_conv.axilite_b2s/SI_REG/aw.aw_pipe/axaddr_incr_reg[3][3]
    SLICE_X4Y52          CARRY4 (Prop_carry4_S[3]_CO[3])
                                                      0.376     8.106 r  PS_Block_i/ps7_0_axi_periph/s00_couplers/auto_pc/inst/gen_axilite.gen_b2s_conv.axilite_b2s/SI_REG/aw.aw_pipe/axaddr_incr_reg[3]_i_2/CO[3]
                         net (fo=1, routed)           0.000     8.106    PS_Block_i/ps7_0_axi_periph/s00_couplers/auto_pc/inst/gen_axilite.gen_b2s_conv.axilite_b2s/SI_REG/aw.aw_pipe/axaddr_incr_reg[3]_i_2_n_0
    SLICE_X4Y53          CARRY4 (Prop_carry4_CI_CO[3])
                                                      0.117     8.223 r  PS_Block_i/ps7_0_axi_periph/s00_couplers/auto_pc/inst/gen_axilite.gen_b2s_conv.axilite_b2s/SI_REG/aw.aw_pipe/axaddr_incr_reg[7]_i_2/CO[3]
                         net (fo=1, routed)           0.000     8.223    PS_Block_i/ps7_0_axi_periph/s00_couplers/auto_pc/inst/gen_axilite.gen_b2s_conv.axilite_b2s/SI_REG/aw.aw_pipe/axaddr_incr_reg[7]_i_2_n_0
    SLICE_X4Y54          CARRY4 (Prop_carry4_CI_O[3])
                                                      0.315     8.538 r  PS_Block_i/ps7_0_axi_periph/s00_couplers/auto_pc/inst/gen_axilite.gen_b2s_conv.axilite_b2s/SI_REG/aw.aw_pipe/axaddr_incr_reg[11]_i_3/O[3]
                         net (fo=1, routed)           0.402     8.939    PS_Block_i/ps7_0_axi_periph/s00_couplers/auto_pc/inst/gen_axilite.gen_b2s_conv.axilite_b2s/WR.aw_channel_0/cmd_translator_0/incr_cmd_0/axaddr_incr[11]
    SLICE_X3Y54          LUT3 (Prop_lut3_I0_O)        0.307     9.246 r  PS_Block_i/ps7_0_axi_periph/s00_couplers/auto_pc/inst/gen_axilite.gen_b2s_conv.axilite_b2s/WR.aw_channel_0/cmd_translator_0/incr_cmd_0/axaddr_incr[11]_i_2/O
                         net (fo=1, routed)           0.000     9.246    PS_Block_i/ps7_0_axi_periph/s00_couplers/auto_pc/inst/gen_axilite.gen_b2s_conv.axilite_b2s/WR.aw_channel_0/cmd_translator_0/incr_cmd_0/p_1_in[11]
    SLICE_X3Y54          FDRE                                         r  PS_Block_i/ps7_0_axi_periph/s00_couplers/auto_pc/inst/gen_axilite.gen_b2s_conv.axilite_b2s/WR.aw_channel_0/cmd_translator_0/incr_cmd_0/axaddr_incr_reg[11]/D
  -------------------------------------------------------------------    -------------------

                         (clock clk_fpga_0 rise edge)
                                                     10.000    10.000 r  
    PS7_X0Y0             PS7                          0.000    10.000 r  PS_Block_i/processing_system7_0/inst/PS7_i/FCLKCLK[0]
                         net (fo=1, routed)           1.666    11.666    PS_Block_i/processing_system7_0/inst/FCLK_CLK_unbuffered[0]
    BUFGCTRL_X0Y16       BUFG (Prop_bufg_I_O)         0.091    11.757 r  PS_Block_i/processing_system7_0/inst/buffer_fclk_clk_0.FCLK_CLK_0_BUFG/O
                         net (fo=1025, routed)        1.538    13.295    PS_Block_i/ps7_0_axi_periph/s00_couplers/auto_pc/inst/gen_axilite.gen_b2s_conv.axilite_b2s/WR.aw_channel_0/cmd_translator_0/incr_cmd_0/aclk
    SLICE_X3Y54          FDRE                                         r  PS_Block_i/ps7_0_axi_periph/s00_couplers/auto_pc/inst/gen_axilite.gen_b2s_conv.axilite_b2s/WR.aw_channel_0/cmd_translator_0/incr_cmd_0/axaddr_incr_reg[11]/C
                         clock pessimism              0.396    13.691    
                         clock uncertainty           -0.154    13.537    
    SLICE_X3Y54          FDRE (Setup_fdre_C_D)        0.031    13.568    PS_Block_i/ps7_0_axi_periph/s00_couplers/auto_pc/inst/gen_axilite.gen_b2s_conv.axilite_b2s/WR.aw_channel_0/cmd_translator_0/incr_cmd_0/axaddr_incr_reg[11]
  -------------------------------------------------------------------
                         required time                         13.568    
                         arrival time                          -9.246    
  -------------------------------------------------------------------
                         slack                                  4.322    

Slack (MET) :             4.345ns  (required time - arrival time)
  Source:                 PS_Block_i/ps7_0_axi_periph/xbar/inst/gen_sasd.crossbar_sasd_0/addr_arbiter_inst/gen_no_arbiter.grant_rnw_reg/C
                            (rising edge-triggered cell FDRE clocked by clk_fpga_0  {rise@0.000ns fall@5.000ns period=10.000ns})
  Destination:            PS_Block_i/ps7_0_axi_periph/s00_couplers/auto_pc/inst/gen_axilite.gen_b2s_conv.axilite_b2s/RD.ar_channel_0/cmd_translator_0/incr_cmd_0/axaddr_incr_reg[6]/D
                            (rising edge-triggered cell FDRE clocked by clk_fpga_0  {rise@0.000ns fall@5.000ns period=10.000ns})
  Path Group:             clk_fpga_0
  Path Type:              Setup (Max at Slow Process Corner)
  Requirement:            10.000ns  (clk_fpga_0 rise@10.000ns - clk_fpga_0 rise@0.000ns)
  Data Path Delay:        5.557ns  (logic 1.868ns (33.616%)  route 3.689ns (66.384%))
  Logic Levels:           5  (CARRY4=2 LUT2=1 LUT3=1 LUT6=1)
  Clock Path Skew:        -0.062ns (DCD - SCD + CPR)
    Destination Clock Delay (DCD):    3.266ns = ( 13.266 - 10.000 ) 
    Source Clock Delay      (SCD):    3.724ns
    Clock Pessimism Removal (CPR):    0.397ns
  Clock Uncertainty:      0.154ns  ((TSJ^2 + TIJ^2)^1/2 + DJ) / 2 + PE
    Total System Jitter     (TSJ):    0.071ns
    Total Input Jitter      (TIJ):    0.300ns
    Discrete Jitter          (DJ):    0.000ns
    Phase Error              (PE):    0.000ns

    Location             Delay type                Incr(ns)  Path(ns)    Netlist Resource(s)
  -------------------------------------------------------------------    -------------------
                         (clock clk_fpga_0 rise edge)
                                                      0.000     0.000 r  
    PS7_X0Y0             PS7                          0.000     0.000 r  PS_Block_i/processing_system7_0/inst/PS7_i/FCLKCLK[0]
                         net (fo=1, routed)           1.938     1.938    PS_Block_i/processing_system7_0/inst/FCLK_CLK_unbuffered[0]
    BUFGCTRL_X0Y16       BUFG (Prop_bufg_I_O)         0.101     2.039 r  PS_Block_i/processing_system7_0/inst/buffer_fclk_clk_0.FCLK_CLK_0_BUFG/O
                         net (fo=1025, routed)        1.685     3.724    PS_Block_i/ps7_0_axi_periph/xbar/inst/gen_sasd.crossbar_sasd_0/addr_arbiter_inst/aclk
    SLICE_X12Y48         FDRE                                         r  PS_Block_i/ps7_0_axi_periph/xbar/inst/gen_sasd.crossbar_sasd_0/addr_arbiter_inst/gen_no_arbiter.grant_rnw_reg/C
  -------------------------------------------------------------------    -------------------
    SLICE_X12Y48         FDRE (Prop_fdre_C_Q)         0.518     4.242 r  PS_Block_i/ps7_0_axi_periph/xbar/inst/gen_sasd.crossbar_sasd_0/addr_arbiter_inst/gen_no_arbiter.grant_rnw_reg/Q
                         net (fo=28, routed)          1.301     5.543    PS_Block_i/ps7_0_axi_periph/xbar/inst/gen_sasd.crossbar_sasd_0/addr_arbiter_inst/aa_grant_rnw
    SLICE_X15Y48         LUT2 (Prop_lut2_I0_O)        0.124     5.667 r  PS_Block_i/ps7_0_axi_periph/xbar/inst/gen_sasd.crossbar_sasd_0/addr_arbiter_inst/s_axi_arready[0]_INST_0/O
                         net (fo=15, routed)          1.459     7.126    PS_Block_i/ps7_0_axi_periph/s00_couplers/auto_pc/inst/gen_axilite.gen_b2s_conv.axilite_b2s/RD.ar_channel_0/cmd_translator_0/incr_cmd_0/m_axi_arready
    SLICE_X7Y39          LUT6 (Prop_lut6_I4_O)        0.124     7.250 r  PS_Block_i/ps7_0_axi_periph/s00_couplers/auto_pc/inst/gen_axilite.gen_b2s_conv.axilite_b2s/RD.ar_channel_0/cmd_translator_0/incr_cmd_0/axaddr_incr[3]_i_10/O
                         net (fo=1, routed)           0.000     7.250    PS_Block_i/ps7_0_axi_periph/s00_couplers/auto_pc/inst/gen_axilite.gen_b2s_conv.axilite_b2s/SI_REG/ar.ar_pipe/axaddr_incr_reg[3]_0[0]
    SLICE_X7Y39          CARRY4 (Prop_carry4_S[0]_CO[3])
                                                      0.532     7.782 r  PS_Block_i/ps7_0_axi_periph/s00_couplers/auto_pc/inst/gen_axilite.gen_b2s_conv.axilite_b2s/SI_REG/ar.ar_pipe/axaddr_incr_reg[3]_i_2__0/CO[3]
                         net (fo=1, routed)           0.000     7.782    PS_Block_i/ps7_0_axi_periph/s00_couplers/auto_pc/inst/gen_axilite.gen_b2s_conv.axilite_b2s/SI_REG/ar.ar_pipe/axaddr_incr_reg[3]_i_2__0_n_0
    SLICE_X7Y40          CARRY4 (Prop_carry4_CI_O[2])
                                                      0.239     8.021 r  PS_Block_i/ps7_0_axi_periph/s00_couplers/auto_pc/inst/gen_axilite.gen_b2s_conv.axilite_b2s/SI_REG/ar.ar_pipe/axaddr_incr_reg[7]_i_2__0/O[2]
                         net (fo=1, routed)           0.930     8.950    PS_Block_i/ps7_0_axi_periph/s00_couplers/auto_pc/inst/gen_axilite.gen_b2s_conv.axilite_b2s/RD.ar_channel_0/cmd_translator_0/incr_cmd_0/axaddr_incr_reg[7]_0[2]
    SLICE_X6Y41          LUT3 (Prop_lut3_I0_O)        0.331     9.281 r  PS_Block_i/ps7_0_axi_periph/s00_couplers/auto_pc/inst/gen_axilite.gen_b2s_conv.axilite_b2s/RD.ar_channel_0/cmd_translator_0/incr_cmd_0/axaddr_incr[6]_i_1__0/O
                         net (fo=1, routed)           0.000     9.281    PS_Block_i/ps7_0_axi_periph/s00_couplers/auto_pc/inst/gen_axilite.gen_b2s_conv.axilite_b2s/RD.ar_channel_0/cmd_translator_0/incr_cmd_0/axaddr_incr[6]_i_1__0_n_0
    SLICE_X6Y41          FDRE                                         r  PS_Block_i/ps7_0_axi_periph/s00_couplers/auto_pc/inst/gen_axilite.gen_b2s_conv.axilite_b2s/RD.ar_channel_0/cmd_translator_0/incr_cmd_0/axaddr_incr_reg[6]/D
  -------------------------------------------------------------------    -------------------

                         (clock clk_fpga_0 rise edge)
                                                     10.000    10.000 r  
    PS7_X0Y0             PS7                          0.000    10.000 r  PS_Block_i/processing_system7_0/inst/PS7_i/FCLKCLK[0]
                         net (fo=1, routed)           1.666    11.666    PS_Block_i/processing_system7_0/inst/FCLK_CLK_unbuffered[0]
    BUFGCTRL_X0Y16       BUFG (Prop_bufg_I_O)         0.091    11.757 r  PS_Block_i/processing_system7_0/inst/buffer_fclk_clk_0.FCLK_CLK_0_BUFG/O
                         net (fo=1025, routed)        1.508    13.266    PS_Block_i/ps7_0_axi_periph/s00_couplers/auto_pc/inst/gen_axilite.gen_b2s_conv.axilite_b2s/RD.ar_channel_0/cmd_translator_0/incr_cmd_0/aclk
    SLICE_X6Y41          FDRE                                         r  PS_Block_i/ps7_0_axi_periph/s00_couplers/auto_pc/inst/gen_axilite.gen_b2s_conv.axilite_b2s/RD.ar_channel_0/cmd_translator_0/incr_cmd_0/axaddr_incr_reg[6]/C
                         clock pessimism              0.397    13.662    
                         clock uncertainty           -0.154    13.508    
    SLICE_X6Y41          FDRE (Setup_fdre_C_D)        0.118    13.626    PS_Block_i/ps7_0_axi_periph/s00_couplers/auto_pc/inst/gen_axilite.gen_b2s_conv.axilite_b2s/RD.ar_channel_0/cmd_translator_0/incr_cmd_0/axaddr_incr_reg[6]
  -------------------------------------------------------------------
                         required time                         13.626    
                         arrival time                          -9.281    
  -------------------------------------------------------------------
                         slack                                  4.345    





Min Delay Paths
--------------------------------------------------------------------------------------
Slack (MET) :             0.023ns  (arrival time - required time)
  Source:                 PS_Block_i/ps7_0_axi_periph/s00_couplers/auto_pc/inst/gen_axilite.gen_b2s_conv.axilite_b2s/SI_REG/aw.aw_pipe/m_payload_i_reg[55]/C
                            (rising edge-triggered cell FDRE clocked by clk_fpga_0  {rise@0.000ns fall@5.000ns period=10.000ns})
  Destination:            PS_Block_i/ps7_0_axi_periph/s00_couplers/auto_pc/inst/gen_axilite.gen_b2s_conv.axilite_b2s/WR.aw_channel_0/s_awid_r_reg[5]/D
                            (rising edge-triggered cell FDRE clocked by clk_fpga_0  {rise@0.000ns fall@5.000ns period=10.000ns})
  Path Group:             clk_fpga_0
  Path Type:              Hold (Min at Fast Process Corner)
  Requirement:            0.000ns  (clk_fpga_0 rise@0.000ns - clk_fpga_0 rise@0.000ns)
  Data Path Delay:        0.309ns  (logic 0.128ns (41.405%)  route 0.181ns (58.595%))
  Logic Levels:           0  
  Clock Path Skew:        0.263ns (DCD - SCD - CPR)
    Destination Clock Delay (DCD):    1.799ns
    Source Clock Delay      (SCD):    1.418ns
    Clock Pessimism Removal (CPR):    0.118ns

    Location             Delay type                Incr(ns)  Path(ns)    Netlist Resource(s)
  -------------------------------------------------------------------    -------------------
                         (clock clk_fpga_0 rise edge)
                                                      0.000     0.000 r  
    PS7_X0Y0             PS7                          0.000     0.000 r  PS_Block_i/processing_system7_0/inst/PS7_i/FCLKCLK[0]
                         net (fo=1, routed)           0.804     0.804    PS_Block_i/processing_system7_0/inst/FCLK_CLK_unbuffered[0]
    BUFGCTRL_X0Y16       BUFG (Prop_bufg_I_O)         0.026     0.830 r  PS_Block_i/processing_system7_0/inst/buffer_fclk_clk_0.FCLK_CLK_0_BUFG/O
                         net (fo=1025, routed)        0.588     1.418    PS_Block_i/ps7_0_axi_periph/s00_couplers/auto_pc/inst/gen_axilite.gen_b2s_conv.axilite_b2s/SI_REG/aw.aw_pipe/aclk
    SLICE_X3Y49          FDRE                                         r  PS_Block_i/ps7_0_axi_periph/s00_couplers/auto_pc/inst/gen_axilite.gen_b2s_conv.axilite_b2s/SI_REG/aw.aw_pipe/m_payload_i_reg[55]/C
  -------------------------------------------------------------------    -------------------
    SLICE_X3Y49          FDRE (Prop_fdre_C_Q)         0.128     1.546 r  PS_Block_i/ps7_0_axi_periph/s00_couplers/auto_pc/inst/gen_axilite.gen_b2s_conv.axilite_b2s/SI_REG/aw.aw_pipe/m_payload_i_reg[55]/Q
                         net (fo=1, routed)           0.181     1.727    PS_Block_i/ps7_0_axi_periph/s00_couplers/auto_pc/inst/gen_axilite.gen_b2s_conv.axilite_b2s/WR.aw_channel_0/s_awid_r_reg[11]_0[24]
    SLICE_X3Y51          FDRE                                         r  PS_Block_i/ps7_0_axi_periph/s00_couplers/auto_pc/inst/gen_axilite.gen_b2s_conv.axilite_b2s/WR.aw_channel_0/s_awid_r_reg[5]/D
  -------------------------------------------------------------------    -------------------

                         (clock clk_fpga_0 rise edge)
                                                      0.000     0.000 r  
    PS7_X0Y0             PS7                          0.000     0.000 r  PS_Block_i/processing_system7_0/inst/PS7_i/FCLKCLK[0]
                         net (fo=1, routed)           0.919     0.919    PS_Block_i/processing_system7_0/inst/FCLK_CLK_unbuffered[0]
    BUFGCTRL_X0Y16       BUFG (Prop_bufg_I_O)         0.029     0.948 r  PS_Block_i/processing_system7_0/inst/buffer_fclk_clk_0.FCLK_CLK_0_BUFG/O
                         net (fo=1025, routed)        0.851     1.799    PS_Block_i/ps7_0_axi_periph/s00_couplers/auto_pc/inst/gen_axilite.gen_b2s_conv.axilite_b2s/WR.aw_channel_0/aclk
    SLICE_X3Y51          FDRE                                         r  PS_Block_i/ps7_0_axi_periph/s00_couplers/auto_pc/inst/gen_axilite.gen_b2s_conv.axilite_b2s/WR.aw_channel_0/s_awid_r_reg[5]/C
                         clock pessimism             -0.118     1.681    
    SLICE_X3Y51          FDRE (Hold_fdre_C_D)         0.023     1.704    PS_Block_i/ps7_0_axi_periph/s00_couplers/auto_pc/inst/gen_axilite.gen_b2s_conv.axilite_b2s/WR.aw_channel_0/s_awid_r_reg[5]
  -------------------------------------------------------------------
                         required time                         -1.704    
                         arrival time                           1.727    
  -------------------------------------------------------------------
                         slack                                  0.023    

Slack (MET) :             0.051ns  (arrival time - required time)
  Source:                 PS_Block_i/axi_gpio_0/U0/gpio_core_1/Not_Dual.gpio_Data_In_reg[13]/C
                            (rising edge-triggered cell FDRE clocked by clk_fpga_0  {rise@0.000ns fall@5.000ns period=10.000ns})
  Destination:            PS_Block_i/axi_gpio_0/U0/gpio_core_1/Not_Dual.ALLOUT0_ND.READ_REG_GEN[13].reg2_reg[29]/D
                            (rising edge-triggered cell FDRE clocked by clk_fpga_0  {rise@0.000ns fall@5.000ns period=10.000ns})
  Path Group:             clk_fpga_0
  Path Type:              Hold (Min at Fast Process Corner)
  Requirement:            0.000ns  (clk_fpga_0 rise@0.000ns - clk_fpga_0 rise@0.000ns)
  Data Path Delay:        0.408ns  (logic 0.186ns (45.575%)  route 0.222ns (54.425%))
  Logic Levels:           1  (LUT5=1)
  Clock Path Skew:        0.265ns (DCD - SCD - CPR)
    Destination Clock Delay (DCD):    1.780ns
    Source Clock Delay      (SCD):    1.392ns
    Clock Pessimism Removal (CPR):    0.123ns

    Location             Delay type                Incr(ns)  Path(ns)    Netlist Resource(s)
  -------------------------------------------------------------------    -------------------
                         (clock clk_fpga_0 rise edge)
                                                      0.000     0.000 r  
    PS7_X0Y0             PS7                          0.000     0.000 r  PS_Block_i/processing_system7_0/inst/PS7_i/FCLKCLK[0]
                         net (fo=1, routed)           0.804     0.804    PS_Block_i/processing_system7_0/inst/FCLK_CLK_unbuffered[0]
    BUFGCTRL_X0Y16       BUFG (Prop_bufg_I_O)         0.026     0.830 r  PS_Block_i/processing_system7_0/inst/buffer_fclk_clk_0.FCLK_CLK_0_BUFG/O
                         net (fo=1025, routed)        0.562     1.392    PS_Block_i/axi_gpio_0/U0/gpio_core_1/s_axi_aclk
    SLICE_X23Y43         FDRE                                         r  PS_Block_i/axi_gpio_0/U0/gpio_core_1/Not_Dual.gpio_Data_In_reg[13]/C
  -------------------------------------------------------------------    -------------------
    SLICE_X23Y43         FDRE (Prop_fdre_C_Q)         0.141     1.533 r  PS_Block_i/axi_gpio_0/U0/gpio_core_1/Not_Dual.gpio_Data_In_reg[13]/Q
                         net (fo=2, routed)           0.222     1.755    PS_Block_i/axi_gpio_0/U0/gpio_core_1/gpio_Data_In[13]
    SLICE_X18Y42         LUT5 (Prop_lut5_I0_O)        0.045     1.800 r  PS_Block_i/axi_gpio_0/U0/gpio_core_1/Not_Dual.ALLOUT0_ND.READ_REG_GEN[13].reg2[29]_i_1/O
                         net (fo=1, routed)           0.000     1.800    PS_Block_i/axi_gpio_0/U0/gpio_core_1/Not_Dual.ALLOUT0_ND.READ_REG_GEN[13].reg2[29]_i_1_n_0
    SLICE_X18Y42         FDRE                                         r  PS_Block_i/axi_gpio_0/U0/gpio_core_1/Not_Dual.ALLOUT0_ND.READ_REG_GEN[13].reg2_reg[29]/D
  -------------------------------------------------------------------    -------------------

                         (clock clk_fpga_0 rise edge)
                                                      0.000     0.000 r  
    PS7_X0Y0             PS7                          0.000     0.000 r  PS_Block_i/processing_system7_0/inst/PS7_i/FCLKCLK[0]
                         net (fo=1, routed)           0.919     0.919    PS_Block_i/processing_system7_0/inst/FCLK_CLK_unbuffered[0]
    BUFGCTRL_X0Y16       BUFG (Prop_bufg_I_O)         0.029     0.948 r  PS_Block_i/processing_system7_0/inst/buffer_fclk_clk_0.FCLK_CLK_0_BUFG/O
                         net (fo=1025, routed)        0.832     1.780    PS_Block_i/axi_gpio_0/U0/gpio_core_1/s_axi_aclk
    SLICE_X18Y42         FDRE                                         r  PS_Block_i/axi_gpio_0/U0/gpio_core_1/Not_Dual.ALLOUT0_ND.READ_REG_GEN[13].reg2_reg[29]/C
                         clock pessimism             -0.123     1.657    
    SLICE_X18Y42         FDRE (Hold_fdre_C_D)         0.092     1.749    PS_Block_i/axi_gpio_0/U0/gpio_core_1/Not_Dual.ALLOUT0_ND.READ_REG_GEN[13].reg2_reg[29]
  -------------------------------------------------------------------
                         required time                         -1.749    
                         arrival time                           1.800    
  -------------------------------------------------------------------
                         slack                                  0.051    

Slack (MET) :             0.054ns  (arrival time - required time)
  Source:                 PS_Block_i/axi_gpio_0/U0/gpio_core_1/Not_Dual.gpio_Data_In_reg[13]/C
                            (rising edge-triggered cell FDRE clocked by clk_fpga_0  {rise@0.000ns fall@5.000ns period=10.000ns})
  Destination:            PS_Block_i/axi_gpio_0/U0/gpio_core_1/Not_Dual.ALLOUT0_ND.READ_REG_GEN[13].reg1_reg[29]/D
                            (rising edge-triggered cell FDRE clocked by clk_fpga_0  {rise@0.000ns fall@5.000ns period=10.000ns})
  Path Group:             clk_fpga_0
  Path Type:              Hold (Min at Fast Process Corner)
  Requirement:            0.000ns  (clk_fpga_0 rise@0.000ns - clk_fpga_0 rise@0.000ns)
  Data Path Delay:        0.412ns  (logic 0.186ns (45.167%)  route 0.226ns (54.833%))
  Logic Levels:           1  (LUT5=1)
  Clock Path Skew:        0.265ns (DCD - SCD - CPR)
    Destination Clock Delay (DCD):    1.780ns
    Source Clock Delay      (SCD):    1.392ns
    Clock Pessimism Removal (CPR):    0.123ns

    Location             Delay type                Incr(ns)  Path(ns)    Netlist Resource(s)
  -------------------------------------------------------------------    -------------------
                         (clock clk_fpga_0 rise edge)
                                                      0.000     0.000 r  
    PS7_X0Y0             PS7                          0.000     0.000 r  PS_Block_i/processing_system7_0/inst/PS7_i/FCLKCLK[0]
                         net (fo=1, routed)           0.804     0.804    PS_Block_i/processing_system7_0/inst/FCLK_CLK_unbuffered[0]
    BUFGCTRL_X0Y16       BUFG (Prop_bufg_I_O)         0.026     0.830 r  PS_Block_i/processing_system7_0/inst/buffer_fclk_clk_0.FCLK_CLK_0_BUFG/O
                         net (fo=1025, routed)        0.562     1.392    PS_Block_i/axi_gpio_0/U0/gpio_core_1/s_axi_aclk
    SLICE_X23Y43         FDRE                                         r  PS_Block_i/axi_gpio_0/U0/gpio_core_1/Not_Dual.gpio_Data_In_reg[13]/C
  -------------------------------------------------------------------    -------------------
    SLICE_X23Y43         FDRE (Prop_fdre_C_Q)         0.141     1.533 r  PS_Block_i/axi_gpio_0/U0/gpio_core_1/Not_Dual.gpio_Data_In_reg[13]/Q
                         net (fo=2, routed)           0.226     1.759    PS_Block_i/axi_gpio_0/U0/gpio_core_1/gpio_Data_In[13]
    SLICE_X18Y42         LUT5 (Prop_lut5_I0_O)        0.045     1.804 r  PS_Block_i/axi_gpio_0/U0/gpio_core_1/Not_Dual.ALLOUT0_ND.READ_REG_GEN[13].reg1[29]_i_1/O
                         net (fo=1, routed)           0.000     1.804    PS_Block_i/axi_gpio_0/U0/gpio_core_1/Not_Dual.ALLOUT0_ND.READ_REG_GEN[13].reg1[29]_i_1_n_0
    SLICE_X18Y42         FDRE                                         r  PS_Block_i/axi_gpio_0/U0/gpio_core_1/Not_Dual.ALLOUT0_ND.READ_REG_GEN[13].reg1_reg[29]/D
  -------------------------------------------------------------------    -------------------

                         (clock clk_fpga_0 rise edge)
                                                      0.000     0.000 r  
    PS7_X0Y0             PS7                          0.000     0.000 r  PS_Block_i/processing_system7_0/inst/PS7_i/FCLKCLK[0]
                         net (fo=1, routed)           0.919     0.919    PS_Block_i/processing_system7_0/inst/FCLK_CLK_unbuffered[0]
    BUFGCTRL_X0Y16       BUFG (Prop_bufg_I_O)         0.029     0.948 r  PS_Block_i/processing_system7_0/inst/buffer_fclk_clk_0.FCLK_CLK_0_BUFG/O
                         net (fo=1025, routed)        0.832     1.780    PS_Block_i/axi_gpio_0/U0/gpio_core_1/s_axi_aclk
    SLICE_X18Y42         FDRE                                         r  PS_Block_i/axi_gpio_0/U0/gpio_core_1/Not_Dual.ALLOUT0_ND.READ_REG_GEN[13].reg1_reg[29]/C
                         clock pessimism             -0.123     1.657    
    SLICE_X18Y42         FDRE (Hold_fdre_C_D)         0.092     1.749    PS_Block_i/axi_gpio_0/U0/gpio_core_1/Not_Dual.ALLOUT0_ND.READ_REG_GEN[13].reg1_reg[29]
  -------------------------------------------------------------------
                         required time                         -1.749    
                         arrival time                           1.804    
  -------------------------------------------------------------------
                         slack                                  0.054    

Slack (MET) :             0.062ns  (arrival time - required time)
  Source:                 PS_Block_i/ps7_0_axi_periph/s00_couplers/auto_pc/inst/gen_axilite.gen_b2s_conv.axilite_b2s/SI_REG/b.b_pipe/m_payload_i_reg[13]/C
                            (rising edge-triggered cell FDRE clocked by clk_fpga_0  {rise@0.000ns fall@5.000ns period=10.000ns})
  Destination:            PS_Block_i/processing_system7_0/inst/PS7_i/MAXIGP0BID[11]
                            (rising edge-triggered cell PS7 clocked by clk_fpga_0  {rise@0.000ns fall@5.000ns period=10.000ns})
  Path Group:             clk_fpga_0
  Path Type:              Hold (Min at Fast Process Corner)
  Requirement:            0.000ns  (clk_fpga_0 rise@0.000ns - clk_fpga_0 rise@0.000ns)
  Data Path Delay:        0.322ns  (logic 0.128ns (39.800%)  route 0.194ns (60.200%))
  Logic Levels:           0  
  Clock Path Skew:        0.313ns (DCD - SCD - CPR)
    Destination Clock Delay (DCD):    1.843ns
    Source Clock Delay      (SCD):    1.412ns
    Clock Pessimism Removal (CPR):    0.118ns

    Location             Delay type                Incr(ns)  Path(ns)    Netlist Resource(s)
  -------------------------------------------------------------------    -------------------
                         (clock clk_fpga_0 rise edge)
                                                      0.000     0.000 r  
    PS7_X0Y0             PS7                          0.000     0.000 r  PS_Block_i/processing_system7_0/inst/PS7_i/FCLKCLK[0]
                         net (fo=1, routed)           0.804     0.804    PS_Block_i/processing_system7_0/inst/FCLK_CLK_unbuffered[0]
    BUFGCTRL_X0Y16       BUFG (Prop_bufg_I_O)         0.026     0.830 r  PS_Block_i/processing_system7_0/inst/buffer_fclk_clk_0.FCLK_CLK_0_BUFG/O
                         net (fo=1025, routed)        0.582     1.412    PS_Block_i/ps7_0_axi_periph/s00_couplers/auto_pc/inst/gen_axilite.gen_b2s_conv.axilite_b2s/SI_REG/b.b_pipe/aclk
    SLICE_X2Y50          FDRE                                         r  PS_Block_i/ps7_0_axi_periph/s00_couplers/auto_pc/inst/gen_axilite.gen_b2s_conv.axilite_b2s/SI_REG/b.b_pipe/m_payload_i_reg[13]/C
  -------------------------------------------------------------------    -------------------
    SLICE_X2Y50          FDRE (Prop_fdre_C_Q)         0.128     1.540 r  PS_Block_i/ps7_0_axi_periph/s00_couplers/auto_pc/inst/gen_axilite.gen_b2s_conv.axilite_b2s/SI_REG/b.b_pipe/m_payload_i_reg[13]/Q
                         net (fo=1, routed)           0.194     1.734    PS_Block_i/processing_system7_0/inst/M_AXI_GP0_BID[11]
    PS7_X0Y0             PS7                                          r  PS_Block_i/processing_system7_0/inst/PS7_i/MAXIGP0BID[11]
  -------------------------------------------------------------------    -------------------

                         (clock clk_fpga_0 rise edge)
                                                      0.000     0.000 r  
    PS7_X0Y0             PS7                          0.000     0.000 r  PS_Block_i/processing_system7_0/inst/PS7_i/FCLKCLK[0]
                         net (fo=1, routed)           0.919     0.919    PS_Block_i/processing_system7_0/inst/FCLK_CLK_unbuffered[0]
    BUFGCTRL_X0Y16       BUFG (Prop_bufg_I_O)         0.029     0.948 r  PS_Block_i/processing_system7_0/inst/buffer_fclk_clk_0.FCLK_CLK_0_BUFG/O
                         net (fo=1025, routed)        0.895     1.843    PS_Block_i/processing_system7_0/inst/M_AXI_GP0_ACLK
    PS7_X0Y0             PS7                                          r  PS_Block_i/processing_system7_0/inst/PS7_i/MAXIGP0ACLK
                         clock pessimism             -0.118     1.725    
    PS7_X0Y0             PS7 (Hold_ps7_MAXIGP0ACLK_MAXIGP0BID[11])
                                                     -0.053     1.672    PS_Block_i/processing_system7_0/inst/PS7_i
  -------------------------------------------------------------------
                         required time                         -1.672    
                         arrival time                           1.734    
  -------------------------------------------------------------------
                         slack                                  0.062    

Slack (MET) :             0.065ns  (arrival time - required time)
  Source:                 PS_Block_i/ps7_0_axi_periph/s00_couplers/auto_pc/inst/gen_axilite.gen_b2s_conv.axilite_b2s/SI_REG/b.b_pipe/m_payload_i_reg[4]/C
                            (rising edge-triggered cell FDRE clocked by clk_fpga_0  {rise@0.000ns fall@5.000ns period=10.000ns})
  Destination:            PS_Block_i/processing_system7_0/inst/PS7_i/MAXIGP0BID[2]
                            (rising edge-triggered cell PS7 clocked by clk_fpga_0  {rise@0.000ns fall@5.000ns period=10.000ns})
  Path Group:             clk_fpga_0
  Path Type:              Hold (Min at Fast Process Corner)
  Requirement:            0.000ns  (clk_fpga_0 rise@0.000ns - clk_fpga_0 rise@0.000ns)
  Data Path Delay:        0.380ns  (logic 0.141ns (37.095%)  route 0.239ns (62.905%))
  Logic Levels:           0  
  Clock Path Skew:        0.315ns (DCD - SCD - CPR)
    Destination Clock Delay (DCD):    1.843ns
    Source Clock Delay      (SCD):    1.410ns
    Clock Pessimism Removal (CPR):    0.118ns

    Location             Delay type                Incr(ns)  Path(ns)    Netlist Resource(s)
  -------------------------------------------------------------------    -------------------
                         (clock clk_fpga_0 rise edge)
                                                      0.000     0.000 r  
    PS7_X0Y0             PS7                          0.000     0.000 r  PS_Block_i/processing_system7_0/inst/PS7_i/FCLKCLK[0]
                         net (fo=1, routed)           0.804     0.804    PS_Block_i/processing_system7_0/inst/FCLK_CLK_unbuffered[0]
    BUFGCTRL_X0Y16       BUFG (Prop_bufg_I_O)         0.026     0.830 r  PS_Block_i/processing_system7_0/inst/buffer_fclk_clk_0.FCLK_CLK_0_BUFG/O
                         net (fo=1025, routed)        0.580     1.410    PS_Block_i/ps7_0_axi_periph/s00_couplers/auto_pc/inst/gen_axilite.gen_b2s_conv.axilite_b2s/SI_REG/b.b_pipe/aclk
    SLICE_X1Y50          FDRE                                         r  PS_Block_i/ps7_0_axi_periph/s00_couplers/auto_pc/inst/gen_axilite.gen_b2s_conv.axilite_b2s/SI_REG/b.b_pipe/m_payload_i_reg[4]/C
  -------------------------------------------------------------------    -------------------
    SLICE_X1Y50          FDRE (Prop_fdre_C_Q)         0.141     1.551 r  PS_Block_i/ps7_0_axi_periph/s00_couplers/auto_pc/inst/gen_axilite.gen_b2s_conv.axilite_b2s/SI_REG/b.b_pipe/m_payload_i_reg[4]/Q
                         net (fo=1, routed)           0.239     1.790    PS_Block_i/processing_system7_0/inst/M_AXI_GP0_BID[2]
    PS7_X0Y0             PS7                                          r  PS_Block_i/processing_system7_0/inst/PS7_i/MAXIGP0BID[2]
  -------------------------------------------------------------------    -------------------

                         (clock clk_fpga_0 rise edge)
                                                      0.000     0.000 r  
    PS7_X0Y0             PS7                          0.000     0.000 r  PS_Block_i/processing_system7_0/inst/PS7_i/FCLKCLK[0]
                         net (fo=1, routed)           0.919     0.919    PS_Block_i/processing_system7_0/inst/FCLK_CLK_unbuffered[0]
    BUFGCTRL_X0Y16       BUFG (Prop_bufg_I_O)         0.029     0.948 r  PS_Block_i/processing_system7_0/inst/buffer_fclk_clk_0.FCLK_CLK_0_BUFG/O
                         net (fo=1025, routed)        0.895     1.843    PS_Block_i/processing_system7_0/inst/M_AXI_GP0_ACLK
    PS7_X0Y0             PS7                                          r  PS_Block_i/processing_system7_0/inst/PS7_i/MAXIGP0ACLK
                         clock pessimism             -0.118     1.725    
    PS7_X0Y0             PS7 (Hold_ps7_MAXIGP0ACLK_MAXIGP0BID[2])
                                                      0.000     1.725    PS_Block_i/processing_system7_0/inst/PS7_i
  -------------------------------------------------------------------
                         required time                         -1.725    
                         arrival time                           1.790    
  -------------------------------------------------------------------
                         slack                                  0.065    

Slack (MET) :             0.086ns  (arrival time - required time)
  Source:                 PS_Block_i/ps7_0_axi_periph/s00_couplers/auto_pc/inst/gen_axilite.gen_b2s_conv.axilite_b2s/RD.r_channel_0/r_arid_r_reg[5]/C
                            (rising edge-triggered cell FDRE clocked by clk_fpga_0  {rise@0.000ns fall@5.000ns period=10.000ns})
  Destination:            PS_Block_i/ps7_0_axi_periph/s00_couplers/auto_pc/inst/gen_axilite.gen_b2s_conv.axilite_b2s/RD.r_channel_0/transaction_fifo_0/memory_reg[31][6]_srl32/D
                            (rising edge-triggered cell SRLC32E clocked by clk_fpga_0  {rise@0.000ns fall@5.000ns period=10.000ns})
  Path Group:             clk_fpga_0
  Path Type:              Hold (Min at Fast Process Corner)
  Requirement:            0.000ns  (clk_fpga_0 rise@0.000ns - clk_fpga_0 rise@0.000ns)
  Data Path Delay:        0.232ns  (logic 0.128ns (55.169%)  route 0.104ns (44.831%))
  Logic Levels:           0  
  Clock Path Skew:        0.016ns (DCD - SCD - CPR)
    Destination Clock Delay (DCD):    1.803ns
    Source Clock Delay      (SCD):    1.417ns
    Clock Pessimism Removal (CPR):    0.370ns

    Location             Delay type                Incr(ns)  Path(ns)    Netlist Resource(s)
  -------------------------------------------------------------------    -------------------
                         (clock clk_fpga_0 rise edge)
                                                      0.000     0.000 r  
    PS7_X0Y0             PS7                          0.000     0.000 r  PS_Block_i/processing_system7_0/inst/PS7_i/FCLKCLK[0]
                         net (fo=1, routed)           0.804     0.804    PS_Block_i/processing_system7_0/inst/FCLK_CLK_unbuffered[0]
    BUFGCTRL_X0Y16       BUFG (Prop_bufg_I_O)         0.026     0.830 r  PS_Block_i/processing_system7_0/inst/buffer_fclk_clk_0.FCLK_CLK_0_BUFG/O
                         net (fo=1025, routed)        0.587     1.417    PS_Block_i/ps7_0_axi_periph/s00_couplers/auto_pc/inst/gen_axilite.gen_b2s_conv.axilite_b2s/RD.r_channel_0/aclk
    SLICE_X3Y44          FDRE                                         r  PS_Block_i/ps7_0_axi_periph/s00_couplers/auto_pc/inst/gen_axilite.gen_b2s_conv.axilite_b2s/RD.r_channel_0/r_arid_r_reg[5]/C
  -------------------------------------------------------------------    -------------------
    SLICE_X3Y44          FDRE (Prop_fdre_C_Q)         0.128     1.545 r  PS_Block_i/ps7_0_axi_periph/s00_couplers/auto_pc/inst/gen_axilite.gen_b2s_conv.axilite_b2s/RD.r_channel_0/r_arid_r_reg[5]/Q
                         net (fo=1, routed)           0.104     1.649    PS_Block_i/ps7_0_axi_periph/s00_couplers/auto_pc/inst/gen_axilite.gen_b2s_conv.axilite_b2s/RD.r_channel_0/transaction_fifo_0/in[6]
    SLICE_X4Y43          SRLC32E                                      r  PS_Block_i/ps7_0_axi_periph/s00_couplers/auto_pc/inst/gen_axilite.gen_b2s_conv.axilite_b2s/RD.r_channel_0/transaction_fifo_0/memory_reg[31][6]_srl32/D
  -------------------------------------------------------------------    -------------------

                         (clock clk_fpga_0 rise edge)
                                                      0.000     0.000 r  
    PS7_X0Y0             PS7                          0.000     0.000 r  PS_Block_i/processing_system7_0/inst/PS7_i/FCLKCLK[0]
                         net (fo=1, routed)           0.919     0.919    PS_Block_i/processing_system7_0/inst/FCLK_CLK_unbuffered[0]
    BUFGCTRL_X0Y16       BUFG (Prop_bufg_I_O)         0.029     0.948 r  PS_Block_i/processing_system7_0/inst/buffer_fclk_clk_0.FCLK_CLK_0_BUFG/O
                         net (fo=1025, routed)        0.855     1.803    PS_Block_i/ps7_0_axi_periph/s00_couplers/auto_pc/inst/gen_axilite.gen_b2s_conv.axilite_b2s/RD.r_channel_0/transaction_fifo_0/aclk
    SLICE_X4Y43          SRLC32E                                      r  PS_Block_i/ps7_0_axi_periph/s00_couplers/auto_pc/inst/gen_axilite.gen_b2s_conv.axilite_b2s/RD.r_channel_0/transaction_fifo_0/memory_reg[31][6]_srl32/CLK
                         clock pessimism             -0.370     1.433    
    SLICE_X4Y43          SRLC32E (Hold_srlc32e_CLK_D)
                                                      0.130     1.563    PS_Block_i/ps7_0_axi_periph/s00_couplers/auto_pc/inst/gen_axilite.gen_b2s_conv.axilite_b2s/RD.r_channel_0/transaction_fifo_0/memory_reg[31][6]_srl32
  -------------------------------------------------------------------
                         required time                         -1.563    
                         arrival time                           1.649    
  -------------------------------------------------------------------
                         slack                                  0.086    

Slack (MET) :             0.090ns  (arrival time - required time)
  Source:                 PS_Block_i/ps7_0_axi_periph/s00_couplers/auto_pc/inst/gen_axilite.gen_b2s_conv.axilite_b2s/SI_REG/b.b_pipe/m_payload_i_reg[0]/C
                            (rising edge-triggered cell FDRE clocked by clk_fpga_0  {rise@0.000ns fall@5.000ns period=10.000ns})
  Destination:            PS_Block_i/processing_system7_0/inst/PS7_i/MAXIGP0BRESP[0]
                            (rising edge-triggered cell PS7 clocked by clk_fpga_0  {rise@0.000ns fall@5.000ns period=10.000ns})
  Path Group:             clk_fpga_0
  Path Type:              Hold (Min at Fast Process Corner)
  Requirement:            0.000ns  (clk_fpga_0 rise@0.000ns - clk_fpga_0 rise@0.000ns)
  Data Path Delay:        0.403ns  (logic 0.141ns (34.994%)  route 0.262ns (65.006%))
  Logic Levels:           0  
  Clock Path Skew:        0.313ns (DCD - SCD - CPR)
    Destination Clock Delay (DCD):    1.843ns
    Source Clock Delay      (SCD):    1.412ns
    Clock Pessimism Removal (CPR):    0.118ns

    Location             Delay type                Incr(ns)  Path(ns)    Netlist Resource(s)
  -------------------------------------------------------------------    -------------------
                         (clock clk_fpga_0 rise edge)
                                                      0.000     0.000 r  
    PS7_X0Y0             PS7                          0.000     0.000 r  PS_Block_i/processing_system7_0/inst/PS7_i/FCLKCLK[0]
                         net (fo=1, routed)           0.804     0.804    PS_Block_i/processing_system7_0/inst/FCLK_CLK_unbuffered[0]
    BUFGCTRL_X0Y16       BUFG (Prop_bufg_I_O)         0.026     0.830 r  PS_Block_i/processing_system7_0/inst/buffer_fclk_clk_0.FCLK_CLK_0_BUFG/O
                         net (fo=1025, routed)        0.582     1.412    PS_Block_i/ps7_0_axi_periph/s00_couplers/auto_pc/inst/gen_axilite.gen_b2s_conv.axilite_b2s/SI_REG/b.b_pipe/aclk
    SLICE_X2Y50          FDRE                                         r  PS_Block_i/ps7_0_axi_periph/s00_couplers/auto_pc/inst/gen_axilite.gen_b2s_conv.axilite_b2s/SI_REG/b.b_pipe/m_payload_i_reg[0]/C
  -------------------------------------------------------------------    -------------------
    SLICE_X2Y50          FDRE (Prop_fdre_C_Q)         0.141     1.553 r  PS_Block_i/ps7_0_axi_periph/s00_couplers/auto_pc/inst/gen_axilite.gen_b2s_conv.axilite_b2s/SI_REG/b.b_pipe/m_payload_i_reg[0]/Q
                         net (fo=1, routed)           0.262     1.815    PS_Block_i/processing_system7_0/inst/M_AXI_GP0_BRESP[0]
    PS7_X0Y0             PS7                                          r  PS_Block_i/processing_system7_0/inst/PS7_i/MAXIGP0BRESP[0]
  -------------------------------------------------------------------    -------------------

                         (clock clk_fpga_0 rise edge)
                                                      0.000     0.000 r  
    PS7_X0Y0             PS7                          0.000     0.000 r  PS_Block_i/processing_system7_0/inst/PS7_i/FCLKCLK[0]
                         net (fo=1, routed)           0.919     0.919    PS_Block_i/processing_system7_0/inst/FCLK_CLK_unbuffered[0]
    BUFGCTRL_X0Y16       BUFG (Prop_bufg_I_O)         0.029     0.948 r  PS_Block_i/processing_system7_0/inst/buffer_fclk_clk_0.FCLK_CLK_0_BUFG/O
                         net (fo=1025, routed)        0.895     1.843    PS_Block_i/processing_system7_0/inst/M_AXI_GP0_ACLK
    PS7_X0Y0             PS7                                          r  PS_Block_i/processing_system7_0/inst/PS7_i/MAXIGP0ACLK
                         clock pessimism             -0.118     1.725    
    PS7_X0Y0             PS7 (Hold_ps7_MAXIGP0ACLK_MAXIGP0BRESP[0])
                                                      0.000     1.725    PS_Block_i/processing_system7_0/inst/PS7_i
  -------------------------------------------------------------------
                         required time                         -1.725    
                         arrival time                           1.815    
  -------------------------------------------------------------------
                         slack                                  0.090    

Slack (MET) :             0.098ns  (arrival time - required time)
  Source:                 PS_Block_i/ps7_0_axi_periph/s00_couplers/auto_pc/inst/gen_axilite.gen_b2s_conv.axilite_b2s/SI_REG/b.b_pipe/m_payload_i_reg[9]/C
                            (rising edge-triggered cell FDRE clocked by clk_fpga_0  {rise@0.000ns fall@5.000ns period=10.000ns})
  Destination:            PS_Block_i/processing_system7_0/inst/PS7_i/MAXIGP0BID[7]
                            (rising edge-triggered cell PS7 clocked by clk_fpga_0  {rise@0.000ns fall@5.000ns period=10.000ns})
  Path Group:             clk_fpga_0
  Path Type:              Hold (Min at Fast Process Corner)
  Requirement:            0.000ns  (clk_fpga_0 rise@0.000ns - clk_fpga_0 rise@0.000ns)
  Data Path Delay:        0.360ns  (logic 0.128ns (35.524%)  route 0.232ns (64.476%))
  Logic Levels:           0  
  Clock Path Skew:        0.315ns (DCD - SCD - CPR)
    Destination Clock Delay (DCD):    1.843ns
    Source Clock Delay      (SCD):    1.410ns
    Clock Pessimism Removal (CPR):    0.118ns

    Location             Delay type                Incr(ns)  Path(ns)    Netlist Resource(s)
  -------------------------------------------------------------------    -------------------
                         (clock clk_fpga_0 rise edge)
                                                      0.000     0.000 r  
    PS7_X0Y0             PS7                          0.000     0.000 r  PS_Block_i/processing_system7_0/inst/PS7_i/FCLKCLK[0]
                         net (fo=1, routed)           0.804     0.804    PS_Block_i/processing_system7_0/inst/FCLK_CLK_unbuffered[0]
    BUFGCTRL_X0Y16       BUFG (Prop_bufg_I_O)         0.026     0.830 r  PS_Block_i/processing_system7_0/inst/buffer_fclk_clk_0.FCLK_CLK_0_BUFG/O
                         net (fo=1025, routed)        0.580     1.410    PS_Block_i/ps7_0_axi_periph/s00_couplers/auto_pc/inst/gen_axilite.gen_b2s_conv.axilite_b2s/SI_REG/b.b_pipe/aclk
    SLICE_X1Y50          FDRE                                         r  PS_Block_i/ps7_0_axi_periph/s00_couplers/auto_pc/inst/gen_axilite.gen_b2s_conv.axilite_b2s/SI_REG/b.b_pipe/m_payload_i_reg[9]/C
  -------------------------------------------------------------------    -------------------
    SLICE_X1Y50          FDRE (Prop_fdre_C_Q)         0.128     1.538 r  PS_Block_i/ps7_0_axi_periph/s00_couplers/auto_pc/inst/gen_axilite.gen_b2s_conv.axilite_b2s/SI_REG/b.b_pipe/m_payload_i_reg[9]/Q
                         net (fo=1, routed)           0.232     1.770    PS_Block_i/processing_system7_0/inst/M_AXI_GP0_BID[7]
    PS7_X0Y0             PS7                                          r  PS_Block_i/processing_system7_0/inst/PS7_i/MAXIGP0BID[7]
  -------------------------------------------------------------------    -------------------

                         (clock clk_fpga_0 rise edge)
                                                      0.000     0.000 r  
    PS7_X0Y0             PS7                          0.000     0.000 r  PS_Block_i/processing_system7_0/inst/PS7_i/FCLKCLK[0]
                         net (fo=1, routed)           0.919     0.919    PS_Block_i/processing_system7_0/inst/FCLK_CLK_unbuffered[0]
    BUFGCTRL_X0Y16       BUFG (Prop_bufg_I_O)         0.029     0.948 r  PS_Block_i/processing_system7_0/inst/buffer_fclk_clk_0.FCLK_CLK_0_BUFG/O
                         net (fo=1025, routed)        0.895     1.843    PS_Block_i/processing_system7_0/inst/M_AXI_GP0_ACLK
    PS7_X0Y0             PS7                                          r  PS_Block_i/processing_system7_0/inst/PS7_i/MAXIGP0ACLK
                         clock pessimism             -0.118     1.725    
    PS7_X0Y0             PS7 (Hold_ps7_MAXIGP0ACLK_MAXIGP0BID[7])
                                                     -0.053     1.672    PS_Block_i/processing_system7_0/inst/PS7_i
  -------------------------------------------------------------------
                         required time                         -1.672    
                         arrival time                           1.770    
  -------------------------------------------------------------------
                         slack                                  0.098    

Slack (MET) :             0.101ns  (arrival time - required time)
  Source:                 PS_Block_i/ps7_0_axi_periph/s00_couplers/auto_pc/inst/gen_axilite.gen_b2s_conv.axilite_b2s/SI_REG/b.b_pipe/m_payload_i_reg[5]/C
                            (rising edge-triggered cell FDRE clocked by clk_fpga_0  {rise@0.000ns fall@5.000ns period=10.000ns})
  Destination:            PS_Block_i/processing_system7_0/inst/PS7_i/MAXIGP0BID[3]
                            (rising edge-triggered cell PS7 clocked by clk_fpga_0  {rise@0.000ns fall@5.000ns period=10.000ns})
  Path Group:             clk_fpga_0
  Path Type:              Hold (Min at Fast Process Corner)
  Requirement:            0.000ns  (clk_fpga_0 rise@0.000ns - clk_fpga_0 rise@0.000ns)
  Data Path Delay:        0.362ns  (logic 0.128ns (35.327%)  route 0.234ns (64.673%))
  Logic Levels:           0  
  Clock Path Skew:        0.315ns (DCD - SCD - CPR)
    Destination Clock Delay (DCD):    1.843ns
    Source Clock Delay      (SCD):    1.410ns
    Clock Pessimism Removal (CPR):    0.118ns

    Location             Delay type                Incr(ns)  Path(ns)    Netlist Resource(s)
  -------------------------------------------------------------------    -------------------
                         (clock clk_fpga_0 rise edge)
                                                      0.000     0.000 r  
    PS7_X0Y0             PS7                          0.000     0.000 r  PS_Block_i/processing_system7_0/inst/PS7_i/FCLKCLK[0]
                         net (fo=1, routed)           0.804     0.804    PS_Block_i/processing_system7_0/inst/FCLK_CLK_unbuffered[0]
    BUFGCTRL_X0Y16       BUFG (Prop_bufg_I_O)         0.026     0.830 r  PS_Block_i/processing_system7_0/inst/buffer_fclk_clk_0.FCLK_CLK_0_BUFG/O
                         net (fo=1025, routed)        0.580     1.410    PS_Block_i/ps7_0_axi_periph/s00_couplers/auto_pc/inst/gen_axilite.gen_b2s_conv.axilite_b2s/SI_REG/b.b_pipe/aclk
    SLICE_X1Y50          FDRE                                         r  PS_Block_i/ps7_0_axi_periph/s00_couplers/auto_pc/inst/gen_axilite.gen_b2s_conv.axilite_b2s/SI_REG/b.b_pipe/m_payload_i_reg[5]/C
  -------------------------------------------------------------------    -------------------
    SLICE_X1Y50          FDRE (Prop_fdre_C_Q)         0.128     1.538 r  PS_Block_i/ps7_0_axi_periph/s00_couplers/auto_pc/inst/gen_axilite.gen_b2s_conv.axilite_b2s/SI_REG/b.b_pipe/m_payload_i_reg[5]/Q
                         net (fo=1, routed)           0.234     1.772    PS_Block_i/processing_system7_0/inst/M_AXI_GP0_BID[3]
    PS7_X0Y0             PS7                                          r  PS_Block_i/processing_system7_0/inst/PS7_i/MAXIGP0BID[3]
  -------------------------------------------------------------------    -------------------

                         (clock clk_fpga_0 rise edge)
                                                      0.000     0.000 r  
    PS7_X0Y0             PS7                          0.000     0.000 r  PS_Block_i/processing_system7_0/inst/PS7_i/FCLKCLK[0]
                         net (fo=1, routed)           0.919     0.919    PS_Block_i/processing_system7_0/inst/FCLK_CLK_unbuffered[0]
    BUFGCTRL_X0Y16       BUFG (Prop_bufg_I_O)         0.029     0.948 r  PS_Block_i/processing_system7_0/inst/buffer_fclk_clk_0.FCLK_CLK_0_BUFG/O
                         net (fo=1025, routed)        0.895     1.843    PS_Block_i/processing_system7_0/inst/M_AXI_GP0_ACLK
    PS7_X0Y0             PS7                                          r  PS_Block_i/processing_system7_0/inst/PS7_i/MAXIGP0ACLK
                         clock pessimism             -0.118     1.725    
    PS7_X0Y0             PS7 (Hold_ps7_MAXIGP0ACLK_MAXIGP0BID[3])
                                                     -0.054     1.671    PS_Block_i/processing_system7_0/inst/PS7_i
  -------------------------------------------------------------------
                         required time                         -1.671    
                         arrival time                           1.772    
  -------------------------------------------------------------------
                         slack                                  0.101    

Slack (MET) :             0.102ns  (arrival time - required time)
  Source:                 PS_Block_i/ps7_0_axi_periph/xbar/inst/gen_sasd.crossbar_sasd_0/reg_slice_r/m_payload_i_reg[9]/C
                            (rising edge-triggered cell FDRE clocked by clk_fpga_0  {rise@0.000ns fall@5.000ns period=10.000ns})
  Destination:            PS_Block_i/ps7_0_axi_periph/s00_couplers/auto_pc/inst/gen_axilite.gen_b2s_conv.axilite_b2s/RD.r_channel_0/rd_data_fifo_0/memory_reg[31][6]_srl32/D
                            (rising edge-triggered cell SRLC32E clocked by clk_fpga_0  {rise@0.000ns fall@5.000ns period=10.000ns})
  Path Group:             clk_fpga_0
  Path Type:              Hold (Min at Fast Process Corner)
  Requirement:            0.000ns  (clk_fpga_0 rise@0.000ns - clk_fpga_0 rise@0.000ns)
  Data Path Delay:        0.254ns  (logic 0.141ns (55.522%)  route 0.113ns (44.478%))
  Logic Levels:           0  
  Clock Path Skew:        0.035ns (DCD - SCD - CPR)
    Destination Clock Delay (DCD):    1.783ns
    Source Clock Delay      (SCD):    1.397ns
    Clock Pessimism Removal (CPR):    0.351ns

    Location             Delay type                Incr(ns)  Path(ns)    Netlist Resource(s)
  -------------------------------------------------------------------    -------------------
                         (clock clk_fpga_0 rise edge)
                                                      0.000     0.000 r  
    PS7_X0Y0             PS7                          0.000     0.000 r  PS_Block_i/processing_system7_0/inst/PS7_i/FCLKCLK[0]
                         net (fo=1, routed)           0.804     0.804    PS_Block_i/processing_system7_0/inst/FCLK_CLK_unbuffered[0]
    BUFGCTRL_X0Y16       BUFG (Prop_bufg_I_O)         0.026     0.830 r  PS_Block_i/processing_system7_0/inst/buffer_fclk_clk_0.FCLK_CLK_0_BUFG/O
                         net (fo=1025, routed)        0.567     1.397    PS_Block_i/ps7_0_axi_periph/xbar/inst/gen_sasd.crossbar_sasd_0/reg_slice_r/aclk
    SLICE_X7Y40          FDRE                                         r  PS_Block_i/ps7_0_axi_periph/xbar/inst/gen_sasd.crossbar_sasd_0/reg_slice_r/m_payload_i_reg[9]/C
  -------------------------------------------------------------------    -------------------
    SLICE_X7Y40          FDRE (Prop_fdre_C_Q)         0.141     1.538 r  PS_Block_i/ps7_0_axi_periph/xbar/inst/gen_sasd.crossbar_sasd_0/reg_slice_r/m_payload_i_reg[9]/Q
                         net (fo=1, routed)           0.113     1.651    PS_Block_i/ps7_0_axi_periph/s00_couplers/auto_pc/inst/gen_axilite.gen_b2s_conv.axilite_b2s/RD.r_channel_0/rd_data_fifo_0/in[6]
    SLICE_X8Y40          SRLC32E                                      r  PS_Block_i/ps7_0_axi_periph/s00_couplers/auto_pc/inst/gen_axilite.gen_b2s_conv.axilite_b2s/RD.r_channel_0/rd_data_fifo_0/memory_reg[31][6]_srl32/D
  -------------------------------------------------------------------    -------------------

                         (clock clk_fpga_0 rise edge)
                                                      0.000     0.000 r  
    PS7_X0Y0             PS7                          0.000     0.000 r  PS_Block_i/processing_system7_0/inst/PS7_i/FCLKCLK[0]
                         net (fo=1, routed)           0.919     0.919    PS_Block_i/processing_system7_0/inst/FCLK_CLK_unbuffered[0]
    BUFGCTRL_X0Y16       BUFG (Prop_bufg_I_O)         0.029     0.948 r  PS_Block_i/processing_system7_0/inst/buffer_fclk_clk_0.FCLK_CLK_0_BUFG/O
                         net (fo=1025, routed)        0.835     1.783    PS_Block_i/ps7_0_axi_periph/s00_couplers/auto_pc/inst/gen_axilite.gen_b2s_conv.axilite_b2s/RD.r_channel_0/rd_data_fifo_0/aclk
    SLICE_X8Y40          SRLC32E                                      r  PS_Block_i/ps7_0_axi_periph/s00_couplers/auto_pc/inst/gen_axilite.gen_b2s_conv.axilite_b2s/RD.r_channel_0/rd_data_fifo_0/memory_reg[31][6]_srl32/CLK
                         clock pessimism             -0.351     1.432    
    SLICE_X8Y40          SRLC32E (Hold_srlc32e_CLK_D)
                                                      0.117     1.549    PS_Block_i/ps7_0_axi_periph/s00_couplers/auto_pc/inst/gen_axilite.gen_b2s_conv.axilite_b2s/RD.r_channel_0/rd_data_fifo_0/memory_reg[31][6]_srl32
  -------------------------------------------------------------------
                         required time                         -1.549    
                         arrival time                           1.651    
  -------------------------------------------------------------------
                         slack                                  0.102    





Pulse Width Checks
--------------------------------------------------------------------------------------
Clock Name:         clk_fpga_0
Waveform(ns):       { 0.000 5.000 }
Period(ns):         10.000
Sources:            { PS_Block_i/processing_system7_0/inst/PS7_i/FCLKCLK[0] }

Check Type        Corner  Lib Pin      Reference Pin  Required(ns)  Actual(ns)  Slack(ns)  Location        Pin
Min Period        n/a     BUFG/I       n/a            2.155         10.000      7.845      BUFGCTRL_X0Y16  PS_Block_i/processing_system7_0/inst/buffer_fclk_clk_0.FCLK_CLK_0_BUFG/I
Min Period        n/a     FDRE/C       n/a            1.000         10.000      9.000      SLICE_X16Y42    PS_Block_i/axi_gpio_0/U0/ip2bus_data_i_D1_reg[0]/C
Min Period        n/a     FDRE/C       n/a            1.000         10.000      9.000      SLICE_X18Y38    PS_Block_i/axi_gpio_0/U0/ip2bus_data_i_D1_reg[16]/C
Min Period        n/a     FDRE/C       n/a            1.000         10.000      9.000      SLICE_X14Y38    PS_Block_i/axi_gpio_0/U0/ip2bus_data_i_D1_reg[17]/C
Min Period        n/a     FDRE/C       n/a            1.000         10.000      9.000      SLICE_X14Y38    PS_Block_i/axi_gpio_0/U0/ip2bus_data_i_D1_reg[18]/C
Min Period        n/a     FDRE/C       n/a            1.000         10.000      9.000      SLICE_X18Y38    PS_Block_i/axi_gpio_0/U0/ip2bus_data_i_D1_reg[19]/C
Min Period        n/a     FDRE/C       n/a            1.000         10.000      9.000      SLICE_X14Y36    PS_Block_i/axi_gpio_0/U0/ip2bus_data_i_D1_reg[20]/C
Min Period        n/a     FDRE/C       n/a            1.000         10.000      9.000      SLICE_X14Y38    PS_Block_i/axi_gpio_0/U0/ip2bus_data_i_D1_reg[21]/C
Min Period        n/a     FDRE/C       n/a            1.000         10.000      9.000      SLICE_X14Y36    PS_Block_i/axi_gpio_0/U0/ip2bus_data_i_D1_reg[22]/C
Min Period        n/a     FDRE/C       n/a            1.000         10.000      9.000      SLICE_X14Y37    PS_Block_i/axi_gpio_0/U0/ip2bus_data_i_D1_reg[23]/C
Low Pulse Width   Slow    SRLC32E/CLK  n/a            0.980         5.000       4.020      SLICE_X4Y41     PS_Block_i/ps7_0_axi_periph/s00_couplers/auto_pc/inst/gen_axilite.gen_b2s_conv.axilite_b2s/RD.r_channel_0/rd_data_fifo_0/memory_reg[31][0]_srl32/CLK
Low Pulse Width   Fast    SRLC32E/CLK  n/a            0.980         5.000       4.020      SLICE_X4Y41     PS_Block_i/ps7_0_axi_periph/s00_couplers/auto_pc/inst/gen_axilite.gen_b2s_conv.axilite_b2s/RD.r_channel_0/rd_data_fifo_0/memory_reg[31][0]_srl32/CLK
Low Pulse Width   Slow    SRLC32E/CLK  n/a            0.980         5.000       4.020      SLICE_X8Y37     PS_Block_i/ps7_0_axi_periph/s00_couplers/auto_pc/inst/gen_axilite.gen_b2s_conv.axilite_b2s/RD.r_channel_0/rd_data_fifo_0/memory_reg[31][10]_srl32/CLK
Low Pulse Width   Fast    SRLC32E/CLK  n/a            0.980         5.000       4.020      SLICE_X8Y37     PS_Block_i/ps7_0_axi_periph/s00_couplers/auto_pc/inst/gen_axilite.gen_b2s_conv.axilite_b2s/RD.r_channel_0/rd_data_fifo_0/memory_reg[31][10]_srl32/CLK
Low Pulse Width   Slow    SRLC32E/CLK  n/a            0.980         5.000       4.020      SLICE_X8Y37     PS_Block_i/ps7_0_axi_periph/s00_couplers/auto_pc/inst/gen_axilite.gen_b2s_conv.axilite_b2s/RD.r_channel_0/rd_data_fifo_0/memory_reg[31][11]_srl32/CLK
Low Pulse Width   Fast    SRLC32E/CLK  n/a            0.980         5.000       4.020      SLICE_X8Y37     PS_Block_i/ps7_0_axi_periph/s00_couplers/auto_pc/inst/gen_axilite.gen_b2s_conv.axilite_b2s/RD.r_channel_0/rd_data_fifo_0/memory_reg[31][11]_srl32/CLK
Low Pulse Width   Slow    SRLC32E/CLK  n/a            0.980         5.000       4.020      SLICE_X4Y38     PS_Block_i/ps7_0_axi_periph/s00_couplers/auto_pc/inst/gen_axilite.gen_b2s_conv.axilite_b2s/RD.r_channel_0/rd_data_fifo_0/memory_reg[31][12]_srl32/CLK
Low Pulse Width   Fast    SRLC32E/CLK  n/a            0.980         5.000       4.020      SLICE_X4Y38     PS_Block_i/ps7_0_axi_periph/s00_couplers/auto_pc/inst/gen_axilite.gen_b2s_conv.axilite_b2s/RD.r_channel_0/rd_data_fifo_0/memory_reg[31][12]_srl32/CLK
Low Pulse Width   Slow    SRLC32E/CLK  n/a            0.980         5.000       4.020      SLICE_X4Y38     PS_Block_i/ps7_0_axi_periph/s00_couplers/auto_pc/inst/gen_axilite.gen_b2s_conv.axilite_b2s/RD.r_channel_0/rd_data_fifo_0/memory_reg[31][13]_srl32/CLK
Low Pulse Width   Fast    SRLC32E/CLK  n/a            0.980         5.000       4.020      SLICE_X4Y38     PS_Block_i/ps7_0_axi_periph/s00_couplers/auto_pc/inst/gen_axilite.gen_b2s_conv.axilite_b2s/RD.r_channel_0/rd_data_fifo_0/memory_reg[31][13]_srl32/CLK
High Pulse Width  Slow    SRLC32E/CLK  n/a            0.980         5.000       4.020      SLICE_X4Y41     PS_Block_i/ps7_0_axi_periph/s00_couplers/auto_pc/inst/gen_axilite.gen_b2s_conv.axilite_b2s/RD.r_channel_0/rd_data_fifo_0/memory_reg[31][0]_srl32/CLK
High Pulse Width  Fast    SRLC32E/CLK  n/a            0.980         5.000       4.020      SLICE_X4Y41     PS_Block_i/ps7_0_axi_periph/s00_couplers/auto_pc/inst/gen_axilite.gen_b2s_conv.axilite_b2s/RD.r_channel_0/rd_data_fifo_0/memory_reg[31][0]_srl32/CLK
High Pulse Width  Slow    SRLC32E/CLK  n/a            0.980         5.000       4.020      SLICE_X8Y37     PS_Block_i/ps7_0_axi_periph/s00_couplers/auto_pc/inst/gen_axilite.gen_b2s_conv.axilite_b2s/RD.r_channel_0/rd_data_fifo_0/memory_reg[31][10]_srl32/CLK
High Pulse Width  Fast    SRLC32E/CLK  n/a            0.980         5.000       4.020      SLICE_X8Y37     PS_Block_i/ps7_0_axi_periph/s00_couplers/auto_pc/inst/gen_axilite.gen_b2s_conv.axilite_b2s/RD.r_channel_0/rd_data_fifo_0/memory_reg[31][10]_srl32/CLK
High Pulse Width  Slow    SRLC32E/CLK  n/a            0.980         5.000       4.020      SLICE_X8Y37     PS_Block_i/ps7_0_axi_periph/s00_couplers/auto_pc/inst/gen_axilite.gen_b2s_conv.axilite_b2s/RD.r_channel_0/rd_data_fifo_0/memory_reg[31][11]_srl32/CLK
High Pulse Width  Fast    SRLC32E/CLK  n/a            0.980         5.000       4.020      SLICE_X8Y37     PS_Block_i/ps7_0_axi_periph/s00_couplers/auto_pc/inst/gen_axilite.gen_b2s_conv.axilite_b2s/RD.r_channel_0/rd_data_fifo_0/memory_reg[31][11]_srl32/CLK
High Pulse Width  Slow    SRLC32E/CLK  n/a            0.980         5.000       4.020      SLICE_X4Y38     PS_Block_i/ps7_0_axi_periph/s00_couplers/auto_pc/inst/gen_axilite.gen_b2s_conv.axilite_b2s/RD.r_channel_0/rd_data_fifo_0/memory_reg[31][12]_srl32/CLK
High Pulse Width  Fast    SRLC32E/CLK  n/a            0.980         5.000       4.020      SLICE_X4Y38     PS_Block_i/ps7_0_axi_periph/s00_couplers/auto_pc/inst/gen_axilite.gen_b2s_conv.axilite_b2s/RD.r_channel_0/rd_data_fifo_0/memory_reg[31][12]_srl32/CLK
High Pulse Width  Slow    SRLC32E/CLK  n/a            0.980         5.000       4.020      SLICE_X4Y38     PS_Block_i/ps7_0_axi_periph/s00_couplers/auto_pc/inst/gen_axilite.gen_b2s_conv.axilite_b2s/RD.r_channel_0/rd_data_fifo_0/memory_reg[31][13]_srl32/CLK
High Pulse Width  Fast    SRLC32E/CLK  n/a            0.980         5.000       4.020      SLICE_X4Y38     PS_Block_i/ps7_0_axi_periph/s00_couplers/auto_pc/inst/gen_axilite.gen_b2s_conv.axilite_b2s/RD.r_channel_0/rd_data_fifo_0/memory_reg[31][13]_srl32/CLK



--------------------------------------------------------------------------------------
Path Group:  (none)
From Clock:  
  To Clock:  clk_fpga_0

Max Delay            21 Endpoints
Min Delay            21 Endpoints
--------------------------------------------------------------------------------------


Max Delay Paths
--------------------------------------------------------------------------------------
Slack:                    inf
  Source:                 btns_4bits_tri_i[2]
                            (input port)
  Destination:            PS_Block_i/axi_gpio_1/U0/gpio_core_1/Not_Dual.INPUT_DOUBLE_REGS3/GENERATE_LEVEL_P_S_CDC.MULTI_BIT.FOR_IN_cdc_to[2].CROSS2_PLEVEL_IN2SCNDRY_IN_cdc_to/D
                            (rising edge-triggered cell FDRE clocked by clk_fpga_0  {rise@0.000ns fall@5.000ns period=10.000ns})
  Path Group:             (none)
  Path Type:              Setup (Max at Slow Process Corner)
  Data Path Delay:        4.547ns  (logic 1.451ns (31.905%)  route 3.096ns (68.095%))
  Logic Levels:           1  (IBUF=1)
  Clock Path Skew:        3.261ns (DCD - SCD + CPR)
    Destination Clock Delay (DCD):    3.261ns
    Source Clock Delay      (SCD):    0.000ns
    Clock Pessimism Removal (CPR):    0.000ns
  Clock Uncertainty:      0.152ns  ((TSJ^2 + TIJ^2)^1/2 + DJ) / 2 + PE
    Total System Jitter     (TSJ):    0.050ns
    Total Input Jitter      (TIJ):    0.300ns
    Discrete Jitter          (DJ):    0.000ns
    Phase Error              (PE):    0.000ns
  Timing Exception:       False Path

    Location             Delay type                Incr(ns)  Path(ns)    Netlist Resource(s)
  -------------------------------------------------------------------    -------------------
    P15                                               0.000     0.000 r  btns_4bits_tri_i[2] (IN)
                         net (fo=0)                   0.000     0.000    btns_4bits_tri_i[2]
    P15                  IBUF (Prop_ibuf_I_O)         1.451     1.451 r  btns_4bits_tri_i_IBUF[2]_inst/O
                         net (fo=1, routed)           3.096     4.547    PS_Block_i/axi_gpio_1/U0/gpio_core_1/Not_Dual.INPUT_DOUBLE_REGS3/gpio_io_i[2]
    SLICE_X15Y42         FDRE                                         r  PS_Block_i/axi_gpio_1/U0/gpio_core_1/Not_Dual.INPUT_DOUBLE_REGS3/GENERATE_LEVEL_P_S_CDC.MULTI_BIT.FOR_IN_cdc_to[2].CROSS2_PLEVEL_IN2SCNDRY_IN_cdc_to/D
  -------------------------------------------------------------------    -------------------

                         (clock clk_fpga_0 rise edge)
                                                      0.000     0.000 r  
    PS7_X0Y0             PS7                          0.000     0.000 r  PS_Block_i/processing_system7_0/inst/PS7_i/FCLKCLK[0]
                         net (fo=1, routed)           1.666     1.666    PS_Block_i/processing_system7_0/inst/FCLK_CLK_unbuffered[0]
    BUFGCTRL_X0Y16       BUFG (Prop_bufg_I_O)         0.091     1.757 r  PS_Block_i/processing_system7_0/inst/buffer_fclk_clk_0.FCLK_CLK_0_BUFG/O
                         net (fo=1025, routed)        1.503     3.261    PS_Block_i/axi_gpio_1/U0/gpio_core_1/Not_Dual.INPUT_DOUBLE_REGS3/s_axi_aclk
    SLICE_X15Y42         FDRE                                         r  PS_Block_i/axi_gpio_1/U0/gpio_core_1/Not_Dual.INPUT_DOUBLE_REGS3/GENERATE_LEVEL_P_S_CDC.MULTI_BIT.FOR_IN_cdc_to[2].CROSS2_PLEVEL_IN2SCNDRY_IN_cdc_to/C

Slack:                    inf
  Source:                 leds_16bits_tri_io[8]
                            (input port)
  Destination:            PS_Block_i/axi_gpio_0/U0/gpio_core_1/Not_Dual.INPUT_DOUBLE_REGS3/GENERATE_LEVEL_P_S_CDC.MULTI_BIT.FOR_IN_cdc_to[8].CROSS2_PLEVEL_IN2SCNDRY_IN_cdc_to/D
                            (rising edge-triggered cell FDRE clocked by clk_fpga_0  {rise@0.000ns fall@5.000ns period=10.000ns})
  Path Group:             (none)
  Path Type:              Setup (Max at Slow Process Corner)
  Data Path Delay:        4.303ns  (logic 1.471ns (34.192%)  route 2.832ns (65.808%))
  Logic Levels:           1  (IBUF=1)
  Clock Path Skew:        3.256ns (DCD - SCD + CPR)
    Destination Clock Delay (DCD):    3.256ns
    Source Clock Delay      (SCD):    0.000ns
    Clock Pessimism Removal (CPR):    0.000ns
  Clock Uncertainty:      0.152ns  ((TSJ^2 + TIJ^2)^1/2 + DJ) / 2 + PE
    Total System Jitter     (TSJ):    0.050ns
    Total Input Jitter      (TIJ):    0.300ns
    Discrete Jitter          (DJ):    0.000ns
    Phase Error              (PE):    0.000ns
  Timing Exception:       False Path

    Location             Delay type                Incr(ns)  Path(ns)    Netlist Resource(s)
  -------------------------------------------------------------------    -------------------
    W19                                               0.000     0.000 r  leds_16bits_tri_io[8] (INOUT)
                         net (fo=1, unset)            0.000     0.000    leds_16bits_tri_iobuf_8/IO
    W19                  IBUF (Prop_ibuf_I_O)         1.471     1.471 r  leds_16bits_tri_iobuf_8/IBUF/O
                         net (fo=1, routed)           2.832     4.303    PS_Block_i/axi_gpio_0/U0/gpio_core_1/Not_Dual.INPUT_DOUBLE_REGS3/gpio_io_i[8]
    SLICE_X15Y34         FDRE                                         r  PS_Block_i/axi_gpio_0/U0/gpio_core_1/Not_Dual.INPUT_DOUBLE_REGS3/GENERATE_LEVEL_P_S_CDC.MULTI_BIT.FOR_IN_cdc_to[8].CROSS2_PLEVEL_IN2SCNDRY_IN_cdc_to/D
  -------------------------------------------------------------------    -------------------

                         (clock clk_fpga_0 rise edge)
                                                      0.000     0.000 r  
    PS7_X0Y0             PS7                          0.000     0.000 r  PS_Block_i/processing_system7_0/inst/PS7_i/FCLKCLK[0]
                         net (fo=1, routed)           1.666     1.666    PS_Block_i/processing_system7_0/inst/FCLK_CLK_unbuffered[0]
    BUFGCTRL_X0Y16       BUFG (Prop_bufg_I_O)         0.091     1.757 r  PS_Block_i/processing_system7_0/inst/buffer_fclk_clk_0.FCLK_CLK_0_BUFG/O
                         net (fo=1025, routed)        1.498     3.256    PS_Block_i/axi_gpio_0/U0/gpio_core_1/Not_Dual.INPUT_DOUBLE_REGS3/s_axi_aclk
    SLICE_X15Y34         FDRE                                         r  PS_Block_i/axi_gpio_0/U0/gpio_core_1/Not_Dual.INPUT_DOUBLE_REGS3/GENERATE_LEVEL_P_S_CDC.MULTI_BIT.FOR_IN_cdc_to[8].CROSS2_PLEVEL_IN2SCNDRY_IN_cdc_to/C

Slack:                    inf
  Source:                 leds_16bits_tri_io[4]
                            (input port)
  Destination:            PS_Block_i/axi_gpio_0/U0/gpio_core_1/Not_Dual.INPUT_DOUBLE_REGS3/GENERATE_LEVEL_P_S_CDC.MULTI_BIT.FOR_IN_cdc_to[4].CROSS2_PLEVEL_IN2SCNDRY_IN_cdc_to/D
                            (rising edge-triggered cell FDRE clocked by clk_fpga_0  {rise@0.000ns fall@5.000ns period=10.000ns})
  Path Group:             (none)
  Path Type:              Setup (Max at Slow Process Corner)
  Data Path Delay:        4.289ns  (logic 1.465ns (34.156%)  route 2.824ns (65.844%))
  Logic Levels:           1  (IBUF=1)
  Clock Path Skew:        3.255ns (DCD - SCD + CPR)
    Destination Clock Delay (DCD):    3.255ns
    Source Clock Delay      (SCD):    0.000ns
    Clock Pessimism Removal (CPR):    0.000ns
  Clock Uncertainty:      0.152ns  ((TSJ^2 + TIJ^2)^1/2 + DJ) / 2 + PE
    Total System Jitter     (TSJ):    0.050ns
    Total Input Jitter      (TIJ):    0.300ns
    Discrete Jitter          (DJ):    0.000ns
    Phase Error              (PE):    0.000ns
  Timing Exception:       False Path

    Location             Delay type                Incr(ns)  Path(ns)    Netlist Resource(s)
  -------------------------------------------------------------------    -------------------
    T19                                               0.000     0.000 r  leds_16bits_tri_io[4] (INOUT)
                         net (fo=1, unset)            0.000     0.000    leds_16bits_tri_iobuf_4/IO
    T19                  IBUF (Prop_ibuf_I_O)         1.465     1.465 r  leds_16bits_tri_iobuf_4/IBUF/O
                         net (fo=1, routed)           2.824     4.289    PS_Block_i/axi_gpio_0/U0/gpio_core_1/Not_Dual.INPUT_DOUBLE_REGS3/gpio_io_i[4]
    SLICE_X16Y34         FDRE                                         r  PS_Block_i/axi_gpio_0/U0/gpio_core_1/Not_Dual.INPUT_DOUBLE_REGS3/GENERATE_LEVEL_P_S_CDC.MULTI_BIT.FOR_IN_cdc_to[4].CROSS2_PLEVEL_IN2SCNDRY_IN_cdc_to/D
  -------------------------------------------------------------------    -------------------

                         (clock clk_fpga_0 rise edge)
                                                      0.000     0.000 r  
    PS7_X0Y0             PS7                          0.000     0.000 r  PS_Block_i/processing_system7_0/inst/PS7_i/FCLKCLK[0]
                         net (fo=1, routed)           1.666     1.666    PS_Block_i/processing_system7_0/inst/FCLK_CLK_unbuffered[0]
    BUFGCTRL_X0Y16       BUFG (Prop_bufg_I_O)         0.091     1.757 r  PS_Block_i/processing_system7_0/inst/buffer_fclk_clk_0.FCLK_CLK_0_BUFG/O
                         net (fo=1025, routed)        1.497     3.255    PS_Block_i/axi_gpio_0/U0/gpio_core_1/Not_Dual.INPUT_DOUBLE_REGS3/s_axi_aclk
    SLICE_X16Y34         FDRE                                         r  PS_Block_i/axi_gpio_0/U0/gpio_core_1/Not_Dual.INPUT_DOUBLE_REGS3/GENERATE_LEVEL_P_S_CDC.MULTI_BIT.FOR_IN_cdc_to[4].CROSS2_PLEVEL_IN2SCNDRY_IN_cdc_to/C

Slack:                    inf
  Source:                 leds_16bits_tri_io[10]
                            (input port)
  Destination:            PS_Block_i/axi_gpio_0/U0/gpio_core_1/Not_Dual.INPUT_DOUBLE_REGS3/GENERATE_LEVEL_P_S_CDC.MULTI_BIT.FOR_IN_cdc_to[10].CROSS2_PLEVEL_IN2SCNDRY_IN_cdc_to/D
                            (rising edge-triggered cell FDRE clocked by clk_fpga_0  {rise@0.000ns fall@5.000ns period=10.000ns})
  Path Group:             (none)
  Path Type:              Setup (Max at Slow Process Corner)
  Data Path Delay:        4.135ns  (logic 1.473ns (35.623%)  route 2.662ns (64.377%))
  Logic Levels:           1  (IBUF=1)
  Clock Path Skew:        3.254ns (DCD - SCD + CPR)
    Destination Clock Delay (DCD):    3.254ns
    Source Clock Delay      (SCD):    0.000ns
    Clock Pessimism Removal (CPR):    0.000ns
  Clock Uncertainty:      0.152ns  ((TSJ^2 + TIJ^2)^1/2 + DJ) / 2 + PE
    Total System Jitter     (TSJ):    0.050ns
    Total Input Jitter      (TIJ):    0.300ns
    Discrete Jitter          (DJ):    0.000ns
    Phase Error              (PE):    0.000ns
  Timing Exception:       False Path

    Location             Delay type                Incr(ns)  Path(ns)    Netlist Resource(s)
  -------------------------------------------------------------------    -------------------
    W18                                               0.000     0.000 r  leds_16bits_tri_io[10] (INOUT)
                         net (fo=1, unset)            0.000     0.000    leds_16bits_tri_iobuf_10/IO
    W18                  IBUF (Prop_ibuf_I_O)         1.473     1.473 r  leds_16bits_tri_iobuf_10/IBUF/O
                         net (fo=1, routed)           2.662     4.135    PS_Block_i/axi_gpio_0/U0/gpio_core_1/Not_Dual.INPUT_DOUBLE_REGS3/gpio_io_i[10]
    SLICE_X16Y33         FDRE                                         r  PS_Block_i/axi_gpio_0/U0/gpio_core_1/Not_Dual.INPUT_DOUBLE_REGS3/GENERATE_LEVEL_P_S_CDC.MULTI_BIT.FOR_IN_cdc_to[10].CROSS2_PLEVEL_IN2SCNDRY_IN_cdc_to/D
  -------------------------------------------------------------------    -------------------

                         (clock clk_fpga_0 rise edge)
                                                      0.000     0.000 r  
    PS7_X0Y0             PS7                          0.000     0.000 r  PS_Block_i/processing_system7_0/inst/PS7_i/FCLKCLK[0]
                         net (fo=1, routed)           1.666     1.666    PS_Block_i/processing_system7_0/inst/FCLK_CLK_unbuffered[0]
    BUFGCTRL_X0Y16       BUFG (Prop_bufg_I_O)         0.091     1.757 r  PS_Block_i/processing_system7_0/inst/buffer_fclk_clk_0.FCLK_CLK_0_BUFG/O
                         net (fo=1025, routed)        1.496     3.254    PS_Block_i/axi_gpio_0/U0/gpio_core_1/Not_Dual.INPUT_DOUBLE_REGS3/s_axi_aclk
    SLICE_X16Y33         FDRE                                         r  PS_Block_i/axi_gpio_0/U0/gpio_core_1/Not_Dual.INPUT_DOUBLE_REGS3/GENERATE_LEVEL_P_S_CDC.MULTI_BIT.FOR_IN_cdc_to[10].CROSS2_PLEVEL_IN2SCNDRY_IN_cdc_to/C

Slack:                    inf
  Source:                 leds_16bits_tri_io[9]
                            (input port)
  Destination:            PS_Block_i/axi_gpio_0/U0/gpio_core_1/Not_Dual.INPUT_DOUBLE_REGS3/GENERATE_LEVEL_P_S_CDC.MULTI_BIT.FOR_IN_cdc_to[9].CROSS2_PLEVEL_IN2SCNDRY_IN_cdc_to/D
                            (rising edge-triggered cell FDRE clocked by clk_fpga_0  {rise@0.000ns fall@5.000ns period=10.000ns})
  Path Group:             (none)
  Path Type:              Setup (Max at Slow Process Corner)
  Data Path Delay:        3.924ns  (logic 1.492ns (38.005%)  route 2.433ns (61.995%))
  Logic Levels:           1  (IBUF=1)
  Clock Path Skew:        3.255ns (DCD - SCD + CPR)
    Destination Clock Delay (DCD):    3.255ns
    Source Clock Delay      (SCD):    0.000ns
    Clock Pessimism Removal (CPR):    0.000ns
  Clock Uncertainty:      0.152ns  ((TSJ^2 + TIJ^2)^1/2 + DJ) / 2 + PE
    Total System Jitter     (TSJ):    0.050ns
    Total Input Jitter      (TIJ):    0.300ns
    Discrete Jitter          (DJ):    0.000ns
    Phase Error              (PE):    0.000ns
  Timing Exception:       False Path

    Location             Delay type                Incr(ns)  Path(ns)    Netlist Resource(s)
  -------------------------------------------------------------------    -------------------
    Y19                                               0.000     0.000 r  leds_16bits_tri_io[9] (INOUT)
                         net (fo=1, unset)            0.000     0.000    leds_16bits_tri_iobuf_9/IO
    Y19                  IBUF (Prop_ibuf_I_O)         1.492     1.492 r  leds_16bits_tri_iobuf_9/IBUF/O
                         net (fo=1, routed)           2.433     3.924    PS_Block_i/axi_gpio_0/U0/gpio_core_1/Not_Dual.INPUT_DOUBLE_REGS3/gpio_io_i[9]
    SLICE_X15Y33         FDRE                                         r  PS_Block_i/axi_gpio_0/U0/gpio_core_1/Not_Dual.INPUT_DOUBLE_REGS3/GENERATE_LEVEL_P_S_CDC.MULTI_BIT.FOR_IN_cdc_to[9].CROSS2_PLEVEL_IN2SCNDRY_IN_cdc_to/D
  -------------------------------------------------------------------    -------------------

                         (clock clk_fpga_0 rise edge)
                                                      0.000     0.000 r  
    PS7_X0Y0             PS7                          0.000     0.000 r  PS_Block_i/processing_system7_0/inst/PS7_i/FCLKCLK[0]
                         net (fo=1, routed)           1.666     1.666    PS_Block_i/processing_system7_0/inst/FCLK_CLK_unbuffered[0]
    BUFGCTRL_X0Y16       BUFG (Prop_bufg_I_O)         0.091     1.757 r  PS_Block_i/processing_system7_0/inst/buffer_fclk_clk_0.FCLK_CLK_0_BUFG/O
                         net (fo=1025, routed)        1.497     3.255    PS_Block_i/axi_gpio_0/U0/gpio_core_1/Not_Dual.INPUT_DOUBLE_REGS3/s_axi_aclk
    SLICE_X15Y33         FDRE                                         r  PS_Block_i/axi_gpio_0/U0/gpio_core_1/Not_Dual.INPUT_DOUBLE_REGS3/GENERATE_LEVEL_P_S_CDC.MULTI_BIT.FOR_IN_cdc_to[9].CROSS2_PLEVEL_IN2SCNDRY_IN_cdc_to/C

Slack:                    inf
  Source:                 leds_16bits_tri_io[11]
                            (input port)
  Destination:            PS_Block_i/axi_gpio_0/U0/gpio_core_1/Not_Dual.INPUT_DOUBLE_REGS3/GENERATE_LEVEL_P_S_CDC.MULTI_BIT.FOR_IN_cdc_to[11].CROSS2_PLEVEL_IN2SCNDRY_IN_cdc_to/D
                            (rising edge-triggered cell FDRE clocked by clk_fpga_0  {rise@0.000ns fall@5.000ns period=10.000ns})
  Path Group:             (none)
  Path Type:              Setup (Max at Slow Process Corner)
  Data Path Delay:        3.922ns  (logic 1.476ns (37.633%)  route 2.446ns (62.367%))
  Logic Levels:           1  (IBUF=1)
  Clock Path Skew:        3.255ns (DCD - SCD + CPR)
    Destination Clock Delay (DCD):    3.255ns
    Source Clock Delay      (SCD):    0.000ns
    Clock Pessimism Removal (CPR):    0.000ns
  Clock Uncertainty:      0.152ns  ((TSJ^2 + TIJ^2)^1/2 + DJ) / 2 + PE
    Total System Jitter     (TSJ):    0.050ns
    Total Input Jitter      (TIJ):    0.300ns
    Discrete Jitter          (DJ):    0.000ns
    Phase Error              (PE):    0.000ns
  Timing Exception:       False Path

    Location             Delay type                Incr(ns)  Path(ns)    Netlist Resource(s)
  -------------------------------------------------------------------    -------------------
    W16                                               0.000     0.000 r  leds_16bits_tri_io[11] (INOUT)
                         net (fo=1, unset)            0.000     0.000    leds_16bits_tri_iobuf_11/IO
    W16                  IBUF (Prop_ibuf_I_O)         1.476     1.476 r  leds_16bits_tri_iobuf_11/IBUF/O
                         net (fo=1, routed)           2.446     3.922    PS_Block_i/axi_gpio_0/U0/gpio_core_1/Not_Dual.INPUT_DOUBLE_REGS3/gpio_io_i[11]
    SLICE_X14Y33         FDRE                                         r  PS_Block_i/axi_gpio_0/U0/gpio_core_1/Not_Dual.INPUT_DOUBLE_REGS3/GENERATE_LEVEL_P_S_CDC.MULTI_BIT.FOR_IN_cdc_to[11].CROSS2_PLEVEL_IN2SCNDRY_IN_cdc_to/D
  -------------------------------------------------------------------    -------------------

                         (clock clk_fpga_0 rise edge)
                                                      0.000     0.000 r  
    PS7_X0Y0             PS7                          0.000     0.000 r  PS_Block_i/processing_system7_0/inst/PS7_i/FCLKCLK[0]
                         net (fo=1, routed)           1.666     1.666    PS_Block_i/processing_system7_0/inst/FCLK_CLK_unbuffered[0]
    BUFGCTRL_X0Y16       BUFG (Prop_bufg_I_O)         0.091     1.757 r  PS_Block_i/processing_system7_0/inst/buffer_fclk_clk_0.FCLK_CLK_0_BUFG/O
                         net (fo=1025, routed)        1.497     3.255    PS_Block_i/axi_gpio_0/U0/gpio_core_1/Not_Dual.INPUT_DOUBLE_REGS3/s_axi_aclk
    SLICE_X14Y33         FDRE                                         r  PS_Block_i/axi_gpio_0/U0/gpio_core_1/Not_Dual.INPUT_DOUBLE_REGS3/GENERATE_LEVEL_P_S_CDC.MULTI_BIT.FOR_IN_cdc_to[11].CROSS2_PLEVEL_IN2SCNDRY_IN_cdc_to/C

Slack:                    inf
  Source:                 leds_16bits_tri_io[3]
                            (input port)
  Destination:            PS_Block_i/axi_gpio_0/U0/gpio_core_1/Not_Dual.INPUT_DOUBLE_REGS3/GENERATE_LEVEL_P_S_CDC.MULTI_BIT.FOR_IN_cdc_to[3].CROSS2_PLEVEL_IN2SCNDRY_IN_cdc_to/D
                            (rising edge-triggered cell FDRE clocked by clk_fpga_0  {rise@0.000ns fall@5.000ns period=10.000ns})
  Path Group:             (none)
  Path Type:              Setup (Max at Slow Process Corner)
  Data Path Delay:        3.905ns  (logic 1.483ns (37.969%)  route 2.422ns (62.031%))
  Logic Levels:           1  (IBUF=1)
  Clock Path Skew:        3.257ns (DCD - SCD + CPR)
    Destination Clock Delay (DCD):    3.257ns
    Source Clock Delay      (SCD):    0.000ns
    Clock Pessimism Removal (CPR):    0.000ns
  Clock Uncertainty:      0.152ns  ((TSJ^2 + TIJ^2)^1/2 + DJ) / 2 + PE
    Total System Jitter     (TSJ):    0.050ns
    Total Input Jitter      (TIJ):    0.300ns
    Discrete Jitter          (DJ):    0.000ns
    Phase Error              (PE):    0.000ns
  Timing Exception:       False Path

    Location             Delay type                Incr(ns)  Path(ns)    Netlist Resource(s)
  -------------------------------------------------------------------    -------------------
    T20                                               0.000     0.000 r  leds_16bits_tri_io[3] (INOUT)
                         net (fo=1, unset)            0.000     0.000    leds_16bits_tri_iobuf_3/IO
    T20                  IBUF (Prop_ibuf_I_O)         1.483     1.483 r  leds_16bits_tri_iobuf_3/IBUF/O
                         net (fo=1, routed)           2.422     3.905    PS_Block_i/axi_gpio_0/U0/gpio_core_1/Not_Dual.INPUT_DOUBLE_REGS3/gpio_io_i[3]
    SLICE_X15Y35         FDRE                                         r  PS_Block_i/axi_gpio_0/U0/gpio_core_1/Not_Dual.INPUT_DOUBLE_REGS3/GENERATE_LEVEL_P_S_CDC.MULTI_BIT.FOR_IN_cdc_to[3].CROSS2_PLEVEL_IN2SCNDRY_IN_cdc_to/D
  -------------------------------------------------------------------    -------------------

                         (clock clk_fpga_0 rise edge)
                                                      0.000     0.000 r  
    PS7_X0Y0             PS7                          0.000     0.000 r  PS_Block_i/processing_system7_0/inst/PS7_i/FCLKCLK[0]
                         net (fo=1, routed)           1.666     1.666    PS_Block_i/processing_system7_0/inst/FCLK_CLK_unbuffered[0]
    BUFGCTRL_X0Y16       BUFG (Prop_bufg_I_O)         0.091     1.757 r  PS_Block_i/processing_system7_0/inst/buffer_fclk_clk_0.FCLK_CLK_0_BUFG/O
                         net (fo=1025, routed)        1.499     3.257    PS_Block_i/axi_gpio_0/U0/gpio_core_1/Not_Dual.INPUT_DOUBLE_REGS3/s_axi_aclk
    SLICE_X15Y35         FDRE                                         r  PS_Block_i/axi_gpio_0/U0/gpio_core_1/Not_Dual.INPUT_DOUBLE_REGS3/GENERATE_LEVEL_P_S_CDC.MULTI_BIT.FOR_IN_cdc_to[3].CROSS2_PLEVEL_IN2SCNDRY_IN_cdc_to/C

Slack:                    inf
  Source:                 leds_16bits_tri_io[7]
                            (input port)
  Destination:            PS_Block_i/axi_gpio_0/U0/gpio_core_1/Not_Dual.INPUT_DOUBLE_REGS3/GENERATE_LEVEL_P_S_CDC.MULTI_BIT.FOR_IN_cdc_to[7].CROSS2_PLEVEL_IN2SCNDRY_IN_cdc_to/D
                            (rising edge-triggered cell FDRE clocked by clk_fpga_0  {rise@0.000ns fall@5.000ns period=10.000ns})
  Path Group:             (none)
  Path Type:              Setup (Max at Slow Process Corner)
  Data Path Delay:        3.891ns  (logic 1.492ns (38.345%)  route 2.399ns (61.655%))
  Logic Levels:           1  (IBUF=1)
  Clock Path Skew:        3.256ns (DCD - SCD + CPR)
    Destination Clock Delay (DCD):    3.256ns
    Source Clock Delay      (SCD):    0.000ns
    Clock Pessimism Removal (CPR):    0.000ns
  Clock Uncertainty:      0.152ns  ((TSJ^2 + TIJ^2)^1/2 + DJ) / 2 + PE
    Total System Jitter     (TSJ):    0.050ns
    Total Input Jitter      (TIJ):    0.300ns
    Discrete Jitter          (DJ):    0.000ns
    Phase Error              (PE):    0.000ns
  Timing Exception:       False Path

    Location             Delay type                Incr(ns)  Path(ns)    Netlist Resource(s)
  -------------------------------------------------------------------    -------------------
    W20                                               0.000     0.000 r  leds_16bits_tri_io[7] (INOUT)
                         net (fo=1, unset)            0.000     0.000    leds_16bits_tri_iobuf_7/IO
    W20                  IBUF (Prop_ibuf_I_O)         1.492     1.492 r  leds_16bits_tri_iobuf_7/IBUF/O
                         net (fo=1, routed)           2.399     3.891    PS_Block_i/axi_gpio_0/U0/gpio_core_1/Not_Dual.INPUT_DOUBLE_REGS3/gpio_io_i[7]
    SLICE_X16Y35         FDRE                                         r  PS_Block_i/axi_gpio_0/U0/gpio_core_1/Not_Dual.INPUT_DOUBLE_REGS3/GENERATE_LEVEL_P_S_CDC.MULTI_BIT.FOR_IN_cdc_to[7].CROSS2_PLEVEL_IN2SCNDRY_IN_cdc_to/D
  -------------------------------------------------------------------    -------------------

                         (clock clk_fpga_0 rise edge)
                                                      0.000     0.000 r  
    PS7_X0Y0             PS7                          0.000     0.000 r  PS_Block_i/processing_system7_0/inst/PS7_i/FCLKCLK[0]
                         net (fo=1, routed)           1.666     1.666    PS_Block_i/processing_system7_0/inst/FCLK_CLK_unbuffered[0]
    BUFGCTRL_X0Y16       BUFG (Prop_bufg_I_O)         0.091     1.757 r  PS_Block_i/processing_system7_0/inst/buffer_fclk_clk_0.FCLK_CLK_0_BUFG/O
                         net (fo=1025, routed)        1.498     3.256    PS_Block_i/axi_gpio_0/U0/gpio_core_1/Not_Dual.INPUT_DOUBLE_REGS3/s_axi_aclk
    SLICE_X16Y35         FDRE                                         r  PS_Block_i/axi_gpio_0/U0/gpio_core_1/Not_Dual.INPUT_DOUBLE_REGS3/GENERATE_LEVEL_P_S_CDC.MULTI_BIT.FOR_IN_cdc_to[7].CROSS2_PLEVEL_IN2SCNDRY_IN_cdc_to/C

Slack:                    inf
  Source:                 leds_16bits_tri_io[6]
                            (input port)
  Destination:            PS_Block_i/axi_gpio_0/U0/gpio_core_1/Not_Dual.INPUT_DOUBLE_REGS3/GENERATE_LEVEL_P_S_CDC.MULTI_BIT.FOR_IN_cdc_to[6].CROSS2_PLEVEL_IN2SCNDRY_IN_cdc_to/D
                            (rising edge-triggered cell FDRE clocked by clk_fpga_0  {rise@0.000ns fall@5.000ns period=10.000ns})
  Path Group:             (none)
  Path Type:              Setup (Max at Slow Process Corner)
  Data Path Delay:        3.835ns  (logic 1.490ns (38.853%)  route 2.345ns (61.147%))
  Logic Levels:           1  (IBUF=1)
  Clock Path Skew:        3.254ns (DCD - SCD + CPR)
    Destination Clock Delay (DCD):    3.254ns
    Source Clock Delay      (SCD):    0.000ns
    Clock Pessimism Removal (CPR):    0.000ns
  Clock Uncertainty:      0.152ns  ((TSJ^2 + TIJ^2)^1/2 + DJ) / 2 + PE
    Total System Jitter     (TSJ):    0.050ns
    Total Input Jitter      (TIJ):    0.300ns
    Discrete Jitter          (DJ):    0.000ns
    Phase Error              (PE):    0.000ns
  Timing Exception:       False Path

    Location             Delay type                Incr(ns)  Path(ns)    Netlist Resource(s)
  -------------------------------------------------------------------    -------------------
    V20                                               0.000     0.000 r  leds_16bits_tri_io[6] (INOUT)
                         net (fo=1, unset)            0.000     0.000    leds_16bits_tri_iobuf_6/IO
    V20                  IBUF (Prop_ibuf_I_O)         1.490     1.490 r  leds_16bits_tri_iobuf_6/IBUF/O
                         net (fo=1, routed)           2.345     3.835    PS_Block_i/axi_gpio_0/U0/gpio_core_1/Not_Dual.INPUT_DOUBLE_REGS3/gpio_io_i[6]
    SLICE_X14Y32         FDRE                                         r  PS_Block_i/axi_gpio_0/U0/gpio_core_1/Not_Dual.INPUT_DOUBLE_REGS3/GENERATE_LEVEL_P_S_CDC.MULTI_BIT.FOR_IN_cdc_to[6].CROSS2_PLEVEL_IN2SCNDRY_IN_cdc_to/D
  -------------------------------------------------------------------    -------------------

                         (clock clk_fpga_0 rise edge)
                                                      0.000     0.000 r  
    PS7_X0Y0             PS7                          0.000     0.000 r  PS_Block_i/processing_system7_0/inst/PS7_i/FCLKCLK[0]
                         net (fo=1, routed)           1.666     1.666    PS_Block_i/processing_system7_0/inst/FCLK_CLK_unbuffered[0]
    BUFGCTRL_X0Y16       BUFG (Prop_bufg_I_O)         0.091     1.757 r  PS_Block_i/processing_system7_0/inst/buffer_fclk_clk_0.FCLK_CLK_0_BUFG/O
                         net (fo=1025, routed)        1.496     3.254    PS_Block_i/axi_gpio_0/U0/gpio_core_1/Not_Dual.INPUT_DOUBLE_REGS3/s_axi_aclk
    SLICE_X14Y32         FDRE                                         r  PS_Block_i/axi_gpio_0/U0/gpio_core_1/Not_Dual.INPUT_DOUBLE_REGS3/GENERATE_LEVEL_P_S_CDC.MULTI_BIT.FOR_IN_cdc_to[6].CROSS2_PLEVEL_IN2SCNDRY_IN_cdc_to/C

Slack:                    inf
  Source:                 leds_16bits_tri_io[12]
                            (input port)
  Destination:            PS_Block_i/axi_gpio_0/U0/gpio_core_1/Not_Dual.INPUT_DOUBLE_REGS3/GENERATE_LEVEL_P_S_CDC.MULTI_BIT.FOR_IN_cdc_to[12].CROSS2_PLEVEL_IN2SCNDRY_IN_cdc_to/D
                            (rising edge-triggered cell FDRE clocked by clk_fpga_0  {rise@0.000ns fall@5.000ns period=10.000ns})
  Path Group:             (none)
  Path Type:              Setup (Max at Slow Process Corner)
  Data Path Delay:        3.764ns  (logic 1.498ns (39.803%)  route 2.266ns (60.197%))
  Logic Levels:           1  (IBUF=1)
  Clock Path Skew:        3.256ns (DCD - SCD + CPR)
    Destination Clock Delay (DCD):    3.256ns
    Source Clock Delay      (SCD):    0.000ns
    Clock Pessimism Removal (CPR):    0.000ns
  Clock Uncertainty:      0.152ns  ((TSJ^2 + TIJ^2)^1/2 + DJ) / 2 + PE
    Total System Jitter     (TSJ):    0.050ns
    Total Input Jitter      (TIJ):    0.300ns
    Discrete Jitter          (DJ):    0.000ns
    Phase Error              (PE):    0.000ns
  Timing Exception:       False Path

    Location             Delay type                Incr(ns)  Path(ns)    Netlist Resource(s)
  -------------------------------------------------------------------    -------------------
    Y18                                               0.000     0.000 r  leds_16bits_tri_io[12] (INOUT)
                         net (fo=1, unset)            0.000     0.000    leds_16bits_tri_iobuf_12/IO
    Y18                  IBUF (Prop_ibuf_I_O)         1.498     1.498 r  leds_16bits_tri_iobuf_12/IBUF/O
                         net (fo=1, routed)           2.266     3.764    PS_Block_i/axi_gpio_0/U0/gpio_core_1/Not_Dual.INPUT_DOUBLE_REGS3/gpio_io_i[12]
    SLICE_X19Y36         FDRE                                         r  PS_Block_i/axi_gpio_0/U0/gpio_core_1/Not_Dual.INPUT_DOUBLE_REGS3/GENERATE_LEVEL_P_S_CDC.MULTI_BIT.FOR_IN_cdc_to[12].CROSS2_PLEVEL_IN2SCNDRY_IN_cdc_to/D
  -------------------------------------------------------------------    -------------------

                         (clock clk_fpga_0 rise edge)
                                                      0.000     0.000 r  
    PS7_X0Y0             PS7                          0.000     0.000 r  PS_Block_i/processing_system7_0/inst/PS7_i/FCLKCLK[0]
                         net (fo=1, routed)           1.666     1.666    PS_Block_i/processing_system7_0/inst/FCLK_CLK_unbuffered[0]
    BUFGCTRL_X0Y16       BUFG (Prop_bufg_I_O)         0.091     1.757 r  PS_Block_i/processing_system7_0/inst/buffer_fclk_clk_0.FCLK_CLK_0_BUFG/O
                         net (fo=1025, routed)        1.498     3.256    PS_Block_i/axi_gpio_0/U0/gpio_core_1/Not_Dual.INPUT_DOUBLE_REGS3/s_axi_aclk
    SLICE_X19Y36         FDRE                                         r  PS_Block_i/axi_gpio_0/U0/gpio_core_1/Not_Dual.INPUT_DOUBLE_REGS3/GENERATE_LEVEL_P_S_CDC.MULTI_BIT.FOR_IN_cdc_to[12].CROSS2_PLEVEL_IN2SCNDRY_IN_cdc_to/C





Min Delay Paths
--------------------------------------------------------------------------------------
Slack:                    inf
  Source:                 PS_Block_i/processing_system7_0/inst/PS7_i/FCLKRESETN[0]
                            (internal pin)
  Destination:            PS_Block_i/rst_ps7_0_100M/U0/EXT_LPF/ACTIVE_LOW_EXT.ACT_LO_EXT/GENERATE_LEVEL_P_S_CDC.SINGLE_BIT.CROSS_PLEVEL_IN2SCNDRY_IN_cdc_to/D
                            (rising edge-triggered cell FDRE clocked by clk_fpga_0  {rise@0.000ns fall@5.000ns period=10.000ns})
  Path Group:             (none)
  Path Type:              Hold (Min at Fast Process Corner)
  Data Path Delay:        0.694ns  (logic 0.045ns (6.480%)  route 0.649ns (93.520%))
  Logic Levels:           1  (LUT1=1)
  Clock Uncertainty:      0.152ns  ((TSJ^2 + TIJ^2)^1/2 + DJ) / 2 + PE
    Total System Jitter     (TSJ):    0.050ns
    Total Input Jitter      (TIJ):    0.300ns
    Discrete Jitter          (DJ):    0.000ns
    Phase Error              (PE):    0.000ns
  Timing Exception:       False Path

    Location             Delay type                Incr(ns)  Path(ns)    Netlist Resource(s)
  -------------------------------------------------------------------    -------------------
    PS7_X0Y0             PS7                          0.000     0.000 f  PS_Block_i/processing_system7_0/inst/PS7_i/FCLKRESETN[0]
                         net (fo=1, routed)           0.649     0.649    PS_Block_i/rst_ps7_0_100M/U0/EXT_LPF/ACTIVE_LOW_EXT.ACT_LO_EXT/ext_reset_in
    SLICE_X19Y40         LUT1 (Prop_lut1_I0_O)        0.045     0.694 r  PS_Block_i/rst_ps7_0_100M/U0/EXT_LPF/ACTIVE_LOW_EXT.ACT_LO_EXT/GENERATE_LEVEL_P_S_CDC.SINGLE_BIT.CROSS_PLEVEL_IN2SCNDRY_IN_cdc_to_i_1/O
                         net (fo=1, routed)           0.000     0.694    PS_Block_i/rst_ps7_0_100M/U0/EXT_LPF/ACTIVE_LOW_EXT.ACT_LO_EXT/exr_d1
    SLICE_X19Y40         FDRE                                         r  PS_Block_i/rst_ps7_0_100M/U0/EXT_LPF/ACTIVE_LOW_EXT.ACT_LO_EXT/GENERATE_LEVEL_P_S_CDC.SINGLE_BIT.CROSS_PLEVEL_IN2SCNDRY_IN_cdc_to/D
  -------------------------------------------------------------------    -------------------

                         (clock clk_fpga_0 rise edge)
                                                      0.000     0.000 r  
    PS7_X0Y0             PS7                          0.000     0.000 r  PS_Block_i/processing_system7_0/inst/PS7_i/FCLKCLK[0]
                         net (fo=1, routed)           0.919     0.919    PS_Block_i/processing_system7_0/inst/FCLK_CLK_unbuffered[0]
    BUFGCTRL_X0Y16       BUFG (Prop_bufg_I_O)         0.029     0.948 r  PS_Block_i/processing_system7_0/inst/buffer_fclk_clk_0.FCLK_CLK_0_BUFG/O
                         net (fo=1025, routed)        0.832     1.780    PS_Block_i/rst_ps7_0_100M/U0/EXT_LPF/ACTIVE_LOW_EXT.ACT_LO_EXT/slowest_sync_clk
    SLICE_X19Y40         FDRE                                         r  PS_Block_i/rst_ps7_0_100M/U0/EXT_LPF/ACTIVE_LOW_EXT.ACT_LO_EXT/GENERATE_LEVEL_P_S_CDC.SINGLE_BIT.CROSS_PLEVEL_IN2SCNDRY_IN_cdc_to/C

Slack:                    inf
  Source:                 leds_16bits_tri_io[5]
                            (input port)
  Destination:            PS_Block_i/axi_gpio_0/U0/gpio_core_1/Not_Dual.INPUT_DOUBLE_REGS3/GENERATE_LEVEL_P_S_CDC.MULTI_BIT.FOR_IN_cdc_to[5].CROSS2_PLEVEL_IN2SCNDRY_IN_cdc_to/D
                            (rising edge-triggered cell FDRE clocked by clk_fpga_0  {rise@0.000ns fall@5.000ns period=10.000ns})
  Path Group:             (none)
  Path Type:              Hold (Min at Fast Process Corner)
  Data Path Delay:        1.077ns  (logic 0.287ns (26.671%)  route 0.789ns (73.329%))
  Logic Levels:           1  (IBUF=1)
  Clock Path Skew:        1.779ns (DCD - SCD - CPR)
    Destination Clock Delay (DCD):    1.779ns
    Source Clock Delay      (SCD):    0.000ns
    Clock Pessimism Removal (CPR):    -0.000ns
  Timing Exception:       False Path

    Location             Delay type                Incr(ns)  Path(ns)    Netlist Resource(s)
  -------------------------------------------------------------------    -------------------
    U13                                               0.000     0.000 r  leds_16bits_tri_io[5] (INOUT)
                         net (fo=1, unset)            0.000     0.000    leds_16bits_tri_iobuf_5/IO
    U13                  IBUF (Prop_ibuf_I_O)         0.287     0.287 r  leds_16bits_tri_iobuf_5/IBUF/O
                         net (fo=1, routed)           0.789     1.077    PS_Block_i/axi_gpio_0/U0/gpio_core_1/Not_Dual.INPUT_DOUBLE_REGS3/gpio_io_i[5]
    SLICE_X20Y42         FDRE                                         r  PS_Block_i/axi_gpio_0/U0/gpio_core_1/Not_Dual.INPUT_DOUBLE_REGS3/GENERATE_LEVEL_P_S_CDC.MULTI_BIT.FOR_IN_cdc_to[5].CROSS2_PLEVEL_IN2SCNDRY_IN_cdc_to/D
  -------------------------------------------------------------------    -------------------

                         (clock clk_fpga_0 rise edge)
                                                      0.000     0.000 r  
    PS7_X0Y0             PS7                          0.000     0.000 r  PS_Block_i/processing_system7_0/inst/PS7_i/FCLKCLK[0]
                         net (fo=1, routed)           0.919     0.919    PS_Block_i/processing_system7_0/inst/FCLK_CLK_unbuffered[0]
    BUFGCTRL_X0Y16       BUFG (Prop_bufg_I_O)         0.029     0.948 r  PS_Block_i/processing_system7_0/inst/buffer_fclk_clk_0.FCLK_CLK_0_BUFG/O
                         net (fo=1025, routed)        0.831     1.779    PS_Block_i/axi_gpio_0/U0/gpio_core_1/Not_Dual.INPUT_DOUBLE_REGS3/s_axi_aclk
    SLICE_X20Y42         FDRE                                         r  PS_Block_i/axi_gpio_0/U0/gpio_core_1/Not_Dual.INPUT_DOUBLE_REGS3/GENERATE_LEVEL_P_S_CDC.MULTI_BIT.FOR_IN_cdc_to[5].CROSS2_PLEVEL_IN2SCNDRY_IN_cdc_to/C

Slack:                    inf
  Source:                 leds_16bits_tri_io[2]
                            (input port)
  Destination:            PS_Block_i/axi_gpio_0/U0/gpio_core_1/Not_Dual.INPUT_DOUBLE_REGS3/GENERATE_LEVEL_P_S_CDC.MULTI_BIT.FOR_IN_cdc_to[2].CROSS2_PLEVEL_IN2SCNDRY_IN_cdc_to/D
                            (rising edge-triggered cell FDRE clocked by clk_fpga_0  {rise@0.000ns fall@5.000ns period=10.000ns})
  Path Group:             (none)
  Path Type:              Hold (Min at Fast Process Corner)
  Data Path Delay:        1.082ns  (logic 0.265ns (24.491%)  route 0.817ns (75.509%))
  Logic Levels:           1  (IBUF=1)
  Clock Path Skew:        1.778ns (DCD - SCD - CPR)
    Destination Clock Delay (DCD):    1.778ns
    Source Clock Delay      (SCD):    0.000ns
    Clock Pessimism Removal (CPR):    -0.000ns
  Timing Exception:       False Path

    Location             Delay type                Incr(ns)  Path(ns)    Netlist Resource(s)
  -------------------------------------------------------------------    -------------------
    R19                                               0.000     0.000 r  leds_16bits_tri_io[2] (INOUT)
                         net (fo=1, unset)            0.000     0.000    leds_16bits_tri_iobuf_2/IO
    R19                  IBUF (Prop_ibuf_I_O)         0.265     0.265 r  leds_16bits_tri_iobuf_2/IBUF/O
                         net (fo=1, routed)           0.817     1.082    PS_Block_i/axi_gpio_0/U0/gpio_core_1/Not_Dual.INPUT_DOUBLE_REGS3/gpio_io_i[2]
    SLICE_X22Y43         FDRE                                         r  PS_Block_i/axi_gpio_0/U0/gpio_core_1/Not_Dual.INPUT_DOUBLE_REGS3/GENERATE_LEVEL_P_S_CDC.MULTI_BIT.FOR_IN_cdc_to[2].CROSS2_PLEVEL_IN2SCNDRY_IN_cdc_to/D
  -------------------------------------------------------------------    -------------------

                         (clock clk_fpga_0 rise edge)
                                                      0.000     0.000 r  
    PS7_X0Y0             PS7                          0.000     0.000 r  PS_Block_i/processing_system7_0/inst/PS7_i/FCLKCLK[0]
                         net (fo=1, routed)           0.919     0.919    PS_Block_i/processing_system7_0/inst/FCLK_CLK_unbuffered[0]
    BUFGCTRL_X0Y16       BUFG (Prop_bufg_I_O)         0.029     0.948 r  PS_Block_i/processing_system7_0/inst/buffer_fclk_clk_0.FCLK_CLK_0_BUFG/O
                         net (fo=1025, routed)        0.830     1.778    PS_Block_i/axi_gpio_0/U0/gpio_core_1/Not_Dual.INPUT_DOUBLE_REGS3/s_axi_aclk
    SLICE_X22Y43         FDRE                                         r  PS_Block_i/axi_gpio_0/U0/gpio_core_1/Not_Dual.INPUT_DOUBLE_REGS3/GENERATE_LEVEL_P_S_CDC.MULTI_BIT.FOR_IN_cdc_to[2].CROSS2_PLEVEL_IN2SCNDRY_IN_cdc_to/C

Slack:                    inf
  Source:                 leds_16bits_tri_io[15]
                            (input port)
  Destination:            PS_Block_i/axi_gpio_0/U0/gpio_core_1/Not_Dual.INPUT_DOUBLE_REGS3/GENERATE_LEVEL_P_S_CDC.MULTI_BIT.FOR_IN_cdc_to[15].CROSS2_PLEVEL_IN2SCNDRY_IN_cdc_to/D
                            (rising edge-triggered cell FDRE clocked by clk_fpga_0  {rise@0.000ns fall@5.000ns period=10.000ns})
  Path Group:             (none)
  Path Type:              Hold (Min at Fast Process Corner)
  Data Path Delay:        1.122ns  (logic 0.327ns (29.148%)  route 0.795ns (70.852%))
  Logic Levels:           1  (IBUF=1)
  Clock Path Skew:        1.776ns (DCD - SCD - CPR)
    Destination Clock Delay (DCD):    1.776ns
    Source Clock Delay      (SCD):    0.000ns
    Clock Pessimism Removal (CPR):    -0.000ns
  Timing Exception:       False Path

    Location             Delay type                Incr(ns)  Path(ns)    Netlist Resource(s)
  -------------------------------------------------------------------    -------------------
    Y17                                               0.000     0.000 r  leds_16bits_tri_io[15] (INOUT)
                         net (fo=1, unset)            0.000     0.000    leds_16bits_tri_iobuf_15/IO
    Y17                  IBUF (Prop_ibuf_I_O)         0.327     0.327 r  leds_16bits_tri_iobuf_15/IBUF/O
                         net (fo=1, routed)           0.795     1.122    PS_Block_i/axi_gpio_0/U0/gpio_core_1/Not_Dual.INPUT_DOUBLE_REGS3/gpio_io_i[15]
    SLICE_X18Y35         FDRE                                         r  PS_Block_i/axi_gpio_0/U0/gpio_core_1/Not_Dual.INPUT_DOUBLE_REGS3/GENERATE_LEVEL_P_S_CDC.MULTI_BIT.FOR_IN_cdc_to[15].CROSS2_PLEVEL_IN2SCNDRY_IN_cdc_to/D
  -------------------------------------------------------------------    -------------------

                         (clock clk_fpga_0 rise edge)
                                                      0.000     0.000 r  
    PS7_X0Y0             PS7                          0.000     0.000 r  PS_Block_i/processing_system7_0/inst/PS7_i/FCLKCLK[0]
                         net (fo=1, routed)           0.919     0.919    PS_Block_i/processing_system7_0/inst/FCLK_CLK_unbuffered[0]
    BUFGCTRL_X0Y16       BUFG (Prop_bufg_I_O)         0.029     0.948 r  PS_Block_i/processing_system7_0/inst/buffer_fclk_clk_0.FCLK_CLK_0_BUFG/O
                         net (fo=1025, routed)        0.828     1.776    PS_Block_i/axi_gpio_0/U0/gpio_core_1/Not_Dual.INPUT_DOUBLE_REGS3/s_axi_aclk
    SLICE_X18Y35         FDRE                                         r  PS_Block_i/axi_gpio_0/U0/gpio_core_1/Not_Dual.INPUT_DOUBLE_REGS3/GENERATE_LEVEL_P_S_CDC.MULTI_BIT.FOR_IN_cdc_to[15].CROSS2_PLEVEL_IN2SCNDRY_IN_cdc_to/C

Slack:                    inf
  Source:                 btns_4bits_tri_i[1]
                            (input port)
  Destination:            PS_Block_i/axi_gpio_1/U0/gpio_core_1/Not_Dual.INPUT_DOUBLE_REGS3/GENERATE_LEVEL_P_S_CDC.MULTI_BIT.FOR_IN_cdc_to[1].CROSS2_PLEVEL_IN2SCNDRY_IN_cdc_to/D
                            (rising edge-triggered cell FDRE clocked by clk_fpga_0  {rise@0.000ns fall@5.000ns period=10.000ns})
  Path Group:             (none)
  Path Type:              Hold (Min at Fast Process Corner)
  Data Path Delay:        1.148ns  (logic 0.306ns (26.690%)  route 0.842ns (73.310%))
  Logic Levels:           1  (IBUF=1)
  Clock Path Skew:        1.780ns (DCD - SCD - CPR)
    Destination Clock Delay (DCD):    1.780ns
    Source Clock Delay      (SCD):    0.000ns
    Clock Pessimism Removal (CPR):    -0.000ns
  Timing Exception:       False Path

    Location             Delay type                Incr(ns)  Path(ns)    Netlist Resource(s)
  -------------------------------------------------------------------    -------------------
    W13                                               0.000     0.000 r  btns_4bits_tri_i[1] (IN)
                         net (fo=0)                   0.000     0.000    btns_4bits_tri_i[1]
    W13                  IBUF (Prop_ibuf_I_O)         0.306     0.306 r  btns_4bits_tri_i_IBUF[1]_inst/O
                         net (fo=1, routed)           0.842     1.148    PS_Block_i/axi_gpio_1/U0/gpio_core_1/Not_Dual.INPUT_DOUBLE_REGS3/gpio_io_i[1]
    SLICE_X17Y42         FDRE                                         r  PS_Block_i/axi_gpio_1/U0/gpio_core_1/Not_Dual.INPUT_DOUBLE_REGS3/GENERATE_LEVEL_P_S_CDC.MULTI_BIT.FOR_IN_cdc_to[1].CROSS2_PLEVEL_IN2SCNDRY_IN_cdc_to/D
  -------------------------------------------------------------------    -------------------

                         (clock clk_fpga_0 rise edge)
                                                      0.000     0.000 r  
    PS7_X0Y0             PS7                          0.000     0.000 r  PS_Block_i/processing_system7_0/inst/PS7_i/FCLKCLK[0]
                         net (fo=1, routed)           0.919     0.919    PS_Block_i/processing_system7_0/inst/FCLK_CLK_unbuffered[0]
    BUFGCTRL_X0Y16       BUFG (Prop_bufg_I_O)         0.029     0.948 r  PS_Block_i/processing_system7_0/inst/buffer_fclk_clk_0.FCLK_CLK_0_BUFG/O
                         net (fo=1025, routed)        0.832     1.780    PS_Block_i/axi_gpio_1/U0/gpio_core_1/Not_Dual.INPUT_DOUBLE_REGS3/s_axi_aclk
    SLICE_X17Y42         FDRE                                         r  PS_Block_i/axi_gpio_1/U0/gpio_core_1/Not_Dual.INPUT_DOUBLE_REGS3/GENERATE_LEVEL_P_S_CDC.MULTI_BIT.FOR_IN_cdc_to[1].CROSS2_PLEVEL_IN2SCNDRY_IN_cdc_to/C

Slack:                    inf
  Source:                 leds_16bits_tri_io[13]
                            (input port)
  Destination:            PS_Block_i/axi_gpio_0/U0/gpio_core_1/Not_Dual.INPUT_DOUBLE_REGS3/GENERATE_LEVEL_P_S_CDC.MULTI_BIT.FOR_IN_cdc_to[13].CROSS2_PLEVEL_IN2SCNDRY_IN_cdc_to/D
                            (rising edge-triggered cell FDRE clocked by clk_fpga_0  {rise@0.000ns fall@5.000ns period=10.000ns})
  Path Group:             (none)
  Path Type:              Hold (Min at Fast Process Corner)
  Data Path Delay:        1.153ns  (logic 0.352ns (30.533%)  route 0.801ns (69.467%))
  Logic Levels:           1  (IBUF=1)
  Clock Path Skew:        1.774ns (DCD - SCD - CPR)
    Destination Clock Delay (DCD):    1.774ns
    Source Clock Delay      (SCD):    0.000ns
    Clock Pessimism Removal (CPR):    -0.000ns
  Timing Exception:       False Path

    Location             Delay type                Incr(ns)  Path(ns)    Netlist Resource(s)
  -------------------------------------------------------------------    -------------------
    Y14                                               0.000     0.000 r  leds_16bits_tri_io[13] (INOUT)
                         net (fo=1, unset)            0.000     0.000    leds_16bits_tri_iobuf_13/IO
    Y14                  IBUF (Prop_ibuf_I_O)         0.352     0.352 r  leds_16bits_tri_iobuf_13/IBUF/O
                         net (fo=1, routed)           0.801     1.153    PS_Block_i/axi_gpio_0/U0/gpio_core_1/Not_Dual.INPUT_DOUBLE_REGS3/gpio_io_i[13]
    SLICE_X16Y33         FDRE                                         r  PS_Block_i/axi_gpio_0/U0/gpio_core_1/Not_Dual.INPUT_DOUBLE_REGS3/GENERATE_LEVEL_P_S_CDC.MULTI_BIT.FOR_IN_cdc_to[13].CROSS2_PLEVEL_IN2SCNDRY_IN_cdc_to/D
  -------------------------------------------------------------------    -------------------

                         (clock clk_fpga_0 rise edge)
                                                      0.000     0.000 r  
    PS7_X0Y0             PS7                          0.000     0.000 r  PS_Block_i/processing_system7_0/inst/PS7_i/FCLKCLK[0]
                         net (fo=1, routed)           0.919     0.919    PS_Block_i/processing_system7_0/inst/FCLK_CLK_unbuffered[0]
    BUFGCTRL_X0Y16       BUFG (Prop_bufg_I_O)         0.029     0.948 r  PS_Block_i/processing_system7_0/inst/buffer_fclk_clk_0.FCLK_CLK_0_BUFG/O
                         net (fo=1025, routed)        0.826     1.774    PS_Block_i/axi_gpio_0/U0/gpio_core_1/Not_Dual.INPUT_DOUBLE_REGS3/s_axi_aclk
    SLICE_X16Y33         FDRE                                         r  PS_Block_i/axi_gpio_0/U0/gpio_core_1/Not_Dual.INPUT_DOUBLE_REGS3/GENERATE_LEVEL_P_S_CDC.MULTI_BIT.FOR_IN_cdc_to[13].CROSS2_PLEVEL_IN2SCNDRY_IN_cdc_to/C

Slack:                    inf
  Source:                 btns_4bits_tri_i[3]
                            (input port)
  Destination:            PS_Block_i/axi_gpio_1/U0/gpio_core_1/Not_Dual.INPUT_DOUBLE_REGS3/GENERATE_LEVEL_P_S_CDC.MULTI_BIT.FOR_IN_cdc_to[3].CROSS2_PLEVEL_IN2SCNDRY_IN_cdc_to/D
                            (rising edge-triggered cell FDRE clocked by clk_fpga_0  {rise@0.000ns fall@5.000ns period=10.000ns})
  Path Group:             (none)
  Path Type:              Hold (Min at Fast Process Corner)
  Data Path Delay:        1.226ns  (logic 0.244ns (19.915%)  route 0.982ns (80.085%))
  Logic Levels:           1  (IBUF=1)
  Clock Path Skew:        1.782ns (DCD - SCD - CPR)
    Destination Clock Delay (DCD):    1.782ns
    Source Clock Delay      (SCD):    0.000ns
    Clock Pessimism Removal (CPR):    -0.000ns
  Timing Exception:       False Path

    Location             Delay type                Incr(ns)  Path(ns)    Netlist Resource(s)
  -------------------------------------------------------------------    -------------------
    M14                                               0.000     0.000 r  btns_4bits_tri_i[3] (IN)
                         net (fo=0)                   0.000     0.000    btns_4bits_tri_i[3]
    M14                  IBUF (Prop_ibuf_I_O)         0.244     0.244 r  btns_4bits_tri_i_IBUF[3]_inst/O
                         net (fo=1, routed)           0.982     1.226    PS_Block_i/axi_gpio_1/U0/gpio_core_1/Not_Dual.INPUT_DOUBLE_REGS3/gpio_io_i[3]
    SLICE_X14Y48         FDRE                                         r  PS_Block_i/axi_gpio_1/U0/gpio_core_1/Not_Dual.INPUT_DOUBLE_REGS3/GENERATE_LEVEL_P_S_CDC.MULTI_BIT.FOR_IN_cdc_to[3].CROSS2_PLEVEL_IN2SCNDRY_IN_cdc_to/D
  -------------------------------------------------------------------    -------------------

                         (clock clk_fpga_0 rise edge)
                                                      0.000     0.000 r  
    PS7_X0Y0             PS7                          0.000     0.000 r  PS_Block_i/processing_system7_0/inst/PS7_i/FCLKCLK[0]
                         net (fo=1, routed)           0.919     0.919    PS_Block_i/processing_system7_0/inst/FCLK_CLK_unbuffered[0]
    BUFGCTRL_X0Y16       BUFG (Prop_bufg_I_O)         0.029     0.948 r  PS_Block_i/processing_system7_0/inst/buffer_fclk_clk_0.FCLK_CLK_0_BUFG/O
                         net (fo=1025, routed)        0.834     1.782    PS_Block_i/axi_gpio_1/U0/gpio_core_1/Not_Dual.INPUT_DOUBLE_REGS3/s_axi_aclk
    SLICE_X14Y48         FDRE                                         r  PS_Block_i/axi_gpio_1/U0/gpio_core_1/Not_Dual.INPUT_DOUBLE_REGS3/GENERATE_LEVEL_P_S_CDC.MULTI_BIT.FOR_IN_cdc_to[3].CROSS2_PLEVEL_IN2SCNDRY_IN_cdc_to/C

Slack:                    inf
  Source:                 btns_4bits_tri_i[0]
                            (input port)
  Destination:            PS_Block_i/axi_gpio_1/U0/gpio_core_1/Not_Dual.INPUT_DOUBLE_REGS3/GENERATE_LEVEL_P_S_CDC.MULTI_BIT.FOR_IN_cdc_to[0].CROSS2_PLEVEL_IN2SCNDRY_IN_cdc_to/D
                            (rising edge-triggered cell FDRE clocked by clk_fpga_0  {rise@0.000ns fall@5.000ns period=10.000ns})
  Path Group:             (none)
  Path Type:              Hold (Min at Fast Process Corner)
  Data Path Delay:        1.268ns  (logic 0.350ns (27.574%)  route 0.918ns (72.426%))
  Logic Levels:           1  (IBUF=1)
  Clock Path Skew:        1.780ns (DCD - SCD - CPR)
    Destination Clock Delay (DCD):    1.780ns
    Source Clock Delay      (SCD):    0.000ns
    Clock Pessimism Removal (CPR):    -0.000ns
  Timing Exception:       False Path

    Location             Delay type                Incr(ns)  Path(ns)    Netlist Resource(s)
  -------------------------------------------------------------------    -------------------
    W14                                               0.000     0.000 r  btns_4bits_tri_i[0] (IN)
                         net (fo=0)                   0.000     0.000    btns_4bits_tri_i[0]
    W14                  IBUF (Prop_ibuf_I_O)         0.350     0.350 r  btns_4bits_tri_i_IBUF[0]_inst/O
                         net (fo=1, routed)           0.918     1.268    PS_Block_i/axi_gpio_1/U0/gpio_core_1/Not_Dual.INPUT_DOUBLE_REGS3/gpio_io_i[0]
    SLICE_X16Y41         FDRE                                         r  PS_Block_i/axi_gpio_1/U0/gpio_core_1/Not_Dual.INPUT_DOUBLE_REGS3/GENERATE_LEVEL_P_S_CDC.MULTI_BIT.FOR_IN_cdc_to[0].CROSS2_PLEVEL_IN2SCNDRY_IN_cdc_to/D
  -------------------------------------------------------------------    -------------------

                         (clock clk_fpga_0 rise edge)
                                                      0.000     0.000 r  
    PS7_X0Y0             PS7                          0.000     0.000 r  PS_Block_i/processing_system7_0/inst/PS7_i/FCLKCLK[0]
                         net (fo=1, routed)           0.919     0.919    PS_Block_i/processing_system7_0/inst/FCLK_CLK_unbuffered[0]
    BUFGCTRL_X0Y16       BUFG (Prop_bufg_I_O)         0.029     0.948 r  PS_Block_i/processing_system7_0/inst/buffer_fclk_clk_0.FCLK_CLK_0_BUFG/O
                         net (fo=1025, routed)        0.832     1.780    PS_Block_i/axi_gpio_1/U0/gpio_core_1/Not_Dual.INPUT_DOUBLE_REGS3/s_axi_aclk
    SLICE_X16Y41         FDRE                                         r  PS_Block_i/axi_gpio_1/U0/gpio_core_1/Not_Dual.INPUT_DOUBLE_REGS3/GENERATE_LEVEL_P_S_CDC.MULTI_BIT.FOR_IN_cdc_to[0].CROSS2_PLEVEL_IN2SCNDRY_IN_cdc_to/C

Slack:                    inf
  Source:                 leds_16bits_tri_io[0]
                            (input port)
  Destination:            PS_Block_i/axi_gpio_0/U0/gpio_core_1/Not_Dual.INPUT_DOUBLE_REGS3/GENERATE_LEVEL_P_S_CDC.MULTI_BIT.FOR_IN_cdc_to[0].CROSS2_PLEVEL_IN2SCNDRY_IN_cdc_to/D
                            (rising edge-triggered cell FDRE clocked by clk_fpga_0  {rise@0.000ns fall@5.000ns period=10.000ns})
  Path Group:             (none)
  Path Type:              Hold (Min at Fast Process Corner)
  Data Path Delay:        1.278ns  (logic 0.262ns (20.471%)  route 1.017ns (79.529%))
  Logic Levels:           1  (IBUF=1)
  Clock Path Skew:        1.775ns (DCD - SCD - CPR)
    Destination Clock Delay (DCD):    1.775ns
    Source Clock Delay      (SCD):    0.000ns
    Clock Pessimism Removal (CPR):    -0.000ns
  Timing Exception:       False Path

    Location             Delay type                Incr(ns)  Path(ns)    Netlist Resource(s)
  -------------------------------------------------------------------    -------------------
    N20                                               0.000     0.000 r  leds_16bits_tri_io[0] (INOUT)
                         net (fo=1, unset)            0.000     0.000    leds_16bits_tri_iobuf_0/IO
    N20                  IBUF (Prop_ibuf_I_O)         0.262     0.262 r  leds_16bits_tri_iobuf_0/IBUF/O
                         net (fo=1, routed)           1.017     1.278    PS_Block_i/axi_gpio_0/U0/gpio_core_1/Not_Dual.INPUT_DOUBLE_REGS3/gpio_io_i[0]
    SLICE_X18Y34         FDRE                                         r  PS_Block_i/axi_gpio_0/U0/gpio_core_1/Not_Dual.INPUT_DOUBLE_REGS3/GENERATE_LEVEL_P_S_CDC.MULTI_BIT.FOR_IN_cdc_to[0].CROSS2_PLEVEL_IN2SCNDRY_IN_cdc_to/D
  -------------------------------------------------------------------    -------------------

                         (clock clk_fpga_0 rise edge)
                                                      0.000     0.000 r  
    PS7_X0Y0             PS7                          0.000     0.000 r  PS_Block_i/processing_system7_0/inst/PS7_i/FCLKCLK[0]
                         net (fo=1, routed)           0.919     0.919    PS_Block_i/processing_system7_0/inst/FCLK_CLK_unbuffered[0]
    BUFGCTRL_X0Y16       BUFG (Prop_bufg_I_O)         0.029     0.948 r  PS_Block_i/processing_system7_0/inst/buffer_fclk_clk_0.FCLK_CLK_0_BUFG/O
                         net (fo=1025, routed)        0.827     1.775    PS_Block_i/axi_gpio_0/U0/gpio_core_1/Not_Dual.INPUT_DOUBLE_REGS3/s_axi_aclk
    SLICE_X18Y34         FDRE                                         r  PS_Block_i/axi_gpio_0/U0/gpio_core_1/Not_Dual.INPUT_DOUBLE_REGS3/GENERATE_LEVEL_P_S_CDC.MULTI_BIT.FOR_IN_cdc_to[0].CROSS2_PLEVEL_IN2SCNDRY_IN_cdc_to/C

Slack:                    inf
  Source:                 leds_16bits_tri_io[14]
                            (input port)
  Destination:            PS_Block_i/axi_gpio_0/U0/gpio_core_1/Not_Dual.INPUT_DOUBLE_REGS3/GENERATE_LEVEL_P_S_CDC.MULTI_BIT.FOR_IN_cdc_to[14].CROSS2_PLEVEL_IN2SCNDRY_IN_cdc_to/D
                            (rising edge-triggered cell FDRE clocked by clk_fpga_0  {rise@0.000ns fall@5.000ns period=10.000ns})
  Path Group:             (none)
  Path Type:              Hold (Min at Fast Process Corner)
  Data Path Delay:        1.296ns  (logic 0.334ns (25.756%)  route 0.963ns (74.244%))
  Logic Levels:           1  (IBUF=1)
  Clock Path Skew:        1.779ns (DCD - SCD - CPR)
    Destination Clock Delay (DCD):    1.779ns
    Source Clock Delay      (SCD):    0.000ns
    Clock Pessimism Removal (CPR):    -0.000ns
  Timing Exception:       False Path

    Location             Delay type                Incr(ns)  Path(ns)    Netlist Resource(s)
  -------------------------------------------------------------------    -------------------
    Y16                                               0.000     0.000 r  leds_16bits_tri_io[14] (INOUT)
                         net (fo=1, unset)            0.000     0.000    leds_16bits_tri_iobuf_14/IO
    Y16                  IBUF (Prop_ibuf_I_O)         0.334     0.334 r  leds_16bits_tri_iobuf_14/IBUF/O
                         net (fo=1, routed)           0.963     1.296    PS_Block_i/axi_gpio_0/U0/gpio_core_1/Not_Dual.INPUT_DOUBLE_REGS3/gpio_io_i[14]
    SLICE_X15Y39         FDRE                                         r  PS_Block_i/axi_gpio_0/U0/gpio_core_1/Not_Dual.INPUT_DOUBLE_REGS3/GENERATE_LEVEL_P_S_CDC.MULTI_BIT.FOR_IN_cdc_to[14].CROSS2_PLEVEL_IN2SCNDRY_IN_cdc_to/D
  -------------------------------------------------------------------    -------------------

                         (clock clk_fpga_0 rise edge)
                                                      0.000     0.000 r  
    PS7_X0Y0             PS7                          0.000     0.000 r  PS_Block_i/processing_system7_0/inst/PS7_i/FCLKCLK[0]
                         net (fo=1, routed)           0.919     0.919    PS_Block_i/processing_system7_0/inst/FCLK_CLK_unbuffered[0]
    BUFGCTRL_X0Y16       BUFG (Prop_bufg_I_O)         0.029     0.948 r  PS_Block_i/processing_system7_0/inst/buffer_fclk_clk_0.FCLK_CLK_0_BUFG/O
                         net (fo=1025, routed)        0.831     1.779    PS_Block_i/axi_gpio_0/U0/gpio_core_1/Not_Dual.INPUT_DOUBLE_REGS3/s_axi_aclk
    SLICE_X15Y39         FDRE                                         r  PS_Block_i/axi_gpio_0/U0/gpio_core_1/Not_Dual.INPUT_DOUBLE_REGS3/GENERATE_LEVEL_P_S_CDC.MULTI_BIT.FOR_IN_cdc_to[14].CROSS2_PLEVEL_IN2SCNDRY_IN_cdc_to/C





--------------------------------------------------------------------------------------
Path Group:  (none)
From Clock:  clk_fpga_0
  To Clock:  

Max Delay            16 Endpoints
Min Delay            16 Endpoints
--------------------------------------------------------------------------------------


Max Delay Paths
--------------------------------------------------------------------------------------
Slack:                    inf
  Source:                 PS_Block_i/axi_gpio_0/U0/gpio_core_1/Not_Dual.gpio_Data_Out_reg[7]/C
                            (rising edge-triggered cell FDRE clocked by clk_fpga_0  {rise@0.000ns fall@5.000ns period=10.000ns})
  Destination:            leds_16bits_tri_io[8]
                            (output port)
  Path Group:             (none)
  Path Type:              Max at Slow Process Corner
  Data Path Delay:        8.016ns  (logic 3.982ns (49.677%)  route 4.034ns (50.323%))
  Logic Levels:           1  (OBUFT=1)
  Clock Uncertainty:      0.152ns  ((TSJ^2 + TIJ^2)^1/2 + DJ) / 2 + PE
    Total System Jitter     (TSJ):    0.050ns
    Total Input Jitter      (TIJ):    0.300ns
    Discrete Jitter          (DJ):    0.000ns
    Phase Error              (PE):    0.000ns

    Location             Delay type                Incr(ns)  Path(ns)    Netlist Resource(s)
  -------------------------------------------------------------------    -------------------
                         (clock clk_fpga_0 rise edge)
                                                      0.000     0.000 r  
    PS7_X0Y0             PS7                          0.000     0.000 r  PS_Block_i/processing_system7_0/inst/PS7_i/FCLKCLK[0]
                         net (fo=1, routed)           1.938     1.938    PS_Block_i/processing_system7_0/inst/FCLK_CLK_unbuffered[0]
    BUFGCTRL_X0Y16       BUFG (Prop_bufg_I_O)         0.101     2.039 r  PS_Block_i/processing_system7_0/inst/buffer_fclk_clk_0.FCLK_CLK_0_BUFG/O
                         net (fo=1025, routed)        1.681     3.720    PS_Block_i/axi_gpio_0/U0/gpio_core_1/s_axi_aclk
    SLICE_X13Y38         FDRE                                         r  PS_Block_i/axi_gpio_0/U0/gpio_core_1/Not_Dual.gpio_Data_Out_reg[7]/C
  -------------------------------------------------------------------    -------------------
    SLICE_X13Y38         FDRE (Prop_fdre_C_Q)         0.456     4.176 r  PS_Block_i/axi_gpio_0/U0/gpio_core_1/Not_Dual.gpio_Data_Out_reg[7]/Q
                         net (fo=2, routed)           4.034     8.210    leds_16bits_tri_iobuf_8/I
    W19                  OBUFT (Prop_obuft_I_O)       3.526    11.737 r  leds_16bits_tri_iobuf_8/OBUFT/O
                         net (fo=1, unset)            0.000    11.737    leds_16bits_tri_io[8]
    W19                                                               r  leds_16bits_tri_io[8] (INOUT)
  -------------------------------------------------------------------    -------------------

Slack:                    inf
  Source:                 PS_Block_i/axi_gpio_0/U0/gpio_core_1/Not_Dual.gpio_Data_Out_reg[11]/C
                            (rising edge-triggered cell FDRE clocked by clk_fpga_0  {rise@0.000ns fall@5.000ns period=10.000ns})
  Destination:            leds_16bits_tri_io[4]
                            (output port)
  Path Group:             (none)
  Path Type:              Max at Slow Process Corner
  Data Path Delay:        7.851ns  (logic 4.038ns (51.430%)  route 3.813ns (48.570%))
  Logic Levels:           1  (OBUFT=1)
  Clock Uncertainty:      0.152ns  ((TSJ^2 + TIJ^2)^1/2 + DJ) / 2 + PE
    Total System Jitter     (TSJ):    0.050ns
    Total Input Jitter      (TIJ):    0.300ns
    Discrete Jitter          (DJ):    0.000ns
    Phase Error              (PE):    0.000ns

    Location             Delay type                Incr(ns)  Path(ns)    Netlist Resource(s)
  -------------------------------------------------------------------    -------------------
                         (clock clk_fpga_0 rise edge)
                                                      0.000     0.000 r  
    PS7_X0Y0             PS7                          0.000     0.000 r  PS_Block_i/processing_system7_0/inst/PS7_i/FCLKCLK[0]
                         net (fo=1, routed)           1.938     1.938    PS_Block_i/processing_system7_0/inst/FCLK_CLK_unbuffered[0]
    BUFGCTRL_X0Y16       BUFG (Prop_bufg_I_O)         0.101     2.039 r  PS_Block_i/processing_system7_0/inst/buffer_fclk_clk_0.FCLK_CLK_0_BUFG/O
                         net (fo=1025, routed)        1.675     3.714    PS_Block_i/axi_gpio_0/U0/gpio_core_1/s_axi_aclk
    SLICE_X16Y39         FDRE                                         r  PS_Block_i/axi_gpio_0/U0/gpio_core_1/Not_Dual.gpio_Data_Out_reg[11]/C
  -------------------------------------------------------------------    -------------------
    SLICE_X16Y39         FDRE (Prop_fdre_C_Q)         0.518     4.232 r  PS_Block_i/axi_gpio_0/U0/gpio_core_1/Not_Dual.gpio_Data_Out_reg[11]/Q
                         net (fo=2, routed)           3.813     8.045    leds_16bits_tri_iobuf_4/I
    T19                  OBUFT (Prop_obuft_I_O)       3.520    11.565 r  leds_16bits_tri_iobuf_4/OBUFT/O
                         net (fo=1, unset)            0.000    11.565    leds_16bits_tri_io[4]
    T19                                                               r  leds_16bits_tri_io[4] (INOUT)
  -------------------------------------------------------------------    -------------------

Slack:                    inf
  Source:                 PS_Block_i/axi_gpio_0/U0/gpio_core_1/Not_Dual.gpio_OE_reg[5]/C
                            (rising edge-triggered cell FDSE clocked by clk_fpga_0  {rise@0.000ns fall@5.000ns period=10.000ns})
  Destination:            leds_16bits_tri_io[10]
                            (output port)
  Path Group:             (none)
  Path Type:              Max at Slow Process Corner
  Data Path Delay:        7.776ns  (logic 4.193ns (53.923%)  route 3.583ns (46.077%))
  Logic Levels:           1  (OBUFT=1)
  Clock Uncertainty:      0.152ns  ((TSJ^2 + TIJ^2)^1/2 + DJ) / 2 + PE
    Total System Jitter     (TSJ):    0.050ns
    Total Input Jitter      (TIJ):    0.300ns
    Discrete Jitter          (DJ):    0.000ns
    Phase Error              (PE):    0.000ns

    Location             Delay type                Incr(ns)  Path(ns)    Netlist Resource(s)
  -------------------------------------------------------------------    -------------------
                         (clock clk_fpga_0 rise edge)
                                                      0.000     0.000 r  
    PS7_X0Y0             PS7                          0.000     0.000 r  PS_Block_i/processing_system7_0/inst/PS7_i/FCLKCLK[0]
                         net (fo=1, routed)           1.938     1.938    PS_Block_i/processing_system7_0/inst/FCLK_CLK_unbuffered[0]
    BUFGCTRL_X0Y16       BUFG (Prop_bufg_I_O)         0.101     2.039 r  PS_Block_i/processing_system7_0/inst/buffer_fclk_clk_0.FCLK_CLK_0_BUFG/O
                         net (fo=1025, routed)        1.674     3.713    PS_Block_i/axi_gpio_0/U0/gpio_core_1/s_axi_aclk
    SLICE_X16Y38         FDSE                                         r  PS_Block_i/axi_gpio_0/U0/gpio_core_1/Not_Dual.gpio_OE_reg[5]/C
  -------------------------------------------------------------------    -------------------
    SLICE_X16Y38         FDSE (Prop_fdse_C_Q)         0.478     4.191 f  PS_Block_i/axi_gpio_0/U0/gpio_core_1/Not_Dual.gpio_OE_reg[5]/Q
                         net (fo=3, routed)           3.583     7.774    leds_16bits_tri_iobuf_10/T
    W18                  OBUFT (TriStatE_obuft_T_O)
                                                      3.715    11.489 r  leds_16bits_tri_iobuf_10/OBUFT/O
                         net (fo=1, unset)            0.000    11.489    leds_16bits_tri_io[10]
    W18                                                               r  leds_16bits_tri_io[10] (INOUT)
  -------------------------------------------------------------------    -------------------

Slack:                    inf
  Source:                 PS_Block_i/axi_gpio_0/U0/gpio_core_1/Not_Dual.gpio_OE_reg[9]/C
                            (rising edge-triggered cell FDSE clocked by clk_fpga_0  {rise@0.000ns fall@5.000ns period=10.000ns})
  Destination:            leds_16bits_tri_io[6]
                            (output port)
  Path Group:             (none)
  Path Type:              Max at Slow Process Corner
  Data Path Delay:        7.575ns  (logic 4.016ns (53.013%)  route 3.559ns (46.987%))
  Logic Levels:           1  (OBUFT=1)
  Clock Uncertainty:      0.152ns  ((TSJ^2 + TIJ^2)^1/2 + DJ) / 2 + PE
    Total System Jitter     (TSJ):    0.050ns
    Total Input Jitter      (TIJ):    0.300ns
    Discrete Jitter          (DJ):    0.000ns
    Phase Error              (PE):    0.000ns

    Location             Delay type                Incr(ns)  Path(ns)    Netlist Resource(s)
  -------------------------------------------------------------------    -------------------
                         (clock clk_fpga_0 rise edge)
                                                      0.000     0.000 r  
    PS7_X0Y0             PS7                          0.000     0.000 r  PS_Block_i/processing_system7_0/inst/PS7_i/FCLKCLK[0]
                         net (fo=1, routed)           1.938     1.938    PS_Block_i/processing_system7_0/inst/FCLK_CLK_unbuffered[0]
    BUFGCTRL_X0Y16       BUFG (Prop_bufg_I_O)         0.101     2.039 r  PS_Block_i/processing_system7_0/inst/buffer_fclk_clk_0.FCLK_CLK_0_BUFG/O
                         net (fo=1025, routed)        1.680     3.719    PS_Block_i/axi_gpio_0/U0/gpio_core_1/s_axi_aclk
    SLICE_X13Y37         FDSE                                         r  PS_Block_i/axi_gpio_0/U0/gpio_core_1/Not_Dual.gpio_OE_reg[9]/C
  -------------------------------------------------------------------    -------------------
    SLICE_X13Y37         FDSE (Prop_fdse_C_Q)         0.456     4.175 f  PS_Block_i/axi_gpio_0/U0/gpio_core_1/Not_Dual.gpio_OE_reg[9]/Q
                         net (fo=3, routed)           3.559     7.735    leds_16bits_tri_iobuf_6/T
    V20                  OBUFT (TriStatE_obuft_T_O)
                                                      3.560    11.295 r  leds_16bits_tri_iobuf_6/OBUFT/O
                         net (fo=1, unset)            0.000    11.295    leds_16bits_tri_io[6]
    V20                                                               r  leds_16bits_tri_io[6] (INOUT)
  -------------------------------------------------------------------    -------------------

Slack:                    inf
  Source:                 PS_Block_i/axi_gpio_0/U0/gpio_core_1/Not_Dual.gpio_OE_reg[4]/C
                            (rising edge-triggered cell FDSE clocked by clk_fpga_0  {rise@0.000ns fall@5.000ns period=10.000ns})
  Destination:            leds_16bits_tri_io[11]
                            (output port)
  Path Group:             (none)
  Path Type:              Max at Slow Process Corner
  Data Path Delay:        7.550ns  (logic 4.201ns (55.646%)  route 3.349ns (44.354%))
  Logic Levels:           1  (OBUFT=1)
  Clock Uncertainty:      0.152ns  ((TSJ^2 + TIJ^2)^1/2 + DJ) / 2 + PE
    Total System Jitter     (TSJ):    0.050ns
    Total Input Jitter      (TIJ):    0.300ns
    Discrete Jitter          (DJ):    0.000ns
    Phase Error              (PE):    0.000ns

    Location             Delay type                Incr(ns)  Path(ns)    Netlist Resource(s)
  -------------------------------------------------------------------    -------------------
                         (clock clk_fpga_0 rise edge)
                                                      0.000     0.000 r  
    PS7_X0Y0             PS7                          0.000     0.000 r  PS_Block_i/processing_system7_0/inst/PS7_i/FCLKCLK[0]
                         net (fo=1, routed)           1.938     1.938    PS_Block_i/processing_system7_0/inst/FCLK_CLK_unbuffered[0]
    BUFGCTRL_X0Y16       BUFG (Prop_bufg_I_O)         0.101     2.039 r  PS_Block_i/processing_system7_0/inst/buffer_fclk_clk_0.FCLK_CLK_0_BUFG/O
                         net (fo=1025, routed)        1.674     3.713    PS_Block_i/axi_gpio_0/U0/gpio_core_1/s_axi_aclk
    SLICE_X16Y38         FDSE                                         r  PS_Block_i/axi_gpio_0/U0/gpio_core_1/Not_Dual.gpio_OE_reg[4]/C
  -------------------------------------------------------------------    -------------------
    SLICE_X16Y38         FDSE (Prop_fdse_C_Q)         0.478     4.191 f  PS_Block_i/axi_gpio_0/U0/gpio_core_1/Not_Dual.gpio_OE_reg[4]/Q
                         net (fo=3, routed)           3.349     7.540    leds_16bits_tri_iobuf_11/T
    W16                  OBUFT (TriStatE_obuft_T_O)
                                                      3.723    11.263 r  leds_16bits_tri_iobuf_11/OBUFT/O
                         net (fo=1, unset)            0.000    11.263    leds_16bits_tri_io[11]
    W16                                                               r  leds_16bits_tri_io[11] (INOUT)
  -------------------------------------------------------------------    -------------------

Slack:                    inf
  Source:                 PS_Block_i/axi_gpio_0/U0/gpio_core_1/Not_Dual.gpio_OE_reg[6]/C
                            (rising edge-triggered cell FDSE clocked by clk_fpga_0  {rise@0.000ns fall@5.000ns period=10.000ns})
  Destination:            leds_16bits_tri_io[9]
                            (output port)
  Path Group:             (none)
  Path Type:              Max at Slow Process Corner
  Data Path Delay:        7.548ns  (logic 4.214ns (55.828%)  route 3.334ns (44.172%))
  Logic Levels:           1  (OBUFT=1)
  Clock Uncertainty:      0.152ns  ((TSJ^2 + TIJ^2)^1/2 + DJ) / 2 + PE
    Total System Jitter     (TSJ):    0.050ns
    Total Input Jitter      (TIJ):    0.300ns
    Discrete Jitter          (DJ):    0.000ns
    Phase Error              (PE):    0.000ns

    Location             Delay type                Incr(ns)  Path(ns)    Netlist Resource(s)
  -------------------------------------------------------------------    -------------------
                         (clock clk_fpga_0 rise edge)
                                                      0.000     0.000 r  
    PS7_X0Y0             PS7                          0.000     0.000 r  PS_Block_i/processing_system7_0/inst/PS7_i/FCLKCLK[0]
                         net (fo=1, routed)           1.938     1.938    PS_Block_i/processing_system7_0/inst/FCLK_CLK_unbuffered[0]
    BUFGCTRL_X0Y16       BUFG (Prop_bufg_I_O)         0.101     2.039 r  PS_Block_i/processing_system7_0/inst/buffer_fclk_clk_0.FCLK_CLK_0_BUFG/O
                         net (fo=1025, routed)        1.674     3.713    PS_Block_i/axi_gpio_0/U0/gpio_core_1/s_axi_aclk
    SLICE_X16Y38         FDSE                                         r  PS_Block_i/axi_gpio_0/U0/gpio_core_1/Not_Dual.gpio_OE_reg[6]/C
  -------------------------------------------------------------------    -------------------
    SLICE_X16Y38         FDSE (Prop_fdse_C_Q)         0.478     4.191 f  PS_Block_i/axi_gpio_0/U0/gpio_core_1/Not_Dual.gpio_OE_reg[6]/Q
                         net (fo=3, routed)           3.334     7.525    leds_16bits_tri_iobuf_9/T
    Y19                  OBUFT (TriStatE_obuft_T_O)
                                                      3.736    11.261 r  leds_16bits_tri_iobuf_9/OBUFT/O
                         net (fo=1, unset)            0.000    11.261    leds_16bits_tri_io[9]
    Y19                                                               r  leds_16bits_tri_io[9] (INOUT)
  -------------------------------------------------------------------    -------------------

Slack:                    inf
  Source:                 PS_Block_i/axi_gpio_0/U0/gpio_core_1/Not_Dual.gpio_Data_Out_reg[8]/C
                            (rising edge-triggered cell FDRE clocked by clk_fpga_0  {rise@0.000ns fall@5.000ns period=10.000ns})
  Destination:            leds_16bits_tri_io[7]
                            (output port)
  Path Group:             (none)
  Path Type:              Max at Slow Process Corner
  Data Path Delay:        7.421ns  (logic 4.065ns (54.771%)  route 3.357ns (45.229%))
  Logic Levels:           1  (OBUFT=1)
  Clock Uncertainty:      0.152ns  ((TSJ^2 + TIJ^2)^1/2 + DJ) / 2 + PE
    Total System Jitter     (TSJ):    0.050ns
    Total Input Jitter      (TIJ):    0.300ns
    Discrete Jitter          (DJ):    0.000ns
    Phase Error              (PE):    0.000ns

    Location             Delay type                Incr(ns)  Path(ns)    Netlist Resource(s)
  -------------------------------------------------------------------    -------------------
                         (clock clk_fpga_0 rise edge)
                                                      0.000     0.000 r  
    PS7_X0Y0             PS7                          0.000     0.000 r  PS_Block_i/processing_system7_0/inst/PS7_i/FCLKCLK[0]
                         net (fo=1, routed)           1.938     1.938    PS_Block_i/processing_system7_0/inst/FCLK_CLK_unbuffered[0]
    BUFGCTRL_X0Y16       BUFG (Prop_bufg_I_O)         0.101     2.039 r  PS_Block_i/processing_system7_0/inst/buffer_fclk_clk_0.FCLK_CLK_0_BUFG/O
                         net (fo=1025, routed)        1.675     3.714    PS_Block_i/axi_gpio_0/U0/gpio_core_1/s_axi_aclk
    SLICE_X16Y39         FDRE                                         r  PS_Block_i/axi_gpio_0/U0/gpio_core_1/Not_Dual.gpio_Data_Out_reg[8]/C
  -------------------------------------------------------------------    -------------------
    SLICE_X16Y39         FDRE (Prop_fdre_C_Q)         0.518     4.232 r  PS_Block_i/axi_gpio_0/U0/gpio_core_1/Not_Dual.gpio_Data_Out_reg[8]/Q
                         net (fo=2, routed)           3.357     7.589    leds_16bits_tri_iobuf_7/I
    W20                  OBUFT (Prop_obuft_I_O)       3.547    11.135 r  leds_16bits_tri_iobuf_7/OBUFT/O
                         net (fo=1, unset)            0.000    11.135    leds_16bits_tri_io[7]
    W20                                                               r  leds_16bits_tri_io[7] (INOUT)
  -------------------------------------------------------------------    -------------------

Slack:                    inf
  Source:                 PS_Block_i/axi_gpio_0/U0/gpio_core_1/Not_Dual.gpio_OE_reg[12]/C
                            (rising edge-triggered cell FDSE clocked by clk_fpga_0  {rise@0.000ns fall@5.000ns period=10.000ns})
  Destination:            leds_16bits_tri_io[3]
                            (output port)
  Path Group:             (none)
  Path Type:              Max at Slow Process Corner
  Data Path Delay:        7.324ns  (logic 4.071ns (55.579%)  route 3.253ns (44.421%))
  Logic Levels:           1  (OBUFT=1)
  Clock Uncertainty:      0.152ns  ((TSJ^2 + TIJ^2)^1/2 + DJ) / 2 + PE
    Total System Jitter     (TSJ):    0.050ns
    Total Input Jitter      (TIJ):    0.300ns
    Discrete Jitter          (DJ):    0.000ns
    Phase Error              (PE):    0.000ns

    Location             Delay type                Incr(ns)  Path(ns)    Netlist Resource(s)
  -------------------------------------------------------------------    -------------------
                         (clock clk_fpga_0 rise edge)
                                                      0.000     0.000 r  
    PS7_X0Y0             PS7                          0.000     0.000 r  PS_Block_i/processing_system7_0/inst/PS7_i/FCLKCLK[0]
                         net (fo=1, routed)           1.938     1.938    PS_Block_i/processing_system7_0/inst/FCLK_CLK_unbuffered[0]
    BUFGCTRL_X0Y16       BUFG (Prop_bufg_I_O)         0.101     2.039 r  PS_Block_i/processing_system7_0/inst/buffer_fclk_clk_0.FCLK_CLK_0_BUFG/O
                         net (fo=1025, routed)        1.674     3.713    PS_Block_i/axi_gpio_0/U0/gpio_core_1/s_axi_aclk
    SLICE_X16Y38         FDSE                                         r  PS_Block_i/axi_gpio_0/U0/gpio_core_1/Not_Dual.gpio_OE_reg[12]/C
  -------------------------------------------------------------------    -------------------
    SLICE_X16Y38         FDSE (Prop_fdse_C_Q)         0.518     4.231 f  PS_Block_i/axi_gpio_0/U0/gpio_core_1/Not_Dual.gpio_OE_reg[12]/Q
                         net (fo=3, routed)           3.253     7.485    leds_16bits_tri_iobuf_3/T
    T20                  OBUFT (TriStatE_obuft_T_O)
                                                      3.553    11.037 r  leds_16bits_tri_iobuf_3/OBUFT/O
                         net (fo=1, unset)            0.000    11.037    leds_16bits_tri_io[3]
    T20                                                               r  leds_16bits_tri_io[3] (INOUT)
  -------------------------------------------------------------------    -------------------

Slack:                    inf
  Source:                 PS_Block_i/axi_gpio_0/U0/gpio_core_1/Not_Dual.gpio_Data_Out_reg[15]/C
                            (rising edge-triggered cell FDRE clocked by clk_fpga_0  {rise@0.000ns fall@5.000ns period=10.000ns})
  Destination:            leds_16bits_tri_io[0]
                            (output port)
  Path Group:             (none)
  Path Type:              Max at Slow Process Corner
  Data Path Delay:        7.289ns  (logic 4.005ns (54.944%)  route 3.284ns (45.056%))
  Logic Levels:           1  (OBUFT=1)
  Clock Uncertainty:      0.152ns  ((TSJ^2 + TIJ^2)^1/2 + DJ) / 2 + PE
    Total System Jitter     (TSJ):    0.050ns
    Total Input Jitter      (TIJ):    0.300ns
    Discrete Jitter          (DJ):    0.000ns
    Phase Error              (PE):    0.000ns

    Location             Delay type                Incr(ns)  Path(ns)    Netlist Resource(s)
  -------------------------------------------------------------------    -------------------
                         (clock clk_fpga_0 rise edge)
                                                      0.000     0.000 r  
    PS7_X0Y0             PS7                          0.000     0.000 r  PS_Block_i/processing_system7_0/inst/PS7_i/FCLKCLK[0]
                         net (fo=1, routed)           1.938     1.938    PS_Block_i/processing_system7_0/inst/FCLK_CLK_unbuffered[0]
    BUFGCTRL_X0Y16       BUFG (Prop_bufg_I_O)         0.101     2.039 r  PS_Block_i/processing_system7_0/inst/buffer_fclk_clk_0.FCLK_CLK_0_BUFG/O
                         net (fo=1025, routed)        1.675     3.714    PS_Block_i/axi_gpio_0/U0/gpio_core_1/s_axi_aclk
    SLICE_X17Y39         FDRE                                         r  PS_Block_i/axi_gpio_0/U0/gpio_core_1/Not_Dual.gpio_Data_Out_reg[15]/C
  -------------------------------------------------------------------    -------------------
    SLICE_X17Y39         FDRE (Prop_fdre_C_Q)         0.456     4.170 r  PS_Block_i/axi_gpio_0/U0/gpio_core_1/Not_Dual.gpio_Data_Out_reg[15]/Q
                         net (fo=2, routed)           3.284     7.454    leds_16bits_tri_iobuf_0/I
    N20                  OBUFT (Prop_obuft_I_O)       3.549    11.003 r  leds_16bits_tri_iobuf_0/OBUFT/O
                         net (fo=1, unset)            0.000    11.003    leds_16bits_tri_io[0]
    N20                                                               r  leds_16bits_tri_io[0] (INOUT)
  -------------------------------------------------------------------    -------------------

Slack:                    inf
  Source:                 PS_Block_i/axi_gpio_0/U0/gpio_core_1/Not_Dual.gpio_OE_reg[3]/C
                            (rising edge-triggered cell FDSE clocked by clk_fpga_0  {rise@0.000ns fall@5.000ns period=10.000ns})
  Destination:            leds_16bits_tri_io[12]
                            (output port)
  Path Group:             (none)
  Path Type:              Max at Slow Process Corner
  Data Path Delay:        7.255ns  (logic 4.024ns (55.471%)  route 3.231ns (44.529%))
  Logic Levels:           1  (OBUFT=1)
  Clock Uncertainty:      0.152ns  ((TSJ^2 + TIJ^2)^1/2 + DJ) / 2 + PE
    Total System Jitter     (TSJ):    0.050ns
    Total Input Jitter      (TIJ):    0.300ns
    Discrete Jitter          (DJ):    0.000ns
    Phase Error              (PE):    0.000ns

    Location             Delay type                Incr(ns)  Path(ns)    Netlist Resource(s)
  -------------------------------------------------------------------    -------------------
                         (clock clk_fpga_0 rise edge)
                                                      0.000     0.000 r  
    PS7_X0Y0             PS7                          0.000     0.000 r  PS_Block_i/processing_system7_0/inst/PS7_i/FCLKCLK[0]
                         net (fo=1, routed)           1.938     1.938    PS_Block_i/processing_system7_0/inst/FCLK_CLK_unbuffered[0]
    BUFGCTRL_X0Y16       BUFG (Prop_bufg_I_O)         0.101     2.039 r  PS_Block_i/processing_system7_0/inst/buffer_fclk_clk_0.FCLK_CLK_0_BUFG/O
                         net (fo=1025, routed)        1.673     3.712    PS_Block_i/axi_gpio_0/U0/gpio_core_1/s_axi_aclk
    SLICE_X19Y37         FDSE                                         r  PS_Block_i/axi_gpio_0/U0/gpio_core_1/Not_Dual.gpio_OE_reg[3]/C
  -------------------------------------------------------------------    -------------------
    SLICE_X19Y37         FDSE (Prop_fdse_C_Q)         0.456     4.168 f  PS_Block_i/axi_gpio_0/U0/gpio_core_1/Not_Dual.gpio_OE_reg[3]/Q
                         net (fo=3, routed)           3.231     7.399    leds_16bits_tri_iobuf_12/T
    Y18                  OBUFT (TriStatE_obuft_T_O)
                                                      3.568    10.967 r  leds_16bits_tri_iobuf_12/OBUFT/O
                         net (fo=1, unset)            0.000    10.967    leds_16bits_tri_io[12]
    Y18                                                               r  leds_16bits_tri_io[12] (INOUT)
  -------------------------------------------------------------------    -------------------





Min Delay Paths
--------------------------------------------------------------------------------------
Slack:                    inf
  Source:                 PS_Block_i/axi_gpio_0/U0/gpio_core_1/Not_Dual.gpio_OE_reg[0]/C
                            (rising edge-triggered cell FDSE clocked by clk_fpga_0  {rise@0.000ns fall@5.000ns period=10.000ns})
  Destination:            leds_16bits_tri_io[15]
                            (output port)
  Path Group:             (none)
  Path Type:              Min at Fast Process Corner
  Data Path Delay:        2.018ns  (logic 0.965ns (47.817%)  route 1.053ns (52.183%))
  Logic Levels:           1  (OBUFT=1)
  Clock Uncertainty:      0.152ns  ((TSJ^2 + TIJ^2)^1/2 + DJ) / 2 + PE
    Total System Jitter     (TSJ):    0.050ns
    Total Input Jitter      (TIJ):    0.300ns
    Discrete Jitter          (DJ):    0.000ns
    Phase Error              (PE):    0.000ns

    Location             Delay type                Incr(ns)  Path(ns)    Netlist Resource(s)
  -------------------------------------------------------------------    -------------------
                         (clock clk_fpga_0 rise edge)
                                                      0.000     0.000 r  
    PS7_X0Y0             PS7                          0.000     0.000 r  PS_Block_i/processing_system7_0/inst/PS7_i/FCLKCLK[0]
                         net (fo=1, routed)           0.804     0.804    PS_Block_i/processing_system7_0/inst/FCLK_CLK_unbuffered[0]
    BUFGCTRL_X0Y16       BUFG (Prop_bufg_I_O)         0.026     0.830 r  PS_Block_i/processing_system7_0/inst/buffer_fclk_clk_0.FCLK_CLK_0_BUFG/O
                         net (fo=1025, routed)        0.562     1.392    PS_Block_i/axi_gpio_0/U0/gpio_core_1/s_axi_aclk
    SLICE_X19Y37         FDSE                                         r  PS_Block_i/axi_gpio_0/U0/gpio_core_1/Not_Dual.gpio_OE_reg[0]/C
  -------------------------------------------------------------------    -------------------
    SLICE_X19Y37         FDSE (Prop_fdse_C_Q)         0.141     1.533 r  PS_Block_i/axi_gpio_0/U0/gpio_core_1/Not_Dual.gpio_OE_reg[0]/Q
                         net (fo=3, routed)           1.053     2.586    leds_16bits_tri_iobuf_15/T
    Y17                  OBUFT (TriStatD_obuft_T_O)
                                                      0.824     3.410 r  leds_16bits_tri_iobuf_15/OBUFT/O
                         net (fo=1, unset)            0.000     3.410    leds_16bits_tri_io[15]
    Y17                                                               r  leds_16bits_tri_io[15] (INOUT)
  -------------------------------------------------------------------    -------------------

Slack:                    inf
  Source:                 PS_Block_i/axi_gpio_0/U0/gpio_core_1/Not_Dual.gpio_OE_reg[10]/C
                            (rising edge-triggered cell FDSE clocked by clk_fpga_0  {rise@0.000ns fall@5.000ns period=10.000ns})
  Destination:            leds_16bits_tri_io[5]
                            (output port)
  Path Group:             (none)
  Path Type:              Min at Fast Process Corner
  Data Path Delay:        2.068ns  (logic 0.965ns (46.656%)  route 1.103ns (53.344%))
  Logic Levels:           1  (OBUFT=1)
  Clock Uncertainty:      0.152ns  ((TSJ^2 + TIJ^2)^1/2 + DJ) / 2 + PE
    Total System Jitter     (TSJ):    0.050ns
    Total Input Jitter      (TIJ):    0.300ns
    Discrete Jitter          (DJ):    0.000ns
    Phase Error              (PE):    0.000ns

    Location             Delay type                Incr(ns)  Path(ns)    Netlist Resource(s)
  -------------------------------------------------------------------    -------------------
                         (clock clk_fpga_0 rise edge)
                                                      0.000     0.000 r  
    PS7_X0Y0             PS7                          0.000     0.000 r  PS_Block_i/processing_system7_0/inst/PS7_i/FCLKCLK[0]
                         net (fo=1, routed)           0.804     0.804    PS_Block_i/processing_system7_0/inst/FCLK_CLK_unbuffered[0]
    BUFGCTRL_X0Y16       BUFG (Prop_bufg_I_O)         0.026     0.830 r  PS_Block_i/processing_system7_0/inst/buffer_fclk_clk_0.FCLK_CLK_0_BUFG/O
                         net (fo=1025, routed)        0.565     1.395    PS_Block_i/axi_gpio_0/U0/gpio_core_1/s_axi_aclk
    SLICE_X18Y43         FDSE                                         r  PS_Block_i/axi_gpio_0/U0/gpio_core_1/Not_Dual.gpio_OE_reg[10]/C
  -------------------------------------------------------------------    -------------------
    SLICE_X18Y43         FDSE (Prop_fdse_C_Q)         0.141     1.536 r  PS_Block_i/axi_gpio_0/U0/gpio_core_1/Not_Dual.gpio_OE_reg[10]/Q
                         net (fo=3, routed)           1.103     2.639    leds_16bits_tri_iobuf_5/T
    U13                  OBUFT (TriStatD_obuft_T_O)
                                                      0.824     3.463 r  leds_16bits_tri_iobuf_5/OBUFT/O
                         net (fo=1, unset)            0.000     3.463    leds_16bits_tri_io[5]
    U13                                                               r  leds_16bits_tri_io[5] (INOUT)
  -------------------------------------------------------------------    -------------------

Slack:                    inf
  Source:                 PS_Block_i/axi_gpio_0/U0/gpio_core_1/Not_Dual.gpio_OE_reg[13]/C
                            (rising edge-triggered cell FDSE clocked by clk_fpga_0  {rise@0.000ns fall@5.000ns period=10.000ns})
  Destination:            leds_16bits_tri_io[2]
                            (output port)
  Path Group:             (none)
  Path Type:              Min at Fast Process Corner
  Data Path Delay:        2.099ns  (logic 0.965ns (45.966%)  route 1.134ns (54.034%))
  Logic Levels:           1  (OBUFT=1)
  Clock Uncertainty:      0.152ns  ((TSJ^2 + TIJ^2)^1/2 + DJ) / 2 + PE
    Total System Jitter     (TSJ):    0.050ns
    Total Input Jitter      (TIJ):    0.300ns
    Discrete Jitter          (DJ):    0.000ns
    Phase Error              (PE):    0.000ns

    Location             Delay type                Incr(ns)  Path(ns)    Netlist Resource(s)
  -------------------------------------------------------------------    -------------------
                         (clock clk_fpga_0 rise edge)
                                                      0.000     0.000 r  
    PS7_X0Y0             PS7                          0.000     0.000 r  PS_Block_i/processing_system7_0/inst/PS7_i/FCLKCLK[0]
                         net (fo=1, routed)           0.804     0.804    PS_Block_i/processing_system7_0/inst/FCLK_CLK_unbuffered[0]
    BUFGCTRL_X0Y16       BUFG (Prop_bufg_I_O)         0.026     0.830 r  PS_Block_i/processing_system7_0/inst/buffer_fclk_clk_0.FCLK_CLK_0_BUFG/O
                         net (fo=1025, routed)        0.565     1.395    PS_Block_i/axi_gpio_0/U0/gpio_core_1/s_axi_aclk
    SLICE_X18Y43         FDSE                                         r  PS_Block_i/axi_gpio_0/U0/gpio_core_1/Not_Dual.gpio_OE_reg[13]/C
  -------------------------------------------------------------------    -------------------
    SLICE_X18Y43         FDSE (Prop_fdse_C_Q)         0.141     1.536 r  PS_Block_i/axi_gpio_0/U0/gpio_core_1/Not_Dual.gpio_OE_reg[13]/Q
                         net (fo=3, routed)           1.134     2.670    leds_16bits_tri_iobuf_2/T
    R19                  OBUFT (TriStatD_obuft_T_O)
                                                      0.824     3.494 r  leds_16bits_tri_iobuf_2/OBUFT/O
                         net (fo=1, unset)            0.000     3.494    leds_16bits_tri_io[2]
    R19                                                               r  leds_16bits_tri_io[2] (INOUT)
  -------------------------------------------------------------------    -------------------

Slack:                    inf
  Source:                 PS_Block_i/axi_gpio_0/U0/gpio_core_1/Not_Dual.gpio_OE_reg[1]/C
                            (rising edge-triggered cell FDSE clocked by clk_fpga_0  {rise@0.000ns fall@5.000ns period=10.000ns})
  Destination:            leds_16bits_tri_io[14]
                            (output port)
  Path Group:             (none)
  Path Type:              Min at Fast Process Corner
  Data Path Delay:        2.158ns  (logic 1.025ns (47.491%)  route 1.133ns (52.509%))
  Logic Levels:           1  (OBUFT=1)
  Clock Uncertainty:      0.152ns  ((TSJ^2 + TIJ^2)^1/2 + DJ) / 2 + PE
    Total System Jitter     (TSJ):    0.050ns
    Total Input Jitter      (TIJ):    0.300ns
    Discrete Jitter          (DJ):    0.000ns
    Phase Error              (PE):    0.000ns

    Location             Delay type                Incr(ns)  Path(ns)    Netlist Resource(s)
  -------------------------------------------------------------------    -------------------
                         (clock clk_fpga_0 rise edge)
                                                      0.000     0.000 r  
    PS7_X0Y0             PS7                          0.000     0.000 r  PS_Block_i/processing_system7_0/inst/PS7_i/FCLKCLK[0]
                         net (fo=1, routed)           0.804     0.804    PS_Block_i/processing_system7_0/inst/FCLK_CLK_unbuffered[0]
    BUFGCTRL_X0Y16       BUFG (Prop_bufg_I_O)         0.026     0.830 r  PS_Block_i/processing_system7_0/inst/buffer_fclk_clk_0.FCLK_CLK_0_BUFG/O
                         net (fo=1025, routed)        0.563     1.393    PS_Block_i/axi_gpio_0/U0/gpio_core_1/s_axi_aclk
    SLICE_X16Y38         FDSE                                         r  PS_Block_i/axi_gpio_0/U0/gpio_core_1/Not_Dual.gpio_OE_reg[1]/C
  -------------------------------------------------------------------    -------------------
    SLICE_X16Y38         FDSE (Prop_fdse_C_Q)         0.148     1.541 r  PS_Block_i/axi_gpio_0/U0/gpio_core_1/Not_Dual.gpio_OE_reg[1]/Q
                         net (fo=3, routed)           1.133     2.674    leds_16bits_tri_iobuf_14/T
    Y16                  OBUFT (TriStatD_obuft_T_O)
                                                      0.877     3.551 r  leds_16bits_tri_iobuf_14/OBUFT/O
                         net (fo=1, unset)            0.000     3.551    leds_16bits_tri_io[14]
    Y16                                                               r  leds_16bits_tri_io[14] (INOUT)
  -------------------------------------------------------------------    -------------------

Slack:                    inf
  Source:                 PS_Block_i/axi_gpio_0/U0/gpio_core_1/Not_Dual.gpio_OE_reg[15]/C
                            (rising edge-triggered cell FDSE clocked by clk_fpga_0  {rise@0.000ns fall@5.000ns period=10.000ns})
  Destination:            leds_16bits_tri_io[0]
                            (output port)
  Path Group:             (none)
  Path Type:              Min at Fast Process Corner
  Data Path Delay:        2.182ns  (logic 0.988ns (45.286%)  route 1.194ns (54.714%))
  Logic Levels:           1  (OBUFT=1)
  Clock Uncertainty:      0.152ns  ((TSJ^2 + TIJ^2)^1/2 + DJ) / 2 + PE
    Total System Jitter     (TSJ):    0.050ns
    Total Input Jitter      (TIJ):    0.300ns
    Discrete Jitter          (DJ):    0.000ns
    Phase Error              (PE):    0.000ns

    Location             Delay type                Incr(ns)  Path(ns)    Netlist Resource(s)
  -------------------------------------------------------------------    -------------------
                         (clock clk_fpga_0 rise edge)
                                                      0.000     0.000 r  
    PS7_X0Y0             PS7                          0.000     0.000 r  PS_Block_i/processing_system7_0/inst/PS7_i/FCLKCLK[0]
                         net (fo=1, routed)           0.804     0.804    PS_Block_i/processing_system7_0/inst/FCLK_CLK_unbuffered[0]
    BUFGCTRL_X0Y16       BUFG (Prop_bufg_I_O)         0.026     0.830 r  PS_Block_i/processing_system7_0/inst/buffer_fclk_clk_0.FCLK_CLK_0_BUFG/O
                         net (fo=1025, routed)        0.563     1.393    PS_Block_i/axi_gpio_0/U0/gpio_core_1/s_axi_aclk
    SLICE_X16Y38         FDSE                                         r  PS_Block_i/axi_gpio_0/U0/gpio_core_1/Not_Dual.gpio_OE_reg[15]/C
  -------------------------------------------------------------------    -------------------
    SLICE_X16Y38         FDSE (Prop_fdse_C_Q)         0.164     1.557 r  PS_Block_i/axi_gpio_0/U0/gpio_core_1/Not_Dual.gpio_OE_reg[15]/Q
                         net (fo=3, routed)           1.194     2.751    leds_16bits_tri_iobuf_0/T
    N20                  OBUFT (TriStatD_obuft_T_O)
                                                      0.824     3.575 r  leds_16bits_tri_iobuf_0/OBUFT/O
                         net (fo=1, unset)            0.000     3.575    leds_16bits_tri_io[0]
    N20                                                               r  leds_16bits_tri_io[0] (INOUT)
  -------------------------------------------------------------------    -------------------

Slack:                    inf
  Source:                 PS_Block_i/axi_gpio_0/U0/gpio_core_1/Not_Dual.gpio_OE_reg[2]/C
                            (rising edge-triggered cell FDSE clocked by clk_fpga_0  {rise@0.000ns fall@5.000ns period=10.000ns})
  Destination:            leds_16bits_tri_io[13]
                            (output port)
  Path Group:             (none)
  Path Type:              Min at Fast Process Corner
  Data Path Delay:        2.283ns  (logic 0.965ns (42.266%)  route 1.318ns (57.734%))
  Logic Levels:           1  (OBUFT=1)
  Clock Uncertainty:      0.152ns  ((TSJ^2 + TIJ^2)^1/2 + DJ) / 2 + PE
    Total System Jitter     (TSJ):    0.050ns
    Total Input Jitter      (TIJ):    0.300ns
    Discrete Jitter          (DJ):    0.000ns
    Phase Error              (PE):    0.000ns

    Location             Delay type                Incr(ns)  Path(ns)    Netlist Resource(s)
  -------------------------------------------------------------------    -------------------
                         (clock clk_fpga_0 rise edge)
                                                      0.000     0.000 r  
    PS7_X0Y0             PS7                          0.000     0.000 r  PS_Block_i/processing_system7_0/inst/PS7_i/FCLKCLK[0]
                         net (fo=1, routed)           0.804     0.804    PS_Block_i/processing_system7_0/inst/FCLK_CLK_unbuffered[0]
    BUFGCTRL_X0Y16       BUFG (Prop_bufg_I_O)         0.026     0.830 r  PS_Block_i/processing_system7_0/inst/buffer_fclk_clk_0.FCLK_CLK_0_BUFG/O
                         net (fo=1025, routed)        0.565     1.395    PS_Block_i/axi_gpio_0/U0/gpio_core_1/s_axi_aclk
    SLICE_X13Y37         FDSE                                         r  PS_Block_i/axi_gpio_0/U0/gpio_core_1/Not_Dual.gpio_OE_reg[2]/C
  -------------------------------------------------------------------    -------------------
    SLICE_X13Y37         FDSE (Prop_fdse_C_Q)         0.141     1.536 r  PS_Block_i/axi_gpio_0/U0/gpio_core_1/Not_Dual.gpio_OE_reg[2]/Q
                         net (fo=3, routed)           1.318     2.854    leds_16bits_tri_iobuf_13/T
    Y14                  OBUFT (TriStatD_obuft_T_O)
                                                      0.824     3.678 r  leds_16bits_tri_iobuf_13/OBUFT/O
                         net (fo=1, unset)            0.000     3.678    leds_16bits_tri_io[13]
    Y14                                                               r  leds_16bits_tri_io[13] (INOUT)
  -------------------------------------------------------------------    -------------------

Slack:                    inf
  Source:                 PS_Block_i/axi_gpio_0/U0/gpio_core_1/Not_Dual.gpio_Data_Out_reg[3]/C
                            (rising edge-triggered cell FDRE clocked by clk_fpga_0  {rise@0.000ns fall@5.000ns period=10.000ns})
  Destination:            leds_16bits_tri_io[12]
                            (output port)
  Path Group:             (none)
  Path Type:              Min at Fast Process Corner
  Data Path Delay:        2.310ns  (logic 1.436ns (62.153%)  route 0.874ns (37.847%))
  Logic Levels:           1  (OBUFT=1)
  Clock Uncertainty:      0.152ns  ((TSJ^2 + TIJ^2)^1/2 + DJ) / 2 + PE
    Total System Jitter     (TSJ):    0.050ns
    Total Input Jitter      (TIJ):    0.300ns
    Discrete Jitter          (DJ):    0.000ns
    Phase Error              (PE):    0.000ns

    Location             Delay type                Incr(ns)  Path(ns)    Netlist Resource(s)
  -------------------------------------------------------------------    -------------------
                         (clock clk_fpga_0 rise edge)
                                                      0.000     0.000 r  
    PS7_X0Y0             PS7                          0.000     0.000 r  PS_Block_i/processing_system7_0/inst/PS7_i/FCLKCLK[0]
                         net (fo=1, routed)           0.804     0.804    PS_Block_i/processing_system7_0/inst/FCLK_CLK_unbuffered[0]
    BUFGCTRL_X0Y16       BUFG (Prop_bufg_I_O)         0.026     0.830 r  PS_Block_i/processing_system7_0/inst/buffer_fclk_clk_0.FCLK_CLK_0_BUFG/O
                         net (fo=1025, routed)        0.563     1.393    PS_Block_i/axi_gpio_0/U0/gpio_core_1/s_axi_aclk
    SLICE_X17Y38         FDRE                                         r  PS_Block_i/axi_gpio_0/U0/gpio_core_1/Not_Dual.gpio_Data_Out_reg[3]/C
  -------------------------------------------------------------------    -------------------
    SLICE_X17Y38         FDRE (Prop_fdre_C_Q)         0.128     1.521 r  PS_Block_i/axi_gpio_0/U0/gpio_core_1/Not_Dual.gpio_Data_Out_reg[3]/Q
                         net (fo=2, routed)           0.874     2.395    leds_16bits_tri_iobuf_12/I
    Y18                  OBUFT (Prop_obuft_I_O)       1.308     3.703 r  leds_16bits_tri_iobuf_12/OBUFT/O
                         net (fo=1, unset)            0.000     3.703    leds_16bits_tri_io[12]
    Y18                                                               r  leds_16bits_tri_io[12] (INOUT)
  -------------------------------------------------------------------    -------------------

Slack:                    inf
  Source:                 PS_Block_i/axi_gpio_0/U0/gpio_core_1/Not_Dual.gpio_OE_reg[14]/C
                            (rising edge-triggered cell FDSE clocked by clk_fpga_0  {rise@0.000ns fall@5.000ns period=10.000ns})
  Destination:            leds_16bits_tri_io[1]
                            (output port)
  Path Group:             (none)
  Path Type:              Min at Fast Process Corner
  Data Path Delay:        2.326ns  (logic 0.988ns (42.479%)  route 1.338ns (57.521%))
  Logic Levels:           1  (OBUFT=1)
  Clock Uncertainty:      0.152ns  ((TSJ^2 + TIJ^2)^1/2 + DJ) / 2 + PE
    Total System Jitter     (TSJ):    0.050ns
    Total Input Jitter      (TIJ):    0.300ns
    Discrete Jitter          (DJ):    0.000ns
    Phase Error              (PE):    0.000ns

    Location             Delay type                Incr(ns)  Path(ns)    Netlist Resource(s)
  -------------------------------------------------------------------    -------------------
                         (clock clk_fpga_0 rise edge)
                                                      0.000     0.000 r  
    PS7_X0Y0             PS7                          0.000     0.000 r  PS_Block_i/processing_system7_0/inst/PS7_i/FCLKCLK[0]
                         net (fo=1, routed)           0.804     0.804    PS_Block_i/processing_system7_0/inst/FCLK_CLK_unbuffered[0]
    BUFGCTRL_X0Y16       BUFG (Prop_bufg_I_O)         0.026     0.830 r  PS_Block_i/processing_system7_0/inst/buffer_fclk_clk_0.FCLK_CLK_0_BUFG/O
                         net (fo=1025, routed)        0.563     1.393    PS_Block_i/axi_gpio_0/U0/gpio_core_1/s_axi_aclk
    SLICE_X16Y38         FDSE                                         r  PS_Block_i/axi_gpio_0/U0/gpio_core_1/Not_Dual.gpio_OE_reg[14]/C
  -------------------------------------------------------------------    -------------------
    SLICE_X16Y38         FDSE (Prop_fdse_C_Q)         0.164     1.557 r  PS_Block_i/axi_gpio_0/U0/gpio_core_1/Not_Dual.gpio_OE_reg[14]/Q
                         net (fo=3, routed)           1.338     2.895    leds_16bits_tri_iobuf_1/T
    P20                  OBUFT (TriStatD_obuft_T_O)
                                                      0.824     3.719 r  leds_16bits_tri_iobuf_1/OBUFT/O
                         net (fo=1, unset)            0.000     3.719    leds_16bits_tri_io[1]
    P20                                                               r  leds_16bits_tri_io[1] (INOUT)
  -------------------------------------------------------------------    -------------------

Slack:                    inf
  Source:                 PS_Block_i/axi_gpio_0/U0/gpio_core_1/Not_Dual.gpio_OE_reg[8]/C
                            (rising edge-triggered cell FDSE clocked by clk_fpga_0  {rise@0.000ns fall@5.000ns period=10.000ns})
  Destination:            leds_16bits_tri_io[7]
                            (output port)
  Path Group:             (none)
  Path Type:              Min at Fast Process Corner
  Data Path Delay:        2.328ns  (logic 0.965ns (41.447%)  route 1.363ns (58.553%))
  Logic Levels:           1  (OBUFT=1)
  Clock Uncertainty:      0.152ns  ((TSJ^2 + TIJ^2)^1/2 + DJ) / 2 + PE
    Total System Jitter     (TSJ):    0.050ns
    Total Input Jitter      (TIJ):    0.300ns
    Discrete Jitter          (DJ):    0.000ns
    Phase Error              (PE):    0.000ns

    Location             Delay type                Incr(ns)  Path(ns)    Netlist Resource(s)
  -------------------------------------------------------------------    -------------------
                         (clock clk_fpga_0 rise edge)
                                                      0.000     0.000 r  
    PS7_X0Y0             PS7                          0.000     0.000 r  PS_Block_i/processing_system7_0/inst/PS7_i/FCLKCLK[0]
                         net (fo=1, routed)           0.804     0.804    PS_Block_i/processing_system7_0/inst/FCLK_CLK_unbuffered[0]
    BUFGCTRL_X0Y16       BUFG (Prop_bufg_I_O)         0.026     0.830 r  PS_Block_i/processing_system7_0/inst/buffer_fclk_clk_0.FCLK_CLK_0_BUFG/O
                         net (fo=1025, routed)        0.562     1.392    PS_Block_i/axi_gpio_0/U0/gpio_core_1/s_axi_aclk
    SLICE_X19Y37         FDSE                                         r  PS_Block_i/axi_gpio_0/U0/gpio_core_1/Not_Dual.gpio_OE_reg[8]/C
  -------------------------------------------------------------------    -------------------
    SLICE_X19Y37         FDSE (Prop_fdse_C_Q)         0.141     1.533 r  PS_Block_i/axi_gpio_0/U0/gpio_core_1/Not_Dual.gpio_OE_reg[8]/Q
                         net (fo=3, routed)           1.363     2.896    leds_16bits_tri_iobuf_7/T
    W20                  OBUFT (TriStatD_obuft_T_O)
                                                      0.824     3.720 r  leds_16bits_tri_iobuf_7/OBUFT/O
                         net (fo=1, unset)            0.000     3.720    leds_16bits_tri_io[7]
    W20                                                               r  leds_16bits_tri_io[7] (INOUT)
  -------------------------------------------------------------------    -------------------

Slack:                    inf
  Source:                 PS_Block_i/axi_gpio_0/U0/gpio_core_1/Not_Dual.gpio_OE_reg[12]/C
                            (rising edge-triggered cell FDSE clocked by clk_fpga_0  {rise@0.000ns fall@5.000ns period=10.000ns})
  Destination:            leds_16bits_tri_io[3]
                            (output port)
  Path Group:             (none)
  Path Type:              Min at Fast Process Corner
  Data Path Delay:        2.372ns  (logic 0.988ns (41.644%)  route 1.384ns (58.356%))
  Logic Levels:           1  (OBUFT=1)
  Clock Uncertainty:      0.152ns  ((TSJ^2 + TIJ^2)^1/2 + DJ) / 2 + PE
    Total System Jitter     (TSJ):    0.050ns
    Total Input Jitter      (TIJ):    0.300ns
    Discrete Jitter          (DJ):    0.000ns
    Phase Error              (PE):    0.000ns

    Location             Delay type                Incr(ns)  Path(ns)    Netlist Resource(s)
  -------------------------------------------------------------------    -------------------
                         (clock clk_fpga_0 rise edge)
                                                      0.000     0.000 r  
    PS7_X0Y0             PS7                          0.000     0.000 r  PS_Block_i/processing_system7_0/inst/PS7_i/FCLKCLK[0]
                         net (fo=1, routed)           0.804     0.804    PS_Block_i/processing_system7_0/inst/FCLK_CLK_unbuffered[0]
    BUFGCTRL_X0Y16       BUFG (Prop_bufg_I_O)         0.026     0.830 r  PS_Block_i/processing_system7_0/inst/buffer_fclk_clk_0.FCLK_CLK_0_BUFG/O
                         net (fo=1025, routed)        0.563     1.393    PS_Block_i/axi_gpio_0/U0/gpio_core_1/s_axi_aclk
    SLICE_X16Y38         FDSE                                         r  PS_Block_i/axi_gpio_0/U0/gpio_core_1/Not_Dual.gpio_OE_reg[12]/C
  -------------------------------------------------------------------    -------------------
    SLICE_X16Y38         FDSE (Prop_fdse_C_Q)         0.164     1.557 r  PS_Block_i/axi_gpio_0/U0/gpio_core_1/Not_Dual.gpio_OE_reg[12]/Q
                         net (fo=3, routed)           1.384     2.941    leds_16bits_tri_iobuf_3/T
    T20                  OBUFT (TriStatD_obuft_T_O)
                                                      0.824     3.765 r  leds_16bits_tri_iobuf_3/OBUFT/O
                         net (fo=1, unset)            0.000     3.765    leds_16bits_tri_io[3]
    T20                                                               r  leds_16bits_tri_io[3] (INOUT)
  -------------------------------------------------------------------    -------------------





