Copyright 1986-2022 Xilinx, Inc. All Rights Reserved.
---------------------------------------------------------------------------------------------------------------------------------------------------------------------------------------------------------------------------
| Tool Version : Vivado v.2022.1 (win64) Build 3526262 Mon Apr 18 15:48:16 MDT 2022
| Date         : Fri May 15 14:57:33 2026
| Host         : BOOK-PI4T4K8H7V running 64-bit major release  (build 9200)
| Command      : report_timing_summary -max_paths 10 -report_unconstrained -file system_top_timing_summary_routed.rpt -pb system_top_timing_summary_routed.pb -rpx system_top_timing_summary_routed.rpx -warn_on_violation
| Design       : system_top
| Device       : 7z007s-clg400
| Speed File   : -1  PRODUCTION 1.12 2019-11-22
---------------------------------------------------------------------------------------------------------------------------------------------------------------------------------------------------------------------------

Timing Summary Report

------------------------------------------------------------------------------------------------
| Timer Settings
| --------------
------------------------------------------------------------------------------------------------

  Enable Multi Corner Analysis               :  Yes
  Enable Pessimism Removal                   :  Yes
  Pessimism Removal Resolution               :  Nearest Common Node
  Enable Input Delay Default Clock           :  No
  Enable Preset / Clear Arcs                 :  No
  Disable Flight Delays                      :  No
  Ignore I/O Paths                           :  No
  Timing Early Launch at Borrowing Latches   :  No
  Borrow Time for Max Delay Exceptions       :  Yes
  Merge Timing Exceptions                    :  Yes

  Corner  Analyze    Analyze    
  Name    Max Paths  Min Paths  
  ------  ---------  ---------  
  Slow    Yes        Yes        
  Fast    Yes        Yes        


------------------------------------------------------------------------------------------------
| Report Methodology
| ------------------
------------------------------------------------------------------------------------------------

Rule       Severity  Description                    Violations  
---------  --------  -----------------------------  ----------  
TIMING-18  Warning   Missing input or output delay  28          

Note: This report is based on the most recent report_methodology run and may not be up-to-date. Run report_methodology on the current design for the latest report.



check_timing report

Table of Contents
-----------------
1. checking no_clock (0)
2. checking constant_clock (0)
3. checking pulse_width_clock (0)
4. checking unconstrained_internal_endpoints (0)
5. checking no_input_delay (12)
6. checking no_output_delay (16)
7. checking multiple_clock (0)
8. checking generated_clocks (0)
9. checking loops (0)
10. checking partial_input_delay (0)
11. checking partial_output_delay (0)
12. checking latch_loops (0)

1. checking no_clock (0)
------------------------
 There are 0 register/latch pins with no clock.


2. checking constant_clock (0)
------------------------------
 There are 0 register/latch pins with constant_clock.


3. checking pulse_width_clock (0)
---------------------------------
 There are 0 register/latch pins which need pulse_width check


4. checking unconstrained_internal_endpoints (0)
------------------------------------------------
 There are 0 pins that are not constrained for maximum delay.

 There are 0 pins that are not constrained for maximum delay due to constant clock.


5. checking no_input_delay (12)
-------------------------------
 There are 12 input ports with no input delay specified. (HIGH)

 There are 0 input ports with no input delay but user has a false path constraint.


6. checking no_output_delay (16)
--------------------------------
 There are 16 ports with no output delay specified. (HIGH)

 There are 0 ports with no output delay but user has a false path constraint

 There are 0 ports with no output delay but with a timing clock defined on it or propagating through it


7. checking multiple_clock (0)
------------------------------
 There are 0 register/latch pins with multiple clocks.


8. checking generated_clocks (0)
--------------------------------
 There are 0 generated clocks that are not connected to a clock source.


9. checking loops (0)
---------------------
 There are 0 combinational loops in the design.


10. checking partial_input_delay (0)
------------------------------------
 There are 0 input ports with partial input delay specified.


11. checking partial_output_delay (0)
-------------------------------------
 There are 0 ports with partial output delay specified.


12. checking latch_loops (0)
----------------------------
 There are 0 combinational latch loops in the design through latch input



------------------------------------------------------------------------------------------------
| Design Timing Summary
| ---------------------
------------------------------------------------------------------------------------------------

    WNS(ns)      TNS(ns)  TNS Failing Endpoints  TNS Total Endpoints      WHS(ns)      THS(ns)  THS Failing Endpoints  THS Total Endpoints     WPWS(ns)     TPWS(ns)  TPWS Failing Endpoints  TPWS Total Endpoints  
    -------      -------  ---------------------  -------------------      -------      -------  ---------------------  -------------------     --------     --------  ----------------------  --------------------  
      3.126        0.000                      0                 1486        0.040        0.000                      0                 1486        4.020        0.000                       0                   711  


All user specified timing constraints are met.


------------------------------------------------------------------------------------------------
| Clock Summary
| -------------
------------------------------------------------------------------------------------------------

Clock       Waveform(ns)         Period(ns)      Frequency(MHz)
-----       ------------         ----------      --------------
clk_fpga_0  {0.000 5.000}        10.000          100.000         
clk_fpga_1  {0.000 3.438}        6.875           145.455         


------------------------------------------------------------------------------------------------
| Intra Clock Table
| -----------------
------------------------------------------------------------------------------------------------

Clock             WNS(ns)      TNS(ns)  TNS Failing Endpoints  TNS Total Endpoints      WHS(ns)      THS(ns)  THS Failing Endpoints  THS Total Endpoints     WPWS(ns)     TPWS(ns)  TPWS Failing Endpoints  TPWS Total Endpoints  
-----             -------      -------  ---------------------  -------------------      -------      -------  ---------------------  -------------------     --------     --------  ----------------------  --------------------  
clk_fpga_0          3.126        0.000                      0                 1460        0.040        0.000                      0                 1460        4.020        0.000                       0                   711  


------------------------------------------------------------------------------------------------
| Inter Clock Table
| -----------------
------------------------------------------------------------------------------------------------

From Clock    To Clock          WNS(ns)      TNS(ns)  TNS Failing Endpoints  TNS Total Endpoints      WHS(ns)      THS(ns)  THS Failing Endpoints  THS Total Endpoints  
----------    --------          -------      -------  ---------------------  -------------------      -------      -------  ---------------------  -------------------  


------------------------------------------------------------------------------------------------
| Other Path Groups Table
| -----------------------
------------------------------------------------------------------------------------------------

Path Group         From Clock         To Clock               WNS(ns)      TNS(ns)  TNS Failing Endpoints  TNS Total Endpoints      WHS(ns)      THS(ns)  THS Failing Endpoints  THS Total Endpoints  
----------         ----------         --------               -------      -------  ---------------------  -------------------      -------      -------  ---------------------  -------------------  
**async_default**  clk_fpga_0         clk_fpga_0               6.626        0.000                      0                   26        0.715        0.000                      0                   26  


------------------------------------------------------------------------------------------------
| User Ignored Path Table
| -----------------------
------------------------------------------------------------------------------------------------

Path Group    From Clock    To Clock    
----------    ----------    --------    
(none)                      clk_fpga_0    


------------------------------------------------------------------------------------------------
| Unconstrained Path Table
| ------------------------
------------------------------------------------------------------------------------------------

Path Group    From Clock    To Clock    
----------    ----------    --------    
(none)        clk_fpga_0                  
(none)                      clk_fpga_0    


------------------------------------------------------------------------------------------------
| Timing Details
| --------------
------------------------------------------------------------------------------------------------


---------------------------------------------------------------------------------------------------
From Clock:  clk_fpga_0
  To Clock:  clk_fpga_0

Setup :            0  Failing Endpoints,  Worst Slack        3.126ns,  Total Violation        0.000ns
Hold  :            0  Failing Endpoints,  Worst Slack        0.040ns,  Total Violation        0.000ns
PW    :            0  Failing Endpoints,  Worst Slack        4.020ns,  Total Violation        0.000ns
---------------------------------------------------------------------------------------------------


Max Delay Paths
--------------------------------------------------------------------------------------
Slack (MET) :             3.126ns  (required time - arrival time)
  Source:                 u_week10_wrapper/week10_i/ps7_0_axi_periph/s00_couplers/auto_pc/inst/gen_axilite.gen_b2s_conv.axilite_b2s/SI_REG/aw.aw_pipe/m_payload_i_reg[39]/C
                            (rising edge-triggered cell FDRE clocked by clk_fpga_0  {rise@0.000ns fall@5.000ns period=10.000ns})
  Destination:            u_week10_wrapper/week10_i/ps7_0_axi_periph/s00_couplers/auto_pc/inst/gen_axilite.gen_b2s_conv.axilite_b2s/WR.aw_channel_0/cmd_translator_0/incr_cmd_0/axaddr_incr_reg[9]/D
                            (rising edge-triggered cell FDRE clocked by clk_fpga_0  {rise@0.000ns fall@5.000ns period=10.000ns})
  Path Group:             clk_fpga_0
  Path Type:              Setup (Max at Slow Process Corner)
  Requirement:            10.000ns  (clk_fpga_0 rise@10.000ns - clk_fpga_0 rise@0.000ns)
  Data Path Delay:        6.673ns  (logic 2.910ns (43.606%)  route 3.763ns (56.394%))
  Logic Levels:           8  (CARRY4=3 LUT3=3 LUT4=1 LUT6=1)
  Clock Path Skew:        -0.165ns (DCD - SCD + CPR)
    Destination Clock Delay (DCD):    3.261ns = ( 13.261 - 10.000 ) 
    Source Clock Delay      (SCD):    3.707ns
    Clock Pessimism Removal (CPR):    0.282ns
  Clock Uncertainty:      0.154ns  ((TSJ^2 + TIJ^2)^1/2 + DJ) / 2 + PE
    Total System Jitter     (TSJ):    0.071ns
    Total Input Jitter      (TIJ):    0.300ns
    Discrete Jitter          (DJ):    0.000ns
    Phase Error              (PE):    0.000ns

    Location             Delay type                Incr(ns)  Path(ns)    Netlist Resource(s)
  -------------------------------------------------------------------    -------------------
                         (clock clk_fpga_0 rise edge)
                                                      0.000     0.000 r  
    PS7_X0Y0             PS7                          0.000     0.000 r  u_week10_wrapper/week10_i/processing_system7_0/inst/PS7_i/FCLKCLK[0]
                         net (fo=1, routed)           1.938     1.938    u_week10_wrapper/week10_i/processing_system7_0/inst/FCLK_CLK_unbuffered[0]
    BUFGCTRL_X0Y16       BUFG (Prop_bufg_I_O)         0.101     2.039 r  u_week10_wrapper/week10_i/processing_system7_0/inst/buffer_fclk_clk_0.FCLK_CLK_0_BUFG/O
                         net (fo=712, routed)         1.668     3.707    u_week10_wrapper/week10_i/ps7_0_axi_periph/s00_couplers/auto_pc/inst/gen_axilite.gen_b2s_conv.axilite_b2s/SI_REG/aw.aw_pipe/aclk
    SLICE_X8Y50          FDRE                                         r  u_week10_wrapper/week10_i/ps7_0_axi_periph/s00_couplers/auto_pc/inst/gen_axilite.gen_b2s_conv.axilite_b2s/SI_REG/aw.aw_pipe/m_payload_i_reg[39]/C
  -------------------------------------------------------------------    -------------------
    SLICE_X8Y50          FDRE (Prop_fdre_C_Q)         0.478     4.185 r  u_week10_wrapper/week10_i/ps7_0_axi_periph/s00_couplers/auto_pc/inst/gen_axilite.gen_b2s_conv.axilite_b2s/SI_REG/aw.aw_pipe/m_payload_i_reg[39]/Q
                         net (fo=16, routed)          1.111     5.296    u_week10_wrapper/week10_i/ps7_0_axi_periph/s00_couplers/auto_pc/inst/gen_axilite.gen_b2s_conv.axilite_b2s/WR.aw_channel_0/cmd_translator_0/axlen_cnt_reg[3][11]
    SLICE_X12Y48         LUT3 (Prop_lut3_I1_O)        0.330     5.626 f  u_week10_wrapper/week10_i/ps7_0_axi_periph/s00_couplers/auto_pc/inst/gen_axilite.gen_b2s_conv.axilite_b2s/WR.aw_channel_0/cmd_translator_0/FSM_sequential_state[1]_i_2/O
                         net (fo=3, routed)           0.322     5.948    u_week10_wrapper/week10_i/ps7_0_axi_periph/s00_couplers/auto_pc/inst/gen_axilite.gen_b2s_conv.axilite_b2s/WR.aw_channel_0/aw_cmd_fsm_0/FSM_sequential_state_reg[1]_0
    SLICE_X12Y47         LUT6 (Prop_lut6_I3_O)        0.331     6.279 r  u_week10_wrapper/week10_i/ps7_0_axi_periph/s00_couplers/auto_pc/inst/gen_axilite.gen_b2s_conv.axilite_b2s/WR.aw_channel_0/aw_cmd_fsm_0/memory_reg[3][0]_srl4_i_1/O
                         net (fo=30, routed)          0.582     6.861    u_week10_wrapper/week10_i/ps7_0_axi_periph/s00_couplers/auto_pc/inst/gen_axilite.gen_b2s_conv.axilite_b2s/WR.aw_channel_0/aw_cmd_fsm_0/m_axi_awready_0
    SLICE_X11Y48         LUT3 (Prop_lut3_I2_O)        0.118     6.979 r  u_week10_wrapper/week10_i/ps7_0_axi_periph/s00_couplers/auto_pc/inst/gen_axilite.gen_b2s_conv.axilite_b2s/WR.aw_channel_0/aw_cmd_fsm_0/next_pending_r_i_3/O
                         net (fo=23, routed)          1.147     8.125    u_week10_wrapper/week10_i/ps7_0_axi_periph/s00_couplers/auto_pc/inst/gen_axilite.gen_b2s_conv.axilite_b2s/WR.aw_channel_0/cmd_translator_0/incr_cmd_0/next
    SLICE_X14Y42         LUT4 (Prop_lut4_I3_O)        0.326     8.451 r  u_week10_wrapper/week10_i/ps7_0_axi_periph/s00_couplers/auto_pc/inst/gen_axilite.gen_b2s_conv.axilite_b2s/WR.aw_channel_0/cmd_translator_0/incr_cmd_0/axaddr_incr[3]_i_9/O
                         net (fo=1, routed)           0.000     8.451    u_week10_wrapper/week10_i/ps7_0_axi_periph/s00_couplers/auto_pc/inst/gen_axilite.gen_b2s_conv.axilite_b2s/SI_REG/aw.aw_pipe/axaddr_incr_reg[3][1]
    SLICE_X14Y42         CARRY4 (Prop_carry4_S[1]_CO[3])
                                                      0.550     9.001 r  u_week10_wrapper/week10_i/ps7_0_axi_periph/s00_couplers/auto_pc/inst/gen_axilite.gen_b2s_conv.axilite_b2s/SI_REG/aw.aw_pipe/axaddr_incr_reg[3]_i_2/CO[3]
                         net (fo=1, routed)           0.000     9.001    u_week10_wrapper/week10_i/ps7_0_axi_periph/s00_couplers/auto_pc/inst/gen_axilite.gen_b2s_conv.axilite_b2s/SI_REG/aw.aw_pipe/axaddr_incr_reg[3]_i_2_n_0
    SLICE_X14Y43         CARRY4 (Prop_carry4_CI_CO[3])
                                                      0.114     9.115 r  u_week10_wrapper/week10_i/ps7_0_axi_periph/s00_couplers/auto_pc/inst/gen_axilite.gen_b2s_conv.axilite_b2s/SI_REG/aw.aw_pipe/axaddr_incr_reg[7]_i_2/CO[3]
                         net (fo=1, routed)           0.000     9.115    u_week10_wrapper/week10_i/ps7_0_axi_periph/s00_couplers/auto_pc/inst/gen_axilite.gen_b2s_conv.axilite_b2s/SI_REG/aw.aw_pipe/axaddr_incr_reg[7]_i_2_n_0
    SLICE_X14Y44         CARRY4 (Prop_carry4_CI_O[1])
                                                      0.334     9.449 r  u_week10_wrapper/week10_i/ps7_0_axi_periph/s00_couplers/auto_pc/inst/gen_axilite.gen_b2s_conv.axilite_b2s/SI_REG/aw.aw_pipe/axaddr_incr_reg[11]_i_3/O[1]
                         net (fo=1, routed)           0.602    10.052    u_week10_wrapper/week10_i/ps7_0_axi_periph/s00_couplers/auto_pc/inst/gen_axilite.gen_b2s_conv.axilite_b2s/WR.aw_channel_0/cmd_translator_0/incr_cmd_0/axaddr_incr[9]
    SLICE_X16Y44         LUT3 (Prop_lut3_I0_O)        0.329    10.381 r  u_week10_wrapper/week10_i/ps7_0_axi_periph/s00_couplers/auto_pc/inst/gen_axilite.gen_b2s_conv.axilite_b2s/WR.aw_channel_0/cmd_translator_0/incr_cmd_0/axaddr_incr[9]_i_1/O
                         net (fo=1, routed)           0.000    10.381    u_week10_wrapper/week10_i/ps7_0_axi_periph/s00_couplers/auto_pc/inst/gen_axilite.gen_b2s_conv.axilite_b2s/WR.aw_channel_0/cmd_translator_0/incr_cmd_0/p_1_in[9]
    SLICE_X16Y44         FDRE                                         r  u_week10_wrapper/week10_i/ps7_0_axi_periph/s00_couplers/auto_pc/inst/gen_axilite.gen_b2s_conv.axilite_b2s/WR.aw_channel_0/cmd_translator_0/incr_cmd_0/axaddr_incr_reg[9]/D
  -------------------------------------------------------------------    -------------------

                         (clock clk_fpga_0 rise edge)
                                                     10.000    10.000 r  
    PS7_X0Y0             PS7                          0.000    10.000 r  u_week10_wrapper/week10_i/processing_system7_0/inst/PS7_i/FCLKCLK[0]
                         net (fo=1, routed)           1.666    11.666    u_week10_wrapper/week10_i/processing_system7_0/inst/FCLK_CLK_unbuffered[0]
    BUFGCTRL_X0Y16       BUFG (Prop_bufg_I_O)         0.091    11.757 r  u_week10_wrapper/week10_i/processing_system7_0/inst/buffer_fclk_clk_0.FCLK_CLK_0_BUFG/O
                         net (fo=712, routed)         1.503    13.261    u_week10_wrapper/week10_i/ps7_0_axi_periph/s00_couplers/auto_pc/inst/gen_axilite.gen_b2s_conv.axilite_b2s/WR.aw_channel_0/cmd_translator_0/incr_cmd_0/aclk
    SLICE_X16Y44         FDRE                                         r  u_week10_wrapper/week10_i/ps7_0_axi_periph/s00_couplers/auto_pc/inst/gen_axilite.gen_b2s_conv.axilite_b2s/WR.aw_channel_0/cmd_translator_0/incr_cmd_0/axaddr_incr_reg[9]/C
                         clock pessimism              0.282    13.543    
                         clock uncertainty           -0.154    13.389    
    SLICE_X16Y44         FDRE (Setup_fdre_C_D)        0.118    13.507    u_week10_wrapper/week10_i/ps7_0_axi_periph/s00_couplers/auto_pc/inst/gen_axilite.gen_b2s_conv.axilite_b2s/WR.aw_channel_0/cmd_translator_0/incr_cmd_0/axaddr_incr_reg[9]
  -------------------------------------------------------------------
                         required time                         13.507    
                         arrival time                         -10.381    
  -------------------------------------------------------------------
                         slack                                  3.126    

Slack (MET) :             3.128ns  (required time - arrival time)
  Source:                 u_week10_wrapper/week10_i/ps7_0_axi_periph/s00_couplers/auto_pc/inst/gen_axilite.gen_b2s_conv.axilite_b2s/SI_REG/aw.aw_pipe/m_payload_i_reg[39]/C
                            (rising edge-triggered cell FDRE clocked by clk_fpga_0  {rise@0.000ns fall@5.000ns period=10.000ns})
  Destination:            u_week10_wrapper/week10_i/ps7_0_axi_periph/s00_couplers/auto_pc/inst/gen_axilite.gen_b2s_conv.axilite_b2s/WR.aw_channel_0/cmd_translator_0/incr_cmd_0/axaddr_incr_reg[6]/D
                            (rising edge-triggered cell FDRE clocked by clk_fpga_0  {rise@0.000ns fall@5.000ns period=10.000ns})
  Path Group:             clk_fpga_0
  Path Type:              Setup (Max at Slow Process Corner)
  Requirement:            10.000ns  (clk_fpga_0 rise@10.000ns - clk_fpga_0 rise@0.000ns)
  Data Path Delay:        6.672ns  (logic 2.703ns (40.514%)  route 3.969ns (59.486%))
  Logic Levels:           7  (CARRY4=2 LUT3=3 LUT4=1 LUT6=1)
  Clock Path Skew:        -0.165ns (DCD - SCD + CPR)
    Destination Clock Delay (DCD):    3.261ns = ( 13.261 - 10.000 ) 
    Source Clock Delay      (SCD):    3.707ns
    Clock Pessimism Removal (CPR):    0.282ns
  Clock Uncertainty:      0.154ns  ((TSJ^2 + TIJ^2)^1/2 + DJ) / 2 + PE
    Total System Jitter     (TSJ):    0.071ns
    Total Input Jitter      (TIJ):    0.300ns
    Discrete Jitter          (DJ):    0.000ns
    Phase Error              (PE):    0.000ns

    Location             Delay type                Incr(ns)  Path(ns)    Netlist Resource(s)
  -------------------------------------------------------------------    -------------------
                         (clock clk_fpga_0 rise edge)
                                                      0.000     0.000 r  
    PS7_X0Y0             PS7                          0.000     0.000 r  u_week10_wrapper/week10_i/processing_system7_0/inst/PS7_i/FCLKCLK[0]
                         net (fo=1, routed)           1.938     1.938    u_week10_wrapper/week10_i/processing_system7_0/inst/FCLK_CLK_unbuffered[0]
    BUFGCTRL_X0Y16       BUFG (Prop_bufg_I_O)         0.101     2.039 r  u_week10_wrapper/week10_i/processing_system7_0/inst/buffer_fclk_clk_0.FCLK_CLK_0_BUFG/O
                         net (fo=712, routed)         1.668     3.707    u_week10_wrapper/week10_i/ps7_0_axi_periph/s00_couplers/auto_pc/inst/gen_axilite.gen_b2s_conv.axilite_b2s/SI_REG/aw.aw_pipe/aclk
    SLICE_X8Y50          FDRE                                         r  u_week10_wrapper/week10_i/ps7_0_axi_periph/s00_couplers/auto_pc/inst/gen_axilite.gen_b2s_conv.axilite_b2s/SI_REG/aw.aw_pipe/m_payload_i_reg[39]/C
  -------------------------------------------------------------------    -------------------
    SLICE_X8Y50          FDRE (Prop_fdre_C_Q)         0.478     4.185 r  u_week10_wrapper/week10_i/ps7_0_axi_periph/s00_couplers/auto_pc/inst/gen_axilite.gen_b2s_conv.axilite_b2s/SI_REG/aw.aw_pipe/m_payload_i_reg[39]/Q
                         net (fo=16, routed)          1.111     5.296    u_week10_wrapper/week10_i/ps7_0_axi_periph/s00_couplers/auto_pc/inst/gen_axilite.gen_b2s_conv.axilite_b2s/WR.aw_channel_0/cmd_translator_0/axlen_cnt_reg[3][11]
    SLICE_X12Y48         LUT3 (Prop_lut3_I1_O)        0.330     5.626 f  u_week10_wrapper/week10_i/ps7_0_axi_periph/s00_couplers/auto_pc/inst/gen_axilite.gen_b2s_conv.axilite_b2s/WR.aw_channel_0/cmd_translator_0/FSM_sequential_state[1]_i_2/O
                         net (fo=3, routed)           0.322     5.948    u_week10_wrapper/week10_i/ps7_0_axi_periph/s00_couplers/auto_pc/inst/gen_axilite.gen_b2s_conv.axilite_b2s/WR.aw_channel_0/aw_cmd_fsm_0/FSM_sequential_state_reg[1]_0
    SLICE_X12Y47         LUT6 (Prop_lut6_I3_O)        0.331     6.279 r  u_week10_wrapper/week10_i/ps7_0_axi_periph/s00_couplers/auto_pc/inst/gen_axilite.gen_b2s_conv.axilite_b2s/WR.aw_channel_0/aw_cmd_fsm_0/memory_reg[3][0]_srl4_i_1/O
                         net (fo=30, routed)          0.582     6.861    u_week10_wrapper/week10_i/ps7_0_axi_periph/s00_couplers/auto_pc/inst/gen_axilite.gen_b2s_conv.axilite_b2s/WR.aw_channel_0/aw_cmd_fsm_0/m_axi_awready_0
    SLICE_X11Y48         LUT3 (Prop_lut3_I2_O)        0.118     6.979 r  u_week10_wrapper/week10_i/ps7_0_axi_periph/s00_couplers/auto_pc/inst/gen_axilite.gen_b2s_conv.axilite_b2s/WR.aw_channel_0/aw_cmd_fsm_0/next_pending_r_i_3/O
                         net (fo=23, routed)          1.147     8.125    u_week10_wrapper/week10_i/ps7_0_axi_periph/s00_couplers/auto_pc/inst/gen_axilite.gen_b2s_conv.axilite_b2s/WR.aw_channel_0/cmd_translator_0/incr_cmd_0/next
    SLICE_X14Y42         LUT4 (Prop_lut4_I3_O)        0.326     8.451 r  u_week10_wrapper/week10_i/ps7_0_axi_periph/s00_couplers/auto_pc/inst/gen_axilite.gen_b2s_conv.axilite_b2s/WR.aw_channel_0/cmd_translator_0/incr_cmd_0/axaddr_incr[3]_i_9/O
                         net (fo=1, routed)           0.000     8.451    u_week10_wrapper/week10_i/ps7_0_axi_periph/s00_couplers/auto_pc/inst/gen_axilite.gen_b2s_conv.axilite_b2s/SI_REG/aw.aw_pipe/axaddr_incr_reg[3][1]
    SLICE_X14Y42         CARRY4 (Prop_carry4_S[1]_CO[3])
                                                      0.550     9.001 r  u_week10_wrapper/week10_i/ps7_0_axi_periph/s00_couplers/auto_pc/inst/gen_axilite.gen_b2s_conv.axilite_b2s/SI_REG/aw.aw_pipe/axaddr_incr_reg[3]_i_2/CO[3]
                         net (fo=1, routed)           0.000     9.001    u_week10_wrapper/week10_i/ps7_0_axi_periph/s00_couplers/auto_pc/inst/gen_axilite.gen_b2s_conv.axilite_b2s/SI_REG/aw.aw_pipe/axaddr_incr_reg[3]_i_2_n_0
    SLICE_X14Y43         CARRY4 (Prop_carry4_CI_O[2])
                                                      0.239     9.240 r  u_week10_wrapper/week10_i/ps7_0_axi_periph/s00_couplers/auto_pc/inst/gen_axilite.gen_b2s_conv.axilite_b2s/SI_REG/aw.aw_pipe/axaddr_incr_reg[7]_i_2/O[2]
                         net (fo=1, routed)           0.808    10.048    u_week10_wrapper/week10_i/ps7_0_axi_periph/s00_couplers/auto_pc/inst/gen_axilite.gen_b2s_conv.axilite_b2s/WR.aw_channel_0/cmd_translator_0/incr_cmd_0/axaddr_incr[6]
    SLICE_X16Y44         LUT3 (Prop_lut3_I0_O)        0.331    10.379 r  u_week10_wrapper/week10_i/ps7_0_axi_periph/s00_couplers/auto_pc/inst/gen_axilite.gen_b2s_conv.axilite_b2s/WR.aw_channel_0/cmd_translator_0/incr_cmd_0/axaddr_incr[6]_i_1/O
                         net (fo=1, routed)           0.000    10.379    u_week10_wrapper/week10_i/ps7_0_axi_periph/s00_couplers/auto_pc/inst/gen_axilite.gen_b2s_conv.axilite_b2s/WR.aw_channel_0/cmd_translator_0/incr_cmd_0/p_1_in[6]
    SLICE_X16Y44         FDRE                                         r  u_week10_wrapper/week10_i/ps7_0_axi_periph/s00_couplers/auto_pc/inst/gen_axilite.gen_b2s_conv.axilite_b2s/WR.aw_channel_0/cmd_translator_0/incr_cmd_0/axaddr_incr_reg[6]/D
  -------------------------------------------------------------------    -------------------

                         (clock clk_fpga_0 rise edge)
                                                     10.000    10.000 r  
    PS7_X0Y0             PS7                          0.000    10.000 r  u_week10_wrapper/week10_i/processing_system7_0/inst/PS7_i/FCLKCLK[0]
                         net (fo=1, routed)           1.666    11.666    u_week10_wrapper/week10_i/processing_system7_0/inst/FCLK_CLK_unbuffered[0]
    BUFGCTRL_X0Y16       BUFG (Prop_bufg_I_O)         0.091    11.757 r  u_week10_wrapper/week10_i/processing_system7_0/inst/buffer_fclk_clk_0.FCLK_CLK_0_BUFG/O
                         net (fo=712, routed)         1.503    13.261    u_week10_wrapper/week10_i/ps7_0_axi_periph/s00_couplers/auto_pc/inst/gen_axilite.gen_b2s_conv.axilite_b2s/WR.aw_channel_0/cmd_translator_0/incr_cmd_0/aclk
    SLICE_X16Y44         FDRE                                         r  u_week10_wrapper/week10_i/ps7_0_axi_periph/s00_couplers/auto_pc/inst/gen_axilite.gen_b2s_conv.axilite_b2s/WR.aw_channel_0/cmd_translator_0/incr_cmd_0/axaddr_incr_reg[6]/C
                         clock pessimism              0.282    13.543    
                         clock uncertainty           -0.154    13.389    
    SLICE_X16Y44         FDRE (Setup_fdre_C_D)        0.118    13.507    u_week10_wrapper/week10_i/ps7_0_axi_periph/s00_couplers/auto_pc/inst/gen_axilite.gen_b2s_conv.axilite_b2s/WR.aw_channel_0/cmd_translator_0/incr_cmd_0/axaddr_incr_reg[6]
  -------------------------------------------------------------------
                         required time                         13.507    
                         arrival time                         -10.379    
  -------------------------------------------------------------------
                         slack                                  3.128    

Slack (MET) :             3.131ns  (required time - arrival time)
  Source:                 u_week10_wrapper/week10_i/ps7_0_axi_periph/s00_couplers/auto_pc/inst/gen_axilite.gen_b2s_conv.axilite_b2s/SI_REG/aw.aw_pipe/m_payload_i_reg[39]/C
                            (rising edge-triggered cell FDRE clocked by clk_fpga_0  {rise@0.000ns fall@5.000ns period=10.000ns})
  Destination:            u_week10_wrapper/week10_i/ps7_0_axi_periph/s00_couplers/auto_pc/inst/gen_axilite.gen_b2s_conv.axilite_b2s/WR.aw_channel_0/cmd_translator_0/incr_cmd_0/axaddr_incr_reg[5]/D
                            (rising edge-triggered cell FDRE clocked by clk_fpga_0  {rise@0.000ns fall@5.000ns period=10.000ns})
  Path Group:             clk_fpga_0
  Path Type:              Setup (Max at Slow Process Corner)
  Requirement:            10.000ns  (clk_fpga_0 rise@10.000ns - clk_fpga_0 rise@0.000ns)
  Data Path Delay:        6.630ns  (logic 2.770ns (41.781%)  route 3.860ns (58.219%))
  Logic Levels:           7  (CARRY4=2 LUT3=3 LUT4=1 LUT6=1)
  Clock Path Skew:        -0.165ns (DCD - SCD + CPR)
    Destination Clock Delay (DCD):    3.261ns = ( 13.261 - 10.000 ) 
    Source Clock Delay      (SCD):    3.707ns
    Clock Pessimism Removal (CPR):    0.282ns
  Clock Uncertainty:      0.154ns  ((TSJ^2 + TIJ^2)^1/2 + DJ) / 2 + PE
    Total System Jitter     (TSJ):    0.071ns
    Total Input Jitter      (TIJ):    0.300ns
    Discrete Jitter          (DJ):    0.000ns
    Phase Error              (PE):    0.000ns

    Location             Delay type                Incr(ns)  Path(ns)    Netlist Resource(s)
  -------------------------------------------------------------------    -------------------
                         (clock clk_fpga_0 rise edge)
                                                      0.000     0.000 r  
    PS7_X0Y0             PS7                          0.000     0.000 r  u_week10_wrapper/week10_i/processing_system7_0/inst/PS7_i/FCLKCLK[0]
                         net (fo=1, routed)           1.938     1.938    u_week10_wrapper/week10_i/processing_system7_0/inst/FCLK_CLK_unbuffered[0]
    BUFGCTRL_X0Y16       BUFG (Prop_bufg_I_O)         0.101     2.039 r  u_week10_wrapper/week10_i/processing_system7_0/inst/buffer_fclk_clk_0.FCLK_CLK_0_BUFG/O
                         net (fo=712, routed)         1.668     3.707    u_week10_wrapper/week10_i/ps7_0_axi_periph/s00_couplers/auto_pc/inst/gen_axilite.gen_b2s_conv.axilite_b2s/SI_REG/aw.aw_pipe/aclk
    SLICE_X8Y50          FDRE                                         r  u_week10_wrapper/week10_i/ps7_0_axi_periph/s00_couplers/auto_pc/inst/gen_axilite.gen_b2s_conv.axilite_b2s/SI_REG/aw.aw_pipe/m_payload_i_reg[39]/C
  -------------------------------------------------------------------    -------------------
    SLICE_X8Y50          FDRE (Prop_fdre_C_Q)         0.478     4.185 r  u_week10_wrapper/week10_i/ps7_0_axi_periph/s00_couplers/auto_pc/inst/gen_axilite.gen_b2s_conv.axilite_b2s/SI_REG/aw.aw_pipe/m_payload_i_reg[39]/Q
                         net (fo=16, routed)          1.111     5.296    u_week10_wrapper/week10_i/ps7_0_axi_periph/s00_couplers/auto_pc/inst/gen_axilite.gen_b2s_conv.axilite_b2s/WR.aw_channel_0/cmd_translator_0/axlen_cnt_reg[3][11]
    SLICE_X12Y48         LUT3 (Prop_lut3_I1_O)        0.330     5.626 f  u_week10_wrapper/week10_i/ps7_0_axi_periph/s00_couplers/auto_pc/inst/gen_axilite.gen_b2s_conv.axilite_b2s/WR.aw_channel_0/cmd_translator_0/FSM_sequential_state[1]_i_2/O
                         net (fo=3, routed)           0.322     5.948    u_week10_wrapper/week10_i/ps7_0_axi_periph/s00_couplers/auto_pc/inst/gen_axilite.gen_b2s_conv.axilite_b2s/WR.aw_channel_0/aw_cmd_fsm_0/FSM_sequential_state_reg[1]_0
    SLICE_X12Y47         LUT6 (Prop_lut6_I3_O)        0.331     6.279 r  u_week10_wrapper/week10_i/ps7_0_axi_periph/s00_couplers/auto_pc/inst/gen_axilite.gen_b2s_conv.axilite_b2s/WR.aw_channel_0/aw_cmd_fsm_0/memory_reg[3][0]_srl4_i_1/O
                         net (fo=30, routed)          0.582     6.861    u_week10_wrapper/week10_i/ps7_0_axi_periph/s00_couplers/auto_pc/inst/gen_axilite.gen_b2s_conv.axilite_b2s/WR.aw_channel_0/aw_cmd_fsm_0/m_axi_awready_0
    SLICE_X11Y48         LUT3 (Prop_lut3_I2_O)        0.118     6.979 r  u_week10_wrapper/week10_i/ps7_0_axi_periph/s00_couplers/auto_pc/inst/gen_axilite.gen_b2s_conv.axilite_b2s/WR.aw_channel_0/aw_cmd_fsm_0/next_pending_r_i_3/O
                         net (fo=23, routed)          1.147     8.125    u_week10_wrapper/week10_i/ps7_0_axi_periph/s00_couplers/auto_pc/inst/gen_axilite.gen_b2s_conv.axilite_b2s/WR.aw_channel_0/cmd_translator_0/incr_cmd_0/next
    SLICE_X14Y42         LUT4 (Prop_lut4_I3_O)        0.326     8.451 r  u_week10_wrapper/week10_i/ps7_0_axi_periph/s00_couplers/auto_pc/inst/gen_axilite.gen_b2s_conv.axilite_b2s/WR.aw_channel_0/cmd_translator_0/incr_cmd_0/axaddr_incr[3]_i_9/O
                         net (fo=1, routed)           0.000     8.451    u_week10_wrapper/week10_i/ps7_0_axi_periph/s00_couplers/auto_pc/inst/gen_axilite.gen_b2s_conv.axilite_b2s/SI_REG/aw.aw_pipe/axaddr_incr_reg[3][1]
    SLICE_X14Y42         CARRY4 (Prop_carry4_S[1]_CO[3])
                                                      0.550     9.001 r  u_week10_wrapper/week10_i/ps7_0_axi_periph/s00_couplers/auto_pc/inst/gen_axilite.gen_b2s_conv.axilite_b2s/SI_REG/aw.aw_pipe/axaddr_incr_reg[3]_i_2/CO[3]
                         net (fo=1, routed)           0.000     9.001    u_week10_wrapper/week10_i/ps7_0_axi_periph/s00_couplers/auto_pc/inst/gen_axilite.gen_b2s_conv.axilite_b2s/SI_REG/aw.aw_pipe/axaddr_incr_reg[3]_i_2_n_0
    SLICE_X14Y43         CARRY4 (Prop_carry4_CI_O[1])
                                                      0.334     9.335 r  u_week10_wrapper/week10_i/ps7_0_axi_periph/s00_couplers/auto_pc/inst/gen_axilite.gen_b2s_conv.axilite_b2s/SI_REG/aw.aw_pipe/axaddr_incr_reg[7]_i_2/O[1]
                         net (fo=1, routed)           0.699    10.034    u_week10_wrapper/week10_i/ps7_0_axi_periph/s00_couplers/auto_pc/inst/gen_axilite.gen_b2s_conv.axilite_b2s/WR.aw_channel_0/cmd_translator_0/incr_cmd_0/axaddr_incr[5]
    SLICE_X16Y44         LUT3 (Prop_lut3_I0_O)        0.303    10.337 r  u_week10_wrapper/week10_i/ps7_0_axi_periph/s00_couplers/auto_pc/inst/gen_axilite.gen_b2s_conv.axilite_b2s/WR.aw_channel_0/cmd_translator_0/incr_cmd_0/axaddr_incr[5]_i_1/O
                         net (fo=1, routed)           0.000    10.337    u_week10_wrapper/week10_i/ps7_0_axi_periph/s00_couplers/auto_pc/inst/gen_axilite.gen_b2s_conv.axilite_b2s/WR.aw_channel_0/cmd_translator_0/incr_cmd_0/p_1_in[5]
    SLICE_X16Y44         FDRE                                         r  u_week10_wrapper/week10_i/ps7_0_axi_periph/s00_couplers/auto_pc/inst/gen_axilite.gen_b2s_conv.axilite_b2s/WR.aw_channel_0/cmd_translator_0/incr_cmd_0/axaddr_incr_reg[5]/D
  -------------------------------------------------------------------    -------------------

                         (clock clk_fpga_0 rise edge)
                                                     10.000    10.000 r  
    PS7_X0Y0             PS7                          0.000    10.000 r  u_week10_wrapper/week10_i/processing_system7_0/inst/PS7_i/FCLKCLK[0]
                         net (fo=1, routed)           1.666    11.666    u_week10_wrapper/week10_i/processing_system7_0/inst/FCLK_CLK_unbuffered[0]
    BUFGCTRL_X0Y16       BUFG (Prop_bufg_I_O)         0.091    11.757 r  u_week10_wrapper/week10_i/processing_system7_0/inst/buffer_fclk_clk_0.FCLK_CLK_0_BUFG/O
                         net (fo=712, routed)         1.503    13.261    u_week10_wrapper/week10_i/ps7_0_axi_periph/s00_couplers/auto_pc/inst/gen_axilite.gen_b2s_conv.axilite_b2s/WR.aw_channel_0/cmd_translator_0/incr_cmd_0/aclk
    SLICE_X16Y44         FDRE                                         r  u_week10_wrapper/week10_i/ps7_0_axi_periph/s00_couplers/auto_pc/inst/gen_axilite.gen_b2s_conv.axilite_b2s/WR.aw_channel_0/cmd_translator_0/incr_cmd_0/axaddr_incr_reg[5]/C
                         clock pessimism              0.282    13.543    
                         clock uncertainty           -0.154    13.389    
    SLICE_X16Y44         FDRE (Setup_fdre_C_D)        0.079    13.468    u_week10_wrapper/week10_i/ps7_0_axi_periph/s00_couplers/auto_pc/inst/gen_axilite.gen_b2s_conv.axilite_b2s/WR.aw_channel_0/cmd_translator_0/incr_cmd_0/axaddr_incr_reg[5]
  -------------------------------------------------------------------
                         required time                         13.468    
                         arrival time                         -10.337    
  -------------------------------------------------------------------
                         slack                                  3.131    

Slack (MET) :             3.227ns  (required time - arrival time)
  Source:                 u_week10_wrapper/week10_i/ps7_0_axi_periph/s00_couplers/auto_pc/inst/gen_axilite.gen_b2s_conv.axilite_b2s/SI_REG/aw.aw_pipe/m_payload_i_reg[39]/C
                            (rising edge-triggered cell FDRE clocked by clk_fpga_0  {rise@0.000ns fall@5.000ns period=10.000ns})
  Destination:            u_week10_wrapper/week10_i/ps7_0_axi_periph/s00_couplers/auto_pc/inst/gen_axilite.gen_b2s_conv.axilite_b2s/WR.aw_channel_0/cmd_translator_0/incr_cmd_0/axaddr_incr_reg[10]/D
                            (rising edge-triggered cell FDRE clocked by clk_fpga_0  {rise@0.000ns fall@5.000ns period=10.000ns})
  Path Group:             clk_fpga_0
  Path Type:              Setup (Max at Slow Process Corner)
  Requirement:            10.000ns  (clk_fpga_0 rise@10.000ns - clk_fpga_0 rise@0.000ns)
  Data Path Delay:        6.532ns  (logic 2.788ns (42.685%)  route 3.744ns (57.315%))
  Logic Levels:           8  (CARRY4=3 LUT3=3 LUT4=1 LUT6=1)
  Clock Path Skew:        -0.165ns (DCD - SCD + CPR)
    Destination Clock Delay (DCD):    3.261ns = ( 13.261 - 10.000 ) 
    Source Clock Delay      (SCD):    3.707ns
    Clock Pessimism Removal (CPR):    0.282ns
  Clock Uncertainty:      0.154ns  ((TSJ^2 + TIJ^2)^1/2 + DJ) / 2 + PE
    Total System Jitter     (TSJ):    0.071ns
    Total Input Jitter      (TIJ):    0.300ns
    Discrete Jitter          (DJ):    0.000ns
    Phase Error              (PE):    0.000ns

    Location             Delay type                Incr(ns)  Path(ns)    Netlist Resource(s)
  -------------------------------------------------------------------    -------------------
                         (clock clk_fpga_0 rise edge)
                                                      0.000     0.000 r  
    PS7_X0Y0             PS7                          0.000     0.000 r  u_week10_wrapper/week10_i/processing_system7_0/inst/PS7_i/FCLKCLK[0]
                         net (fo=1, routed)           1.938     1.938    u_week10_wrapper/week10_i/processing_system7_0/inst/FCLK_CLK_unbuffered[0]
    BUFGCTRL_X0Y16       BUFG (Prop_bufg_I_O)         0.101     2.039 r  u_week10_wrapper/week10_i/processing_system7_0/inst/buffer_fclk_clk_0.FCLK_CLK_0_BUFG/O
                         net (fo=712, routed)         1.668     3.707    u_week10_wrapper/week10_i/ps7_0_axi_periph/s00_couplers/auto_pc/inst/gen_axilite.gen_b2s_conv.axilite_b2s/SI_REG/aw.aw_pipe/aclk
    SLICE_X8Y50          FDRE                                         r  u_week10_wrapper/week10_i/ps7_0_axi_periph/s00_couplers/auto_pc/inst/gen_axilite.gen_b2s_conv.axilite_b2s/SI_REG/aw.aw_pipe/m_payload_i_reg[39]/C
  -------------------------------------------------------------------    -------------------
    SLICE_X8Y50          FDRE (Prop_fdre_C_Q)         0.478     4.185 r  u_week10_wrapper/week10_i/ps7_0_axi_periph/s00_couplers/auto_pc/inst/gen_axilite.gen_b2s_conv.axilite_b2s/SI_REG/aw.aw_pipe/m_payload_i_reg[39]/Q
                         net (fo=16, routed)          1.111     5.296    u_week10_wrapper/week10_i/ps7_0_axi_periph/s00_couplers/auto_pc/inst/gen_axilite.gen_b2s_conv.axilite_b2s/WR.aw_channel_0/cmd_translator_0/axlen_cnt_reg[3][11]
    SLICE_X12Y48         LUT3 (Prop_lut3_I1_O)        0.330     5.626 f  u_week10_wrapper/week10_i/ps7_0_axi_periph/s00_couplers/auto_pc/inst/gen_axilite.gen_b2s_conv.axilite_b2s/WR.aw_channel_0/cmd_translator_0/FSM_sequential_state[1]_i_2/O
                         net (fo=3, routed)           0.322     5.948    u_week10_wrapper/week10_i/ps7_0_axi_periph/s00_couplers/auto_pc/inst/gen_axilite.gen_b2s_conv.axilite_b2s/WR.aw_channel_0/aw_cmd_fsm_0/FSM_sequential_state_reg[1]_0
    SLICE_X12Y47         LUT6 (Prop_lut6_I3_O)        0.331     6.279 r  u_week10_wrapper/week10_i/ps7_0_axi_periph/s00_couplers/auto_pc/inst/gen_axilite.gen_b2s_conv.axilite_b2s/WR.aw_channel_0/aw_cmd_fsm_0/memory_reg[3][0]_srl4_i_1/O
                         net (fo=30, routed)          0.582     6.861    u_week10_wrapper/week10_i/ps7_0_axi_periph/s00_couplers/auto_pc/inst/gen_axilite.gen_b2s_conv.axilite_b2s/WR.aw_channel_0/aw_cmd_fsm_0/m_axi_awready_0
    SLICE_X11Y48         LUT3 (Prop_lut3_I2_O)        0.118     6.979 r  u_week10_wrapper/week10_i/ps7_0_axi_periph/s00_couplers/auto_pc/inst/gen_axilite.gen_b2s_conv.axilite_b2s/WR.aw_channel_0/aw_cmd_fsm_0/next_pending_r_i_3/O
                         net (fo=23, routed)          1.147     8.125    u_week10_wrapper/week10_i/ps7_0_axi_periph/s00_couplers/auto_pc/inst/gen_axilite.gen_b2s_conv.axilite_b2s/WR.aw_channel_0/cmd_translator_0/incr_cmd_0/next
    SLICE_X14Y42         LUT4 (Prop_lut4_I3_O)        0.326     8.451 r  u_week10_wrapper/week10_i/ps7_0_axi_periph/s00_couplers/auto_pc/inst/gen_axilite.gen_b2s_conv.axilite_b2s/WR.aw_channel_0/cmd_translator_0/incr_cmd_0/axaddr_incr[3]_i_9/O
                         net (fo=1, routed)           0.000     8.451    u_week10_wrapper/week10_i/ps7_0_axi_periph/s00_couplers/auto_pc/inst/gen_axilite.gen_b2s_conv.axilite_b2s/SI_REG/aw.aw_pipe/axaddr_incr_reg[3][1]
    SLICE_X14Y42         CARRY4 (Prop_carry4_S[1]_CO[3])
                                                      0.550     9.001 r  u_week10_wrapper/week10_i/ps7_0_axi_periph/s00_couplers/auto_pc/inst/gen_axilite.gen_b2s_conv.axilite_b2s/SI_REG/aw.aw_pipe/axaddr_incr_reg[3]_i_2/CO[3]
                         net (fo=1, routed)           0.000     9.001    u_week10_wrapper/week10_i/ps7_0_axi_periph/s00_couplers/auto_pc/inst/gen_axilite.gen_b2s_conv.axilite_b2s/SI_REG/aw.aw_pipe/axaddr_incr_reg[3]_i_2_n_0
    SLICE_X14Y43         CARRY4 (Prop_carry4_CI_CO[3])
                                                      0.114     9.115 r  u_week10_wrapper/week10_i/ps7_0_axi_periph/s00_couplers/auto_pc/inst/gen_axilite.gen_b2s_conv.axilite_b2s/SI_REG/aw.aw_pipe/axaddr_incr_reg[7]_i_2/CO[3]
                         net (fo=1, routed)           0.000     9.115    u_week10_wrapper/week10_i/ps7_0_axi_periph/s00_couplers/auto_pc/inst/gen_axilite.gen_b2s_conv.axilite_b2s/SI_REG/aw.aw_pipe/axaddr_incr_reg[7]_i_2_n_0
    SLICE_X14Y44         CARRY4 (Prop_carry4_CI_O[2])
                                                      0.239     9.354 r  u_week10_wrapper/week10_i/ps7_0_axi_periph/s00_couplers/auto_pc/inst/gen_axilite.gen_b2s_conv.axilite_b2s/SI_REG/aw.aw_pipe/axaddr_incr_reg[11]_i_3/O[2]
                         net (fo=1, routed)           0.583     9.937    u_week10_wrapper/week10_i/ps7_0_axi_periph/s00_couplers/auto_pc/inst/gen_axilite.gen_b2s_conv.axilite_b2s/WR.aw_channel_0/cmd_translator_0/incr_cmd_0/axaddr_incr[10]
    SLICE_X16Y44         LUT3 (Prop_lut3_I0_O)        0.302    10.239 r  u_week10_wrapper/week10_i/ps7_0_axi_periph/s00_couplers/auto_pc/inst/gen_axilite.gen_b2s_conv.axilite_b2s/WR.aw_channel_0/cmd_translator_0/incr_cmd_0/axaddr_incr[10]_i_1/O
                         net (fo=1, routed)           0.000    10.239    u_week10_wrapper/week10_i/ps7_0_axi_periph/s00_couplers/auto_pc/inst/gen_axilite.gen_b2s_conv.axilite_b2s/WR.aw_channel_0/cmd_translator_0/incr_cmd_0/p_1_in[10]
    SLICE_X16Y44         FDRE                                         r  u_week10_wrapper/week10_i/ps7_0_axi_periph/s00_couplers/auto_pc/inst/gen_axilite.gen_b2s_conv.axilite_b2s/WR.aw_channel_0/cmd_translator_0/incr_cmd_0/axaddr_incr_reg[10]/D
  -------------------------------------------------------------------    -------------------

                         (clock clk_fpga_0 rise edge)
                                                     10.000    10.000 r  
    PS7_X0Y0             PS7                          0.000    10.000 r  u_week10_wrapper/week10_i/processing_system7_0/inst/PS7_i/FCLKCLK[0]
                         net (fo=1, routed)           1.666    11.666    u_week10_wrapper/week10_i/processing_system7_0/inst/FCLK_CLK_unbuffered[0]
    BUFGCTRL_X0Y16       BUFG (Prop_bufg_I_O)         0.091    11.757 r  u_week10_wrapper/week10_i/processing_system7_0/inst/buffer_fclk_clk_0.FCLK_CLK_0_BUFG/O
                         net (fo=712, routed)         1.503    13.261    u_week10_wrapper/week10_i/ps7_0_axi_periph/s00_couplers/auto_pc/inst/gen_axilite.gen_b2s_conv.axilite_b2s/WR.aw_channel_0/cmd_translator_0/incr_cmd_0/aclk
    SLICE_X16Y44         FDRE                                         r  u_week10_wrapper/week10_i/ps7_0_axi_periph/s00_couplers/auto_pc/inst/gen_axilite.gen_b2s_conv.axilite_b2s/WR.aw_channel_0/cmd_translator_0/incr_cmd_0/axaddr_incr_reg[10]/C
                         clock pessimism              0.282    13.543    
                         clock uncertainty           -0.154    13.389    
    SLICE_X16Y44         FDRE (Setup_fdre_C_D)        0.077    13.466    u_week10_wrapper/week10_i/ps7_0_axi_periph/s00_couplers/auto_pc/inst/gen_axilite.gen_b2s_conv.axilite_b2s/WR.aw_channel_0/cmd_translator_0/incr_cmd_0/axaddr_incr_reg[10]
  -------------------------------------------------------------------
                         required time                         13.466    
                         arrival time                         -10.239    
  -------------------------------------------------------------------
                         slack                                  3.227    

Slack (MET) :             3.243ns  (required time - arrival time)
  Source:                 u_week10_wrapper/week10_i/ps7_0_axi_periph/s00_couplers/auto_pc/inst/gen_axilite.gen_b2s_conv.axilite_b2s/SI_REG/aw.aw_pipe/m_payload_i_reg[39]/C
                            (rising edge-triggered cell FDRE clocked by clk_fpga_0  {rise@0.000ns fall@5.000ns period=10.000ns})
  Destination:            u_week10_wrapper/week10_i/ps7_0_axi_periph/s00_couplers/auto_pc/inst/gen_axilite.gen_b2s_conv.axilite_b2s/WR.aw_channel_0/cmd_translator_0/incr_cmd_0/axaddr_incr_reg[8]/D
                            (rising edge-triggered cell FDRE clocked by clk_fpga_0  {rise@0.000ns fall@5.000ns period=10.000ns})
  Path Group:             clk_fpga_0
  Path Type:              Setup (Max at Slow Process Corner)
  Requirement:            10.000ns  (clk_fpga_0 rise@10.000ns - clk_fpga_0 rise@0.000ns)
  Data Path Delay:        6.557ns  (logic 2.794ns (42.612%)  route 3.763ns (57.388%))
  Logic Levels:           8  (CARRY4=3 LUT3=3 LUT4=1 LUT6=1)
  Clock Path Skew:        -0.165ns (DCD - SCD + CPR)
    Destination Clock Delay (DCD):    3.261ns = ( 13.261 - 10.000 ) 
    Source Clock Delay      (SCD):    3.707ns
    Clock Pessimism Removal (CPR):    0.282ns
  Clock Uncertainty:      0.154ns  ((TSJ^2 + TIJ^2)^1/2 + DJ) / 2 + PE
    Total System Jitter     (TSJ):    0.071ns
    Total Input Jitter      (TIJ):    0.300ns
    Discrete Jitter          (DJ):    0.000ns
    Phase Error              (PE):    0.000ns

    Location             Delay type                Incr(ns)  Path(ns)    Netlist Resource(s)
  -------------------------------------------------------------------    -------------------
                         (clock clk_fpga_0 rise edge)
                                                      0.000     0.000 r  
    PS7_X0Y0             PS7                          0.000     0.000 r  u_week10_wrapper/week10_i/processing_system7_0/inst/PS7_i/FCLKCLK[0]
                         net (fo=1, routed)           1.938     1.938    u_week10_wrapper/week10_i/processing_system7_0/inst/FCLK_CLK_unbuffered[0]
    BUFGCTRL_X0Y16       BUFG (Prop_bufg_I_O)         0.101     2.039 r  u_week10_wrapper/week10_i/processing_system7_0/inst/buffer_fclk_clk_0.FCLK_CLK_0_BUFG/O
                         net (fo=712, routed)         1.668     3.707    u_week10_wrapper/week10_i/ps7_0_axi_periph/s00_couplers/auto_pc/inst/gen_axilite.gen_b2s_conv.axilite_b2s/SI_REG/aw.aw_pipe/aclk
    SLICE_X8Y50          FDRE                                         r  u_week10_wrapper/week10_i/ps7_0_axi_periph/s00_couplers/auto_pc/inst/gen_axilite.gen_b2s_conv.axilite_b2s/SI_REG/aw.aw_pipe/m_payload_i_reg[39]/C
  -------------------------------------------------------------------    -------------------
    SLICE_X8Y50          FDRE (Prop_fdre_C_Q)         0.478     4.185 r  u_week10_wrapper/week10_i/ps7_0_axi_periph/s00_couplers/auto_pc/inst/gen_axilite.gen_b2s_conv.axilite_b2s/SI_REG/aw.aw_pipe/m_payload_i_reg[39]/Q
                         net (fo=16, routed)          1.111     5.296    u_week10_wrapper/week10_i/ps7_0_axi_periph/s00_couplers/auto_pc/inst/gen_axilite.gen_b2s_conv.axilite_b2s/WR.aw_channel_0/cmd_translator_0/axlen_cnt_reg[3][11]
    SLICE_X12Y48         LUT3 (Prop_lut3_I1_O)        0.330     5.626 f  u_week10_wrapper/week10_i/ps7_0_axi_periph/s00_couplers/auto_pc/inst/gen_axilite.gen_b2s_conv.axilite_b2s/WR.aw_channel_0/cmd_translator_0/FSM_sequential_state[1]_i_2/O
                         net (fo=3, routed)           0.322     5.948    u_week10_wrapper/week10_i/ps7_0_axi_periph/s00_couplers/auto_pc/inst/gen_axilite.gen_b2s_conv.axilite_b2s/WR.aw_channel_0/aw_cmd_fsm_0/FSM_sequential_state_reg[1]_0
    SLICE_X12Y47         LUT6 (Prop_lut6_I3_O)        0.331     6.279 r  u_week10_wrapper/week10_i/ps7_0_axi_periph/s00_couplers/auto_pc/inst/gen_axilite.gen_b2s_conv.axilite_b2s/WR.aw_channel_0/aw_cmd_fsm_0/memory_reg[3][0]_srl4_i_1/O
                         net (fo=30, routed)          0.582     6.861    u_week10_wrapper/week10_i/ps7_0_axi_periph/s00_couplers/auto_pc/inst/gen_axilite.gen_b2s_conv.axilite_b2s/WR.aw_channel_0/aw_cmd_fsm_0/m_axi_awready_0
    SLICE_X11Y48         LUT3 (Prop_lut3_I2_O)        0.118     6.979 r  u_week10_wrapper/week10_i/ps7_0_axi_periph/s00_couplers/auto_pc/inst/gen_axilite.gen_b2s_conv.axilite_b2s/WR.aw_channel_0/aw_cmd_fsm_0/next_pending_r_i_3/O
                         net (fo=23, routed)          1.147     8.125    u_week10_wrapper/week10_i/ps7_0_axi_periph/s00_couplers/auto_pc/inst/gen_axilite.gen_b2s_conv.axilite_b2s/WR.aw_channel_0/cmd_translator_0/incr_cmd_0/next
    SLICE_X14Y42         LUT4 (Prop_lut4_I3_O)        0.326     8.451 r  u_week10_wrapper/week10_i/ps7_0_axi_periph/s00_couplers/auto_pc/inst/gen_axilite.gen_b2s_conv.axilite_b2s/WR.aw_channel_0/cmd_translator_0/incr_cmd_0/axaddr_incr[3]_i_9/O
                         net (fo=1, routed)           0.000     8.451    u_week10_wrapper/week10_i/ps7_0_axi_periph/s00_couplers/auto_pc/inst/gen_axilite.gen_b2s_conv.axilite_b2s/SI_REG/aw.aw_pipe/axaddr_incr_reg[3][1]
    SLICE_X14Y42         CARRY4 (Prop_carry4_S[1]_CO[3])
                                                      0.550     9.001 r  u_week10_wrapper/week10_i/ps7_0_axi_periph/s00_couplers/auto_pc/inst/gen_axilite.gen_b2s_conv.axilite_b2s/SI_REG/aw.aw_pipe/axaddr_incr_reg[3]_i_2/CO[3]
                         net (fo=1, routed)           0.000     9.001    u_week10_wrapper/week10_i/ps7_0_axi_periph/s00_couplers/auto_pc/inst/gen_axilite.gen_b2s_conv.axilite_b2s/SI_REG/aw.aw_pipe/axaddr_incr_reg[3]_i_2_n_0
    SLICE_X14Y43         CARRY4 (Prop_carry4_CI_CO[3])
                                                      0.114     9.115 r  u_week10_wrapper/week10_i/ps7_0_axi_periph/s00_couplers/auto_pc/inst/gen_axilite.gen_b2s_conv.axilite_b2s/SI_REG/aw.aw_pipe/axaddr_incr_reg[7]_i_2/CO[3]
                         net (fo=1, routed)           0.000     9.115    u_week10_wrapper/week10_i/ps7_0_axi_periph/s00_couplers/auto_pc/inst/gen_axilite.gen_b2s_conv.axilite_b2s/SI_REG/aw.aw_pipe/axaddr_incr_reg[7]_i_2_n_0
    SLICE_X14Y44         CARRY4 (Prop_carry4_CI_O[0])
                                                      0.222     9.337 r  u_week10_wrapper/week10_i/ps7_0_axi_periph/s00_couplers/auto_pc/inst/gen_axilite.gen_b2s_conv.axilite_b2s/SI_REG/aw.aw_pipe/axaddr_incr_reg[11]_i_3/O[0]
                         net (fo=1, routed)           0.602     9.939    u_week10_wrapper/week10_i/ps7_0_axi_periph/s00_couplers/auto_pc/inst/gen_axilite.gen_b2s_conv.axilite_b2s/WR.aw_channel_0/cmd_translator_0/incr_cmd_0/axaddr_incr[8]
    SLICE_X16Y44         LUT3 (Prop_lut3_I0_O)        0.325    10.264 r  u_week10_wrapper/week10_i/ps7_0_axi_periph/s00_couplers/auto_pc/inst/gen_axilite.gen_b2s_conv.axilite_b2s/WR.aw_channel_0/cmd_translator_0/incr_cmd_0/axaddr_incr[8]_i_1/O
                         net (fo=1, routed)           0.000    10.264    u_week10_wrapper/week10_i/ps7_0_axi_periph/s00_couplers/auto_pc/inst/gen_axilite.gen_b2s_conv.axilite_b2s/WR.aw_channel_0/cmd_translator_0/incr_cmd_0/p_1_in[8]
    SLICE_X16Y44         FDRE                                         r  u_week10_wrapper/week10_i/ps7_0_axi_periph/s00_couplers/auto_pc/inst/gen_axilite.gen_b2s_conv.axilite_b2s/WR.aw_channel_0/cmd_translator_0/incr_cmd_0/axaddr_incr_reg[8]/D
  -------------------------------------------------------------------    -------------------

                         (clock clk_fpga_0 rise edge)
                                                     10.000    10.000 r  
    PS7_X0Y0             PS7                          0.000    10.000 r  u_week10_wrapper/week10_i/processing_system7_0/inst/PS7_i/FCLKCLK[0]
                         net (fo=1, routed)           1.666    11.666    u_week10_wrapper/week10_i/processing_system7_0/inst/FCLK_CLK_unbuffered[0]
    BUFGCTRL_X0Y16       BUFG (Prop_bufg_I_O)         0.091    11.757 r  u_week10_wrapper/week10_i/processing_system7_0/inst/buffer_fclk_clk_0.FCLK_CLK_0_BUFG/O
                         net (fo=712, routed)         1.503    13.261    u_week10_wrapper/week10_i/ps7_0_axi_periph/s00_couplers/auto_pc/inst/gen_axilite.gen_b2s_conv.axilite_b2s/WR.aw_channel_0/cmd_translator_0/incr_cmd_0/aclk
    SLICE_X16Y44         FDRE                                         r  u_week10_wrapper/week10_i/ps7_0_axi_periph/s00_couplers/auto_pc/inst/gen_axilite.gen_b2s_conv.axilite_b2s/WR.aw_channel_0/cmd_translator_0/incr_cmd_0/axaddr_incr_reg[8]/C
                         clock pessimism              0.282    13.543    
                         clock uncertainty           -0.154    13.389    
    SLICE_X16Y44         FDRE (Setup_fdre_C_D)        0.118    13.507    u_week10_wrapper/week10_i/ps7_0_axi_periph/s00_couplers/auto_pc/inst/gen_axilite.gen_b2s_conv.axilite_b2s/WR.aw_channel_0/cmd_translator_0/incr_cmd_0/axaddr_incr_reg[8]
  -------------------------------------------------------------------
                         required time                         13.507    
                         arrival time                         -10.264    
  -------------------------------------------------------------------
                         slack                                  3.243    

Slack (MET) :             3.297ns  (required time - arrival time)
  Source:                 u_week10_wrapper/week10_i/ps7_0_axi_periph/s00_couplers/auto_pc/inst/gen_axilite.gen_b2s_conv.axilite_b2s/SI_REG/aw.aw_pipe/m_payload_i_reg[39]/C
                            (rising edge-triggered cell FDRE clocked by clk_fpga_0  {rise@0.000ns fall@5.000ns period=10.000ns})
  Destination:            u_week10_wrapper/week10_i/ps7_0_axi_periph/s00_couplers/auto_pc/inst/gen_axilite.gen_b2s_conv.axilite_b2s/WR.aw_channel_0/cmd_translator_0/incr_cmd_0/axaddr_incr_reg[11]/D
                            (rising edge-triggered cell FDRE clocked by clk_fpga_0  {rise@0.000ns fall@5.000ns period=10.000ns})
  Path Group:             clk_fpga_0
  Path Type:              Setup (Max at Slow Process Corner)
  Requirement:            10.000ns  (clk_fpga_0 rise@10.000ns - clk_fpga_0 rise@0.000ns)
  Data Path Delay:        6.465ns  (logic 2.866ns (44.330%)  route 3.599ns (55.670%))
  Logic Levels:           8  (CARRY4=3 LUT3=3 LUT4=1 LUT6=1)
  Clock Path Skew:        -0.165ns (DCD - SCD + CPR)
    Destination Clock Delay (DCD):    3.261ns = ( 13.261 - 10.000 ) 
    Source Clock Delay      (SCD):    3.707ns
    Clock Pessimism Removal (CPR):    0.282ns
  Clock Uncertainty:      0.154ns  ((TSJ^2 + TIJ^2)^1/2 + DJ) / 2 + PE
    Total System Jitter     (TSJ):    0.071ns
    Total Input Jitter      (TIJ):    0.300ns
    Discrete Jitter          (DJ):    0.000ns
    Phase Error              (PE):    0.000ns

    Location             Delay type                Incr(ns)  Path(ns)    Netlist Resource(s)
  -------------------------------------------------------------------    -------------------
                         (clock clk_fpga_0 rise edge)
                                                      0.000     0.000 r  
    PS7_X0Y0             PS7                          0.000     0.000 r  u_week10_wrapper/week10_i/processing_system7_0/inst/PS7_i/FCLKCLK[0]
                         net (fo=1, routed)           1.938     1.938    u_week10_wrapper/week10_i/processing_system7_0/inst/FCLK_CLK_unbuffered[0]
    BUFGCTRL_X0Y16       BUFG (Prop_bufg_I_O)         0.101     2.039 r  u_week10_wrapper/week10_i/processing_system7_0/inst/buffer_fclk_clk_0.FCLK_CLK_0_BUFG/O
                         net (fo=712, routed)         1.668     3.707    u_week10_wrapper/week10_i/ps7_0_axi_periph/s00_couplers/auto_pc/inst/gen_axilite.gen_b2s_conv.axilite_b2s/SI_REG/aw.aw_pipe/aclk
    SLICE_X8Y50          FDRE                                         r  u_week10_wrapper/week10_i/ps7_0_axi_periph/s00_couplers/auto_pc/inst/gen_axilite.gen_b2s_conv.axilite_b2s/SI_REG/aw.aw_pipe/m_payload_i_reg[39]/C
  -------------------------------------------------------------------    -------------------
    SLICE_X8Y50          FDRE (Prop_fdre_C_Q)         0.478     4.185 r  u_week10_wrapper/week10_i/ps7_0_axi_periph/s00_couplers/auto_pc/inst/gen_axilite.gen_b2s_conv.axilite_b2s/SI_REG/aw.aw_pipe/m_payload_i_reg[39]/Q
                         net (fo=16, routed)          1.111     5.296    u_week10_wrapper/week10_i/ps7_0_axi_periph/s00_couplers/auto_pc/inst/gen_axilite.gen_b2s_conv.axilite_b2s/WR.aw_channel_0/cmd_translator_0/axlen_cnt_reg[3][11]
    SLICE_X12Y48         LUT3 (Prop_lut3_I1_O)        0.330     5.626 f  u_week10_wrapper/week10_i/ps7_0_axi_periph/s00_couplers/auto_pc/inst/gen_axilite.gen_b2s_conv.axilite_b2s/WR.aw_channel_0/cmd_translator_0/FSM_sequential_state[1]_i_2/O
                         net (fo=3, routed)           0.322     5.948    u_week10_wrapper/week10_i/ps7_0_axi_periph/s00_couplers/auto_pc/inst/gen_axilite.gen_b2s_conv.axilite_b2s/WR.aw_channel_0/aw_cmd_fsm_0/FSM_sequential_state_reg[1]_0
    SLICE_X12Y47         LUT6 (Prop_lut6_I3_O)        0.331     6.279 r  u_week10_wrapper/week10_i/ps7_0_axi_periph/s00_couplers/auto_pc/inst/gen_axilite.gen_b2s_conv.axilite_b2s/WR.aw_channel_0/aw_cmd_fsm_0/memory_reg[3][0]_srl4_i_1/O
                         net (fo=30, routed)          0.582     6.861    u_week10_wrapper/week10_i/ps7_0_axi_periph/s00_couplers/auto_pc/inst/gen_axilite.gen_b2s_conv.axilite_b2s/WR.aw_channel_0/aw_cmd_fsm_0/m_axi_awready_0
    SLICE_X11Y48         LUT3 (Prop_lut3_I2_O)        0.118     6.979 r  u_week10_wrapper/week10_i/ps7_0_axi_periph/s00_couplers/auto_pc/inst/gen_axilite.gen_b2s_conv.axilite_b2s/WR.aw_channel_0/aw_cmd_fsm_0/next_pending_r_i_3/O
                         net (fo=23, routed)          1.147     8.125    u_week10_wrapper/week10_i/ps7_0_axi_periph/s00_couplers/auto_pc/inst/gen_axilite.gen_b2s_conv.axilite_b2s/WR.aw_channel_0/cmd_translator_0/incr_cmd_0/next
    SLICE_X14Y42         LUT4 (Prop_lut4_I3_O)        0.326     8.451 r  u_week10_wrapper/week10_i/ps7_0_axi_periph/s00_couplers/auto_pc/inst/gen_axilite.gen_b2s_conv.axilite_b2s/WR.aw_channel_0/cmd_translator_0/incr_cmd_0/axaddr_incr[3]_i_9/O
                         net (fo=1, routed)           0.000     8.451    u_week10_wrapper/week10_i/ps7_0_axi_periph/s00_couplers/auto_pc/inst/gen_axilite.gen_b2s_conv.axilite_b2s/SI_REG/aw.aw_pipe/axaddr_incr_reg[3][1]
    SLICE_X14Y42         CARRY4 (Prop_carry4_S[1]_CO[3])
                                                      0.550     9.001 r  u_week10_wrapper/week10_i/ps7_0_axi_periph/s00_couplers/auto_pc/inst/gen_axilite.gen_b2s_conv.axilite_b2s/SI_REG/aw.aw_pipe/axaddr_incr_reg[3]_i_2/CO[3]
                         net (fo=1, routed)           0.000     9.001    u_week10_wrapper/week10_i/ps7_0_axi_periph/s00_couplers/auto_pc/inst/gen_axilite.gen_b2s_conv.axilite_b2s/SI_REG/aw.aw_pipe/axaddr_incr_reg[3]_i_2_n_0
    SLICE_X14Y43         CARRY4 (Prop_carry4_CI_CO[3])
                                                      0.114     9.115 r  u_week10_wrapper/week10_i/ps7_0_axi_periph/s00_couplers/auto_pc/inst/gen_axilite.gen_b2s_conv.axilite_b2s/SI_REG/aw.aw_pipe/axaddr_incr_reg[7]_i_2/CO[3]
                         net (fo=1, routed)           0.000     9.115    u_week10_wrapper/week10_i/ps7_0_axi_periph/s00_couplers/auto_pc/inst/gen_axilite.gen_b2s_conv.axilite_b2s/SI_REG/aw.aw_pipe/axaddr_incr_reg[7]_i_2_n_0
    SLICE_X14Y44         CARRY4 (Prop_carry4_CI_O[3])
                                                      0.313     9.428 r  u_week10_wrapper/week10_i/ps7_0_axi_periph/s00_couplers/auto_pc/inst/gen_axilite.gen_b2s_conv.axilite_b2s/SI_REG/aw.aw_pipe/axaddr_incr_reg[11]_i_3/O[3]
                         net (fo=1, routed)           0.438     9.866    u_week10_wrapper/week10_i/ps7_0_axi_periph/s00_couplers/auto_pc/inst/gen_axilite.gen_b2s_conv.axilite_b2s/WR.aw_channel_0/cmd_translator_0/incr_cmd_0/axaddr_incr[11]
    SLICE_X16Y44         LUT3 (Prop_lut3_I0_O)        0.306    10.172 r  u_week10_wrapper/week10_i/ps7_0_axi_periph/s00_couplers/auto_pc/inst/gen_axilite.gen_b2s_conv.axilite_b2s/WR.aw_channel_0/cmd_translator_0/incr_cmd_0/axaddr_incr[11]_i_2/O
                         net (fo=1, routed)           0.000    10.172    u_week10_wrapper/week10_i/ps7_0_axi_periph/s00_couplers/auto_pc/inst/gen_axilite.gen_b2s_conv.axilite_b2s/WR.aw_channel_0/cmd_translator_0/incr_cmd_0/p_1_in[11]
    SLICE_X16Y44         FDRE                                         r  u_week10_wrapper/week10_i/ps7_0_axi_periph/s00_couplers/auto_pc/inst/gen_axilite.gen_b2s_conv.axilite_b2s/WR.aw_channel_0/cmd_translator_0/incr_cmd_0/axaddr_incr_reg[11]/D
  -------------------------------------------------------------------    -------------------

                         (clock clk_fpga_0 rise edge)
                                                     10.000    10.000 r  
    PS7_X0Y0             PS7                          0.000    10.000 r  u_week10_wrapper/week10_i/processing_system7_0/inst/PS7_i/FCLKCLK[0]
                         net (fo=1, routed)           1.666    11.666    u_week10_wrapper/week10_i/processing_system7_0/inst/FCLK_CLK_unbuffered[0]
    BUFGCTRL_X0Y16       BUFG (Prop_bufg_I_O)         0.091    11.757 r  u_week10_wrapper/week10_i/processing_system7_0/inst/buffer_fclk_clk_0.FCLK_CLK_0_BUFG/O
                         net (fo=712, routed)         1.503    13.261    u_week10_wrapper/week10_i/ps7_0_axi_periph/s00_couplers/auto_pc/inst/gen_axilite.gen_b2s_conv.axilite_b2s/WR.aw_channel_0/cmd_translator_0/incr_cmd_0/aclk
    SLICE_X16Y44         FDRE                                         r  u_week10_wrapper/week10_i/ps7_0_axi_periph/s00_couplers/auto_pc/inst/gen_axilite.gen_b2s_conv.axilite_b2s/WR.aw_channel_0/cmd_translator_0/incr_cmd_0/axaddr_incr_reg[11]/C
                         clock pessimism              0.282    13.543    
                         clock uncertainty           -0.154    13.389    
    SLICE_X16Y44         FDRE (Setup_fdre_C_D)        0.081    13.470    u_week10_wrapper/week10_i/ps7_0_axi_periph/s00_couplers/auto_pc/inst/gen_axilite.gen_b2s_conv.axilite_b2s/WR.aw_channel_0/cmd_translator_0/incr_cmd_0/axaddr_incr_reg[11]
  -------------------------------------------------------------------
                         required time                         13.470    
                         arrival time                         -10.172    
  -------------------------------------------------------------------
                         slack                                  3.297    

Slack (MET) :             3.311ns  (required time - arrival time)
  Source:                 u_week10_wrapper/week10_i/ps7_0_axi_periph/s00_couplers/auto_pc/inst/gen_axilite.gen_b2s_conv.axilite_b2s/SI_REG/aw.aw_pipe/m_payload_i_reg[39]/C
                            (rising edge-triggered cell FDRE clocked by clk_fpga_0  {rise@0.000ns fall@5.000ns period=10.000ns})
  Destination:            u_week10_wrapper/week10_i/ps7_0_axi_periph/s00_couplers/auto_pc/inst/gen_axilite.gen_b2s_conv.axilite_b2s/WR.aw_channel_0/cmd_translator_0/incr_cmd_0/axaddr_incr_reg[7]/D
                            (rising edge-triggered cell FDRE clocked by clk_fpga_0  {rise@0.000ns fall@5.000ns period=10.000ns})
  Path Group:             clk_fpga_0
  Path Type:              Setup (Max at Slow Process Corner)
  Requirement:            10.000ns  (clk_fpga_0 rise@10.000ns - clk_fpga_0 rise@0.000ns)
  Data Path Delay:        6.488ns  (logic 2.747ns (42.338%)  route 3.741ns (57.662%))
  Logic Levels:           7  (CARRY4=2 LUT3=3 LUT4=1 LUT6=1)
  Clock Path Skew:        -0.165ns (DCD - SCD + CPR)
    Destination Clock Delay (DCD):    3.261ns = ( 13.261 - 10.000 ) 
    Source Clock Delay      (SCD):    3.707ns
    Clock Pessimism Removal (CPR):    0.282ns
  Clock Uncertainty:      0.154ns  ((TSJ^2 + TIJ^2)^1/2 + DJ) / 2 + PE
    Total System Jitter     (TSJ):    0.071ns
    Total Input Jitter      (TIJ):    0.300ns
    Discrete Jitter          (DJ):    0.000ns
    Phase Error              (PE):    0.000ns

    Location             Delay type                Incr(ns)  Path(ns)    Netlist Resource(s)
  -------------------------------------------------------------------    -------------------
                         (clock clk_fpga_0 rise edge)
                                                      0.000     0.000 r  
    PS7_X0Y0             PS7                          0.000     0.000 r  u_week10_wrapper/week10_i/processing_system7_0/inst/PS7_i/FCLKCLK[0]
                         net (fo=1, routed)           1.938     1.938    u_week10_wrapper/week10_i/processing_system7_0/inst/FCLK_CLK_unbuffered[0]
    BUFGCTRL_X0Y16       BUFG (Prop_bufg_I_O)         0.101     2.039 r  u_week10_wrapper/week10_i/processing_system7_0/inst/buffer_fclk_clk_0.FCLK_CLK_0_BUFG/O
                         net (fo=712, routed)         1.668     3.707    u_week10_wrapper/week10_i/ps7_0_axi_periph/s00_couplers/auto_pc/inst/gen_axilite.gen_b2s_conv.axilite_b2s/SI_REG/aw.aw_pipe/aclk
    SLICE_X8Y50          FDRE                                         r  u_week10_wrapper/week10_i/ps7_0_axi_periph/s00_couplers/auto_pc/inst/gen_axilite.gen_b2s_conv.axilite_b2s/SI_REG/aw.aw_pipe/m_payload_i_reg[39]/C
  -------------------------------------------------------------------    -------------------
    SLICE_X8Y50          FDRE (Prop_fdre_C_Q)         0.478     4.185 r  u_week10_wrapper/week10_i/ps7_0_axi_periph/s00_couplers/auto_pc/inst/gen_axilite.gen_b2s_conv.axilite_b2s/SI_REG/aw.aw_pipe/m_payload_i_reg[39]/Q
                         net (fo=16, routed)          1.111     5.296    u_week10_wrapper/week10_i/ps7_0_axi_periph/s00_couplers/auto_pc/inst/gen_axilite.gen_b2s_conv.axilite_b2s/WR.aw_channel_0/cmd_translator_0/axlen_cnt_reg[3][11]
    SLICE_X12Y48         LUT3 (Prop_lut3_I1_O)        0.330     5.626 f  u_week10_wrapper/week10_i/ps7_0_axi_periph/s00_couplers/auto_pc/inst/gen_axilite.gen_b2s_conv.axilite_b2s/WR.aw_channel_0/cmd_translator_0/FSM_sequential_state[1]_i_2/O
                         net (fo=3, routed)           0.322     5.948    u_week10_wrapper/week10_i/ps7_0_axi_periph/s00_couplers/auto_pc/inst/gen_axilite.gen_b2s_conv.axilite_b2s/WR.aw_channel_0/aw_cmd_fsm_0/FSM_sequential_state_reg[1]_0
    SLICE_X12Y47         LUT6 (Prop_lut6_I3_O)        0.331     6.279 r  u_week10_wrapper/week10_i/ps7_0_axi_periph/s00_couplers/auto_pc/inst/gen_axilite.gen_b2s_conv.axilite_b2s/WR.aw_channel_0/aw_cmd_fsm_0/memory_reg[3][0]_srl4_i_1/O
                         net (fo=30, routed)          0.582     6.861    u_week10_wrapper/week10_i/ps7_0_axi_periph/s00_couplers/auto_pc/inst/gen_axilite.gen_b2s_conv.axilite_b2s/WR.aw_channel_0/aw_cmd_fsm_0/m_axi_awready_0
    SLICE_X11Y48         LUT3 (Prop_lut3_I2_O)        0.118     6.979 r  u_week10_wrapper/week10_i/ps7_0_axi_periph/s00_couplers/auto_pc/inst/gen_axilite.gen_b2s_conv.axilite_b2s/WR.aw_channel_0/aw_cmd_fsm_0/next_pending_r_i_3/O
                         net (fo=23, routed)          1.147     8.125    u_week10_wrapper/week10_i/ps7_0_axi_periph/s00_couplers/auto_pc/inst/gen_axilite.gen_b2s_conv.axilite_b2s/WR.aw_channel_0/cmd_translator_0/incr_cmd_0/next
    SLICE_X14Y42         LUT4 (Prop_lut4_I3_O)        0.326     8.451 r  u_week10_wrapper/week10_i/ps7_0_axi_periph/s00_couplers/auto_pc/inst/gen_axilite.gen_b2s_conv.axilite_b2s/WR.aw_channel_0/cmd_translator_0/incr_cmd_0/axaddr_incr[3]_i_9/O
                         net (fo=1, routed)           0.000     8.451    u_week10_wrapper/week10_i/ps7_0_axi_periph/s00_couplers/auto_pc/inst/gen_axilite.gen_b2s_conv.axilite_b2s/SI_REG/aw.aw_pipe/axaddr_incr_reg[3][1]
    SLICE_X14Y42         CARRY4 (Prop_carry4_S[1]_CO[3])
                                                      0.550     9.001 r  u_week10_wrapper/week10_i/ps7_0_axi_periph/s00_couplers/auto_pc/inst/gen_axilite.gen_b2s_conv.axilite_b2s/SI_REG/aw.aw_pipe/axaddr_incr_reg[3]_i_2/CO[3]
                         net (fo=1, routed)           0.000     9.001    u_week10_wrapper/week10_i/ps7_0_axi_periph/s00_couplers/auto_pc/inst/gen_axilite.gen_b2s_conv.axilite_b2s/SI_REG/aw.aw_pipe/axaddr_incr_reg[3]_i_2_n_0
    SLICE_X14Y43         CARRY4 (Prop_carry4_CI_O[3])
                                                      0.313     9.314 r  u_week10_wrapper/week10_i/ps7_0_axi_periph/s00_couplers/auto_pc/inst/gen_axilite.gen_b2s_conv.axilite_b2s/SI_REG/aw.aw_pipe/axaddr_incr_reg[7]_i_2/O[3]
                         net (fo=1, routed)           0.580     9.895    u_week10_wrapper/week10_i/ps7_0_axi_periph/s00_couplers/auto_pc/inst/gen_axilite.gen_b2s_conv.axilite_b2s/WR.aw_channel_0/cmd_translator_0/incr_cmd_0/axaddr_incr[7]
    SLICE_X16Y44         LUT3 (Prop_lut3_I0_O)        0.301    10.196 r  u_week10_wrapper/week10_i/ps7_0_axi_periph/s00_couplers/auto_pc/inst/gen_axilite.gen_b2s_conv.axilite_b2s/WR.aw_channel_0/cmd_translator_0/incr_cmd_0/axaddr_incr[7]_i_1/O
                         net (fo=1, routed)           0.000    10.196    u_week10_wrapper/week10_i/ps7_0_axi_periph/s00_couplers/auto_pc/inst/gen_axilite.gen_b2s_conv.axilite_b2s/WR.aw_channel_0/cmd_translator_0/incr_cmd_0/p_1_in[7]
    SLICE_X16Y44         FDRE                                         r  u_week10_wrapper/week10_i/ps7_0_axi_periph/s00_couplers/auto_pc/inst/gen_axilite.gen_b2s_conv.axilite_b2s/WR.aw_channel_0/cmd_translator_0/incr_cmd_0/axaddr_incr_reg[7]/D
  -------------------------------------------------------------------    -------------------

                         (clock clk_fpga_0 rise edge)
                                                     10.000    10.000 r  
    PS7_X0Y0             PS7                          0.000    10.000 r  u_week10_wrapper/week10_i/processing_system7_0/inst/PS7_i/FCLKCLK[0]
                         net (fo=1, routed)           1.666    11.666    u_week10_wrapper/week10_i/processing_system7_0/inst/FCLK_CLK_unbuffered[0]
    BUFGCTRL_X0Y16       BUFG (Prop_bufg_I_O)         0.091    11.757 r  u_week10_wrapper/week10_i/processing_system7_0/inst/buffer_fclk_clk_0.FCLK_CLK_0_BUFG/O
                         net (fo=712, routed)         1.503    13.261    u_week10_wrapper/week10_i/ps7_0_axi_periph/s00_couplers/auto_pc/inst/gen_axilite.gen_b2s_conv.axilite_b2s/WR.aw_channel_0/cmd_translator_0/incr_cmd_0/aclk
    SLICE_X16Y44         FDRE                                         r  u_week10_wrapper/week10_i/ps7_0_axi_periph/s00_couplers/auto_pc/inst/gen_axilite.gen_b2s_conv.axilite_b2s/WR.aw_channel_0/cmd_translator_0/incr_cmd_0/axaddr_incr_reg[7]/C
                         clock pessimism              0.282    13.543    
                         clock uncertainty           -0.154    13.389    
    SLICE_X16Y44         FDRE (Setup_fdre_C_D)        0.118    13.507    u_week10_wrapper/week10_i/ps7_0_axi_periph/s00_couplers/auto_pc/inst/gen_axilite.gen_b2s_conv.axilite_b2s/WR.aw_channel_0/cmd_translator_0/incr_cmd_0/axaddr_incr_reg[7]
  -------------------------------------------------------------------
                         required time                         13.507    
                         arrival time                         -10.196    
  -------------------------------------------------------------------
                         slack                                  3.311    

Slack (MET) :             3.372ns  (required time - arrival time)
  Source:                 u_week10_wrapper/week10_i/ps7_0_axi_periph/s00_couplers/auto_pc/inst/gen_axilite.gen_b2s_conv.axilite_b2s/SI_REG/aw.aw_pipe/m_payload_i_reg[39]/C
                            (rising edge-triggered cell FDRE clocked by clk_fpga_0  {rise@0.000ns fall@5.000ns period=10.000ns})
  Destination:            u_week10_wrapper/week10_i/ps7_0_axi_periph/s00_couplers/auto_pc/inst/gen_axilite.gen_b2s_conv.axilite_b2s/WR.aw_channel_0/cmd_translator_0/incr_cmd_0/axaddr_incr_reg[4]/D
                            (rising edge-triggered cell FDRE clocked by clk_fpga_0  {rise@0.000ns fall@5.000ns period=10.000ns})
  Path Group:             clk_fpga_0
  Path Type:              Setup (Max at Slow Process Corner)
  Requirement:            10.000ns  (clk_fpga_0 rise@10.000ns - clk_fpga_0 rise@0.000ns)
  Data Path Delay:        6.389ns  (logic 2.654ns (41.543%)  route 3.735ns (58.457%))
  Logic Levels:           7  (CARRY4=2 LUT3=3 LUT4=1 LUT6=1)
  Clock Path Skew:        -0.165ns (DCD - SCD + CPR)
    Destination Clock Delay (DCD):    3.261ns = ( 13.261 - 10.000 ) 
    Source Clock Delay      (SCD):    3.707ns
    Clock Pessimism Removal (CPR):    0.282ns
  Clock Uncertainty:      0.154ns  ((TSJ^2 + TIJ^2)^1/2 + DJ) / 2 + PE
    Total System Jitter     (TSJ):    0.071ns
    Total Input Jitter      (TIJ):    0.300ns
    Discrete Jitter          (DJ):    0.000ns
    Phase Error              (PE):    0.000ns

    Location             Delay type                Incr(ns)  Path(ns)    Netlist Resource(s)
  -------------------------------------------------------------------    -------------------
                         (clock clk_fpga_0 rise edge)
                                                      0.000     0.000 r  
    PS7_X0Y0             PS7                          0.000     0.000 r  u_week10_wrapper/week10_i/processing_system7_0/inst/PS7_i/FCLKCLK[0]
                         net (fo=1, routed)           1.938     1.938    u_week10_wrapper/week10_i/processing_system7_0/inst/FCLK_CLK_unbuffered[0]
    BUFGCTRL_X0Y16       BUFG (Prop_bufg_I_O)         0.101     2.039 r  u_week10_wrapper/week10_i/processing_system7_0/inst/buffer_fclk_clk_0.FCLK_CLK_0_BUFG/O
                         net (fo=712, routed)         1.668     3.707    u_week10_wrapper/week10_i/ps7_0_axi_periph/s00_couplers/auto_pc/inst/gen_axilite.gen_b2s_conv.axilite_b2s/SI_REG/aw.aw_pipe/aclk
    SLICE_X8Y50          FDRE                                         r  u_week10_wrapper/week10_i/ps7_0_axi_periph/s00_couplers/auto_pc/inst/gen_axilite.gen_b2s_conv.axilite_b2s/SI_REG/aw.aw_pipe/m_payload_i_reg[39]/C
  -------------------------------------------------------------------    -------------------
    SLICE_X8Y50          FDRE (Prop_fdre_C_Q)         0.478     4.185 r  u_week10_wrapper/week10_i/ps7_0_axi_periph/s00_couplers/auto_pc/inst/gen_axilite.gen_b2s_conv.axilite_b2s/SI_REG/aw.aw_pipe/m_payload_i_reg[39]/Q
                         net (fo=16, routed)          1.111     5.296    u_week10_wrapper/week10_i/ps7_0_axi_periph/s00_couplers/auto_pc/inst/gen_axilite.gen_b2s_conv.axilite_b2s/WR.aw_channel_0/cmd_translator_0/axlen_cnt_reg[3][11]
    SLICE_X12Y48         LUT3 (Prop_lut3_I1_O)        0.330     5.626 f  u_week10_wrapper/week10_i/ps7_0_axi_periph/s00_couplers/auto_pc/inst/gen_axilite.gen_b2s_conv.axilite_b2s/WR.aw_channel_0/cmd_translator_0/FSM_sequential_state[1]_i_2/O
                         net (fo=3, routed)           0.322     5.948    u_week10_wrapper/week10_i/ps7_0_axi_periph/s00_couplers/auto_pc/inst/gen_axilite.gen_b2s_conv.axilite_b2s/WR.aw_channel_0/aw_cmd_fsm_0/FSM_sequential_state_reg[1]_0
    SLICE_X12Y47         LUT6 (Prop_lut6_I3_O)        0.331     6.279 r  u_week10_wrapper/week10_i/ps7_0_axi_periph/s00_couplers/auto_pc/inst/gen_axilite.gen_b2s_conv.axilite_b2s/WR.aw_channel_0/aw_cmd_fsm_0/memory_reg[3][0]_srl4_i_1/O
                         net (fo=30, routed)          0.582     6.861    u_week10_wrapper/week10_i/ps7_0_axi_periph/s00_couplers/auto_pc/inst/gen_axilite.gen_b2s_conv.axilite_b2s/WR.aw_channel_0/aw_cmd_fsm_0/m_axi_awready_0
    SLICE_X11Y48         LUT3 (Prop_lut3_I2_O)        0.118     6.979 r  u_week10_wrapper/week10_i/ps7_0_axi_periph/s00_couplers/auto_pc/inst/gen_axilite.gen_b2s_conv.axilite_b2s/WR.aw_channel_0/aw_cmd_fsm_0/next_pending_r_i_3/O
                         net (fo=23, routed)          1.147     8.125    u_week10_wrapper/week10_i/ps7_0_axi_periph/s00_couplers/auto_pc/inst/gen_axilite.gen_b2s_conv.axilite_b2s/WR.aw_channel_0/cmd_translator_0/incr_cmd_0/next
    SLICE_X14Y42         LUT4 (Prop_lut4_I3_O)        0.326     8.451 r  u_week10_wrapper/week10_i/ps7_0_axi_periph/s00_couplers/auto_pc/inst/gen_axilite.gen_b2s_conv.axilite_b2s/WR.aw_channel_0/cmd_translator_0/incr_cmd_0/axaddr_incr[3]_i_9/O
                         net (fo=1, routed)           0.000     8.451    u_week10_wrapper/week10_i/ps7_0_axi_periph/s00_couplers/auto_pc/inst/gen_axilite.gen_b2s_conv.axilite_b2s/SI_REG/aw.aw_pipe/axaddr_incr_reg[3][1]
    SLICE_X14Y42         CARRY4 (Prop_carry4_S[1]_CO[3])
                                                      0.550     9.001 r  u_week10_wrapper/week10_i/ps7_0_axi_periph/s00_couplers/auto_pc/inst/gen_axilite.gen_b2s_conv.axilite_b2s/SI_REG/aw.aw_pipe/axaddr_incr_reg[3]_i_2/CO[3]
                         net (fo=1, routed)           0.000     9.001    u_week10_wrapper/week10_i/ps7_0_axi_periph/s00_couplers/auto_pc/inst/gen_axilite.gen_b2s_conv.axilite_b2s/SI_REG/aw.aw_pipe/axaddr_incr_reg[3]_i_2_n_0
    SLICE_X14Y43         CARRY4 (Prop_carry4_CI_O[0])
                                                      0.222     9.223 r  u_week10_wrapper/week10_i/ps7_0_axi_periph/s00_couplers/auto_pc/inst/gen_axilite.gen_b2s_conv.axilite_b2s/SI_REG/aw.aw_pipe/axaddr_incr_reg[7]_i_2/O[0]
                         net (fo=1, routed)           0.573     9.797    u_week10_wrapper/week10_i/ps7_0_axi_periph/s00_couplers/auto_pc/inst/gen_axilite.gen_b2s_conv.axilite_b2s/WR.aw_channel_0/cmd_translator_0/incr_cmd_0/axaddr_incr[4]
    SLICE_X16Y44         LUT3 (Prop_lut3_I0_O)        0.299    10.096 r  u_week10_wrapper/week10_i/ps7_0_axi_periph/s00_couplers/auto_pc/inst/gen_axilite.gen_b2s_conv.axilite_b2s/WR.aw_channel_0/cmd_translator_0/incr_cmd_0/axaddr_incr[4]_i_1/O
                         net (fo=1, routed)           0.000    10.096    u_week10_wrapper/week10_i/ps7_0_axi_periph/s00_couplers/auto_pc/inst/gen_axilite.gen_b2s_conv.axilite_b2s/WR.aw_channel_0/cmd_translator_0/incr_cmd_0/p_1_in[4]
    SLICE_X16Y44         FDRE                                         r  u_week10_wrapper/week10_i/ps7_0_axi_periph/s00_couplers/auto_pc/inst/gen_axilite.gen_b2s_conv.axilite_b2s/WR.aw_channel_0/cmd_translator_0/incr_cmd_0/axaddr_incr_reg[4]/D
  -------------------------------------------------------------------    -------------------

                         (clock clk_fpga_0 rise edge)
                                                     10.000    10.000 r  
    PS7_X0Y0             PS7                          0.000    10.000 r  u_week10_wrapper/week10_i/processing_system7_0/inst/PS7_i/FCLKCLK[0]
                         net (fo=1, routed)           1.666    11.666    u_week10_wrapper/week10_i/processing_system7_0/inst/FCLK_CLK_unbuffered[0]
    BUFGCTRL_X0Y16       BUFG (Prop_bufg_I_O)         0.091    11.757 r  u_week10_wrapper/week10_i/processing_system7_0/inst/buffer_fclk_clk_0.FCLK_CLK_0_BUFG/O
                         net (fo=712, routed)         1.503    13.261    u_week10_wrapper/week10_i/ps7_0_axi_periph/s00_couplers/auto_pc/inst/gen_axilite.gen_b2s_conv.axilite_b2s/WR.aw_channel_0/cmd_translator_0/incr_cmd_0/aclk
    SLICE_X16Y44         FDRE                                         r  u_week10_wrapper/week10_i/ps7_0_axi_periph/s00_couplers/auto_pc/inst/gen_axilite.gen_b2s_conv.axilite_b2s/WR.aw_channel_0/cmd_translator_0/incr_cmd_0/axaddr_incr_reg[4]/C
                         clock pessimism              0.282    13.543    
                         clock uncertainty           -0.154    13.389    
    SLICE_X16Y44         FDRE (Setup_fdre_C_D)        0.079    13.468    u_week10_wrapper/week10_i/ps7_0_axi_periph/s00_couplers/auto_pc/inst/gen_axilite.gen_b2s_conv.axilite_b2s/WR.aw_channel_0/cmd_translator_0/incr_cmd_0/axaddr_incr_reg[4]
  -------------------------------------------------------------------
                         required time                         13.468    
                         arrival time                         -10.096    
  -------------------------------------------------------------------
                         slack                                  3.372    

Slack (MET) :             3.460ns  (required time - arrival time)
  Source:                 u_week10_wrapper/week10_i/ps7_0_axi_periph/s00_couplers/auto_pc/inst/gen_axilite.gen_b2s_conv.axilite_b2s/SI_REG/aw.aw_pipe/m_payload_i_reg[39]/C
                            (rising edge-triggered cell FDRE clocked by clk_fpga_0  {rise@0.000ns fall@5.000ns period=10.000ns})
  Destination:            u_week10_wrapper/week10_i/ps7_0_axi_periph/s00_couplers/auto_pc/inst/gen_axilite.gen_b2s_conv.axilite_b2s/WR.aw_channel_0/cmd_translator_0/incr_cmd_0/axaddr_incr_reg[3]/D
                            (rising edge-triggered cell FDRE clocked by clk_fpga_0  {rise@0.000ns fall@5.000ns period=10.000ns})
  Path Group:             clk_fpga_0
  Path Type:              Setup (Max at Slow Process Corner)
  Requirement:            10.000ns  (clk_fpga_0 rise@10.000ns - clk_fpga_0 rise@0.000ns)
  Data Path Delay:        6.296ns  (logic 2.555ns (40.581%)  route 3.741ns (59.419%))
  Logic Levels:           6  (CARRY4=1 LUT3=3 LUT4=1 LUT6=1)
  Clock Path Skew:        -0.165ns (DCD - SCD + CPR)
    Destination Clock Delay (DCD):    3.261ns = ( 13.261 - 10.000 ) 
    Source Clock Delay      (SCD):    3.707ns
    Clock Pessimism Removal (CPR):    0.282ns
  Clock Uncertainty:      0.154ns  ((TSJ^2 + TIJ^2)^1/2 + DJ) / 2 + PE
    Total System Jitter     (TSJ):    0.071ns
    Total Input Jitter      (TIJ):    0.300ns
    Discrete Jitter          (DJ):    0.000ns
    Phase Error              (PE):    0.000ns

    Location             Delay type                Incr(ns)  Path(ns)    Netlist Resource(s)
  -------------------------------------------------------------------    -------------------
                         (clock clk_fpga_0 rise edge)
                                                      0.000     0.000 r  
    PS7_X0Y0             PS7                          0.000     0.000 r  u_week10_wrapper/week10_i/processing_system7_0/inst/PS7_i/FCLKCLK[0]
                         net (fo=1, routed)           1.938     1.938    u_week10_wrapper/week10_i/processing_system7_0/inst/FCLK_CLK_unbuffered[0]
    BUFGCTRL_X0Y16       BUFG (Prop_bufg_I_O)         0.101     2.039 r  u_week10_wrapper/week10_i/processing_system7_0/inst/buffer_fclk_clk_0.FCLK_CLK_0_BUFG/O
                         net (fo=712, routed)         1.668     3.707    u_week10_wrapper/week10_i/ps7_0_axi_periph/s00_couplers/auto_pc/inst/gen_axilite.gen_b2s_conv.axilite_b2s/SI_REG/aw.aw_pipe/aclk
    SLICE_X8Y50          FDRE                                         r  u_week10_wrapper/week10_i/ps7_0_axi_periph/s00_couplers/auto_pc/inst/gen_axilite.gen_b2s_conv.axilite_b2s/SI_REG/aw.aw_pipe/m_payload_i_reg[39]/C
  -------------------------------------------------------------------    -------------------
    SLICE_X8Y50          FDRE (Prop_fdre_C_Q)         0.478     4.185 r  u_week10_wrapper/week10_i/ps7_0_axi_periph/s00_couplers/auto_pc/inst/gen_axilite.gen_b2s_conv.axilite_b2s/SI_REG/aw.aw_pipe/m_payload_i_reg[39]/Q
                         net (fo=16, routed)          1.111     5.296    u_week10_wrapper/week10_i/ps7_0_axi_periph/s00_couplers/auto_pc/inst/gen_axilite.gen_b2s_conv.axilite_b2s/WR.aw_channel_0/cmd_translator_0/axlen_cnt_reg[3][11]
    SLICE_X12Y48         LUT3 (Prop_lut3_I1_O)        0.330     5.626 f  u_week10_wrapper/week10_i/ps7_0_axi_periph/s00_couplers/auto_pc/inst/gen_axilite.gen_b2s_conv.axilite_b2s/WR.aw_channel_0/cmd_translator_0/FSM_sequential_state[1]_i_2/O
                         net (fo=3, routed)           0.322     5.948    u_week10_wrapper/week10_i/ps7_0_axi_periph/s00_couplers/auto_pc/inst/gen_axilite.gen_b2s_conv.axilite_b2s/WR.aw_channel_0/aw_cmd_fsm_0/FSM_sequential_state_reg[1]_0
    SLICE_X12Y47         LUT6 (Prop_lut6_I3_O)        0.331     6.279 r  u_week10_wrapper/week10_i/ps7_0_axi_periph/s00_couplers/auto_pc/inst/gen_axilite.gen_b2s_conv.axilite_b2s/WR.aw_channel_0/aw_cmd_fsm_0/memory_reg[3][0]_srl4_i_1/O
                         net (fo=30, routed)          0.582     6.861    u_week10_wrapper/week10_i/ps7_0_axi_periph/s00_couplers/auto_pc/inst/gen_axilite.gen_b2s_conv.axilite_b2s/WR.aw_channel_0/aw_cmd_fsm_0/m_axi_awready_0
    SLICE_X11Y48         LUT3 (Prop_lut3_I2_O)        0.118     6.979 r  u_week10_wrapper/week10_i/ps7_0_axi_periph/s00_couplers/auto_pc/inst/gen_axilite.gen_b2s_conv.axilite_b2s/WR.aw_channel_0/aw_cmd_fsm_0/next_pending_r_i_3/O
                         net (fo=23, routed)          1.147     8.125    u_week10_wrapper/week10_i/ps7_0_axi_periph/s00_couplers/auto_pc/inst/gen_axilite.gen_b2s_conv.axilite_b2s/WR.aw_channel_0/cmd_translator_0/incr_cmd_0/next
    SLICE_X14Y42         LUT4 (Prop_lut4_I3_O)        0.326     8.451 r  u_week10_wrapper/week10_i/ps7_0_axi_periph/s00_couplers/auto_pc/inst/gen_axilite.gen_b2s_conv.axilite_b2s/WR.aw_channel_0/cmd_translator_0/incr_cmd_0/axaddr_incr[3]_i_9/O
                         net (fo=1, routed)           0.000     8.451    u_week10_wrapper/week10_i/ps7_0_axi_periph/s00_couplers/auto_pc/inst/gen_axilite.gen_b2s_conv.axilite_b2s/SI_REG/aw.aw_pipe/axaddr_incr_reg[3][1]
    SLICE_X14Y42         CARRY4 (Prop_carry4_S[1]_O[3])
                                                      0.640     9.091 r  u_week10_wrapper/week10_i/ps7_0_axi_periph/s00_couplers/auto_pc/inst/gen_axilite.gen_b2s_conv.axilite_b2s/SI_REG/aw.aw_pipe/axaddr_incr_reg[3]_i_2/O[3]
                         net (fo=1, routed)           0.580     9.671    u_week10_wrapper/week10_i/ps7_0_axi_periph/s00_couplers/auto_pc/inst/gen_axilite.gen_b2s_conv.axilite_b2s/WR.aw_channel_0/cmd_translator_0/incr_cmd_0/axaddr_incr[3]
    SLICE_X14Y41         LUT3 (Prop_lut3_I0_O)        0.332    10.003 r  u_week10_wrapper/week10_i/ps7_0_axi_periph/s00_couplers/auto_pc/inst/gen_axilite.gen_b2s_conv.axilite_b2s/WR.aw_channel_0/cmd_translator_0/incr_cmd_0/axaddr_incr[3]_i_1/O
                         net (fo=1, routed)           0.000    10.003    u_week10_wrapper/week10_i/ps7_0_axi_periph/s00_couplers/auto_pc/inst/gen_axilite.gen_b2s_conv.axilite_b2s/WR.aw_channel_0/cmd_translator_0/incr_cmd_0/p_1_in[3]
    SLICE_X14Y41         FDRE                                         r  u_week10_wrapper/week10_i/ps7_0_axi_periph/s00_couplers/auto_pc/inst/gen_axilite.gen_b2s_conv.axilite_b2s/WR.aw_channel_0/cmd_translator_0/incr_cmd_0/axaddr_incr_reg[3]/D
  -------------------------------------------------------------------    -------------------

                         (clock clk_fpga_0 rise edge)
                                                     10.000    10.000 r  
    PS7_X0Y0             PS7                          0.000    10.000 r  u_week10_wrapper/week10_i/processing_system7_0/inst/PS7_i/FCLKCLK[0]
                         net (fo=1, routed)           1.666    11.666    u_week10_wrapper/week10_i/processing_system7_0/inst/FCLK_CLK_unbuffered[0]
    BUFGCTRL_X0Y16       BUFG (Prop_bufg_I_O)         0.091    11.757 r  u_week10_wrapper/week10_i/processing_system7_0/inst/buffer_fclk_clk_0.FCLK_CLK_0_BUFG/O
                         net (fo=712, routed)         1.503    13.261    u_week10_wrapper/week10_i/ps7_0_axi_periph/s00_couplers/auto_pc/inst/gen_axilite.gen_b2s_conv.axilite_b2s/WR.aw_channel_0/cmd_translator_0/incr_cmd_0/aclk
    SLICE_X14Y41         FDRE                                         r  u_week10_wrapper/week10_i/ps7_0_axi_periph/s00_couplers/auto_pc/inst/gen_axilite.gen_b2s_conv.axilite_b2s/WR.aw_channel_0/cmd_translator_0/incr_cmd_0/axaddr_incr_reg[3]/C
                         clock pessimism              0.282    13.543    
                         clock uncertainty           -0.154    13.389    
    SLICE_X14Y41         FDRE (Setup_fdre_C_D)        0.075    13.464    u_week10_wrapper/week10_i/ps7_0_axi_periph/s00_couplers/auto_pc/inst/gen_axilite.gen_b2s_conv.axilite_b2s/WR.aw_channel_0/cmd_translator_0/incr_cmd_0/axaddr_incr_reg[3]
  -------------------------------------------------------------------
                         required time                         13.464    
                         arrival time                         -10.003    
  -------------------------------------------------------------------
                         slack                                  3.460    

Slack (MET) :             3.523ns  (required time - arrival time)
  Source:                 u_week10_wrapper/week10_i/ps7_0_axi_periph/s00_couplers/auto_pc/inst/gen_axilite.gen_b2s_conv.axilite_b2s/SI_REG/aw.aw_pipe/m_payload_i_reg[39]/C
                            (rising edge-triggered cell FDRE clocked by clk_fpga_0  {rise@0.000ns fall@5.000ns period=10.000ns})
  Destination:            u_week10_wrapper/week10_i/ps7_0_axi_periph/s00_couplers/auto_pc/inst/gen_axilite.gen_b2s_conv.axilite_b2s/WR.aw_channel_0/cmd_translator_0/incr_cmd_0/axaddr_incr_reg[1]/D
                            (rising edge-triggered cell FDRE clocked by clk_fpga_0  {rise@0.000ns fall@5.000ns period=10.000ns})
  Path Group:             clk_fpga_0
  Path Type:              Setup (Max at Slow Process Corner)
  Requirement:            10.000ns  (clk_fpga_0 rise@10.000ns - clk_fpga_0 rise@0.000ns)
  Data Path Delay:        6.233ns  (logic 2.336ns (37.478%)  route 3.897ns (62.522%))
  Logic Levels:           6  (CARRY4=1 LUT3=3 LUT4=1 LUT6=1)
  Clock Path Skew:        -0.165ns (DCD - SCD + CPR)
    Destination Clock Delay (DCD):    3.261ns = ( 13.261 - 10.000 ) 
    Source Clock Delay      (SCD):    3.707ns
    Clock Pessimism Removal (CPR):    0.282ns
  Clock Uncertainty:      0.154ns  ((TSJ^2 + TIJ^2)^1/2 + DJ) / 2 + PE
    Total System Jitter     (TSJ):    0.071ns
    Total Input Jitter      (TIJ):    0.300ns
    Discrete Jitter          (DJ):    0.000ns
    Phase Error              (PE):    0.000ns

    Location             Delay type                Incr(ns)  Path(ns)    Netlist Resource(s)
  -------------------------------------------------------------------    -------------------
                         (clock clk_fpga_0 rise edge)
                                                      0.000     0.000 r  
    PS7_X0Y0             PS7                          0.000     0.000 r  u_week10_wrapper/week10_i/processing_system7_0/inst/PS7_i/FCLKCLK[0]
                         net (fo=1, routed)           1.938     1.938    u_week10_wrapper/week10_i/processing_system7_0/inst/FCLK_CLK_unbuffered[0]
    BUFGCTRL_X0Y16       BUFG (Prop_bufg_I_O)         0.101     2.039 r  u_week10_wrapper/week10_i/processing_system7_0/inst/buffer_fclk_clk_0.FCLK_CLK_0_BUFG/O
                         net (fo=712, routed)         1.668     3.707    u_week10_wrapper/week10_i/ps7_0_axi_periph/s00_couplers/auto_pc/inst/gen_axilite.gen_b2s_conv.axilite_b2s/SI_REG/aw.aw_pipe/aclk
    SLICE_X8Y50          FDRE                                         r  u_week10_wrapper/week10_i/ps7_0_axi_periph/s00_couplers/auto_pc/inst/gen_axilite.gen_b2s_conv.axilite_b2s/SI_REG/aw.aw_pipe/m_payload_i_reg[39]/C
  -------------------------------------------------------------------    -------------------
    SLICE_X8Y50          FDRE (Prop_fdre_C_Q)         0.478     4.185 r  u_week10_wrapper/week10_i/ps7_0_axi_periph/s00_couplers/auto_pc/inst/gen_axilite.gen_b2s_conv.axilite_b2s/SI_REG/aw.aw_pipe/m_payload_i_reg[39]/Q
                         net (fo=16, routed)          1.111     5.296    u_week10_wrapper/week10_i/ps7_0_axi_periph/s00_couplers/auto_pc/inst/gen_axilite.gen_b2s_conv.axilite_b2s/WR.aw_channel_0/cmd_translator_0/axlen_cnt_reg[3][11]
    SLICE_X12Y48         LUT3 (Prop_lut3_I1_O)        0.330     5.626 f  u_week10_wrapper/week10_i/ps7_0_axi_periph/s00_couplers/auto_pc/inst/gen_axilite.gen_b2s_conv.axilite_b2s/WR.aw_channel_0/cmd_translator_0/FSM_sequential_state[1]_i_2/O
                         net (fo=3, routed)           0.322     5.948    u_week10_wrapper/week10_i/ps7_0_axi_periph/s00_couplers/auto_pc/inst/gen_axilite.gen_b2s_conv.axilite_b2s/WR.aw_channel_0/aw_cmd_fsm_0/FSM_sequential_state_reg[1]_0
    SLICE_X12Y47         LUT6 (Prop_lut6_I3_O)        0.331     6.279 r  u_week10_wrapper/week10_i/ps7_0_axi_periph/s00_couplers/auto_pc/inst/gen_axilite.gen_b2s_conv.axilite_b2s/WR.aw_channel_0/aw_cmd_fsm_0/memory_reg[3][0]_srl4_i_1/O
                         net (fo=30, routed)          0.582     6.861    u_week10_wrapper/week10_i/ps7_0_axi_periph/s00_couplers/auto_pc/inst/gen_axilite.gen_b2s_conv.axilite_b2s/WR.aw_channel_0/aw_cmd_fsm_0/m_axi_awready_0
    SLICE_X11Y48         LUT3 (Prop_lut3_I2_O)        0.118     6.979 r  u_week10_wrapper/week10_i/ps7_0_axi_periph/s00_couplers/auto_pc/inst/gen_axilite.gen_b2s_conv.axilite_b2s/WR.aw_channel_0/aw_cmd_fsm_0/next_pending_r_i_3/O
                         net (fo=23, routed)          1.146     8.125    u_week10_wrapper/week10_i/ps7_0_axi_periph/s00_couplers/auto_pc/inst/gen_axilite.gen_b2s_conv.axilite_b2s/WR.aw_channel_0/cmd_translator_0/incr_cmd_0/next
    SLICE_X14Y42         LUT4 (Prop_lut4_I3_O)        0.326     8.451 r  u_week10_wrapper/week10_i/ps7_0_axi_periph/s00_couplers/auto_pc/inst/gen_axilite.gen_b2s_conv.axilite_b2s/WR.aw_channel_0/cmd_translator_0/incr_cmd_0/axaddr_incr[3]_i_10/O
                         net (fo=1, routed)           0.000     8.451    u_week10_wrapper/week10_i/ps7_0_axi_periph/s00_couplers/auto_pc/inst/gen_axilite.gen_b2s_conv.axilite_b2s/SI_REG/aw.aw_pipe/axaddr_incr_reg[3][0]
    SLICE_X14Y42         CARRY4 (Prop_carry4_S[0]_O[1])
                                                      0.424     8.875 r  u_week10_wrapper/week10_i/ps7_0_axi_periph/s00_couplers/auto_pc/inst/gen_axilite.gen_b2s_conv.axilite_b2s/SI_REG/aw.aw_pipe/axaddr_incr_reg[3]_i_2/O[1]
                         net (fo=1, routed)           0.736     9.611    u_week10_wrapper/week10_i/ps7_0_axi_periph/s00_couplers/auto_pc/inst/gen_axilite.gen_b2s_conv.axilite_b2s/WR.aw_channel_0/cmd_translator_0/incr_cmd_0/axaddr_incr[1]
    SLICE_X14Y41         LUT3 (Prop_lut3_I0_O)        0.329     9.940 r  u_week10_wrapper/week10_i/ps7_0_axi_periph/s00_couplers/auto_pc/inst/gen_axilite.gen_b2s_conv.axilite_b2s/WR.aw_channel_0/cmd_translator_0/incr_cmd_0/axaddr_incr[1]_i_1/O
                         net (fo=1, routed)           0.000     9.940    u_week10_wrapper/week10_i/ps7_0_axi_periph/s00_couplers/auto_pc/inst/gen_axilite.gen_b2s_conv.axilite_b2s/WR.aw_channel_0/cmd_translator_0/incr_cmd_0/p_1_in[1]
    SLICE_X14Y41         FDRE                                         r  u_week10_wrapper/week10_i/ps7_0_axi_periph/s00_couplers/auto_pc/inst/gen_axilite.gen_b2s_conv.axilite_b2s/WR.aw_channel_0/cmd_translator_0/incr_cmd_0/axaddr_incr_reg[1]/D
  -------------------------------------------------------------------    -------------------

                         (clock clk_fpga_0 rise edge)
                                                     10.000    10.000 r  
    PS7_X0Y0             PS7                          0.000    10.000 r  u_week10_wrapper/week10_i/processing_system7_0/inst/PS7_i/FCLKCLK[0]
                         net (fo=1, routed)           1.666    11.666    u_week10_wrapper/week10_i/processing_system7_0/inst/FCLK_CLK_unbuffered[0]
    BUFGCTRL_X0Y16       BUFG (Prop_bufg_I_O)         0.091    11.757 r  u_week10_wrapper/week10_i/processing_system7_0/inst/buffer_fclk_clk_0.FCLK_CLK_0_BUFG/O
                         net (fo=712, routed)         1.503    13.261    u_week10_wrapper/week10_i/ps7_0_axi_periph/s00_couplers/auto_pc/inst/gen_axilite.gen_b2s_conv.axilite_b2s/WR.aw_channel_0/cmd_translator_0/incr_cmd_0/aclk
    SLICE_X14Y41         FDRE                                         r  u_week10_wrapper/week10_i/ps7_0_axi_periph/s00_couplers/auto_pc/inst/gen_axilite.gen_b2s_conv.axilite_b2s/WR.aw_channel_0/cmd_translator_0/incr_cmd_0/axaddr_incr_reg[1]/C
                         clock pessimism              0.282    13.543    
                         clock uncertainty           -0.154    13.389    
    SLICE_X14Y41         FDRE (Setup_fdre_C_D)        0.075    13.464    u_week10_wrapper/week10_i/ps7_0_axi_periph/s00_couplers/auto_pc/inst/gen_axilite.gen_b2s_conv.axilite_b2s/WR.aw_channel_0/cmd_translator_0/incr_cmd_0/axaddr_incr_reg[1]
  -------------------------------------------------------------------
                         required time                         13.464    
                         arrival time                          -9.940    
  -------------------------------------------------------------------
                         slack                                  3.523    





Min Delay Paths
--------------------------------------------------------------------------------------
Slack (MET) :             0.040ns  (arrival time - required time)
  Source:                 u_week10_wrapper/week10_i/ps7_0_axi_periph/s00_couplers/auto_pc/inst/gen_axilite.gen_b2s_conv.axilite_b2s/SI_REG/aw.aw_pipe/m_payload_i_reg[50]/C
                            (rising edge-triggered cell FDRE clocked by clk_fpga_0  {rise@0.000ns fall@5.000ns period=10.000ns})
  Destination:            u_week10_wrapper/week10_i/ps7_0_axi_periph/s00_couplers/auto_pc/inst/gen_axilite.gen_b2s_conv.axilite_b2s/WR.aw_channel_0/s_awid_r_reg[0]/D
                            (rising edge-triggered cell FDRE clocked by clk_fpga_0  {rise@0.000ns fall@5.000ns period=10.000ns})
  Path Group:             clk_fpga_0
  Path Type:              Hold (Min at Fast Process Corner)
  Requirement:            0.000ns  (clk_fpga_0 rise@0.000ns - clk_fpga_0 rise@0.000ns)
  Data Path Delay:        0.376ns  (logic 0.141ns (37.547%)  route 0.235ns (62.453%))
  Logic Levels:           0  
  Clock Path Skew:        0.265ns (DCD - SCD - CPR)
    Destination Clock Delay (DCD):    1.799ns
    Source Clock Delay      (SCD):    1.416ns
    Clock Pessimism Removal (CPR):    0.118ns

    Location             Delay type                Incr(ns)  Path(ns)    Netlist Resource(s)
  -------------------------------------------------------------------    -------------------
                         (clock clk_fpga_0 rise edge)
                                                      0.000     0.000 r  
    PS7_X0Y0             PS7                          0.000     0.000 r  u_week10_wrapper/week10_i/processing_system7_0/inst/PS7_i/FCLKCLK[0]
                         net (fo=1, routed)           0.804     0.804    u_week10_wrapper/week10_i/processing_system7_0/inst/FCLK_CLK_unbuffered[0]
    BUFGCTRL_X0Y16       BUFG (Prop_bufg_I_O)         0.026     0.830 r  u_week10_wrapper/week10_i/processing_system7_0/inst/buffer_fclk_clk_0.FCLK_CLK_0_BUFG/O
                         net (fo=712, routed)         0.586     1.416    u_week10_wrapper/week10_i/ps7_0_axi_periph/s00_couplers/auto_pc/inst/gen_axilite.gen_b2s_conv.axilite_b2s/SI_REG/aw.aw_pipe/aclk
    SLICE_X1Y49          FDRE                                         r  u_week10_wrapper/week10_i/ps7_0_axi_periph/s00_couplers/auto_pc/inst/gen_axilite.gen_b2s_conv.axilite_b2s/SI_REG/aw.aw_pipe/m_payload_i_reg[50]/C
  -------------------------------------------------------------------    -------------------
    SLICE_X1Y49          FDRE (Prop_fdre_C_Q)         0.141     1.557 r  u_week10_wrapper/week10_i/ps7_0_axi_periph/s00_couplers/auto_pc/inst/gen_axilite.gen_b2s_conv.axilite_b2s/SI_REG/aw.aw_pipe/m_payload_i_reg[50]/Q
                         net (fo=1, routed)           0.235     1.791    u_week10_wrapper/week10_i/ps7_0_axi_periph/s00_couplers/auto_pc/inst/gen_axilite.gen_b2s_conv.axilite_b2s/WR.aw_channel_0/s_awid_r_reg[11]_0[19]
    SLICE_X3Y51          FDRE                                         r  u_week10_wrapper/week10_i/ps7_0_axi_periph/s00_couplers/auto_pc/inst/gen_axilite.gen_b2s_conv.axilite_b2s/WR.aw_channel_0/s_awid_r_reg[0]/D
  -------------------------------------------------------------------    -------------------

                         (clock clk_fpga_0 rise edge)
                                                      0.000     0.000 r  
    PS7_X0Y0             PS7                          0.000     0.000 r  u_week10_wrapper/week10_i/processing_system7_0/inst/PS7_i/FCLKCLK[0]
                         net (fo=1, routed)           0.919     0.919    u_week10_wrapper/week10_i/processing_system7_0/inst/FCLK_CLK_unbuffered[0]
    BUFGCTRL_X0Y16       BUFG (Prop_bufg_I_O)         0.029     0.948 r  u_week10_wrapper/week10_i/processing_system7_0/inst/buffer_fclk_clk_0.FCLK_CLK_0_BUFG/O
                         net (fo=712, routed)         0.851     1.799    u_week10_wrapper/week10_i/ps7_0_axi_periph/s00_couplers/auto_pc/inst/gen_axilite.gen_b2s_conv.axilite_b2s/WR.aw_channel_0/aclk
    SLICE_X3Y51          FDRE                                         r  u_week10_wrapper/week10_i/ps7_0_axi_periph/s00_couplers/auto_pc/inst/gen_axilite.gen_b2s_conv.axilite_b2s/WR.aw_channel_0/s_awid_r_reg[0]/C
                         clock pessimism             -0.118     1.681    
    SLICE_X3Y51          FDRE (Hold_fdre_C_D)         0.070     1.751    u_week10_wrapper/week10_i/ps7_0_axi_periph/s00_couplers/auto_pc/inst/gen_axilite.gen_b2s_conv.axilite_b2s/WR.aw_channel_0/s_awid_r_reg[0]
  -------------------------------------------------------------------
                         required time                         -1.751    
                         arrival time                           1.791    
  -------------------------------------------------------------------
                         slack                                  0.040    

Slack (MET) :             0.048ns  (arrival time - required time)
  Source:                 u_week10_wrapper/week10_i/ps7_0_axi_periph/s00_couplers/auto_pc/inst/gen_axilite.gen_b2s_conv.axilite_b2s/SI_REG/aw.aw_pipe/m_payload_i_reg[53]/C
                            (rising edge-triggered cell FDRE clocked by clk_fpga_0  {rise@0.000ns fall@5.000ns period=10.000ns})
  Destination:            u_week10_wrapper/week10_i/ps7_0_axi_periph/s00_couplers/auto_pc/inst/gen_axilite.gen_b2s_conv.axilite_b2s/WR.aw_channel_0/s_awid_r_reg[3]/D
                            (rising edge-triggered cell FDRE clocked by clk_fpga_0  {rise@0.000ns fall@5.000ns period=10.000ns})
  Path Group:             clk_fpga_0
  Path Type:              Hold (Min at Fast Process Corner)
  Requirement:            0.000ns  (clk_fpga_0 rise@0.000ns - clk_fpga_0 rise@0.000ns)
  Data Path Delay:        0.326ns  (logic 0.128ns (39.256%)  route 0.198ns (60.744%))
  Logic Levels:           0  
  Clock Path Skew:        0.265ns (DCD - SCD - CPR)
    Destination Clock Delay (DCD):    1.799ns
    Source Clock Delay      (SCD):    1.416ns
    Clock Pessimism Removal (CPR):    0.118ns

    Location             Delay type                Incr(ns)  Path(ns)    Netlist Resource(s)
  -------------------------------------------------------------------    -------------------
                         (clock clk_fpga_0 rise edge)
                                                      0.000     0.000 r  
    PS7_X0Y0             PS7                          0.000     0.000 r  u_week10_wrapper/week10_i/processing_system7_0/inst/PS7_i/FCLKCLK[0]
                         net (fo=1, routed)           0.804     0.804    u_week10_wrapper/week10_i/processing_system7_0/inst/FCLK_CLK_unbuffered[0]
    BUFGCTRL_X0Y16       BUFG (Prop_bufg_I_O)         0.026     0.830 r  u_week10_wrapper/week10_i/processing_system7_0/inst/buffer_fclk_clk_0.FCLK_CLK_0_BUFG/O
                         net (fo=712, routed)         0.586     1.416    u_week10_wrapper/week10_i/ps7_0_axi_periph/s00_couplers/auto_pc/inst/gen_axilite.gen_b2s_conv.axilite_b2s/SI_REG/aw.aw_pipe/aclk
    SLICE_X1Y49          FDRE                                         r  u_week10_wrapper/week10_i/ps7_0_axi_periph/s00_couplers/auto_pc/inst/gen_axilite.gen_b2s_conv.axilite_b2s/SI_REG/aw.aw_pipe/m_payload_i_reg[53]/C
  -------------------------------------------------------------------    -------------------
    SLICE_X1Y49          FDRE (Prop_fdre_C_Q)         0.128     1.544 r  u_week10_wrapper/week10_i/ps7_0_axi_periph/s00_couplers/auto_pc/inst/gen_axilite.gen_b2s_conv.axilite_b2s/SI_REG/aw.aw_pipe/m_payload_i_reg[53]/Q
                         net (fo=1, routed)           0.198     1.742    u_week10_wrapper/week10_i/ps7_0_axi_periph/s00_couplers/auto_pc/inst/gen_axilite.gen_b2s_conv.axilite_b2s/WR.aw_channel_0/s_awid_r_reg[11]_0[22]
    SLICE_X2Y51          FDRE                                         r  u_week10_wrapper/week10_i/ps7_0_axi_periph/s00_couplers/auto_pc/inst/gen_axilite.gen_b2s_conv.axilite_b2s/WR.aw_channel_0/s_awid_r_reg[3]/D
  -------------------------------------------------------------------    -------------------

                         (clock clk_fpga_0 rise edge)
                                                      0.000     0.000 r  
    PS7_X0Y0             PS7                          0.000     0.000 r  u_week10_wrapper/week10_i/processing_system7_0/inst/PS7_i/FCLKCLK[0]
                         net (fo=1, routed)           0.919     0.919    u_week10_wrapper/week10_i/processing_system7_0/inst/FCLK_CLK_unbuffered[0]
    BUFGCTRL_X0Y16       BUFG (Prop_bufg_I_O)         0.029     0.948 r  u_week10_wrapper/week10_i/processing_system7_0/inst/buffer_fclk_clk_0.FCLK_CLK_0_BUFG/O
                         net (fo=712, routed)         0.851     1.799    u_week10_wrapper/week10_i/ps7_0_axi_periph/s00_couplers/auto_pc/inst/gen_axilite.gen_b2s_conv.axilite_b2s/WR.aw_channel_0/aclk
    SLICE_X2Y51          FDRE                                         r  u_week10_wrapper/week10_i/ps7_0_axi_periph/s00_couplers/auto_pc/inst/gen_axilite.gen_b2s_conv.axilite_b2s/WR.aw_channel_0/s_awid_r_reg[3]/C
                         clock pessimism             -0.118     1.681    
    SLICE_X2Y51          FDRE (Hold_fdre_C_D)         0.013     1.694    u_week10_wrapper/week10_i/ps7_0_axi_periph/s00_couplers/auto_pc/inst/gen_axilite.gen_b2s_conv.axilite_b2s/WR.aw_channel_0/s_awid_r_reg[3]
  -------------------------------------------------------------------
                         required time                         -1.694    
                         arrival time                           1.742    
  -------------------------------------------------------------------
                         slack                                  0.048    

Slack (MET) :             0.059ns  (arrival time - required time)
  Source:                 u_week10_wrapper/week10_i/ps7_0_axi_periph/s00_couplers/auto_pc/inst/gen_axilite.gen_b2s_conv.axilite_b2s/SI_REG/aw.aw_pipe/m_payload_i_reg[61]/C
                            (rising edge-triggered cell FDRE clocked by clk_fpga_0  {rise@0.000ns fall@5.000ns period=10.000ns})
  Destination:            u_week10_wrapper/week10_i/ps7_0_axi_periph/s00_couplers/auto_pc/inst/gen_axilite.gen_b2s_conv.axilite_b2s/WR.aw_channel_0/s_awid_r_reg[11]/D
                            (rising edge-triggered cell FDRE clocked by clk_fpga_0  {rise@0.000ns fall@5.000ns period=10.000ns})
  Path Group:             clk_fpga_0
  Path Type:              Hold (Min at Fast Process Corner)
  Requirement:            0.000ns  (clk_fpga_0 rise@0.000ns - clk_fpga_0 rise@0.000ns)
  Data Path Delay:        0.339ns  (logic 0.128ns (37.706%)  route 0.211ns (62.294%))
  Logic Levels:           0  
  Clock Path Skew:        0.263ns (DCD - SCD - CPR)
    Destination Clock Delay (DCD):    1.799ns
    Source Clock Delay      (SCD):    1.418ns
    Clock Pessimism Removal (CPR):    0.118ns

    Location             Delay type                Incr(ns)  Path(ns)    Netlist Resource(s)
  -------------------------------------------------------------------    -------------------
                         (clock clk_fpga_0 rise edge)
                                                      0.000     0.000 r  
    PS7_X0Y0             PS7                          0.000     0.000 r  u_week10_wrapper/week10_i/processing_system7_0/inst/PS7_i/FCLKCLK[0]
                         net (fo=1, routed)           0.804     0.804    u_week10_wrapper/week10_i/processing_system7_0/inst/FCLK_CLK_unbuffered[0]
    BUFGCTRL_X0Y16       BUFG (Prop_bufg_I_O)         0.026     0.830 r  u_week10_wrapper/week10_i/processing_system7_0/inst/buffer_fclk_clk_0.FCLK_CLK_0_BUFG/O
                         net (fo=712, routed)         0.588     1.418    u_week10_wrapper/week10_i/ps7_0_axi_periph/s00_couplers/auto_pc/inst/gen_axilite.gen_b2s_conv.axilite_b2s/SI_REG/aw.aw_pipe/aclk
    SLICE_X2Y48          FDRE                                         r  u_week10_wrapper/week10_i/ps7_0_axi_periph/s00_couplers/auto_pc/inst/gen_axilite.gen_b2s_conv.axilite_b2s/SI_REG/aw.aw_pipe/m_payload_i_reg[61]/C
  -------------------------------------------------------------------    -------------------
    SLICE_X2Y48          FDRE (Prop_fdre_C_Q)         0.128     1.546 r  u_week10_wrapper/week10_i/ps7_0_axi_periph/s00_couplers/auto_pc/inst/gen_axilite.gen_b2s_conv.axilite_b2s/SI_REG/aw.aw_pipe/m_payload_i_reg[61]/Q
                         net (fo=1, routed)           0.211     1.757    u_week10_wrapper/week10_i/ps7_0_axi_periph/s00_couplers/auto_pc/inst/gen_axilite.gen_b2s_conv.axilite_b2s/WR.aw_channel_0/s_awid_r_reg[11]_0[30]
    SLICE_X3Y51          FDRE                                         r  u_week10_wrapper/week10_i/ps7_0_axi_periph/s00_couplers/auto_pc/inst/gen_axilite.gen_b2s_conv.axilite_b2s/WR.aw_channel_0/s_awid_r_reg[11]/D
  -------------------------------------------------------------------    -------------------

                         (clock clk_fpga_0 rise edge)
                                                      0.000     0.000 r  
    PS7_X0Y0             PS7                          0.000     0.000 r  u_week10_wrapper/week10_i/processing_system7_0/inst/PS7_i/FCLKCLK[0]
                         net (fo=1, routed)           0.919     0.919    u_week10_wrapper/week10_i/processing_system7_0/inst/FCLK_CLK_unbuffered[0]
    BUFGCTRL_X0Y16       BUFG (Prop_bufg_I_O)         0.029     0.948 r  u_week10_wrapper/week10_i/processing_system7_0/inst/buffer_fclk_clk_0.FCLK_CLK_0_BUFG/O
                         net (fo=712, routed)         0.851     1.799    u_week10_wrapper/week10_i/ps7_0_axi_periph/s00_couplers/auto_pc/inst/gen_axilite.gen_b2s_conv.axilite_b2s/WR.aw_channel_0/aclk
    SLICE_X3Y51          FDRE                                         r  u_week10_wrapper/week10_i/ps7_0_axi_periph/s00_couplers/auto_pc/inst/gen_axilite.gen_b2s_conv.axilite_b2s/WR.aw_channel_0/s_awid_r_reg[11]/C
                         clock pessimism             -0.118     1.681    
    SLICE_X3Y51          FDRE (Hold_fdre_C_D)         0.017     1.698    u_week10_wrapper/week10_i/ps7_0_axi_periph/s00_couplers/auto_pc/inst/gen_axilite.gen_b2s_conv.axilite_b2s/WR.aw_channel_0/s_awid_r_reg[11]
  -------------------------------------------------------------------
                         required time                         -1.698    
                         arrival time                           1.757    
  -------------------------------------------------------------------
                         slack                                  0.059    

Slack (MET) :             0.062ns  (arrival time - required time)
  Source:                 u_week10_wrapper/week10_i/ps7_0_axi_periph/s00_couplers/auto_pc/inst/gen_axilite.gen_b2s_conv.axilite_b2s/SI_REG/b.b_pipe/m_payload_i_reg[1]/C
                            (rising edge-triggered cell FDRE clocked by clk_fpga_0  {rise@0.000ns fall@5.000ns period=10.000ns})
  Destination:            u_week10_wrapper/week10_i/processing_system7_0/inst/PS7_i/MAXIGP0BRESP[1]
                            (rising edge-triggered cell PS7 clocked by clk_fpga_0  {rise@0.000ns fall@5.000ns period=10.000ns})
  Path Group:             clk_fpga_0
  Path Type:              Hold (Min at Fast Process Corner)
  Requirement:            0.000ns  (clk_fpga_0 rise@0.000ns - clk_fpga_0 rise@0.000ns)
  Data Path Delay:        0.321ns  (logic 0.128ns (39.907%)  route 0.193ns (60.093%))
  Logic Levels:           0  
  Clock Path Skew:        0.313ns (DCD - SCD - CPR)
    Destination Clock Delay (DCD):    1.843ns
    Source Clock Delay      (SCD):    1.412ns
    Clock Pessimism Removal (CPR):    0.118ns

    Location             Delay type                Incr(ns)  Path(ns)    Netlist Resource(s)
  -------------------------------------------------------------------    -------------------
                         (clock clk_fpga_0 rise edge)
                                                      0.000     0.000 r  
    PS7_X0Y0             PS7                          0.000     0.000 r  u_week10_wrapper/week10_i/processing_system7_0/inst/PS7_i/FCLKCLK[0]
                         net (fo=1, routed)           0.804     0.804    u_week10_wrapper/week10_i/processing_system7_0/inst/FCLK_CLK_unbuffered[0]
    BUFGCTRL_X0Y16       BUFG (Prop_bufg_I_O)         0.026     0.830 r  u_week10_wrapper/week10_i/processing_system7_0/inst/buffer_fclk_clk_0.FCLK_CLK_0_BUFG/O
                         net (fo=712, routed)         0.582     1.412    u_week10_wrapper/week10_i/ps7_0_axi_periph/s00_couplers/auto_pc/inst/gen_axilite.gen_b2s_conv.axilite_b2s/SI_REG/b.b_pipe/aclk
    SLICE_X2Y50          FDRE                                         r  u_week10_wrapper/week10_i/ps7_0_axi_periph/s00_couplers/auto_pc/inst/gen_axilite.gen_b2s_conv.axilite_b2s/SI_REG/b.b_pipe/m_payload_i_reg[1]/C
  -------------------------------------------------------------------    -------------------
    SLICE_X2Y50          FDRE (Prop_fdre_C_Q)         0.128     1.540 r  u_week10_wrapper/week10_i/ps7_0_axi_periph/s00_couplers/auto_pc/inst/gen_axilite.gen_b2s_conv.axilite_b2s/SI_REG/b.b_pipe/m_payload_i_reg[1]/Q
                         net (fo=1, routed)           0.193     1.733    u_week10_wrapper/week10_i/processing_system7_0/inst/M_AXI_GP0_BRESP[1]
    PS7_X0Y0             PS7                                          r  u_week10_wrapper/week10_i/processing_system7_0/inst/PS7_i/MAXIGP0BRESP[1]
  -------------------------------------------------------------------    -------------------

                         (clock clk_fpga_0 rise edge)
                                                      0.000     0.000 r  
    PS7_X0Y0             PS7                          0.000     0.000 r  u_week10_wrapper/week10_i/processing_system7_0/inst/PS7_i/FCLKCLK[0]
                         net (fo=1, routed)           0.919     0.919    u_week10_wrapper/week10_i/processing_system7_0/inst/FCLK_CLK_unbuffered[0]
    BUFGCTRL_X0Y16       BUFG (Prop_bufg_I_O)         0.029     0.948 r  u_week10_wrapper/week10_i/processing_system7_0/inst/buffer_fclk_clk_0.FCLK_CLK_0_BUFG/O
                         net (fo=712, routed)         0.895     1.843    u_week10_wrapper/week10_i/processing_system7_0/inst/M_AXI_GP0_ACLK
    PS7_X0Y0             PS7                                          r  u_week10_wrapper/week10_i/processing_system7_0/inst/PS7_i/MAXIGP0ACLK
                         clock pessimism             -0.118     1.725    
    PS7_X0Y0             PS7 (Hold_ps7_MAXIGP0ACLK_MAXIGP0BRESP[1])
                                                     -0.054     1.671    u_week10_wrapper/week10_i/processing_system7_0/inst/PS7_i
  -------------------------------------------------------------------
                         required time                         -1.671    
                         arrival time                           1.733    
  -------------------------------------------------------------------
                         slack                                  0.062    

Slack (MET) :             0.082ns  (arrival time - required time)
  Source:                 u_week10_wrapper/week10_i/axi_apb_bridge_0/U0/AXILITE_SLAVE_IF_MODULE/S_AXI_RDATA_reg[8]/C
                            (rising edge-triggered cell FDRE clocked by clk_fpga_0  {rise@0.000ns fall@5.000ns period=10.000ns})
  Destination:            u_week10_wrapper/week10_i/ps7_0_axi_periph/s00_couplers/auto_pc/inst/gen_axilite.gen_b2s_conv.axilite_b2s/RD.r_channel_0/rd_data_fifo_0/memory_reg[31][8]_srl32/D
                            (rising edge-triggered cell SRLC32E clocked by clk_fpga_0  {rise@0.000ns fall@5.000ns period=10.000ns})
  Path Group:             clk_fpga_0
  Path Type:              Hold (Min at Fast Process Corner)
  Requirement:            0.000ns  (clk_fpga_0 rise@0.000ns - clk_fpga_0 rise@0.000ns)
  Data Path Delay:        0.280ns  (logic 0.164ns (58.537%)  route 0.116ns (41.463%))
  Logic Levels:           0  
  Clock Path Skew:        0.015ns (DCD - SCD - CPR)
    Destination Clock Delay (DCD):    1.783ns
    Source Clock Delay      (SCD):    1.398ns
    Clock Pessimism Removal (CPR):    0.370ns

    Location             Delay type                Incr(ns)  Path(ns)    Netlist Resource(s)
  -------------------------------------------------------------------    -------------------
                         (clock clk_fpga_0 rise edge)
                                                      0.000     0.000 r  
    PS7_X0Y0             PS7                          0.000     0.000 r  u_week10_wrapper/week10_i/processing_system7_0/inst/PS7_i/FCLKCLK[0]
                         net (fo=1, routed)           0.804     0.804    u_week10_wrapper/week10_i/processing_system7_0/inst/FCLK_CLK_unbuffered[0]
    BUFGCTRL_X0Y16       BUFG (Prop_bufg_I_O)         0.026     0.830 r  u_week10_wrapper/week10_i/processing_system7_0/inst/buffer_fclk_clk_0.FCLK_CLK_0_BUFG/O
                         net (fo=712, routed)         0.568     1.398    u_week10_wrapper/week10_i/axi_apb_bridge_0/U0/AXILITE_SLAVE_IF_MODULE/s_axi_aclk
    SLICE_X6Y43          FDRE                                         r  u_week10_wrapper/week10_i/axi_apb_bridge_0/U0/AXILITE_SLAVE_IF_MODULE/S_AXI_RDATA_reg[8]/C
  -------------------------------------------------------------------    -------------------
    SLICE_X6Y43          FDRE (Prop_fdre_C_Q)         0.164     1.562 r  u_week10_wrapper/week10_i/axi_apb_bridge_0/U0/AXILITE_SLAVE_IF_MODULE/S_AXI_RDATA_reg[8]/Q
                         net (fo=1, routed)           0.116     1.678    u_week10_wrapper/week10_i/ps7_0_axi_periph/s00_couplers/auto_pc/inst/gen_axilite.gen_b2s_conv.axilite_b2s/RD.r_channel_0/rd_data_fifo_0/in[8]
    SLICE_X6Y42          SRLC32E                                      r  u_week10_wrapper/week10_i/ps7_0_axi_periph/s00_couplers/auto_pc/inst/gen_axilite.gen_b2s_conv.axilite_b2s/RD.r_channel_0/rd_data_fifo_0/memory_reg[31][8]_srl32/D
  -------------------------------------------------------------------    -------------------

                         (clock clk_fpga_0 rise edge)
                                                      0.000     0.000 r  
    PS7_X0Y0             PS7                          0.000     0.000 r  u_week10_wrapper/week10_i/processing_system7_0/inst/PS7_i/FCLKCLK[0]
                         net (fo=1, routed)           0.919     0.919    u_week10_wrapper/week10_i/processing_system7_0/inst/FCLK_CLK_unbuffered[0]
    BUFGCTRL_X0Y16       BUFG (Prop_bufg_I_O)         0.029     0.948 r  u_week10_wrapper/week10_i/processing_system7_0/inst/buffer_fclk_clk_0.FCLK_CLK_0_BUFG/O
                         net (fo=712, routed)         0.835     1.783    u_week10_wrapper/week10_i/ps7_0_axi_periph/s00_couplers/auto_pc/inst/gen_axilite.gen_b2s_conv.axilite_b2s/RD.r_channel_0/rd_data_fifo_0/aclk
    SLICE_X6Y42          SRLC32E                                      r  u_week10_wrapper/week10_i/ps7_0_axi_periph/s00_couplers/auto_pc/inst/gen_axilite.gen_b2s_conv.axilite_b2s/RD.r_channel_0/rd_data_fifo_0/memory_reg[31][8]_srl32/CLK
                         clock pessimism             -0.370     1.413    
    SLICE_X6Y42          SRLC32E (Hold_srlc32e_CLK_D)
                                                      0.183     1.596    u_week10_wrapper/week10_i/ps7_0_axi_periph/s00_couplers/auto_pc/inst/gen_axilite.gen_b2s_conv.axilite_b2s/RD.r_channel_0/rd_data_fifo_0/memory_reg[31][8]_srl32
  -------------------------------------------------------------------
                         required time                         -1.596    
                         arrival time                           1.678    
  -------------------------------------------------------------------
                         slack                                  0.082    

Slack (MET) :             0.087ns  (arrival time - required time)
  Source:                 u_week10_wrapper/week10_i/ps7_0_axi_periph/s00_couplers/auto_pc/inst/gen_axilite.gen_b2s_conv.axilite_b2s/SI_REG/b.b_pipe/m_payload_i_reg[8]/C
                            (rising edge-triggered cell FDRE clocked by clk_fpga_0  {rise@0.000ns fall@5.000ns period=10.000ns})
  Destination:            u_week10_wrapper/week10_i/processing_system7_0/inst/PS7_i/MAXIGP0BID[6]
                            (rising edge-triggered cell PS7 clocked by clk_fpga_0  {rise@0.000ns fall@5.000ns period=10.000ns})
  Path Group:             clk_fpga_0
  Path Type:              Hold (Min at Fast Process Corner)
  Requirement:            0.000ns  (clk_fpga_0 rise@0.000ns - clk_fpga_0 rise@0.000ns)
  Data Path Delay:        0.400ns  (logic 0.141ns (35.234%)  route 0.259ns (64.766%))
  Logic Levels:           0  
  Clock Path Skew:        0.313ns (DCD - SCD - CPR)
    Destination Clock Delay (DCD):    1.843ns
    Source Clock Delay      (SCD):    1.412ns
    Clock Pessimism Removal (CPR):    0.118ns

    Location             Delay type                Incr(ns)  Path(ns)    Netlist Resource(s)
  -------------------------------------------------------------------    -------------------
                         (clock clk_fpga_0 rise edge)
                                                      0.000     0.000 r  
    PS7_X0Y0             PS7                          0.000     0.000 r  u_week10_wrapper/week10_i/processing_system7_0/inst/PS7_i/FCLKCLK[0]
                         net (fo=1, routed)           0.804     0.804    u_week10_wrapper/week10_i/processing_system7_0/inst/FCLK_CLK_unbuffered[0]
    BUFGCTRL_X0Y16       BUFG (Prop_bufg_I_O)         0.026     0.830 r  u_week10_wrapper/week10_i/processing_system7_0/inst/buffer_fclk_clk_0.FCLK_CLK_0_BUFG/O
                         net (fo=712, routed)         0.582     1.412    u_week10_wrapper/week10_i/ps7_0_axi_periph/s00_couplers/auto_pc/inst/gen_axilite.gen_b2s_conv.axilite_b2s/SI_REG/b.b_pipe/aclk
    SLICE_X2Y50          FDRE                                         r  u_week10_wrapper/week10_i/ps7_0_axi_periph/s00_couplers/auto_pc/inst/gen_axilite.gen_b2s_conv.axilite_b2s/SI_REG/b.b_pipe/m_payload_i_reg[8]/C
  -------------------------------------------------------------------    -------------------
    SLICE_X2Y50          FDRE (Prop_fdre_C_Q)         0.141     1.553 r  u_week10_wrapper/week10_i/ps7_0_axi_periph/s00_couplers/auto_pc/inst/gen_axilite.gen_b2s_conv.axilite_b2s/SI_REG/b.b_pipe/m_payload_i_reg[8]/Q
                         net (fo=1, routed)           0.259     1.812    u_week10_wrapper/week10_i/processing_system7_0/inst/M_AXI_GP0_BID[6]
    PS7_X0Y0             PS7                                          r  u_week10_wrapper/week10_i/processing_system7_0/inst/PS7_i/MAXIGP0BID[6]
  -------------------------------------------------------------------    -------------------

                         (clock clk_fpga_0 rise edge)
                                                      0.000     0.000 r  
    PS7_X0Y0             PS7                          0.000     0.000 r  u_week10_wrapper/week10_i/processing_system7_0/inst/PS7_i/FCLKCLK[0]
                         net (fo=1, routed)           0.919     0.919    u_week10_wrapper/week10_i/processing_system7_0/inst/FCLK_CLK_unbuffered[0]
    BUFGCTRL_X0Y16       BUFG (Prop_bufg_I_O)         0.029     0.948 r  u_week10_wrapper/week10_i/processing_system7_0/inst/buffer_fclk_clk_0.FCLK_CLK_0_BUFG/O
                         net (fo=712, routed)         0.895     1.843    u_week10_wrapper/week10_i/processing_system7_0/inst/M_AXI_GP0_ACLK
    PS7_X0Y0             PS7                                          r  u_week10_wrapper/week10_i/processing_system7_0/inst/PS7_i/MAXIGP0ACLK
                         clock pessimism             -0.118     1.725    
    PS7_X0Y0             PS7 (Hold_ps7_MAXIGP0ACLK_MAXIGP0BID[6])
                                                      0.000     1.725    u_week10_wrapper/week10_i/processing_system7_0/inst/PS7_i
  -------------------------------------------------------------------
                         required time                         -1.725    
                         arrival time                           1.812    
  -------------------------------------------------------------------
                         slack                                  0.087    

Slack (MET) :             0.090ns  (arrival time - required time)
  Source:                 u_week10_wrapper/week10_i/ps7_0_axi_periph/s00_couplers/auto_pc/inst/gen_axilite.gen_b2s_conv.axilite_b2s/SI_REG/b.b_pipe/m_payload_i_reg[0]/C
                            (rising edge-triggered cell FDRE clocked by clk_fpga_0  {rise@0.000ns fall@5.000ns period=10.000ns})
  Destination:            u_week10_wrapper/week10_i/processing_system7_0/inst/PS7_i/MAXIGP0BRESP[0]
                            (rising edge-triggered cell PS7 clocked by clk_fpga_0  {rise@0.000ns fall@5.000ns period=10.000ns})
  Path Group:             clk_fpga_0
  Path Type:              Hold (Min at Fast Process Corner)
  Requirement:            0.000ns  (clk_fpga_0 rise@0.000ns - clk_fpga_0 rise@0.000ns)
  Data Path Delay:        0.403ns  (logic 0.141ns (34.994%)  route 0.262ns (65.006%))
  Logic Levels:           0  
  Clock Path Skew:        0.313ns (DCD - SCD - CPR)
    Destination Clock Delay (DCD):    1.843ns
    Source Clock Delay      (SCD):    1.412ns
    Clock Pessimism Removal (CPR):    0.118ns

    Location             Delay type                Incr(ns)  Path(ns)    Netlist Resource(s)
  -------------------------------------------------------------------    -------------------
                         (clock clk_fpga_0 rise edge)
                                                      0.000     0.000 r  
    PS7_X0Y0             PS7                          0.000     0.000 r  u_week10_wrapper/week10_i/processing_system7_0/inst/PS7_i/FCLKCLK[0]
                         net (fo=1, routed)           0.804     0.804    u_week10_wrapper/week10_i/processing_system7_0/inst/FCLK_CLK_unbuffered[0]
    BUFGCTRL_X0Y16       BUFG (Prop_bufg_I_O)         0.026     0.830 r  u_week10_wrapper/week10_i/processing_system7_0/inst/buffer_fclk_clk_0.FCLK_CLK_0_BUFG/O
                         net (fo=712, routed)         0.582     1.412    u_week10_wrapper/week10_i/ps7_0_axi_periph/s00_couplers/auto_pc/inst/gen_axilite.gen_b2s_conv.axilite_b2s/SI_REG/b.b_pipe/aclk
    SLICE_X2Y50          FDRE                                         r  u_week10_wrapper/week10_i/ps7_0_axi_periph/s00_couplers/auto_pc/inst/gen_axilite.gen_b2s_conv.axilite_b2s/SI_REG/b.b_pipe/m_payload_i_reg[0]/C
  -------------------------------------------------------------------    -------------------
    SLICE_X2Y50          FDRE (Prop_fdre_C_Q)         0.141     1.553 r  u_week10_wrapper/week10_i/ps7_0_axi_periph/s00_couplers/auto_pc/inst/gen_axilite.gen_b2s_conv.axilite_b2s/SI_REG/b.b_pipe/m_payload_i_reg[0]/Q
                         net (fo=1, routed)           0.262     1.815    u_week10_wrapper/week10_i/processing_system7_0/inst/M_AXI_GP0_BRESP[0]
    PS7_X0Y0             PS7                                          r  u_week10_wrapper/week10_i/processing_system7_0/inst/PS7_i/MAXIGP0BRESP[0]
  -------------------------------------------------------------------    -------------------

                         (clock clk_fpga_0 rise edge)
                                                      0.000     0.000 r  
    PS7_X0Y0             PS7                          0.000     0.000 r  u_week10_wrapper/week10_i/processing_system7_0/inst/PS7_i/FCLKCLK[0]
                         net (fo=1, routed)           0.919     0.919    u_week10_wrapper/week10_i/processing_system7_0/inst/FCLK_CLK_unbuffered[0]
    BUFGCTRL_X0Y16       BUFG (Prop_bufg_I_O)         0.029     0.948 r  u_week10_wrapper/week10_i/processing_system7_0/inst/buffer_fclk_clk_0.FCLK_CLK_0_BUFG/O
                         net (fo=712, routed)         0.895     1.843    u_week10_wrapper/week10_i/processing_system7_0/inst/M_AXI_GP0_ACLK
    PS7_X0Y0             PS7                                          r  u_week10_wrapper/week10_i/processing_system7_0/inst/PS7_i/MAXIGP0ACLK
                         clock pessimism             -0.118     1.725    
    PS7_X0Y0             PS7 (Hold_ps7_MAXIGP0ACLK_MAXIGP0BRESP[0])
                                                      0.000     1.725    u_week10_wrapper/week10_i/processing_system7_0/inst/PS7_i
  -------------------------------------------------------------------
                         required time                         -1.725    
                         arrival time                           1.815    
  -------------------------------------------------------------------
                         slack                                  0.090    

Slack (MET) :             0.096ns  (arrival time - required time)
  Source:                 u_week10_wrapper/week10_i/ps7_0_axi_periph/s00_couplers/auto_pc/inst/gen_axilite.gen_b2s_conv.axilite_b2s/SI_REG/aw.aw_pipe/m_payload_i_reg[31]/C
                            (rising edge-triggered cell FDRE clocked by clk_fpga_0  {rise@0.000ns fall@5.000ns period=10.000ns})
  Destination:            u_week10_wrapper/week10_i/axi_apb_bridge_0/U0/APB_MASTER_IF_MODULE/PADDR_i_reg[31]/D
                            (rising edge-triggered cell FDRE clocked by clk_fpga_0  {rise@0.000ns fall@5.000ns period=10.000ns})
  Path Group:             clk_fpga_0
  Path Type:              Hold (Min at Fast Process Corner)
  Requirement:            0.000ns  (clk_fpga_0 rise@0.000ns - clk_fpga_0 rise@0.000ns)
  Data Path Delay:        0.491ns  (logic 0.209ns (42.531%)  route 0.282ns (57.469%))
  Logic Levels:           1  (LUT5=1)
  Clock Path Skew:        0.274ns (DCD - SCD - CPR)
    Destination Clock Delay (DCD):    1.785ns
    Source Clock Delay      (SCD):    1.393ns
    Clock Pessimism Removal (CPR):    0.118ns

    Location             Delay type                Incr(ns)  Path(ns)    Netlist Resource(s)
  -------------------------------------------------------------------    -------------------
                         (clock clk_fpga_0 rise edge)
                                                      0.000     0.000 r  
    PS7_X0Y0             PS7                          0.000     0.000 r  u_week10_wrapper/week10_i/processing_system7_0/inst/PS7_i/FCLKCLK[0]
                         net (fo=1, routed)           0.804     0.804    u_week10_wrapper/week10_i/processing_system7_0/inst/FCLK_CLK_unbuffered[0]
    BUFGCTRL_X0Y16       BUFG (Prop_bufg_I_O)         0.026     0.830 r  u_week10_wrapper/week10_i/processing_system7_0/inst/buffer_fclk_clk_0.FCLK_CLK_0_BUFG/O
                         net (fo=712, routed)         0.563     1.393    u_week10_wrapper/week10_i/ps7_0_axi_periph/s00_couplers/auto_pc/inst/gen_axilite.gen_b2s_conv.axilite_b2s/SI_REG/aw.aw_pipe/aclk
    SLICE_X6Y50          FDRE                                         r  u_week10_wrapper/week10_i/ps7_0_axi_periph/s00_couplers/auto_pc/inst/gen_axilite.gen_b2s_conv.axilite_b2s/SI_REG/aw.aw_pipe/m_payload_i_reg[31]/C
  -------------------------------------------------------------------    -------------------
    SLICE_X6Y50          FDRE (Prop_fdre_C_Q)         0.164     1.557 r  u_week10_wrapper/week10_i/ps7_0_axi_periph/s00_couplers/auto_pc/inst/gen_axilite.gen_b2s_conv.axilite_b2s/SI_REG/aw.aw_pipe/m_payload_i_reg[31]/Q
                         net (fo=2, routed)           0.282     1.839    u_week10_wrapper/week10_i/axi_apb_bridge_0/U0/AXILITE_SLAVE_IF_MODULE/s_axi_awaddr[31]
    SLICE_X6Y48          LUT5 (Prop_lut5_I0_O)        0.045     1.884 r  u_week10_wrapper/week10_i/axi_apb_bridge_0/U0/AXILITE_SLAVE_IF_MODULE/PADDR_i[31]_i_2/O
                         net (fo=1, routed)           0.000     1.884    u_week10_wrapper/week10_i/axi_apb_bridge_0/U0/APB_MASTER_IF_MODULE/D[31]
    SLICE_X6Y48          FDRE                                         r  u_week10_wrapper/week10_i/axi_apb_bridge_0/U0/APB_MASTER_IF_MODULE/PADDR_i_reg[31]/D
  -------------------------------------------------------------------    -------------------

                         (clock clk_fpga_0 rise edge)
                                                      0.000     0.000 r  
    PS7_X0Y0             PS7                          0.000     0.000 r  u_week10_wrapper/week10_i/processing_system7_0/inst/PS7_i/FCLKCLK[0]
                         net (fo=1, routed)           0.919     0.919    u_week10_wrapper/week10_i/processing_system7_0/inst/FCLK_CLK_unbuffered[0]
    BUFGCTRL_X0Y16       BUFG (Prop_bufg_I_O)         0.029     0.948 r  u_week10_wrapper/week10_i/processing_system7_0/inst/buffer_fclk_clk_0.FCLK_CLK_0_BUFG/O
                         net (fo=712, routed)         0.837     1.785    u_week10_wrapper/week10_i/axi_apb_bridge_0/U0/APB_MASTER_IF_MODULE/s_axi_aclk
    SLICE_X6Y48          FDRE                                         r  u_week10_wrapper/week10_i/axi_apb_bridge_0/U0/APB_MASTER_IF_MODULE/PADDR_i_reg[31]/C
                         clock pessimism             -0.118     1.667    
    SLICE_X6Y48          FDRE (Hold_fdre_C_D)         0.121     1.788    u_week10_wrapper/week10_i/axi_apb_bridge_0/U0/APB_MASTER_IF_MODULE/PADDR_i_reg[31]
  -------------------------------------------------------------------
                         required time                         -1.788    
                         arrival time                           1.884    
  -------------------------------------------------------------------
                         slack                                  0.096    

Slack (MET) :             0.106ns  (arrival time - required time)
  Source:                 u_week10_wrapper/week10_i/ps7_0_axi_periph/s00_couplers/auto_pc/inst/gen_axilite.gen_b2s_conv.axilite_b2s/SI_REG/aw.aw_pipe/skid_buffer_reg[31]/C
                            (rising edge-triggered cell FDRE clocked by clk_fpga_0  {rise@0.000ns fall@5.000ns period=10.000ns})
  Destination:            u_week10_wrapper/week10_i/ps7_0_axi_periph/s00_couplers/auto_pc/inst/gen_axilite.gen_b2s_conv.axilite_b2s/SI_REG/aw.aw_pipe/m_payload_i_reg[31]/D
                            (rising edge-triggered cell FDRE clocked by clk_fpga_0  {rise@0.000ns fall@5.000ns period=10.000ns})
  Path Group:             clk_fpga_0
  Path Type:              Hold (Min at Fast Process Corner)
  Requirement:            0.000ns  (clk_fpga_0 rise@0.000ns - clk_fpga_0 rise@0.000ns)
  Data Path Delay:        0.240ns  (logic 0.186ns (77.466%)  route 0.054ns (22.534%))
  Logic Levels:           1  (LUT3=1)
  Clock Path Skew:        0.013ns (DCD - SCD - CPR)
    Destination Clock Delay (DCD):    1.780ns
    Source Clock Delay      (SCD):    1.393ns
    Clock Pessimism Removal (CPR):    0.374ns

    Location             Delay type                Incr(ns)  Path(ns)    Netlist Resource(s)
  -------------------------------------------------------------------    -------------------
                         (clock clk_fpga_0 rise edge)
                                                      0.000     0.000 r  
    PS7_X0Y0             PS7                          0.000     0.000 r  u_week10_wrapper/week10_i/processing_system7_0/inst/PS7_i/FCLKCLK[0]
                         net (fo=1, routed)           0.804     0.804    u_week10_wrapper/week10_i/processing_system7_0/inst/FCLK_CLK_unbuffered[0]
    BUFGCTRL_X0Y16       BUFG (Prop_bufg_I_O)         0.026     0.830 r  u_week10_wrapper/week10_i/processing_system7_0/inst/buffer_fclk_clk_0.FCLK_CLK_0_BUFG/O
                         net (fo=712, routed)         0.563     1.393    u_week10_wrapper/week10_i/ps7_0_axi_periph/s00_couplers/auto_pc/inst/gen_axilite.gen_b2s_conv.axilite_b2s/SI_REG/aw.aw_pipe/aclk
    SLICE_X7Y50          FDRE                                         r  u_week10_wrapper/week10_i/ps7_0_axi_periph/s00_couplers/auto_pc/inst/gen_axilite.gen_b2s_conv.axilite_b2s/SI_REG/aw.aw_pipe/skid_buffer_reg[31]/C
  -------------------------------------------------------------------    -------------------
    SLICE_X7Y50          FDRE (Prop_fdre_C_Q)         0.141     1.534 r  u_week10_wrapper/week10_i/ps7_0_axi_periph/s00_couplers/auto_pc/inst/gen_axilite.gen_b2s_conv.axilite_b2s/SI_REG/aw.aw_pipe/skid_buffer_reg[31]/Q
                         net (fo=1, routed)           0.054     1.588    u_week10_wrapper/week10_i/ps7_0_axi_periph/s00_couplers/auto_pc/inst/gen_axilite.gen_b2s_conv.axilite_b2s/SI_REG/aw.aw_pipe/skid_buffer_reg_n_0_[31]
    SLICE_X6Y50          LUT3 (Prop_lut3_I2_O)        0.045     1.633 r  u_week10_wrapper/week10_i/ps7_0_axi_periph/s00_couplers/auto_pc/inst/gen_axilite.gen_b2s_conv.axilite_b2s/SI_REG/aw.aw_pipe/m_payload_i[31]_i_2/O
                         net (fo=1, routed)           0.000     1.633    u_week10_wrapper/week10_i/ps7_0_axi_periph/s00_couplers/auto_pc/inst/gen_axilite.gen_b2s_conv.axilite_b2s/SI_REG/aw.aw_pipe/skid_buffer[31]
    SLICE_X6Y50          FDRE                                         r  u_week10_wrapper/week10_i/ps7_0_axi_periph/s00_couplers/auto_pc/inst/gen_axilite.gen_b2s_conv.axilite_b2s/SI_REG/aw.aw_pipe/m_payload_i_reg[31]/D
  -------------------------------------------------------------------    -------------------

                         (clock clk_fpga_0 rise edge)
                                                      0.000     0.000 r  
    PS7_X0Y0             PS7                          0.000     0.000 r  u_week10_wrapper/week10_i/processing_system7_0/inst/PS7_i/FCLKCLK[0]
                         net (fo=1, routed)           0.919     0.919    u_week10_wrapper/week10_i/processing_system7_0/inst/FCLK_CLK_unbuffered[0]
    BUFGCTRL_X0Y16       BUFG (Prop_bufg_I_O)         0.029     0.948 r  u_week10_wrapper/week10_i/processing_system7_0/inst/buffer_fclk_clk_0.FCLK_CLK_0_BUFG/O
                         net (fo=712, routed)         0.832     1.780    u_week10_wrapper/week10_i/ps7_0_axi_periph/s00_couplers/auto_pc/inst/gen_axilite.gen_b2s_conv.axilite_b2s/SI_REG/aw.aw_pipe/aclk
    SLICE_X6Y50          FDRE                                         r  u_week10_wrapper/week10_i/ps7_0_axi_periph/s00_couplers/auto_pc/inst/gen_axilite.gen_b2s_conv.axilite_b2s/SI_REG/aw.aw_pipe/m_payload_i_reg[31]/C
                         clock pessimism             -0.374     1.406    
    SLICE_X6Y50          FDRE (Hold_fdre_C_D)         0.121     1.527    u_week10_wrapper/week10_i/ps7_0_axi_periph/s00_couplers/auto_pc/inst/gen_axilite.gen_b2s_conv.axilite_b2s/SI_REG/aw.aw_pipe/m_payload_i_reg[31]
  -------------------------------------------------------------------
                         required time                         -1.527    
                         arrival time                           1.633    
  -------------------------------------------------------------------
                         slack                                  0.106    

Slack (MET) :             0.113ns  (arrival time - required time)
  Source:                 u_week10_wrapper/week10_i/ps7_0_axi_periph/s00_couplers/auto_pc/inst/gen_axilite.gen_b2s_conv.axilite_b2s/SI_REG/b.b_pipe/m_payload_i_reg[11]/C
                            (rising edge-triggered cell FDRE clocked by clk_fpga_0  {rise@0.000ns fall@5.000ns period=10.000ns})
  Destination:            u_week10_wrapper/week10_i/processing_system7_0/inst/PS7_i/MAXIGP0BID[9]
                            (rising edge-triggered cell PS7 clocked by clk_fpga_0  {rise@0.000ns fall@5.000ns period=10.000ns})
  Path Group:             clk_fpga_0
  Path Type:              Hold (Min at Fast Process Corner)
  Requirement:            0.000ns  (clk_fpga_0 rise@0.000ns - clk_fpga_0 rise@0.000ns)
  Data Path Delay:        0.372ns  (logic 0.128ns (34.410%)  route 0.244ns (65.590%))
  Logic Levels:           0  
  Clock Path Skew:        0.313ns (DCD - SCD - CPR)
    Destination Clock Delay (DCD):    1.843ns
    Source Clock Delay      (SCD):    1.412ns
    Clock Pessimism Removal (CPR):    0.118ns

    Location             Delay type                Incr(ns)  Path(ns)    Netlist Resource(s)
  -------------------------------------------------------------------    -------------------
                         (clock clk_fpga_0 rise edge)
                                                      0.000     0.000 r  
    PS7_X0Y0             PS7                          0.000     0.000 r  u_week10_wrapper/week10_i/processing_system7_0/inst/PS7_i/FCLKCLK[0]
                         net (fo=1, routed)           0.804     0.804    u_week10_wrapper/week10_i/processing_system7_0/inst/FCLK_CLK_unbuffered[0]
    BUFGCTRL_X0Y16       BUFG (Prop_bufg_I_O)         0.026     0.830 r  u_week10_wrapper/week10_i/processing_system7_0/inst/buffer_fclk_clk_0.FCLK_CLK_0_BUFG/O
                         net (fo=712, routed)         0.582     1.412    u_week10_wrapper/week10_i/ps7_0_axi_periph/s00_couplers/auto_pc/inst/gen_axilite.gen_b2s_conv.axilite_b2s/SI_REG/b.b_pipe/aclk
    SLICE_X5Y50          FDRE                                         r  u_week10_wrapper/week10_i/ps7_0_axi_periph/s00_couplers/auto_pc/inst/gen_axilite.gen_b2s_conv.axilite_b2s/SI_REG/b.b_pipe/m_payload_i_reg[11]/C
  -------------------------------------------------------------------    -------------------
    SLICE_X5Y50          FDRE (Prop_fdre_C_Q)         0.128     1.540 r  u_week10_wrapper/week10_i/ps7_0_axi_periph/s00_couplers/auto_pc/inst/gen_axilite.gen_b2s_conv.axilite_b2s/SI_REG/b.b_pipe/m_payload_i_reg[11]/Q
                         net (fo=1, routed)           0.244     1.784    u_week10_wrapper/week10_i/processing_system7_0/inst/M_AXI_GP0_BID[9]
    PS7_X0Y0             PS7                                          r  u_week10_wrapper/week10_i/processing_system7_0/inst/PS7_i/MAXIGP0BID[9]
  -------------------------------------------------------------------    -------------------

                         (clock clk_fpga_0 rise edge)
                                                      0.000     0.000 r  
    PS7_X0Y0             PS7                          0.000     0.000 r  u_week10_wrapper/week10_i/processing_system7_0/inst/PS7_i/FCLKCLK[0]
                         net (fo=1, routed)           0.919     0.919    u_week10_wrapper/week10_i/processing_system7_0/inst/FCLK_CLK_unbuffered[0]
    BUFGCTRL_X0Y16       BUFG (Prop_bufg_I_O)         0.029     0.948 r  u_week10_wrapper/week10_i/processing_system7_0/inst/buffer_fclk_clk_0.FCLK_CLK_0_BUFG/O
                         net (fo=712, routed)         0.895     1.843    u_week10_wrapper/week10_i/processing_system7_0/inst/M_AXI_GP0_ACLK
    PS7_X0Y0             PS7                                          r  u_week10_wrapper/week10_i/processing_system7_0/inst/PS7_i/MAXIGP0ACLK
                         clock pessimism             -0.118     1.725    
    PS7_X0Y0             PS7 (Hold_ps7_MAXIGP0ACLK_MAXIGP0BID[9])
                                                     -0.054     1.671    u_week10_wrapper/week10_i/processing_system7_0/inst/PS7_i
  -------------------------------------------------------------------
                         required time                         -1.671    
                         arrival time                           1.784    
  -------------------------------------------------------------------
                         slack                                  0.113    





Pulse Width Checks
--------------------------------------------------------------------------------------
Clock Name:         clk_fpga_0
Waveform(ns):       { 0.000 5.000 }
Period(ns):         10.000
Sources:            { u_week10_wrapper/week10_i/processing_system7_0/inst/PS7_i/FCLKCLK[0] }

Check Type        Corner  Lib Pin      Reference Pin  Required(ns)  Actual(ns)  Slack(ns)  Location        Pin
Min Period        n/a     BUFG/I       n/a            2.155         10.000      7.845      BUFGCTRL_X0Y16  u_week10_wrapper/week10_i/processing_system7_0/inst/buffer_fclk_clk_0.FCLK_CLK_0_BUFG/I
Min Period        n/a     FDCE/C       n/a            1.000         10.000      9.000      SLICE_X13Y39    u_apb_led/r_color_led_0_reg[0]/C
Min Period        n/a     FDCE/C       n/a            1.000         10.000      9.000      SLICE_X14Y39    u_apb_led/r_color_led_0_reg[1]/C
Min Period        n/a     FDCE/C       n/a            1.000         10.000      9.000      SLICE_X14Y39    u_apb_led/r_color_led_0_reg[2]/C
Min Period        n/a     FDCE/C       n/a            1.000         10.000      9.000      SLICE_X14Y39    u_apb_led/r_color_led_1_reg[0]/C
Min Period        n/a     FDCE/C       n/a            1.000         10.000      9.000      SLICE_X13Y39    u_apb_led/r_color_led_1_reg[1]/C
Min Period        n/a     FDCE/C       n/a            1.000         10.000      9.000      SLICE_X14Y39    u_apb_led/r_color_led_1_reg[2]/C
Min Period        n/a     FDCE/C       n/a            1.000         10.000      9.000      SLICE_X15Y39    u_apb_led/r_mono_led_reg[0]/C
Min Period        n/a     FDCE/C       n/a            1.000         10.000      9.000      SLICE_X15Y39    u_apb_led/r_mono_led_reg[0]_lopt_replica/C
Min Period        n/a     FDCE/C       n/a            1.000         10.000      9.000      SLICE_X15Y39    u_apb_led/r_mono_led_reg[1]/C
Low Pulse Width   Slow    SRLC32E/CLK  n/a            0.980         5.000       4.020      SLICE_X6Y41     u_week10_wrapper/week10_i/ps7_0_axi_periph/s00_couplers/auto_pc/inst/gen_axilite.gen_b2s_conv.axilite_b2s/RD.r_channel_0/rd_data_fifo_0/memory_reg[31][0]_srl32/CLK
Low Pulse Width   Fast    SRLC32E/CLK  n/a            0.980         5.000       4.020      SLICE_X6Y41     u_week10_wrapper/week10_i/ps7_0_axi_periph/s00_couplers/auto_pc/inst/gen_axilite.gen_b2s_conv.axilite_b2s/RD.r_channel_0/rd_data_fifo_0/memory_reg[31][0]_srl32/CLK
Low Pulse Width   Slow    SRLC32E/CLK  n/a            0.980         5.000       4.020      SLICE_X6Y40     u_week10_wrapper/week10_i/ps7_0_axi_periph/s00_couplers/auto_pc/inst/gen_axilite.gen_b2s_conv.axilite_b2s/RD.r_channel_0/rd_data_fifo_0/memory_reg[31][10]_srl32/CLK
Low Pulse Width   Fast    SRLC32E/CLK  n/a            0.980         5.000       4.020      SLICE_X6Y40     u_week10_wrapper/week10_i/ps7_0_axi_periph/s00_couplers/auto_pc/inst/gen_axilite.gen_b2s_conv.axilite_b2s/RD.r_channel_0/rd_data_fifo_0/memory_reg[31][10]_srl32/CLK
Low Pulse Width   Slow    SRLC32E/CLK  n/a            0.980         5.000       4.020      SLICE_X6Y40     u_week10_wrapper/week10_i/ps7_0_axi_periph/s00_couplers/auto_pc/inst/gen_axilite.gen_b2s_conv.axilite_b2s/RD.r_channel_0/rd_data_fifo_0/memory_reg[31][11]_srl32/CLK
Low Pulse Width   Fast    SRLC32E/CLK  n/a            0.980         5.000       4.020      SLICE_X6Y40     u_week10_wrapper/week10_i/ps7_0_axi_periph/s00_couplers/auto_pc/inst/gen_axilite.gen_b2s_conv.axilite_b2s/RD.r_channel_0/rd_data_fifo_0/memory_reg[31][11]_srl32/CLK
Low Pulse Width   Slow    SRLC32E/CLK  n/a            0.980         5.000       4.020      SLICE_X6Y40     u_week10_wrapper/week10_i/ps7_0_axi_periph/s00_couplers/auto_pc/inst/gen_axilite.gen_b2s_conv.axilite_b2s/RD.r_channel_0/rd_data_fifo_0/memory_reg[31][1]_srl32/CLK
Low Pulse Width   Fast    SRLC32E/CLK  n/a            0.980         5.000       4.020      SLICE_X6Y40     u_week10_wrapper/week10_i/ps7_0_axi_periph/s00_couplers/auto_pc/inst/gen_axilite.gen_b2s_conv.axilite_b2s/RD.r_channel_0/rd_data_fifo_0/memory_reg[31][1]_srl32/CLK
Low Pulse Width   Slow    SRLC32E/CLK  n/a            0.980         5.000       4.020      SLICE_X6Y40     u_week10_wrapper/week10_i/ps7_0_axi_periph/s00_couplers/auto_pc/inst/gen_axilite.gen_b2s_conv.axilite_b2s/RD.r_channel_0/rd_data_fifo_0/memory_reg[31][2]_srl32/CLK
Low Pulse Width   Fast    SRLC32E/CLK  n/a            0.980         5.000       4.020      SLICE_X6Y40     u_week10_wrapper/week10_i/ps7_0_axi_periph/s00_couplers/auto_pc/inst/gen_axilite.gen_b2s_conv.axilite_b2s/RD.r_channel_0/rd_data_fifo_0/memory_reg[31][2]_srl32/CLK
High Pulse Width  Slow    SRLC32E/CLK  n/a            0.980         5.000       4.020      SLICE_X6Y41     u_week10_wrapper/week10_i/ps7_0_axi_periph/s00_couplers/auto_pc/inst/gen_axilite.gen_b2s_conv.axilite_b2s/RD.r_channel_0/rd_data_fifo_0/memory_reg[31][0]_srl32/CLK
High Pulse Width  Fast    SRLC32E/CLK  n/a            0.980         5.000       4.020      SLICE_X6Y41     u_week10_wrapper/week10_i/ps7_0_axi_periph/s00_couplers/auto_pc/inst/gen_axilite.gen_b2s_conv.axilite_b2s/RD.r_channel_0/rd_data_fifo_0/memory_reg[31][0]_srl32/CLK
High Pulse Width  Slow    SRLC32E/CLK  n/a            0.980         5.000       4.020      SLICE_X6Y40     u_week10_wrapper/week10_i/ps7_0_axi_periph/s00_couplers/auto_pc/inst/gen_axilite.gen_b2s_conv.axilite_b2s/RD.r_channel_0/rd_data_fifo_0/memory_reg[31][10]_srl32/CLK
High Pulse Width  Fast    SRLC32E/CLK  n/a            0.980         5.000       4.020      SLICE_X6Y40     u_week10_wrapper/week10_i/ps7_0_axi_periph/s00_couplers/auto_pc/inst/gen_axilite.gen_b2s_conv.axilite_b2s/RD.r_channel_0/rd_data_fifo_0/memory_reg[31][10]_srl32/CLK
High Pulse Width  Slow    SRLC32E/CLK  n/a            0.980         5.000       4.020      SLICE_X6Y40     u_week10_wrapper/week10_i/ps7_0_axi_periph/s00_couplers/auto_pc/inst/gen_axilite.gen_b2s_conv.axilite_b2s/RD.r_channel_0/rd_data_fifo_0/memory_reg[31][11]_srl32/CLK
High Pulse Width  Fast    SRLC32E/CLK  n/a            0.980         5.000       4.020      SLICE_X6Y40     u_week10_wrapper/week10_i/ps7_0_axi_periph/s00_couplers/auto_pc/inst/gen_axilite.gen_b2s_conv.axilite_b2s/RD.r_channel_0/rd_data_fifo_0/memory_reg[31][11]_srl32/CLK
High Pulse Width  Slow    SRLC32E/CLK  n/a            0.980         5.000       4.020      SLICE_X6Y40     u_week10_wrapper/week10_i/ps7_0_axi_periph/s00_couplers/auto_pc/inst/gen_axilite.gen_b2s_conv.axilite_b2s/RD.r_channel_0/rd_data_fifo_0/memory_reg[31][1]_srl32/CLK
High Pulse Width  Fast    SRLC32E/CLK  n/a            0.980         5.000       4.020      SLICE_X6Y40     u_week10_wrapper/week10_i/ps7_0_axi_periph/s00_couplers/auto_pc/inst/gen_axilite.gen_b2s_conv.axilite_b2s/RD.r_channel_0/rd_data_fifo_0/memory_reg[31][1]_srl32/CLK
High Pulse Width  Slow    SRLC32E/CLK  n/a            0.980         5.000       4.020      SLICE_X6Y40     u_week10_wrapper/week10_i/ps7_0_axi_periph/s00_couplers/auto_pc/inst/gen_axilite.gen_b2s_conv.axilite_b2s/RD.r_channel_0/rd_data_fifo_0/memory_reg[31][2]_srl32/CLK
High Pulse Width  Fast    SRLC32E/CLK  n/a            0.980         5.000       4.020      SLICE_X6Y40     u_week10_wrapper/week10_i/ps7_0_axi_periph/s00_couplers/auto_pc/inst/gen_axilite.gen_b2s_conv.axilite_b2s/RD.r_channel_0/rd_data_fifo_0/memory_reg[31][2]_srl32/CLK



---------------------------------------------------------------------------------------------------
Path Group:  **async_default**
From Clock:  clk_fpga_0
  To Clock:  clk_fpga_0

Setup :            0  Failing Endpoints,  Worst Slack        6.626ns,  Total Violation        0.000ns
Hold  :            0  Failing Endpoints,  Worst Slack        0.715ns,  Total Violation        0.000ns
---------------------------------------------------------------------------------------------------


Max Delay Paths
--------------------------------------------------------------------------------------
Slack (MET) :             6.626ns  (required time - arrival time)
  Source:                 u_week10_wrapper/week10_i/rst_ps7_0_100M/U0/ACTIVE_LOW_PR_OUT_DFF[0].FDRE_PER_N/C
                            (rising edge-triggered cell FDRE clocked by clk_fpga_0  {rise@0.000ns fall@5.000ns period=10.000ns})
  Destination:            u_apb_led/r_mono_led_reg[3]/CLR
                            (recovery check against rising-edge clock clk_fpga_0  {rise@0.000ns fall@5.000ns period=10.000ns})
  Path Group:             **async_default**
  Path Type:              Recovery (Max at Slow Process Corner)
  Requirement:            10.000ns  (clk_fpga_0 rise@10.000ns - clk_fpga_0 rise@0.000ns)
  Data Path Delay:        2.640ns  (logic 0.606ns (22.953%)  route 2.034ns (77.047%))
  Logic Levels:           1  (LUT1=1)
  Clock Path Skew:        -0.053ns (DCD - SCD + CPR)
    Destination Clock Delay (DCD):    3.267ns = ( 13.267 - 10.000 ) 
    Source Clock Delay      (SCD):    3.716ns
    Clock Pessimism Removal (CPR):    0.397ns
  Clock Uncertainty:      0.154ns  ((TSJ^2 + TIJ^2)^1/2 + DJ) / 2 + PE
    Total System Jitter     (TSJ):    0.071ns
    Total Input Jitter      (TIJ):    0.300ns
    Discrete Jitter          (DJ):    0.000ns
    Phase Error              (PE):    0.000ns

    Location             Delay type                Incr(ns)  Path(ns)    Netlist Resource(s)
  -------------------------------------------------------------------    -------------------
                         (clock clk_fpga_0 rise edge)
                                                      0.000     0.000 r  
    PS7_X0Y0             PS7                          0.000     0.000 r  u_week10_wrapper/week10_i/processing_system7_0/inst/PS7_i/FCLKCLK[0]
                         net (fo=1, routed)           1.938     1.938    u_week10_wrapper/week10_i/processing_system7_0/inst/FCLK_CLK_unbuffered[0]
    BUFGCTRL_X0Y16       BUFG (Prop_bufg_I_O)         0.101     2.039 r  u_week10_wrapper/week10_i/processing_system7_0/inst/buffer_fclk_clk_0.FCLK_CLK_0_BUFG/O
                         net (fo=712, routed)         1.677     3.716    u_week10_wrapper/week10_i/rst_ps7_0_100M/U0/slowest_sync_clk
    SLICE_X15Y40         FDRE                                         r  u_week10_wrapper/week10_i/rst_ps7_0_100M/U0/ACTIVE_LOW_PR_OUT_DFF[0].FDRE_PER_N/C
  -------------------------------------------------------------------    -------------------
    SLICE_X15Y40         FDRE (Prop_fdre_C_Q)         0.456     4.172 r  u_week10_wrapper/week10_i/rst_ps7_0_100M/U0/ACTIVE_LOW_PR_OUT_DFF[0].FDRE_PER_N/Q
                         net (fo=5, routed)           0.466     4.638    u_week10_wrapper/w_apb_rst
    SLICE_X14Y40         LUT1 (Prop_lut1_I0_O)        0.150     4.788 f  u_week10_wrapper/r_mono_led[9]_i_2/O
                         net (fo=26, routed)          1.568     6.356    u_apb_led/r_mono_led_reg[9]_0
    SLICE_X10Y42         FDCE                                         f  u_apb_led/r_mono_led_reg[3]/CLR
  -------------------------------------------------------------------    -------------------

                         (clock clk_fpga_0 rise edge)
                                                     10.000    10.000 r  
    PS7_X0Y0             PS7                          0.000    10.000 r  u_week10_wrapper/week10_i/processing_system7_0/inst/PS7_i/FCLKCLK[0]
                         net (fo=1, routed)           1.666    11.666    u_week10_wrapper/week10_i/processing_system7_0/inst/FCLK_CLK_unbuffered[0]
    BUFGCTRL_X0Y16       BUFG (Prop_bufg_I_O)         0.091    11.757 r  u_week10_wrapper/week10_i/processing_system7_0/inst/buffer_fclk_clk_0.FCLK_CLK_0_BUFG/O
                         net (fo=712, routed)         1.509    13.267    u_apb_led/apb_clk
    SLICE_X10Y42         FDCE                                         r  u_apb_led/r_mono_led_reg[3]/C
                         clock pessimism              0.397    13.663    
                         clock uncertainty           -0.154    13.509    
    SLICE_X10Y42         FDCE (Recov_fdce_C_CLR)     -0.527    12.982    u_apb_led/r_mono_led_reg[3]
  -------------------------------------------------------------------
                         required time                         12.982    
                         arrival time                          -6.356    
  -------------------------------------------------------------------
                         slack                                  6.626    

Slack (MET) :             6.626ns  (required time - arrival time)
  Source:                 u_week10_wrapper/week10_i/rst_ps7_0_100M/U0/ACTIVE_LOW_PR_OUT_DFF[0].FDRE_PER_N/C
                            (rising edge-triggered cell FDRE clocked by clk_fpga_0  {rise@0.000ns fall@5.000ns period=10.000ns})
  Destination:            u_apb_led/r_mono_led_reg[4]/CLR
                            (recovery check against rising-edge clock clk_fpga_0  {rise@0.000ns fall@5.000ns period=10.000ns})
  Path Group:             **async_default**
  Path Type:              Recovery (Max at Slow Process Corner)
  Requirement:            10.000ns  (clk_fpga_0 rise@10.000ns - clk_fpga_0 rise@0.000ns)
  Data Path Delay:        2.640ns  (logic 0.606ns (22.953%)  route 2.034ns (77.047%))
  Logic Levels:           1  (LUT1=1)
  Clock Path Skew:        -0.053ns (DCD - SCD + CPR)
    Destination Clock Delay (DCD):    3.267ns = ( 13.267 - 10.000 ) 
    Source Clock Delay      (SCD):    3.716ns
    Clock Pessimism Removal (CPR):    0.397ns
  Clock Uncertainty:      0.154ns  ((TSJ^2 + TIJ^2)^1/2 + DJ) / 2 + PE
    Total System Jitter     (TSJ):    0.071ns
    Total Input Jitter      (TIJ):    0.300ns
    Discrete Jitter          (DJ):    0.000ns
    Phase Error              (PE):    0.000ns

    Location             Delay type                Incr(ns)  Path(ns)    Netlist Resource(s)
  -------------------------------------------------------------------    -------------------
                         (clock clk_fpga_0 rise edge)
                                                      0.000     0.000 r  
    PS7_X0Y0             PS7                          0.000     0.000 r  u_week10_wrapper/week10_i/processing_system7_0/inst/PS7_i/FCLKCLK[0]
                         net (fo=1, routed)           1.938     1.938    u_week10_wrapper/week10_i/processing_system7_0/inst/FCLK_CLK_unbuffered[0]
    BUFGCTRL_X0Y16       BUFG (Prop_bufg_I_O)         0.101     2.039 r  u_week10_wrapper/week10_i/processing_system7_0/inst/buffer_fclk_clk_0.FCLK_CLK_0_BUFG/O
                         net (fo=712, routed)         1.677     3.716    u_week10_wrapper/week10_i/rst_ps7_0_100M/U0/slowest_sync_clk
    SLICE_X15Y40         FDRE                                         r  u_week10_wrapper/week10_i/rst_ps7_0_100M/U0/ACTIVE_LOW_PR_OUT_DFF[0].FDRE_PER_N/C
  -------------------------------------------------------------------    -------------------
    SLICE_X15Y40         FDRE (Prop_fdre_C_Q)         0.456     4.172 r  u_week10_wrapper/week10_i/rst_ps7_0_100M/U0/ACTIVE_LOW_PR_OUT_DFF[0].FDRE_PER_N/Q
                         net (fo=5, routed)           0.466     4.638    u_week10_wrapper/w_apb_rst
    SLICE_X14Y40         LUT1 (Prop_lut1_I0_O)        0.150     4.788 f  u_week10_wrapper/r_mono_led[9]_i_2/O
                         net (fo=26, routed)          1.568     6.356    u_apb_led/r_mono_led_reg[9]_0
    SLICE_X10Y42         FDCE                                         f  u_apb_led/r_mono_led_reg[4]/CLR
  -------------------------------------------------------------------    -------------------

                         (clock clk_fpga_0 rise edge)
                                                     10.000    10.000 r  
    PS7_X0Y0             PS7                          0.000    10.000 r  u_week10_wrapper/week10_i/processing_system7_0/inst/PS7_i/FCLKCLK[0]
                         net (fo=1, routed)           1.666    11.666    u_week10_wrapper/week10_i/processing_system7_0/inst/FCLK_CLK_unbuffered[0]
    BUFGCTRL_X0Y16       BUFG (Prop_bufg_I_O)         0.091    11.757 r  u_week10_wrapper/week10_i/processing_system7_0/inst/buffer_fclk_clk_0.FCLK_CLK_0_BUFG/O
                         net (fo=712, routed)         1.509    13.267    u_apb_led/apb_clk
    SLICE_X10Y42         FDCE                                         r  u_apb_led/r_mono_led_reg[4]/C
                         clock pessimism              0.397    13.663    
                         clock uncertainty           -0.154    13.509    
    SLICE_X10Y42         FDCE (Recov_fdce_C_CLR)     -0.527    12.982    u_apb_led/r_mono_led_reg[4]
  -------------------------------------------------------------------
                         required time                         12.982    
                         arrival time                          -6.356    
  -------------------------------------------------------------------
                         slack                                  6.626    

Slack (MET) :             6.626ns  (required time - arrival time)
  Source:                 u_week10_wrapper/week10_i/rst_ps7_0_100M/U0/ACTIVE_LOW_PR_OUT_DFF[0].FDRE_PER_N/C
                            (rising edge-triggered cell FDRE clocked by clk_fpga_0  {rise@0.000ns fall@5.000ns period=10.000ns})
  Destination:            u_apb_led/r_mono_led_reg[5]/CLR
                            (recovery check against rising-edge clock clk_fpga_0  {rise@0.000ns fall@5.000ns period=10.000ns})
  Path Group:             **async_default**
  Path Type:              Recovery (Max at Slow Process Corner)
  Requirement:            10.000ns  (clk_fpga_0 rise@10.000ns - clk_fpga_0 rise@0.000ns)
  Data Path Delay:        2.640ns  (logic 0.606ns (22.953%)  route 2.034ns (77.047%))
  Logic Levels:           1  (LUT1=1)
  Clock Path Skew:        -0.053ns (DCD - SCD + CPR)
    Destination Clock Delay (DCD):    3.267ns = ( 13.267 - 10.000 ) 
    Source Clock Delay      (SCD):    3.716ns
    Clock Pessimism Removal (CPR):    0.397ns
  Clock Uncertainty:      0.154ns  ((TSJ^2 + TIJ^2)^1/2 + DJ) / 2 + PE
    Total System Jitter     (TSJ):    0.071ns
    Total Input Jitter      (TIJ):    0.300ns
    Discrete Jitter          (DJ):    0.000ns
    Phase Error              (PE):    0.000ns

    Location             Delay type                Incr(ns)  Path(ns)    Netlist Resource(s)
  -------------------------------------------------------------------    -------------------
                         (clock clk_fpga_0 rise edge)
                                                      0.000     0.000 r  
    PS7_X0Y0             PS7                          0.000     0.000 r  u_week10_wrapper/week10_i/processing_system7_0/inst/PS7_i/FCLKCLK[0]
                         net (fo=1, routed)           1.938     1.938    u_week10_wrapper/week10_i/processing_system7_0/inst/FCLK_CLK_unbuffered[0]
    BUFGCTRL_X0Y16       BUFG (Prop_bufg_I_O)         0.101     2.039 r  u_week10_wrapper/week10_i/processing_system7_0/inst/buffer_fclk_clk_0.FCLK_CLK_0_BUFG/O
                         net (fo=712, routed)         1.677     3.716    u_week10_wrapper/week10_i/rst_ps7_0_100M/U0/slowest_sync_clk
    SLICE_X15Y40         FDRE                                         r  u_week10_wrapper/week10_i/rst_ps7_0_100M/U0/ACTIVE_LOW_PR_OUT_DFF[0].FDRE_PER_N/C
  -------------------------------------------------------------------    -------------------
    SLICE_X15Y40         FDRE (Prop_fdre_C_Q)         0.456     4.172 r  u_week10_wrapper/week10_i/rst_ps7_0_100M/U0/ACTIVE_LOW_PR_OUT_DFF[0].FDRE_PER_N/Q
                         net (fo=5, routed)           0.466     4.638    u_week10_wrapper/w_apb_rst
    SLICE_X14Y40         LUT1 (Prop_lut1_I0_O)        0.150     4.788 f  u_week10_wrapper/r_mono_led[9]_i_2/O
                         net (fo=26, routed)          1.568     6.356    u_apb_led/r_mono_led_reg[9]_0
    SLICE_X10Y42         FDCE                                         f  u_apb_led/r_mono_led_reg[5]/CLR
  -------------------------------------------------------------------    -------------------

                         (clock clk_fpga_0 rise edge)
                                                     10.000    10.000 r  
    PS7_X0Y0             PS7                          0.000    10.000 r  u_week10_wrapper/week10_i/processing_system7_0/inst/PS7_i/FCLKCLK[0]
                         net (fo=1, routed)           1.666    11.666    u_week10_wrapper/week10_i/processing_system7_0/inst/FCLK_CLK_unbuffered[0]
    BUFGCTRL_X0Y16       BUFG (Prop_bufg_I_O)         0.091    11.757 r  u_week10_wrapper/week10_i/processing_system7_0/inst/buffer_fclk_clk_0.FCLK_CLK_0_BUFG/O
                         net (fo=712, routed)         1.509    13.267    u_apb_led/apb_clk
    SLICE_X10Y42         FDCE                                         r  u_apb_led/r_mono_led_reg[5]/C
                         clock pessimism              0.397    13.663    
                         clock uncertainty           -0.154    13.509    
    SLICE_X10Y42         FDCE (Recov_fdce_C_CLR)     -0.527    12.982    u_apb_led/r_mono_led_reg[5]
  -------------------------------------------------------------------
                         required time                         12.982    
                         arrival time                          -6.356    
  -------------------------------------------------------------------
                         slack                                  6.626    

Slack (MET) :             6.626ns  (required time - arrival time)
  Source:                 u_week10_wrapper/week10_i/rst_ps7_0_100M/U0/ACTIVE_LOW_PR_OUT_DFF[0].FDRE_PER_N/C
                            (rising edge-triggered cell FDRE clocked by clk_fpga_0  {rise@0.000ns fall@5.000ns period=10.000ns})
  Destination:            u_apb_led/r_mono_led_reg[6]/CLR
                            (recovery check against rising-edge clock clk_fpga_0  {rise@0.000ns fall@5.000ns period=10.000ns})
  Path Group:             **async_default**
  Path Type:              Recovery (Max at Slow Process Corner)
  Requirement:            10.000ns  (clk_fpga_0 rise@10.000ns - clk_fpga_0 rise@0.000ns)
  Data Path Delay:        2.640ns  (logic 0.606ns (22.953%)  route 2.034ns (77.047%))
  Logic Levels:           1  (LUT1=1)
  Clock Path Skew:        -0.053ns (DCD - SCD + CPR)
    Destination Clock Delay (DCD):    3.267ns = ( 13.267 - 10.000 ) 
    Source Clock Delay      (SCD):    3.716ns
    Clock Pessimism Removal (CPR):    0.397ns
  Clock Uncertainty:      0.154ns  ((TSJ^2 + TIJ^2)^1/2 + DJ) / 2 + PE
    Total System Jitter     (TSJ):    0.071ns
    Total Input Jitter      (TIJ):    0.300ns
    Discrete Jitter          (DJ):    0.000ns
    Phase Error              (PE):    0.000ns

    Location             Delay type                Incr(ns)  Path(ns)    Netlist Resource(s)
  -------------------------------------------------------------------    -------------------
                         (clock clk_fpga_0 rise edge)
                                                      0.000     0.000 r  
    PS7_X0Y0             PS7                          0.000     0.000 r  u_week10_wrapper/week10_i/processing_system7_0/inst/PS7_i/FCLKCLK[0]
                         net (fo=1, routed)           1.938     1.938    u_week10_wrapper/week10_i/processing_system7_0/inst/FCLK_CLK_unbuffered[0]
    BUFGCTRL_X0Y16       BUFG (Prop_bufg_I_O)         0.101     2.039 r  u_week10_wrapper/week10_i/processing_system7_0/inst/buffer_fclk_clk_0.FCLK_CLK_0_BUFG/O
                         net (fo=712, routed)         1.677     3.716    u_week10_wrapper/week10_i/rst_ps7_0_100M/U0/slowest_sync_clk
    SLICE_X15Y40         FDRE                                         r  u_week10_wrapper/week10_i/rst_ps7_0_100M/U0/ACTIVE_LOW_PR_OUT_DFF[0].FDRE_PER_N/C
  -------------------------------------------------------------------    -------------------
    SLICE_X15Y40         FDRE (Prop_fdre_C_Q)         0.456     4.172 r  u_week10_wrapper/week10_i/rst_ps7_0_100M/U0/ACTIVE_LOW_PR_OUT_DFF[0].FDRE_PER_N/Q
                         net (fo=5, routed)           0.466     4.638    u_week10_wrapper/w_apb_rst
    SLICE_X14Y40         LUT1 (Prop_lut1_I0_O)        0.150     4.788 f  u_week10_wrapper/r_mono_led[9]_i_2/O
                         net (fo=26, routed)          1.568     6.356    u_apb_led/r_mono_led_reg[9]_0
    SLICE_X10Y42         FDCE                                         f  u_apb_led/r_mono_led_reg[6]/CLR
  -------------------------------------------------------------------    -------------------

                         (clock clk_fpga_0 rise edge)
                                                     10.000    10.000 r  
    PS7_X0Y0             PS7                          0.000    10.000 r  u_week10_wrapper/week10_i/processing_system7_0/inst/PS7_i/FCLKCLK[0]
                         net (fo=1, routed)           1.666    11.666    u_week10_wrapper/week10_i/processing_system7_0/inst/FCLK_CLK_unbuffered[0]
    BUFGCTRL_X0Y16       BUFG (Prop_bufg_I_O)         0.091    11.757 r  u_week10_wrapper/week10_i/processing_system7_0/inst/buffer_fclk_clk_0.FCLK_CLK_0_BUFG/O
                         net (fo=712, routed)         1.509    13.267    u_apb_led/apb_clk
    SLICE_X10Y42         FDCE                                         r  u_apb_led/r_mono_led_reg[6]/C
                         clock pessimism              0.397    13.663    
                         clock uncertainty           -0.154    13.509    
    SLICE_X10Y42         FDCE (Recov_fdce_C_CLR)     -0.527    12.982    u_apb_led/r_mono_led_reg[6]
  -------------------------------------------------------------------
                         required time                         12.982    
                         arrival time                          -6.356    
  -------------------------------------------------------------------
                         slack                                  6.626    

Slack (MET) :             6.820ns  (required time - arrival time)
  Source:                 u_week10_wrapper/week10_i/rst_ps7_0_100M/U0/ACTIVE_LOW_PR_OUT_DFF[0].FDRE_PER_N/C
                            (rising edge-triggered cell FDRE clocked by clk_fpga_0  {rise@0.000ns fall@5.000ns period=10.000ns})
  Destination:            u_apb_led/r_mono_led_reg[7]/CLR
                            (recovery check against rising-edge clock clk_fpga_0  {rise@0.000ns fall@5.000ns period=10.000ns})
  Path Group:             **async_default**
  Path Type:              Recovery (Max at Slow Process Corner)
  Requirement:            10.000ns  (clk_fpga_0 rise@10.000ns - clk_fpga_0 rise@0.000ns)
  Data Path Delay:        2.361ns  (logic 0.606ns (25.671%)  route 1.755ns (74.329%))
  Logic Levels:           1  (LUT1=1)
  Clock Path Skew:        -0.052ns (DCD - SCD + CPR)
    Destination Clock Delay (DCD):    3.268ns = ( 13.268 - 10.000 ) 
    Source Clock Delay      (SCD):    3.716ns
    Clock Pessimism Removal (CPR):    0.397ns
  Clock Uncertainty:      0.154ns  ((TSJ^2 + TIJ^2)^1/2 + DJ) / 2 + PE
    Total System Jitter     (TSJ):    0.071ns
    Total Input Jitter      (TIJ):    0.300ns
    Discrete Jitter          (DJ):    0.000ns
    Phase Error              (PE):    0.000ns

    Location             Delay type                Incr(ns)  Path(ns)    Netlist Resource(s)
  -------------------------------------------------------------------    -------------------
                         (clock clk_fpga_0 rise edge)
                                                      0.000     0.000 r  
    PS7_X0Y0             PS7                          0.000     0.000 r  u_week10_wrapper/week10_i/processing_system7_0/inst/PS7_i/FCLKCLK[0]
                         net (fo=1, routed)           1.938     1.938    u_week10_wrapper/week10_i/processing_system7_0/inst/FCLK_CLK_unbuffered[0]
    BUFGCTRL_X0Y16       BUFG (Prop_bufg_I_O)         0.101     2.039 r  u_week10_wrapper/week10_i/processing_system7_0/inst/buffer_fclk_clk_0.FCLK_CLK_0_BUFG/O
                         net (fo=712, routed)         1.677     3.716    u_week10_wrapper/week10_i/rst_ps7_0_100M/U0/slowest_sync_clk
    SLICE_X15Y40         FDRE                                         r  u_week10_wrapper/week10_i/rst_ps7_0_100M/U0/ACTIVE_LOW_PR_OUT_DFF[0].FDRE_PER_N/C
  -------------------------------------------------------------------    -------------------
    SLICE_X15Y40         FDRE (Prop_fdre_C_Q)         0.456     4.172 r  u_week10_wrapper/week10_i/rst_ps7_0_100M/U0/ACTIVE_LOW_PR_OUT_DFF[0].FDRE_PER_N/Q
                         net (fo=5, routed)           0.466     4.638    u_week10_wrapper/w_apb_rst
    SLICE_X14Y40         LUT1 (Prop_lut1_I0_O)        0.150     4.788 f  u_week10_wrapper/r_mono_led[9]_i_2/O
                         net (fo=26, routed)          1.289     6.077    u_apb_led/r_mono_led_reg[9]_0
    SLICE_X11Y43         FDCE                                         f  u_apb_led/r_mono_led_reg[7]/CLR
  -------------------------------------------------------------------    -------------------

                         (clock clk_fpga_0 rise edge)
                                                     10.000    10.000 r  
    PS7_X0Y0             PS7                          0.000    10.000 r  u_week10_wrapper/week10_i/processing_system7_0/inst/PS7_i/FCLKCLK[0]
                         net (fo=1, routed)           1.666    11.666    u_week10_wrapper/week10_i/processing_system7_0/inst/FCLK_CLK_unbuffered[0]
    BUFGCTRL_X0Y16       BUFG (Prop_bufg_I_O)         0.091    11.757 r  u_week10_wrapper/week10_i/processing_system7_0/inst/buffer_fclk_clk_0.FCLK_CLK_0_BUFG/O
                         net (fo=712, routed)         1.510    13.268    u_apb_led/apb_clk
    SLICE_X11Y43         FDCE                                         r  u_apb_led/r_mono_led_reg[7]/C
                         clock pessimism              0.397    13.664    
                         clock uncertainty           -0.154    13.510    
    SLICE_X11Y43         FDCE (Recov_fdce_C_CLR)     -0.613    12.897    u_apb_led/r_mono_led_reg[7]
  -------------------------------------------------------------------
                         required time                         12.897    
                         arrival time                          -6.077    
  -------------------------------------------------------------------
                         slack                                  6.820    

Slack (MET) :             6.906ns  (required time - arrival time)
  Source:                 u_week10_wrapper/week10_i/rst_ps7_0_100M/U0/ACTIVE_LOW_PR_OUT_DFF[0].FDRE_PER_N/C
                            (rising edge-triggered cell FDRE clocked by clk_fpga_0  {rise@0.000ns fall@5.000ns period=10.000ns})
  Destination:            u_apb_led/r_mono_led_reg[8]/CLR
                            (recovery check against rising-edge clock clk_fpga_0  {rise@0.000ns fall@5.000ns period=10.000ns})
  Path Group:             **async_default**
  Path Type:              Recovery (Max at Slow Process Corner)
  Requirement:            10.000ns  (clk_fpga_0 rise@10.000ns - clk_fpga_0 rise@0.000ns)
  Data Path Delay:        2.361ns  (logic 0.606ns (25.671%)  route 1.755ns (74.329%))
  Logic Levels:           1  (LUT1=1)
  Clock Path Skew:        -0.052ns (DCD - SCD + CPR)
    Destination Clock Delay (DCD):    3.268ns = ( 13.268 - 10.000 ) 
    Source Clock Delay      (SCD):    3.716ns
    Clock Pessimism Removal (CPR):    0.397ns
  Clock Uncertainty:      0.154ns  ((TSJ^2 + TIJ^2)^1/2 + DJ) / 2 + PE
    Total System Jitter     (TSJ):    0.071ns
    Total Input Jitter      (TIJ):    0.300ns
    Discrete Jitter          (DJ):    0.000ns
    Phase Error              (PE):    0.000ns

    Location             Delay type                Incr(ns)  Path(ns)    Netlist Resource(s)
  -------------------------------------------------------------------    -------------------
                         (clock clk_fpga_0 rise edge)
                                                      0.000     0.000 r  
    PS7_X0Y0             PS7                          0.000     0.000 r  u_week10_wrapper/week10_i/processing_system7_0/inst/PS7_i/FCLKCLK[0]
                         net (fo=1, routed)           1.938     1.938    u_week10_wrapper/week10_i/processing_system7_0/inst/FCLK_CLK_unbuffered[0]
    BUFGCTRL_X0Y16       BUFG (Prop_bufg_I_O)         0.101     2.039 r  u_week10_wrapper/week10_i/processing_system7_0/inst/buffer_fclk_clk_0.FCLK_CLK_0_BUFG/O
                         net (fo=712, routed)         1.677     3.716    u_week10_wrapper/week10_i/rst_ps7_0_100M/U0/slowest_sync_clk
    SLICE_X15Y40         FDRE                                         r  u_week10_wrapper/week10_i/rst_ps7_0_100M/U0/ACTIVE_LOW_PR_OUT_DFF[0].FDRE_PER_N/C
  -------------------------------------------------------------------    -------------------
    SLICE_X15Y40         FDRE (Prop_fdre_C_Q)         0.456     4.172 r  u_week10_wrapper/week10_i/rst_ps7_0_100M/U0/ACTIVE_LOW_PR_OUT_DFF[0].FDRE_PER_N/Q
                         net (fo=5, routed)           0.466     4.638    u_week10_wrapper/w_apb_rst
    SLICE_X14Y40         LUT1 (Prop_lut1_I0_O)        0.150     4.788 f  u_week10_wrapper/r_mono_led[9]_i_2/O
                         net (fo=26, routed)          1.289     6.077    u_apb_led/r_mono_led_reg[9]_0
    SLICE_X10Y43         FDCE                                         f  u_apb_led/r_mono_led_reg[8]/CLR
  -------------------------------------------------------------------    -------------------

                         (clock clk_fpga_0 rise edge)
                                                     10.000    10.000 r  
    PS7_X0Y0             PS7                          0.000    10.000 r  u_week10_wrapper/week10_i/processing_system7_0/inst/PS7_i/FCLKCLK[0]
                         net (fo=1, routed)           1.666    11.666    u_week10_wrapper/week10_i/processing_system7_0/inst/FCLK_CLK_unbuffered[0]
    BUFGCTRL_X0Y16       BUFG (Prop_bufg_I_O)         0.091    11.757 r  u_week10_wrapper/week10_i/processing_system7_0/inst/buffer_fclk_clk_0.FCLK_CLK_0_BUFG/O
                         net (fo=712, routed)         1.510    13.268    u_apb_led/apb_clk
    SLICE_X10Y43         FDCE                                         r  u_apb_led/r_mono_led_reg[8]/C
                         clock pessimism              0.397    13.664    
                         clock uncertainty           -0.154    13.510    
    SLICE_X10Y43         FDCE (Recov_fdce_C_CLR)     -0.527    12.983    u_apb_led/r_mono_led_reg[8]
  -------------------------------------------------------------------
                         required time                         12.983    
                         arrival time                          -6.077    
  -------------------------------------------------------------------
                         slack                                  6.906    

Slack (MET) :             6.906ns  (required time - arrival time)
  Source:                 u_week10_wrapper/week10_i/rst_ps7_0_100M/U0/ACTIVE_LOW_PR_OUT_DFF[0].FDRE_PER_N/C
                            (rising edge-triggered cell FDRE clocked by clk_fpga_0  {rise@0.000ns fall@5.000ns period=10.000ns})
  Destination:            u_apb_led/r_mono_led_reg[9]/CLR
                            (recovery check against rising-edge clock clk_fpga_0  {rise@0.000ns fall@5.000ns period=10.000ns})
  Path Group:             **async_default**
  Path Type:              Recovery (Max at Slow Process Corner)
  Requirement:            10.000ns  (clk_fpga_0 rise@10.000ns - clk_fpga_0 rise@0.000ns)
  Data Path Delay:        2.361ns  (logic 0.606ns (25.671%)  route 1.755ns (74.329%))
  Logic Levels:           1  (LUT1=1)
  Clock Path Skew:        -0.052ns (DCD - SCD + CPR)
    Destination Clock Delay (DCD):    3.268ns = ( 13.268 - 10.000 ) 
    Source Clock Delay      (SCD):    3.716ns
    Clock Pessimism Removal (CPR):    0.397ns
  Clock Uncertainty:      0.154ns  ((TSJ^2 + TIJ^2)^1/2 + DJ) / 2 + PE
    Total System Jitter     (TSJ):    0.071ns
    Total Input Jitter      (TIJ):    0.300ns
    Discrete Jitter          (DJ):    0.000ns
    Phase Error              (PE):    0.000ns

    Location             Delay type                Incr(ns)  Path(ns)    Netlist Resource(s)
  -------------------------------------------------------------------    -------------------
                         (clock clk_fpga_0 rise edge)
                                                      0.000     0.000 r  
    PS7_X0Y0             PS7                          0.000     0.000 r  u_week10_wrapper/week10_i/processing_system7_0/inst/PS7_i/FCLKCLK[0]
                         net (fo=1, routed)           1.938     1.938    u_week10_wrapper/week10_i/processing_system7_0/inst/FCLK_CLK_unbuffered[0]
    BUFGCTRL_X0Y16       BUFG (Prop_bufg_I_O)         0.101     2.039 r  u_week10_wrapper/week10_i/processing_system7_0/inst/buffer_fclk_clk_0.FCLK_CLK_0_BUFG/O
                         net (fo=712, routed)         1.677     3.716    u_week10_wrapper/week10_i/rst_ps7_0_100M/U0/slowest_sync_clk
    SLICE_X15Y40         FDRE                                         r  u_week10_wrapper/week10_i/rst_ps7_0_100M/U0/ACTIVE_LOW_PR_OUT_DFF[0].FDRE_PER_N/C
  -------------------------------------------------------------------    -------------------
    SLICE_X15Y40         FDRE (Prop_fdre_C_Q)         0.456     4.172 r  u_week10_wrapper/week10_i/rst_ps7_0_100M/U0/ACTIVE_LOW_PR_OUT_DFF[0].FDRE_PER_N/Q
                         net (fo=5, routed)           0.466     4.638    u_week10_wrapper/w_apb_rst
    SLICE_X14Y40         LUT1 (Prop_lut1_I0_O)        0.150     4.788 f  u_week10_wrapper/r_mono_led[9]_i_2/O
                         net (fo=26, routed)          1.289     6.077    u_apb_led/r_mono_led_reg[9]_0
    SLICE_X10Y43         FDCE                                         f  u_apb_led/r_mono_led_reg[9]/CLR
  -------------------------------------------------------------------    -------------------

                         (clock clk_fpga_0 rise edge)
                                                     10.000    10.000 r  
    PS7_X0Y0             PS7                          0.000    10.000 r  u_week10_wrapper/week10_i/processing_system7_0/inst/PS7_i/FCLKCLK[0]
                         net (fo=1, routed)           1.666    11.666    u_week10_wrapper/week10_i/processing_system7_0/inst/FCLK_CLK_unbuffered[0]
    BUFGCTRL_X0Y16       BUFG (Prop_bufg_I_O)         0.091    11.757 r  u_week10_wrapper/week10_i/processing_system7_0/inst/buffer_fclk_clk_0.FCLK_CLK_0_BUFG/O
                         net (fo=712, routed)         1.510    13.268    u_apb_led/apb_clk
    SLICE_X10Y43         FDCE                                         r  u_apb_led/r_mono_led_reg[9]/C
                         clock pessimism              0.397    13.664    
                         clock uncertainty           -0.154    13.510    
    SLICE_X10Y43         FDCE (Recov_fdce_C_CLR)     -0.527    12.983    u_apb_led/r_mono_led_reg[9]
  -------------------------------------------------------------------
                         required time                         12.983    
                         arrival time                          -6.077    
  -------------------------------------------------------------------
                         slack                                  6.906    

Slack (MET) :             7.135ns  (required time - arrival time)
  Source:                 u_week10_wrapper/week10_i/rst_ps7_0_100M/U0/ACTIVE_LOW_PR_OUT_DFF[0].FDRE_PER_N/C
                            (rising edge-triggered cell FDRE clocked by clk_fpga_0  {rise@0.000ns fall@5.000ns period=10.000ns})
  Destination:            u_apb_led/r_mono_led_reg[5]_lopt_replica/CLR
                            (recovery check against rising-edge clock clk_fpga_0  {rise@0.000ns fall@5.000ns period=10.000ns})
  Path Group:             **async_default**
  Path Type:              Recovery (Max at Slow Process Corner)
  Requirement:            10.000ns  (clk_fpga_0 rise@10.000ns - clk_fpga_0 rise@0.000ns)
  Data Path Delay:        2.046ns  (logic 0.606ns (29.621%)  route 1.440ns (70.379%))
  Logic Levels:           1  (LUT1=1)
  Clock Path Skew:        -0.052ns (DCD - SCD + CPR)
    Destination Clock Delay (DCD):    3.268ns = ( 13.268 - 10.000 ) 
    Source Clock Delay      (SCD):    3.716ns
    Clock Pessimism Removal (CPR):    0.397ns
  Clock Uncertainty:      0.154ns  ((TSJ^2 + TIJ^2)^1/2 + DJ) / 2 + PE
    Total System Jitter     (TSJ):    0.071ns
    Total Input Jitter      (TIJ):    0.300ns
    Discrete Jitter          (DJ):    0.000ns
    Phase Error              (PE):    0.000ns

    Location             Delay type                Incr(ns)  Path(ns)    Netlist Resource(s)
  -------------------------------------------------------------------    -------------------
                         (clock clk_fpga_0 rise edge)
                                                      0.000     0.000 r  
    PS7_X0Y0             PS7                          0.000     0.000 r  u_week10_wrapper/week10_i/processing_system7_0/inst/PS7_i/FCLKCLK[0]
                         net (fo=1, routed)           1.938     1.938    u_week10_wrapper/week10_i/processing_system7_0/inst/FCLK_CLK_unbuffered[0]
    BUFGCTRL_X0Y16       BUFG (Prop_bufg_I_O)         0.101     2.039 r  u_week10_wrapper/week10_i/processing_system7_0/inst/buffer_fclk_clk_0.FCLK_CLK_0_BUFG/O
                         net (fo=712, routed)         1.677     3.716    u_week10_wrapper/week10_i/rst_ps7_0_100M/U0/slowest_sync_clk
    SLICE_X15Y40         FDRE                                         r  u_week10_wrapper/week10_i/rst_ps7_0_100M/U0/ACTIVE_LOW_PR_OUT_DFF[0].FDRE_PER_N/C
  -------------------------------------------------------------------    -------------------
    SLICE_X15Y40         FDRE (Prop_fdre_C_Q)         0.456     4.172 r  u_week10_wrapper/week10_i/rst_ps7_0_100M/U0/ACTIVE_LOW_PR_OUT_DFF[0].FDRE_PER_N/Q
                         net (fo=5, routed)           0.466     4.638    u_week10_wrapper/w_apb_rst
    SLICE_X14Y40         LUT1 (Prop_lut1_I0_O)        0.150     4.788 f  u_week10_wrapper/r_mono_led[9]_i_2/O
                         net (fo=26, routed)          0.974     5.762    u_apb_led/r_mono_led_reg[9]_0
    SLICE_X13Y43         FDCE                                         f  u_apb_led/r_mono_led_reg[5]_lopt_replica/CLR
  -------------------------------------------------------------------    -------------------

                         (clock clk_fpga_0 rise edge)
                                                     10.000    10.000 r  
    PS7_X0Y0             PS7                          0.000    10.000 r  u_week10_wrapper/week10_i/processing_system7_0/inst/PS7_i/FCLKCLK[0]
                         net (fo=1, routed)           1.666    11.666    u_week10_wrapper/week10_i/processing_system7_0/inst/FCLK_CLK_unbuffered[0]
    BUFGCTRL_X0Y16       BUFG (Prop_bufg_I_O)         0.091    11.757 r  u_week10_wrapper/week10_i/processing_system7_0/inst/buffer_fclk_clk_0.FCLK_CLK_0_BUFG/O
                         net (fo=712, routed)         1.510    13.268    u_apb_led/apb_clk
    SLICE_X13Y43         FDCE                                         r  u_apb_led/r_mono_led_reg[5]_lopt_replica/C
                         clock pessimism              0.397    13.664    
                         clock uncertainty           -0.154    13.510    
    SLICE_X13Y43         FDCE (Recov_fdce_C_CLR)     -0.613    12.897    u_apb_led/r_mono_led_reg[5]_lopt_replica
  -------------------------------------------------------------------
                         required time                         12.897    
                         arrival time                          -5.762    
  -------------------------------------------------------------------
                         slack                                  7.135    

Slack (MET) :             7.170ns  (required time - arrival time)
  Source:                 u_week10_wrapper/week10_i/rst_ps7_0_100M/U0/ACTIVE_LOW_PR_OUT_DFF[0].FDRE_PER_N/C
                            (rising edge-triggered cell FDRE clocked by clk_fpga_0  {rise@0.000ns fall@5.000ns period=10.000ns})
  Destination:            u_apb_led/r_mono_led_reg[7]_lopt_replica/CLR
                            (recovery check against rising-edge clock clk_fpga_0  {rise@0.000ns fall@5.000ns period=10.000ns})
  Path Group:             **async_default**
  Path Type:              Recovery (Max at Slow Process Corner)
  Requirement:            10.000ns  (clk_fpga_0 rise@10.000ns - clk_fpga_0 rise@0.000ns)
  Data Path Delay:        2.010ns  (logic 0.606ns (30.154%)  route 1.404ns (69.846%))
  Logic Levels:           1  (LUT1=1)
  Clock Path Skew:        -0.053ns (DCD - SCD + CPR)
    Destination Clock Delay (DCD):    3.267ns = ( 13.267 - 10.000 ) 
    Source Clock Delay      (SCD):    3.716ns
    Clock Pessimism Removal (CPR):    0.397ns
  Clock Uncertainty:      0.154ns  ((TSJ^2 + TIJ^2)^1/2 + DJ) / 2 + PE
    Total System Jitter     (TSJ):    0.071ns
    Total Input Jitter      (TIJ):    0.300ns
    Discrete Jitter          (DJ):    0.000ns
    Phase Error              (PE):    0.000ns

    Location             Delay type                Incr(ns)  Path(ns)    Netlist Resource(s)
  -------------------------------------------------------------------    -------------------
                         (clock clk_fpga_0 rise edge)
                                                      0.000     0.000 r  
    PS7_X0Y0             PS7                          0.000     0.000 r  u_week10_wrapper/week10_i/processing_system7_0/inst/PS7_i/FCLKCLK[0]
                         net (fo=1, routed)           1.938     1.938    u_week10_wrapper/week10_i/processing_system7_0/inst/FCLK_CLK_unbuffered[0]
    BUFGCTRL_X0Y16       BUFG (Prop_bufg_I_O)         0.101     2.039 r  u_week10_wrapper/week10_i/processing_system7_0/inst/buffer_fclk_clk_0.FCLK_CLK_0_BUFG/O
                         net (fo=712, routed)         1.677     3.716    u_week10_wrapper/week10_i/rst_ps7_0_100M/U0/slowest_sync_clk
    SLICE_X15Y40         FDRE                                         r  u_week10_wrapper/week10_i/rst_ps7_0_100M/U0/ACTIVE_LOW_PR_OUT_DFF[0].FDRE_PER_N/C
  -------------------------------------------------------------------    -------------------
    SLICE_X15Y40         FDRE (Prop_fdre_C_Q)         0.456     4.172 r  u_week10_wrapper/week10_i/rst_ps7_0_100M/U0/ACTIVE_LOW_PR_OUT_DFF[0].FDRE_PER_N/Q
                         net (fo=5, routed)           0.466     4.638    u_week10_wrapper/w_apb_rst
    SLICE_X14Y40         LUT1 (Prop_lut1_I0_O)        0.150     4.788 f  u_week10_wrapper/r_mono_led[9]_i_2/O
                         net (fo=26, routed)          0.938     5.726    u_apb_led/r_mono_led_reg[9]_0
    SLICE_X13Y42         FDCE                                         f  u_apb_led/r_mono_led_reg[7]_lopt_replica/CLR
  -------------------------------------------------------------------    -------------------

                         (clock clk_fpga_0 rise edge)
                                                     10.000    10.000 r  
    PS7_X0Y0             PS7                          0.000    10.000 r  u_week10_wrapper/week10_i/processing_system7_0/inst/PS7_i/FCLKCLK[0]
                         net (fo=1, routed)           1.666    11.666    u_week10_wrapper/week10_i/processing_system7_0/inst/FCLK_CLK_unbuffered[0]
    BUFGCTRL_X0Y16       BUFG (Prop_bufg_I_O)         0.091    11.757 r  u_week10_wrapper/week10_i/processing_system7_0/inst/buffer_fclk_clk_0.FCLK_CLK_0_BUFG/O
                         net (fo=712, routed)         1.509    13.267    u_apb_led/apb_clk
    SLICE_X13Y42         FDCE                                         r  u_apb_led/r_mono_led_reg[7]_lopt_replica/C
                         clock pessimism              0.397    13.663    
                         clock uncertainty           -0.154    13.509    
    SLICE_X13Y42         FDCE (Recov_fdce_C_CLR)     -0.613    12.896    u_apb_led/r_mono_led_reg[7]_lopt_replica
  -------------------------------------------------------------------
                         required time                         12.896    
                         arrival time                          -5.726    
  -------------------------------------------------------------------
                         slack                                  7.170    

Slack (MET) :             7.221ns  (required time - arrival time)
  Source:                 u_week10_wrapper/week10_i/rst_ps7_0_100M/U0/ACTIVE_LOW_PR_OUT_DFF[0].FDRE_PER_N/C
                            (rising edge-triggered cell FDRE clocked by clk_fpga_0  {rise@0.000ns fall@5.000ns period=10.000ns})
  Destination:            u_apb_led/r_mono_led_reg[4]_lopt_replica/CLR
                            (recovery check against rising-edge clock clk_fpga_0  {rise@0.000ns fall@5.000ns period=10.000ns})
  Path Group:             **async_default**
  Path Type:              Recovery (Max at Slow Process Corner)
  Requirement:            10.000ns  (clk_fpga_0 rise@10.000ns - clk_fpga_0 rise@0.000ns)
  Data Path Delay:        2.045ns  (logic 0.606ns (29.635%)  route 1.439ns (70.365%))
  Logic Levels:           1  (LUT1=1)
  Clock Path Skew:        -0.053ns (DCD - SCD + CPR)
    Destination Clock Delay (DCD):    3.267ns = ( 13.267 - 10.000 ) 
    Source Clock Delay      (SCD):    3.716ns
    Clock Pessimism Removal (CPR):    0.397ns
  Clock Uncertainty:      0.154ns  ((TSJ^2 + TIJ^2)^1/2 + DJ) / 2 + PE
    Total System Jitter     (TSJ):    0.071ns
    Total Input Jitter      (TIJ):    0.300ns
    Discrete Jitter          (DJ):    0.000ns
    Phase Error              (PE):    0.000ns

    Location             Delay type                Incr(ns)  Path(ns)    Netlist Resource(s)
  -------------------------------------------------------------------    -------------------
                         (clock clk_fpga_0 rise edge)
                                                      0.000     0.000 r  
    PS7_X0Y0             PS7                          0.000     0.000 r  u_week10_wrapper/week10_i/processing_system7_0/inst/PS7_i/FCLKCLK[0]
                         net (fo=1, routed)           1.938     1.938    u_week10_wrapper/week10_i/processing_system7_0/inst/FCLK_CLK_unbuffered[0]
    BUFGCTRL_X0Y16       BUFG (Prop_bufg_I_O)         0.101     2.039 r  u_week10_wrapper/week10_i/processing_system7_0/inst/buffer_fclk_clk_0.FCLK_CLK_0_BUFG/O
                         net (fo=712, routed)         1.677     3.716    u_week10_wrapper/week10_i/rst_ps7_0_100M/U0/slowest_sync_clk
    SLICE_X15Y40         FDRE                                         r  u_week10_wrapper/week10_i/rst_ps7_0_100M/U0/ACTIVE_LOW_PR_OUT_DFF[0].FDRE_PER_N/C
  -------------------------------------------------------------------    -------------------
    SLICE_X15Y40         FDRE (Prop_fdre_C_Q)         0.456     4.172 r  u_week10_wrapper/week10_i/rst_ps7_0_100M/U0/ACTIVE_LOW_PR_OUT_DFF[0].FDRE_PER_N/Q
                         net (fo=5, routed)           0.466     4.638    u_week10_wrapper/w_apb_rst
    SLICE_X14Y40         LUT1 (Prop_lut1_I0_O)        0.150     4.788 f  u_week10_wrapper/r_mono_led[9]_i_2/O
                         net (fo=26, routed)          0.973     5.761    u_apb_led/r_mono_led_reg[9]_0
    SLICE_X12Y41         FDCE                                         f  u_apb_led/r_mono_led_reg[4]_lopt_replica/CLR
  -------------------------------------------------------------------    -------------------

                         (clock clk_fpga_0 rise edge)
                                                     10.000    10.000 r  
    PS7_X0Y0             PS7                          0.000    10.000 r  u_week10_wrapper/week10_i/processing_system7_0/inst/PS7_i/FCLKCLK[0]
                         net (fo=1, routed)           1.666    11.666    u_week10_wrapper/week10_i/processing_system7_0/inst/FCLK_CLK_unbuffered[0]
    BUFGCTRL_X0Y16       BUFG (Prop_bufg_I_O)         0.091    11.757 r  u_week10_wrapper/week10_i/processing_system7_0/inst/buffer_fclk_clk_0.FCLK_CLK_0_BUFG/O
                         net (fo=712, routed)         1.509    13.267    u_apb_led/apb_clk
    SLICE_X12Y41         FDCE                                         r  u_apb_led/r_mono_led_reg[4]_lopt_replica/C
                         clock pessimism              0.397    13.663    
                         clock uncertainty           -0.154    13.509    
    SLICE_X12Y41         FDCE (Recov_fdce_C_CLR)     -0.527    12.982    u_apb_led/r_mono_led_reg[4]_lopt_replica
  -------------------------------------------------------------------
                         required time                         12.982    
                         arrival time                          -5.761    
  -------------------------------------------------------------------
                         slack                                  7.221    





Min Delay Paths
--------------------------------------------------------------------------------------
Slack (MET) :             0.715ns  (arrival time - required time)
  Source:                 u_week10_wrapper/week10_i/rst_ps7_0_100M/U0/ACTIVE_LOW_PR_OUT_DFF[0].FDRE_PER_N/C
                            (rising edge-triggered cell FDRE clocked by clk_fpga_0  {rise@0.000ns fall@5.000ns period=10.000ns})
  Destination:            u_apb_led/r_mono_led_reg[2]_lopt_replica/CLR
                            (removal check against rising-edge clock clk_fpga_0  {rise@0.000ns fall@5.000ns period=10.000ns})
  Path Group:             **async_default**
  Path Type:              Removal (Min at Fast Process Corner)
  Requirement:            0.000ns  (clk_fpga_0 rise@0.000ns - clk_fpga_0 rise@0.000ns)
  Data Path Delay:        0.572ns  (logic 0.186ns (32.543%)  route 0.386ns (67.457%))
  Logic Levels:           1  (LUT1=1)
  Clock Path Skew:        0.016ns (DCD - SCD - CPR)
    Destination Clock Delay (DCD):    1.780ns
    Source Clock Delay      (SCD):    1.394ns
    Clock Pessimism Removal (CPR):    0.370ns

    Location             Delay type                Incr(ns)  Path(ns)    Netlist Resource(s)
  -------------------------------------------------------------------    -------------------
                         (clock clk_fpga_0 rise edge)
                                                      0.000     0.000 r  
    PS7_X0Y0             PS7                          0.000     0.000 r  u_week10_wrapper/week10_i/processing_system7_0/inst/PS7_i/FCLKCLK[0]
                         net (fo=1, routed)           0.804     0.804    u_week10_wrapper/week10_i/processing_system7_0/inst/FCLK_CLK_unbuffered[0]
    BUFGCTRL_X0Y16       BUFG (Prop_bufg_I_O)         0.026     0.830 r  u_week10_wrapper/week10_i/processing_system7_0/inst/buffer_fclk_clk_0.FCLK_CLK_0_BUFG/O
                         net (fo=712, routed)         0.564     1.394    u_week10_wrapper/week10_i/rst_ps7_0_100M/U0/slowest_sync_clk
    SLICE_X15Y40         FDRE                                         r  u_week10_wrapper/week10_i/rst_ps7_0_100M/U0/ACTIVE_LOW_PR_OUT_DFF[0].FDRE_PER_N/C
  -------------------------------------------------------------------    -------------------
    SLICE_X15Y40         FDRE (Prop_fdre_C_Q)         0.141     1.535 r  u_week10_wrapper/week10_i/rst_ps7_0_100M/U0/ACTIVE_LOW_PR_OUT_DFF[0].FDRE_PER_N/Q
                         net (fo=5, routed)           0.170     1.705    u_week10_wrapper/w_apb_rst
    SLICE_X14Y40         LUT1 (Prop_lut1_I0_O)        0.045     1.750 f  u_week10_wrapper/r_mono_led[9]_i_2/O
                         net (fo=26, routed)          0.215     1.965    u_apb_led/r_mono_led_reg[9]_0
    SLICE_X15Y41         FDCE                                         f  u_apb_led/r_mono_led_reg[2]_lopt_replica/CLR
  -------------------------------------------------------------------    -------------------

                         (clock clk_fpga_0 rise edge)
                                                      0.000     0.000 r  
    PS7_X0Y0             PS7                          0.000     0.000 r  u_week10_wrapper/week10_i/processing_system7_0/inst/PS7_i/FCLKCLK[0]
                         net (fo=1, routed)           0.919     0.919    u_week10_wrapper/week10_i/processing_system7_0/inst/FCLK_CLK_unbuffered[0]
    BUFGCTRL_X0Y16       BUFG (Prop_bufg_I_O)         0.029     0.948 r  u_week10_wrapper/week10_i/processing_system7_0/inst/buffer_fclk_clk_0.FCLK_CLK_0_BUFG/O
                         net (fo=712, routed)         0.832     1.780    u_apb_led/apb_clk
    SLICE_X15Y41         FDCE                                         r  u_apb_led/r_mono_led_reg[2]_lopt_replica/C
                         clock pessimism             -0.370     1.410    
    SLICE_X15Y41         FDCE (Remov_fdce_C_CLR)     -0.159     1.251    u_apb_led/r_mono_led_reg[2]_lopt_replica
  -------------------------------------------------------------------
                         required time                         -1.251    
                         arrival time                           1.965    
  -------------------------------------------------------------------
                         slack                                  0.715    

Slack (MET) :             0.723ns  (arrival time - required time)
  Source:                 u_week10_wrapper/week10_i/rst_ps7_0_100M/U0/ACTIVE_LOW_PR_OUT_DFF[0].FDRE_PER_N/C
                            (rising edge-triggered cell FDRE clocked by clk_fpga_0  {rise@0.000ns fall@5.000ns period=10.000ns})
  Destination:            u_apb_led/r_mono_led_reg[0]/CLR
                            (removal check against rising-edge clock clk_fpga_0  {rise@0.000ns fall@5.000ns period=10.000ns})
  Path Group:             **async_default**
  Path Type:              Removal (Min at Fast Process Corner)
  Requirement:            0.000ns  (clk_fpga_0 rise@0.000ns - clk_fpga_0 rise@0.000ns)
  Data Path Delay:        0.579ns  (logic 0.186ns (32.126%)  route 0.393ns (67.874%))
  Logic Levels:           1  (LUT1=1)
  Clock Path Skew:        0.015ns (DCD - SCD - CPR)
    Destination Clock Delay (DCD):    1.779ns
    Source Clock Delay      (SCD):    1.394ns
    Clock Pessimism Removal (CPR):    0.370ns

    Location             Delay type                Incr(ns)  Path(ns)    Netlist Resource(s)
  -------------------------------------------------------------------    -------------------
                         (clock clk_fpga_0 rise edge)
                                                      0.000     0.000 r  
    PS7_X0Y0             PS7                          0.000     0.000 r  u_week10_wrapper/week10_i/processing_system7_0/inst/PS7_i/FCLKCLK[0]
                         net (fo=1, routed)           0.804     0.804    u_week10_wrapper/week10_i/processing_system7_0/inst/FCLK_CLK_unbuffered[0]
    BUFGCTRL_X0Y16       BUFG (Prop_bufg_I_O)         0.026     0.830 r  u_week10_wrapper/week10_i/processing_system7_0/inst/buffer_fclk_clk_0.FCLK_CLK_0_BUFG/O
                         net (fo=712, routed)         0.564     1.394    u_week10_wrapper/week10_i/rst_ps7_0_100M/U0/slowest_sync_clk
    SLICE_X15Y40         FDRE                                         r  u_week10_wrapper/week10_i/rst_ps7_0_100M/U0/ACTIVE_LOW_PR_OUT_DFF[0].FDRE_PER_N/C
  -------------------------------------------------------------------    -------------------
    SLICE_X15Y40         FDRE (Prop_fdre_C_Q)         0.141     1.535 r  u_week10_wrapper/week10_i/rst_ps7_0_100M/U0/ACTIVE_LOW_PR_OUT_DFF[0].FDRE_PER_N/Q
                         net (fo=5, routed)           0.170     1.705    u_week10_wrapper/w_apb_rst
    SLICE_X14Y40         LUT1 (Prop_lut1_I0_O)        0.045     1.750 f  u_week10_wrapper/r_mono_led[9]_i_2/O
                         net (fo=26, routed)          0.223     1.973    u_apb_led/r_mono_led_reg[9]_0
    SLICE_X15Y39         FDCE                                         f  u_apb_led/r_mono_led_reg[0]/CLR
  -------------------------------------------------------------------    -------------------

                         (clock clk_fpga_0 rise edge)
                                                      0.000     0.000 r  
    PS7_X0Y0             PS7                          0.000     0.000 r  u_week10_wrapper/week10_i/processing_system7_0/inst/PS7_i/FCLKCLK[0]
                         net (fo=1, routed)           0.919     0.919    u_week10_wrapper/week10_i/processing_system7_0/inst/FCLK_CLK_unbuffered[0]
    BUFGCTRL_X0Y16       BUFG (Prop_bufg_I_O)         0.029     0.948 r  u_week10_wrapper/week10_i/processing_system7_0/inst/buffer_fclk_clk_0.FCLK_CLK_0_BUFG/O
                         net (fo=712, routed)         0.831     1.779    u_apb_led/apb_clk
    SLICE_X15Y39         FDCE                                         r  u_apb_led/r_mono_led_reg[0]/C
                         clock pessimism             -0.370     1.409    
    SLICE_X15Y39         FDCE (Remov_fdce_C_CLR)     -0.159     1.250    u_apb_led/r_mono_led_reg[0]
  -------------------------------------------------------------------
                         required time                         -1.250    
                         arrival time                           1.973    
  -------------------------------------------------------------------
                         slack                                  0.723    

Slack (MET) :             0.723ns  (arrival time - required time)
  Source:                 u_week10_wrapper/week10_i/rst_ps7_0_100M/U0/ACTIVE_LOW_PR_OUT_DFF[0].FDRE_PER_N/C
                            (rising edge-triggered cell FDRE clocked by clk_fpga_0  {rise@0.000ns fall@5.000ns period=10.000ns})
  Destination:            u_apb_led/r_mono_led_reg[0]_lopt_replica/CLR
                            (removal check against rising-edge clock clk_fpga_0  {rise@0.000ns fall@5.000ns period=10.000ns})
  Path Group:             **async_default**
  Path Type:              Removal (Min at Fast Process Corner)
  Requirement:            0.000ns  (clk_fpga_0 rise@0.000ns - clk_fpga_0 rise@0.000ns)
  Data Path Delay:        0.579ns  (logic 0.186ns (32.126%)  route 0.393ns (67.874%))
  Logic Levels:           1  (LUT1=1)
  Clock Path Skew:        0.015ns (DCD - SCD - CPR)
    Destination Clock Delay (DCD):    1.779ns
    Source Clock Delay      (SCD):    1.394ns
    Clock Pessimism Removal (CPR):    0.370ns

    Location             Delay type                Incr(ns)  Path(ns)    Netlist Resource(s)
  -------------------------------------------------------------------    -------------------
                         (clock clk_fpga_0 rise edge)
                                                      0.000     0.000 r  
    PS7_X0Y0             PS7                          0.000     0.000 r  u_week10_wrapper/week10_i/processing_system7_0/inst/PS7_i/FCLKCLK[0]
                         net (fo=1, routed)           0.804     0.804    u_week10_wrapper/week10_i/processing_system7_0/inst/FCLK_CLK_unbuffered[0]
    BUFGCTRL_X0Y16       BUFG (Prop_bufg_I_O)         0.026     0.830 r  u_week10_wrapper/week10_i/processing_system7_0/inst/buffer_fclk_clk_0.FCLK_CLK_0_BUFG/O
                         net (fo=712, routed)         0.564     1.394    u_week10_wrapper/week10_i/rst_ps7_0_100M/U0/slowest_sync_clk
    SLICE_X15Y40         FDRE                                         r  u_week10_wrapper/week10_i/rst_ps7_0_100M/U0/ACTIVE_LOW_PR_OUT_DFF[0].FDRE_PER_N/C
  -------------------------------------------------------------------    -------------------
    SLICE_X15Y40         FDRE (Prop_fdre_C_Q)         0.141     1.535 r  u_week10_wrapper/week10_i/rst_ps7_0_100M/U0/ACTIVE_LOW_PR_OUT_DFF[0].FDRE_PER_N/Q
                         net (fo=5, routed)           0.170     1.705    u_week10_wrapper/w_apb_rst
    SLICE_X14Y40         LUT1 (Prop_lut1_I0_O)        0.045     1.750 f  u_week10_wrapper/r_mono_led[9]_i_2/O
                         net (fo=26, routed)          0.223     1.973    u_apb_led/r_mono_led_reg[9]_0
    SLICE_X15Y39         FDCE                                         f  u_apb_led/r_mono_led_reg[0]_lopt_replica/CLR
  -------------------------------------------------------------------    -------------------

                         (clock clk_fpga_0 rise edge)
                                                      0.000     0.000 r  
    PS7_X0Y0             PS7                          0.000     0.000 r  u_week10_wrapper/week10_i/processing_system7_0/inst/PS7_i/FCLKCLK[0]
                         net (fo=1, routed)           0.919     0.919    u_week10_wrapper/week10_i/processing_system7_0/inst/FCLK_CLK_unbuffered[0]
    BUFGCTRL_X0Y16       BUFG (Prop_bufg_I_O)         0.029     0.948 r  u_week10_wrapper/week10_i/processing_system7_0/inst/buffer_fclk_clk_0.FCLK_CLK_0_BUFG/O
                         net (fo=712, routed)         0.831     1.779    u_apb_led/apb_clk
    SLICE_X15Y39         FDCE                                         r  u_apb_led/r_mono_led_reg[0]_lopt_replica/C
                         clock pessimism             -0.370     1.409    
    SLICE_X15Y39         FDCE (Remov_fdce_C_CLR)     -0.159     1.250    u_apb_led/r_mono_led_reg[0]_lopt_replica
  -------------------------------------------------------------------
                         required time                         -1.250    
                         arrival time                           1.973    
  -------------------------------------------------------------------
                         slack                                  0.723    

Slack (MET) :             0.723ns  (arrival time - required time)
  Source:                 u_week10_wrapper/week10_i/rst_ps7_0_100M/U0/ACTIVE_LOW_PR_OUT_DFF[0].FDRE_PER_N/C
                            (rising edge-triggered cell FDRE clocked by clk_fpga_0  {rise@0.000ns fall@5.000ns period=10.000ns})
  Destination:            u_apb_led/r_mono_led_reg[1]/CLR
                            (removal check against rising-edge clock clk_fpga_0  {rise@0.000ns fall@5.000ns period=10.000ns})
  Path Group:             **async_default**
  Path Type:              Removal (Min at Fast Process Corner)
  Requirement:            0.000ns  (clk_fpga_0 rise@0.000ns - clk_fpga_0 rise@0.000ns)
  Data Path Delay:        0.579ns  (logic 0.186ns (32.126%)  route 0.393ns (67.874%))
  Logic Levels:           1  (LUT1=1)
  Clock Path Skew:        0.015ns (DCD - SCD - CPR)
    Destination Clock Delay (DCD):    1.779ns
    Source Clock Delay      (SCD):    1.394ns
    Clock Pessimism Removal (CPR):    0.370ns

    Location             Delay type                Incr(ns)  Path(ns)    Netlist Resource(s)
  -------------------------------------------------------------------    -------------------
                         (clock clk_fpga_0 rise edge)
                                                      0.000     0.000 r  
    PS7_X0Y0             PS7                          0.000     0.000 r  u_week10_wrapper/week10_i/processing_system7_0/inst/PS7_i/FCLKCLK[0]
                         net (fo=1, routed)           0.804     0.804    u_week10_wrapper/week10_i/processing_system7_0/inst/FCLK_CLK_unbuffered[0]
    BUFGCTRL_X0Y16       BUFG (Prop_bufg_I_O)         0.026     0.830 r  u_week10_wrapper/week10_i/processing_system7_0/inst/buffer_fclk_clk_0.FCLK_CLK_0_BUFG/O
                         net (fo=712, routed)         0.564     1.394    u_week10_wrapper/week10_i/rst_ps7_0_100M/U0/slowest_sync_clk
    SLICE_X15Y40         FDRE                                         r  u_week10_wrapper/week10_i/rst_ps7_0_100M/U0/ACTIVE_LOW_PR_OUT_DFF[0].FDRE_PER_N/C
  -------------------------------------------------------------------    -------------------
    SLICE_X15Y40         FDRE (Prop_fdre_C_Q)         0.141     1.535 r  u_week10_wrapper/week10_i/rst_ps7_0_100M/U0/ACTIVE_LOW_PR_OUT_DFF[0].FDRE_PER_N/Q
                         net (fo=5, routed)           0.170     1.705    u_week10_wrapper/w_apb_rst
    SLICE_X14Y40         LUT1 (Prop_lut1_I0_O)        0.045     1.750 f  u_week10_wrapper/r_mono_led[9]_i_2/O
                         net (fo=26, routed)          0.223     1.973    u_apb_led/r_mono_led_reg[9]_0
    SLICE_X15Y39         FDCE                                         f  u_apb_led/r_mono_led_reg[1]/CLR
  -------------------------------------------------------------------    -------------------

                         (clock clk_fpga_0 rise edge)
                                                      0.000     0.000 r  
    PS7_X0Y0             PS7                          0.000     0.000 r  u_week10_wrapper/week10_i/processing_system7_0/inst/PS7_i/FCLKCLK[0]
                         net (fo=1, routed)           0.919     0.919    u_week10_wrapper/week10_i/processing_system7_0/inst/FCLK_CLK_unbuffered[0]
    BUFGCTRL_X0Y16       BUFG (Prop_bufg_I_O)         0.029     0.948 r  u_week10_wrapper/week10_i/processing_system7_0/inst/buffer_fclk_clk_0.FCLK_CLK_0_BUFG/O
                         net (fo=712, routed)         0.831     1.779    u_apb_led/apb_clk
    SLICE_X15Y39         FDCE                                         r  u_apb_led/r_mono_led_reg[1]/C
                         clock pessimism             -0.370     1.409    
    SLICE_X15Y39         FDCE (Remov_fdce_C_CLR)     -0.159     1.250    u_apb_led/r_mono_led_reg[1]
  -------------------------------------------------------------------
                         required time                         -1.250    
                         arrival time                           1.973    
  -------------------------------------------------------------------
                         slack                                  0.723    

Slack (MET) :             0.723ns  (arrival time - required time)
  Source:                 u_week10_wrapper/week10_i/rst_ps7_0_100M/U0/ACTIVE_LOW_PR_OUT_DFF[0].FDRE_PER_N/C
                            (rising edge-triggered cell FDRE clocked by clk_fpga_0  {rise@0.000ns fall@5.000ns period=10.000ns})
  Destination:            u_apb_led/r_mono_led_reg[1]_lopt_replica/CLR
                            (removal check against rising-edge clock clk_fpga_0  {rise@0.000ns fall@5.000ns period=10.000ns})
  Path Group:             **async_default**
  Path Type:              Removal (Min at Fast Process Corner)
  Requirement:            0.000ns  (clk_fpga_0 rise@0.000ns - clk_fpga_0 rise@0.000ns)
  Data Path Delay:        0.579ns  (logic 0.186ns (32.126%)  route 0.393ns (67.874%))
  Logic Levels:           1  (LUT1=1)
  Clock Path Skew:        0.015ns (DCD - SCD - CPR)
    Destination Clock Delay (DCD):    1.779ns
    Source Clock Delay      (SCD):    1.394ns
    Clock Pessimism Removal (CPR):    0.370ns

    Location             Delay type                Incr(ns)  Path(ns)    Netlist Resource(s)
  -------------------------------------------------------------------    -------------------
                         (clock clk_fpga_0 rise edge)
                                                      0.000     0.000 r  
    PS7_X0Y0             PS7                          0.000     0.000 r  u_week10_wrapper/week10_i/processing_system7_0/inst/PS7_i/FCLKCLK[0]
                         net (fo=1, routed)           0.804     0.804    u_week10_wrapper/week10_i/processing_system7_0/inst/FCLK_CLK_unbuffered[0]
    BUFGCTRL_X0Y16       BUFG (Prop_bufg_I_O)         0.026     0.830 r  u_week10_wrapper/week10_i/processing_system7_0/inst/buffer_fclk_clk_0.FCLK_CLK_0_BUFG/O
                         net (fo=712, routed)         0.564     1.394    u_week10_wrapper/week10_i/rst_ps7_0_100M/U0/slowest_sync_clk
    SLICE_X15Y40         FDRE                                         r  u_week10_wrapper/week10_i/rst_ps7_0_100M/U0/ACTIVE_LOW_PR_OUT_DFF[0].FDRE_PER_N/C
  -------------------------------------------------------------------    -------------------
    SLICE_X15Y40         FDRE (Prop_fdre_C_Q)         0.141     1.535 r  u_week10_wrapper/week10_i/rst_ps7_0_100M/U0/ACTIVE_LOW_PR_OUT_DFF[0].FDRE_PER_N/Q
                         net (fo=5, routed)           0.170     1.705    u_week10_wrapper/w_apb_rst
    SLICE_X14Y40         LUT1 (Prop_lut1_I0_O)        0.045     1.750 f  u_week10_wrapper/r_mono_led[9]_i_2/O
                         net (fo=26, routed)          0.223     1.973    u_apb_led/r_mono_led_reg[9]_0
    SLICE_X15Y39         FDCE                                         f  u_apb_led/r_mono_led_reg[1]_lopt_replica/CLR
  -------------------------------------------------------------------    -------------------

                         (clock clk_fpga_0 rise edge)
                                                      0.000     0.000 r  
    PS7_X0Y0             PS7                          0.000     0.000 r  u_week10_wrapper/week10_i/processing_system7_0/inst/PS7_i/FCLKCLK[0]
                         net (fo=1, routed)           0.919     0.919    u_week10_wrapper/week10_i/processing_system7_0/inst/FCLK_CLK_unbuffered[0]
    BUFGCTRL_X0Y16       BUFG (Prop_bufg_I_O)         0.029     0.948 r  u_week10_wrapper/week10_i/processing_system7_0/inst/buffer_fclk_clk_0.FCLK_CLK_0_BUFG/O
                         net (fo=712, routed)         0.831     1.779    u_apb_led/apb_clk
    SLICE_X15Y39         FDCE                                         r  u_apb_led/r_mono_led_reg[1]_lopt_replica/C
                         clock pessimism             -0.370     1.409    
    SLICE_X15Y39         FDCE (Remov_fdce_C_CLR)     -0.159     1.250    u_apb_led/r_mono_led_reg[1]_lopt_replica
  -------------------------------------------------------------------
                         required time                         -1.250    
                         arrival time                           1.973    
  -------------------------------------------------------------------
                         slack                                  0.723    

Slack (MET) :             0.723ns  (arrival time - required time)
  Source:                 u_week10_wrapper/week10_i/rst_ps7_0_100M/U0/ACTIVE_LOW_PR_OUT_DFF[0].FDRE_PER_N/C
                            (rising edge-triggered cell FDRE clocked by clk_fpga_0  {rise@0.000ns fall@5.000ns period=10.000ns})
  Destination:            u_apb_led/r_mono_led_reg[2]/CLR
                            (removal check against rising-edge clock clk_fpga_0  {rise@0.000ns fall@5.000ns period=10.000ns})
  Path Group:             **async_default**
  Path Type:              Removal (Min at Fast Process Corner)
  Requirement:            0.000ns  (clk_fpga_0 rise@0.000ns - clk_fpga_0 rise@0.000ns)
  Data Path Delay:        0.579ns  (logic 0.186ns (32.126%)  route 0.393ns (67.874%))
  Logic Levels:           1  (LUT1=1)
  Clock Path Skew:        0.015ns (DCD - SCD - CPR)
    Destination Clock Delay (DCD):    1.779ns
    Source Clock Delay      (SCD):    1.394ns
    Clock Pessimism Removal (CPR):    0.370ns

    Location             Delay type                Incr(ns)  Path(ns)    Netlist Resource(s)
  -------------------------------------------------------------------    -------------------
                         (clock clk_fpga_0 rise edge)
                                                      0.000     0.000 r  
    PS7_X0Y0             PS7                          0.000     0.000 r  u_week10_wrapper/week10_i/processing_system7_0/inst/PS7_i/FCLKCLK[0]
                         net (fo=1, routed)           0.804     0.804    u_week10_wrapper/week10_i/processing_system7_0/inst/FCLK_CLK_unbuffered[0]
    BUFGCTRL_X0Y16       BUFG (Prop_bufg_I_O)         0.026     0.830 r  u_week10_wrapper/week10_i/processing_system7_0/inst/buffer_fclk_clk_0.FCLK_CLK_0_BUFG/O
                         net (fo=712, routed)         0.564     1.394    u_week10_wrapper/week10_i/rst_ps7_0_100M/U0/slowest_sync_clk
    SLICE_X15Y40         FDRE                                         r  u_week10_wrapper/week10_i/rst_ps7_0_100M/U0/ACTIVE_LOW_PR_OUT_DFF[0].FDRE_PER_N/C
  -------------------------------------------------------------------    -------------------
    SLICE_X15Y40         FDRE (Prop_fdre_C_Q)         0.141     1.535 r  u_week10_wrapper/week10_i/rst_ps7_0_100M/U0/ACTIVE_LOW_PR_OUT_DFF[0].FDRE_PER_N/Q
                         net (fo=5, routed)           0.170     1.705    u_week10_wrapper/w_apb_rst
    SLICE_X14Y40         LUT1 (Prop_lut1_I0_O)        0.045     1.750 f  u_week10_wrapper/r_mono_led[9]_i_2/O
                         net (fo=26, routed)          0.223     1.973    u_apb_led/r_mono_led_reg[9]_0
    SLICE_X15Y39         FDCE                                         f  u_apb_led/r_mono_led_reg[2]/CLR
  -------------------------------------------------------------------    -------------------

                         (clock clk_fpga_0 rise edge)
                                                      0.000     0.000 r  
    PS7_X0Y0             PS7                          0.000     0.000 r  u_week10_wrapper/week10_i/processing_system7_0/inst/PS7_i/FCLKCLK[0]
                         net (fo=1, routed)           0.919     0.919    u_week10_wrapper/week10_i/processing_system7_0/inst/FCLK_CLK_unbuffered[0]
    BUFGCTRL_X0Y16       BUFG (Prop_bufg_I_O)         0.029     0.948 r  u_week10_wrapper/week10_i/processing_system7_0/inst/buffer_fclk_clk_0.FCLK_CLK_0_BUFG/O
                         net (fo=712, routed)         0.831     1.779    u_apb_led/apb_clk
    SLICE_X15Y39         FDCE                                         r  u_apb_led/r_mono_led_reg[2]/C
                         clock pessimism             -0.370     1.409    
    SLICE_X15Y39         FDCE (Remov_fdce_C_CLR)     -0.159     1.250    u_apb_led/r_mono_led_reg[2]
  -------------------------------------------------------------------
                         required time                         -1.250    
                         arrival time                           1.973    
  -------------------------------------------------------------------
                         slack                                  0.723    

Slack (MET) :             0.727ns  (arrival time - required time)
  Source:                 u_week10_wrapper/week10_i/rst_ps7_0_100M/U0/ACTIVE_LOW_PR_OUT_DFF[0].FDRE_PER_N/C
                            (rising edge-triggered cell FDRE clocked by clk_fpga_0  {rise@0.000ns fall@5.000ns period=10.000ns})
  Destination:            u_apb_led/r_color_led_0_reg[1]/CLR
                            (removal check against rising-edge clock clk_fpga_0  {rise@0.000ns fall@5.000ns period=10.000ns})
  Path Group:             **async_default**
  Path Type:              Removal (Min at Fast Process Corner)
  Requirement:            0.000ns  (clk_fpga_0 rise@0.000ns - clk_fpga_0 rise@0.000ns)
  Data Path Delay:        0.583ns  (logic 0.186ns (31.886%)  route 0.397ns (68.114%))
  Logic Levels:           1  (LUT1=1)
  Clock Path Skew:        0.015ns (DCD - SCD - CPR)
    Destination Clock Delay (DCD):    1.779ns
    Source Clock Delay      (SCD):    1.394ns
    Clock Pessimism Removal (CPR):    0.370ns

    Location             Delay type                Incr(ns)  Path(ns)    Netlist Resource(s)
  -------------------------------------------------------------------    -------------------
                         (clock clk_fpga_0 rise edge)
                                                      0.000     0.000 r  
    PS7_X0Y0             PS7                          0.000     0.000 r  u_week10_wrapper/week10_i/processing_system7_0/inst/PS7_i/FCLKCLK[0]
                         net (fo=1, routed)           0.804     0.804    u_week10_wrapper/week10_i/processing_system7_0/inst/FCLK_CLK_unbuffered[0]
    BUFGCTRL_X0Y16       BUFG (Prop_bufg_I_O)         0.026     0.830 r  u_week10_wrapper/week10_i/processing_system7_0/inst/buffer_fclk_clk_0.FCLK_CLK_0_BUFG/O
                         net (fo=712, routed)         0.564     1.394    u_week10_wrapper/week10_i/rst_ps7_0_100M/U0/slowest_sync_clk
    SLICE_X15Y40         FDRE                                         r  u_week10_wrapper/week10_i/rst_ps7_0_100M/U0/ACTIVE_LOW_PR_OUT_DFF[0].FDRE_PER_N/C
  -------------------------------------------------------------------    -------------------
    SLICE_X15Y40         FDRE (Prop_fdre_C_Q)         0.141     1.535 r  u_week10_wrapper/week10_i/rst_ps7_0_100M/U0/ACTIVE_LOW_PR_OUT_DFF[0].FDRE_PER_N/Q
                         net (fo=5, routed)           0.170     1.705    u_week10_wrapper/w_apb_rst
    SLICE_X14Y40         LUT1 (Prop_lut1_I0_O)        0.045     1.750 f  u_week10_wrapper/r_mono_led[9]_i_2/O
                         net (fo=26, routed)          0.227     1.977    u_apb_led/r_mono_led_reg[9]_0
    SLICE_X14Y39         FDCE                                         f  u_apb_led/r_color_led_0_reg[1]/CLR
  -------------------------------------------------------------------    -------------------

                         (clock clk_fpga_0 rise edge)
                                                      0.000     0.000 r  
    PS7_X0Y0             PS7                          0.000     0.000 r  u_week10_wrapper/week10_i/processing_system7_0/inst/PS7_i/FCLKCLK[0]
                         net (fo=1, routed)           0.919     0.919    u_week10_wrapper/week10_i/processing_system7_0/inst/FCLK_CLK_unbuffered[0]
    BUFGCTRL_X0Y16       BUFG (Prop_bufg_I_O)         0.029     0.948 r  u_week10_wrapper/week10_i/processing_system7_0/inst/buffer_fclk_clk_0.FCLK_CLK_0_BUFG/O
                         net (fo=712, routed)         0.831     1.779    u_apb_led/apb_clk
    SLICE_X14Y39         FDCE                                         r  u_apb_led/r_color_led_0_reg[1]/C
                         clock pessimism             -0.370     1.409    
    SLICE_X14Y39         FDCE (Remov_fdce_C_CLR)     -0.159     1.250    u_apb_led/r_color_led_0_reg[1]
  -------------------------------------------------------------------
                         required time                         -1.250    
                         arrival time                           1.977    
  -------------------------------------------------------------------
                         slack                                  0.727    

Slack (MET) :             0.727ns  (arrival time - required time)
  Source:                 u_week10_wrapper/week10_i/rst_ps7_0_100M/U0/ACTIVE_LOW_PR_OUT_DFF[0].FDRE_PER_N/C
                            (rising edge-triggered cell FDRE clocked by clk_fpga_0  {rise@0.000ns fall@5.000ns period=10.000ns})
  Destination:            u_apb_led/r_color_led_0_reg[2]/CLR
                            (removal check against rising-edge clock clk_fpga_0  {rise@0.000ns fall@5.000ns period=10.000ns})
  Path Group:             **async_default**
  Path Type:              Removal (Min at Fast Process Corner)
  Requirement:            0.000ns  (clk_fpga_0 rise@0.000ns - clk_fpga_0 rise@0.000ns)
  Data Path Delay:        0.583ns  (logic 0.186ns (31.886%)  route 0.397ns (68.114%))
  Logic Levels:           1  (LUT1=1)
  Clock Path Skew:        0.015ns (DCD - SCD - CPR)
    Destination Clock Delay (DCD):    1.779ns
    Source Clock Delay      (SCD):    1.394ns
    Clock Pessimism Removal (CPR):    0.370ns

    Location             Delay type                Incr(ns)  Path(ns)    Netlist Resource(s)
  -------------------------------------------------------------------    -------------------
                         (clock clk_fpga_0 rise edge)
                                                      0.000     0.000 r  
    PS7_X0Y0             PS7                          0.000     0.000 r  u_week10_wrapper/week10_i/processing_system7_0/inst/PS7_i/FCLKCLK[0]
                         net (fo=1, routed)           0.804     0.804    u_week10_wrapper/week10_i/processing_system7_0/inst/FCLK_CLK_unbuffered[0]
    BUFGCTRL_X0Y16       BUFG (Prop_bufg_I_O)         0.026     0.830 r  u_week10_wrapper/week10_i/processing_system7_0/inst/buffer_fclk_clk_0.FCLK_CLK_0_BUFG/O
                         net (fo=712, routed)         0.564     1.394    u_week10_wrapper/week10_i/rst_ps7_0_100M/U0/slowest_sync_clk
    SLICE_X15Y40         FDRE                                         r  u_week10_wrapper/week10_i/rst_ps7_0_100M/U0/ACTIVE_LOW_PR_OUT_DFF[0].FDRE_PER_N/C
  -------------------------------------------------------------------    -------------------
    SLICE_X15Y40         FDRE (Prop_fdre_C_Q)         0.141     1.535 r  u_week10_wrapper/week10_i/rst_ps7_0_100M/U0/ACTIVE_LOW_PR_OUT_DFF[0].FDRE_PER_N/Q
                         net (fo=5, routed)           0.170     1.705    u_week10_wrapper/w_apb_rst
    SLICE_X14Y40         LUT1 (Prop_lut1_I0_O)        0.045     1.750 f  u_week10_wrapper/r_mono_led[9]_i_2/O
                         net (fo=26, routed)          0.227     1.977    u_apb_led/r_mono_led_reg[9]_0
    SLICE_X14Y39         FDCE                                         f  u_apb_led/r_color_led_0_reg[2]/CLR
  -------------------------------------------------------------------    -------------------

                         (clock clk_fpga_0 rise edge)
                                                      0.000     0.000 r  
    PS7_X0Y0             PS7                          0.000     0.000 r  u_week10_wrapper/week10_i/processing_system7_0/inst/PS7_i/FCLKCLK[0]
                         net (fo=1, routed)           0.919     0.919    u_week10_wrapper/week10_i/processing_system7_0/inst/FCLK_CLK_unbuffered[0]
    BUFGCTRL_X0Y16       BUFG (Prop_bufg_I_O)         0.029     0.948 r  u_week10_wrapper/week10_i/processing_system7_0/inst/buffer_fclk_clk_0.FCLK_CLK_0_BUFG/O
                         net (fo=712, routed)         0.831     1.779    u_apb_led/apb_clk
    SLICE_X14Y39         FDCE                                         r  u_apb_led/r_color_led_0_reg[2]/C
                         clock pessimism             -0.370     1.409    
    SLICE_X14Y39         FDCE (Remov_fdce_C_CLR)     -0.159     1.250    u_apb_led/r_color_led_0_reg[2]
  -------------------------------------------------------------------
                         required time                         -1.250    
                         arrival time                           1.977    
  -------------------------------------------------------------------
                         slack                                  0.727    

Slack (MET) :             0.727ns  (arrival time - required time)
  Source:                 u_week10_wrapper/week10_i/rst_ps7_0_100M/U0/ACTIVE_LOW_PR_OUT_DFF[0].FDRE_PER_N/C
                            (rising edge-triggered cell FDRE clocked by clk_fpga_0  {rise@0.000ns fall@5.000ns period=10.000ns})
  Destination:            u_apb_led/r_color_led_1_reg[0]/CLR
                            (removal check against rising-edge clock clk_fpga_0  {rise@0.000ns fall@5.000ns period=10.000ns})
  Path Group:             **async_default**
  Path Type:              Removal (Min at Fast Process Corner)
  Requirement:            0.000ns  (clk_fpga_0 rise@0.000ns - clk_fpga_0 rise@0.000ns)
  Data Path Delay:        0.583ns  (logic 0.186ns (31.886%)  route 0.397ns (68.114%))
  Logic Levels:           1  (LUT1=1)
  Clock Path Skew:        0.015ns (DCD - SCD - CPR)
    Destination Clock Delay (DCD):    1.779ns
    Source Clock Delay      (SCD):    1.394ns
    Clock Pessimism Removal (CPR):    0.370ns

    Location             Delay type                Incr(ns)  Path(ns)    Netlist Resource(s)
  -------------------------------------------------------------------    -------------------
                         (clock clk_fpga_0 rise edge)
                                                      0.000     0.000 r  
    PS7_X0Y0             PS7                          0.000     0.000 r  u_week10_wrapper/week10_i/processing_system7_0/inst/PS7_i/FCLKCLK[0]
                         net (fo=1, routed)           0.804     0.804    u_week10_wrapper/week10_i/processing_system7_0/inst/FCLK_CLK_unbuffered[0]
    BUFGCTRL_X0Y16       BUFG (Prop_bufg_I_O)         0.026     0.830 r  u_week10_wrapper/week10_i/processing_system7_0/inst/buffer_fclk_clk_0.FCLK_CLK_0_BUFG/O
                         net (fo=712, routed)         0.564     1.394    u_week10_wrapper/week10_i/rst_ps7_0_100M/U0/slowest_sync_clk
    SLICE_X15Y40         FDRE                                         r  u_week10_wrapper/week10_i/rst_ps7_0_100M/U0/ACTIVE_LOW_PR_OUT_DFF[0].FDRE_PER_N/C
  -------------------------------------------------------------------    -------------------
    SLICE_X15Y40         FDRE (Prop_fdre_C_Q)         0.141     1.535 r  u_week10_wrapper/week10_i/rst_ps7_0_100M/U0/ACTIVE_LOW_PR_OUT_DFF[0].FDRE_PER_N/Q
                         net (fo=5, routed)           0.170     1.705    u_week10_wrapper/w_apb_rst
    SLICE_X14Y40         LUT1 (Prop_lut1_I0_O)        0.045     1.750 f  u_week10_wrapper/r_mono_led[9]_i_2/O
                         net (fo=26, routed)          0.227     1.977    u_apb_led/r_mono_led_reg[9]_0
    SLICE_X14Y39         FDCE                                         f  u_apb_led/r_color_led_1_reg[0]/CLR
  -------------------------------------------------------------------    -------------------

                         (clock clk_fpga_0 rise edge)
                                                      0.000     0.000 r  
    PS7_X0Y0             PS7                          0.000     0.000 r  u_week10_wrapper/week10_i/processing_system7_0/inst/PS7_i/FCLKCLK[0]
                         net (fo=1, routed)           0.919     0.919    u_week10_wrapper/week10_i/processing_system7_0/inst/FCLK_CLK_unbuffered[0]
    BUFGCTRL_X0Y16       BUFG (Prop_bufg_I_O)         0.029     0.948 r  u_week10_wrapper/week10_i/processing_system7_0/inst/buffer_fclk_clk_0.FCLK_CLK_0_BUFG/O
                         net (fo=712, routed)         0.831     1.779    u_apb_led/apb_clk
    SLICE_X14Y39         FDCE                                         r  u_apb_led/r_color_led_1_reg[0]/C
                         clock pessimism             -0.370     1.409    
    SLICE_X14Y39         FDCE (Remov_fdce_C_CLR)     -0.159     1.250    u_apb_led/r_color_led_1_reg[0]
  -------------------------------------------------------------------
                         required time                         -1.250    
                         arrival time                           1.977    
  -------------------------------------------------------------------
                         slack                                  0.727    

Slack (MET) :             0.727ns  (arrival time - required time)
  Source:                 u_week10_wrapper/week10_i/rst_ps7_0_100M/U0/ACTIVE_LOW_PR_OUT_DFF[0].FDRE_PER_N/C
                            (rising edge-triggered cell FDRE clocked by clk_fpga_0  {rise@0.000ns fall@5.000ns period=10.000ns})
  Destination:            u_apb_led/r_color_led_1_reg[2]/CLR
                            (removal check against rising-edge clock clk_fpga_0  {rise@0.000ns fall@5.000ns period=10.000ns})
  Path Group:             **async_default**
  Path Type:              Removal (Min at Fast Process Corner)
  Requirement:            0.000ns  (clk_fpga_0 rise@0.000ns - clk_fpga_0 rise@0.000ns)
  Data Path Delay:        0.583ns  (logic 0.186ns (31.886%)  route 0.397ns (68.114%))
  Logic Levels:           1  (LUT1=1)
  Clock Path Skew:        0.015ns (DCD - SCD - CPR)
    Destination Clock Delay (DCD):    1.779ns
    Source Clock Delay      (SCD):    1.394ns
    Clock Pessimism Removal (CPR):    0.370ns

    Location             Delay type                Incr(ns)  Path(ns)    Netlist Resource(s)
  -------------------------------------------------------------------    -------------------
                         (clock clk_fpga_0 rise edge)
                                                      0.000     0.000 r  
    PS7_X0Y0             PS7                          0.000     0.000 r  u_week10_wrapper/week10_i/processing_system7_0/inst/PS7_i/FCLKCLK[0]
                         net (fo=1, routed)           0.804     0.804    u_week10_wrapper/week10_i/processing_system7_0/inst/FCLK_CLK_unbuffered[0]
    BUFGCTRL_X0Y16       BUFG (Prop_bufg_I_O)         0.026     0.830 r  u_week10_wrapper/week10_i/processing_system7_0/inst/buffer_fclk_clk_0.FCLK_CLK_0_BUFG/O
                         net (fo=712, routed)         0.564     1.394    u_week10_wrapper/week10_i/rst_ps7_0_100M/U0/slowest_sync_clk
    SLICE_X15Y40         FDRE                                         r  u_week10_wrapper/week10_i/rst_ps7_0_100M/U0/ACTIVE_LOW_PR_OUT_DFF[0].FDRE_PER_N/C
  -------------------------------------------------------------------    -------------------
    SLICE_X15Y40         FDRE (Prop_fdre_C_Q)         0.141     1.535 r  u_week10_wrapper/week10_i/rst_ps7_0_100M/U0/ACTIVE_LOW_PR_OUT_DFF[0].FDRE_PER_N/Q
                         net (fo=5, routed)           0.170     1.705    u_week10_wrapper/w_apb_rst
    SLICE_X14Y40         LUT1 (Prop_lut1_I0_O)        0.045     1.750 f  u_week10_wrapper/r_mono_led[9]_i_2/O
                         net (fo=26, routed)          0.227     1.977    u_apb_led/r_mono_led_reg[9]_0
    SLICE_X14Y39         FDCE                                         f  u_apb_led/r_color_led_1_reg[2]/CLR
  -------------------------------------------------------------------    -------------------

                         (clock clk_fpga_0 rise edge)
                                                      0.000     0.000 r  
    PS7_X0Y0             PS7                          0.000     0.000 r  u_week10_wrapper/week10_i/processing_system7_0/inst/PS7_i/FCLKCLK[0]
                         net (fo=1, routed)           0.919     0.919    u_week10_wrapper/week10_i/processing_system7_0/inst/FCLK_CLK_unbuffered[0]
    BUFGCTRL_X0Y16       BUFG (Prop_bufg_I_O)         0.029     0.948 r  u_week10_wrapper/week10_i/processing_system7_0/inst/buffer_fclk_clk_0.FCLK_CLK_0_BUFG/O
                         net (fo=712, routed)         0.831     1.779    u_apb_led/apb_clk
    SLICE_X14Y39         FDCE                                         r  u_apb_led/r_color_led_1_reg[2]/C
                         clock pessimism             -0.370     1.409    
    SLICE_X14Y39         FDCE (Remov_fdce_C_CLR)     -0.159     1.250    u_apb_led/r_color_led_1_reg[2]
  -------------------------------------------------------------------
                         required time                         -1.250    
                         arrival time                           1.977    
  -------------------------------------------------------------------
                         slack                                  0.727    





--------------------------------------------------------------------------------------
Path Group:  (none)
From Clock:  
  To Clock:  clk_fpga_0

Max Delay             1 Endpoint
Min Delay             1 Endpoint
--------------------------------------------------------------------------------------


Max Delay Paths
--------------------------------------------------------------------------------------
Slack:                    inf
  Source:                 u_week10_wrapper/week10_i/processing_system7_0/inst/PS7_i/FCLKRESETN[0]
                            (internal pin)
  Destination:            u_week10_wrapper/week10_i/rst_ps7_0_100M/U0/EXT_LPF/ACTIVE_LOW_EXT.ACT_LO_EXT/GENERATE_LEVEL_P_S_CDC.SINGLE_BIT.CROSS_PLEVEL_IN2SCNDRY_IN_cdc_to/D
                            (rising edge-triggered cell FDRE clocked by clk_fpga_0  {rise@0.000ns fall@5.000ns period=10.000ns})
  Path Group:             (none)
  Path Type:              Setup (Max at Slow Process Corner)
  Data Path Delay:        1.340ns  (logic 0.124ns (9.255%)  route 1.216ns (90.745%))
  Logic Levels:           1  (LUT1=1)
  Clock Uncertainty:      0.152ns  ((TSJ^2 + TIJ^2)^1/2 + DJ) / 2 + PE
    Total System Jitter     (TSJ):    0.050ns
    Total Input Jitter      (TIJ):    0.300ns
    Discrete Jitter          (DJ):    0.000ns
    Phase Error              (PE):    0.000ns
  Timing Exception:       False Path

    Location             Delay type                Incr(ns)  Path(ns)    Netlist Resource(s)
  -------------------------------------------------------------------    -------------------
    PS7_X0Y0             PS7                          0.000     0.000 f  u_week10_wrapper/week10_i/processing_system7_0/inst/PS7_i/FCLKRESETN[0]
                         net (fo=1, routed)           1.216     1.216    u_week10_wrapper/week10_i/rst_ps7_0_100M/U0/EXT_LPF/ACTIVE_LOW_EXT.ACT_LO_EXT/ext_reset_in
    SLICE_X18Y39         LUT1 (Prop_lut1_I0_O)        0.124     1.340 r  u_week10_wrapper/week10_i/rst_ps7_0_100M/U0/EXT_LPF/ACTIVE_LOW_EXT.ACT_LO_EXT/GENERATE_LEVEL_P_S_CDC.SINGLE_BIT.CROSS_PLEVEL_IN2SCNDRY_IN_cdc_to_i_1/O
                         net (fo=1, routed)           0.000     1.340    u_week10_wrapper/week10_i/rst_ps7_0_100M/U0/EXT_LPF/ACTIVE_LOW_EXT.ACT_LO_EXT/exr_d1
    SLICE_X18Y39         FDRE                                         r  u_week10_wrapper/week10_i/rst_ps7_0_100M/U0/EXT_LPF/ACTIVE_LOW_EXT.ACT_LO_EXT/GENERATE_LEVEL_P_S_CDC.SINGLE_BIT.CROSS_PLEVEL_IN2SCNDRY_IN_cdc_to/D
  -------------------------------------------------------------------    -------------------

                         (clock clk_fpga_0 rise edge)
                                                      0.000     0.000 r  
    PS7_X0Y0             PS7                          0.000     0.000 r  u_week10_wrapper/week10_i/processing_system7_0/inst/PS7_i/FCLKCLK[0]
                         net (fo=1, routed)           1.666     1.666    u_week10_wrapper/week10_i/processing_system7_0/inst/FCLK_CLK_unbuffered[0]
    BUFGCTRL_X0Y16       BUFG (Prop_bufg_I_O)         0.091     1.757 r  u_week10_wrapper/week10_i/processing_system7_0/inst/buffer_fclk_clk_0.FCLK_CLK_0_BUFG/O
                         net (fo=712, routed)         1.501     3.259    u_week10_wrapper/week10_i/rst_ps7_0_100M/U0/EXT_LPF/ACTIVE_LOW_EXT.ACT_LO_EXT/slowest_sync_clk
    SLICE_X18Y39         FDRE                                         r  u_week10_wrapper/week10_i/rst_ps7_0_100M/U0/EXT_LPF/ACTIVE_LOW_EXT.ACT_LO_EXT/GENERATE_LEVEL_P_S_CDC.SINGLE_BIT.CROSS_PLEVEL_IN2SCNDRY_IN_cdc_to/C





Min Delay Paths
--------------------------------------------------------------------------------------
Slack:                    inf
  Source:                 u_week10_wrapper/week10_i/processing_system7_0/inst/PS7_i/FCLKRESETN[0]
                            (internal pin)
  Destination:            u_week10_wrapper/week10_i/rst_ps7_0_100M/U0/EXT_LPF/ACTIVE_LOW_EXT.ACT_LO_EXT/GENERATE_LEVEL_P_S_CDC.SINGLE_BIT.CROSS_PLEVEL_IN2SCNDRY_IN_cdc_to/D
                            (rising edge-triggered cell FDRE clocked by clk_fpga_0  {rise@0.000ns fall@5.000ns period=10.000ns})
  Path Group:             (none)
  Path Type:              Hold (Min at Fast Process Corner)
  Data Path Delay:        0.617ns  (logic 0.045ns (7.296%)  route 0.572ns (92.704%))
  Logic Levels:           1  (LUT1=1)
  Clock Uncertainty:      0.152ns  ((TSJ^2 + TIJ^2)^1/2 + DJ) / 2 + PE
    Total System Jitter     (TSJ):    0.050ns
    Total Input Jitter      (TIJ):    0.300ns
    Discrete Jitter          (DJ):    0.000ns
    Phase Error              (PE):    0.000ns
  Timing Exception:       False Path

    Location             Delay type                Incr(ns)  Path(ns)    Netlist Resource(s)
  -------------------------------------------------------------------    -------------------
    PS7_X0Y0             PS7                          0.000     0.000 f  u_week10_wrapper/week10_i/processing_system7_0/inst/PS7_i/FCLKRESETN[0]
                         net (fo=1, routed)           0.572     0.572    u_week10_wrapper/week10_i/rst_ps7_0_100M/U0/EXT_LPF/ACTIVE_LOW_EXT.ACT_LO_EXT/ext_reset_in
    SLICE_X18Y39         LUT1 (Prop_lut1_I0_O)        0.045     0.617 r  u_week10_wrapper/week10_i/rst_ps7_0_100M/U0/EXT_LPF/ACTIVE_LOW_EXT.ACT_LO_EXT/GENERATE_LEVEL_P_S_CDC.SINGLE_BIT.CROSS_PLEVEL_IN2SCNDRY_IN_cdc_to_i_1/O
                         net (fo=1, routed)           0.000     0.617    u_week10_wrapper/week10_i/rst_ps7_0_100M/U0/EXT_LPF/ACTIVE_LOW_EXT.ACT_LO_EXT/exr_d1
    SLICE_X18Y39         FDRE                                         r  u_week10_wrapper/week10_i/rst_ps7_0_100M/U0/EXT_LPF/ACTIVE_LOW_EXT.ACT_LO_EXT/GENERATE_LEVEL_P_S_CDC.SINGLE_BIT.CROSS_PLEVEL_IN2SCNDRY_IN_cdc_to/D
  -------------------------------------------------------------------    -------------------

                         (clock clk_fpga_0 rise edge)
                                                      0.000     0.000 r  
    PS7_X0Y0             PS7                          0.000     0.000 r  u_week10_wrapper/week10_i/processing_system7_0/inst/PS7_i/FCLKCLK[0]
                         net (fo=1, routed)           0.919     0.919    u_week10_wrapper/week10_i/processing_system7_0/inst/FCLK_CLK_unbuffered[0]
    BUFGCTRL_X0Y16       BUFG (Prop_bufg_I_O)         0.029     0.948 r  u_week10_wrapper/week10_i/processing_system7_0/inst/buffer_fclk_clk_0.FCLK_CLK_0_BUFG/O
                         net (fo=712, routed)         0.831     1.779    u_week10_wrapper/week10_i/rst_ps7_0_100M/U0/EXT_LPF/ACTIVE_LOW_EXT.ACT_LO_EXT/slowest_sync_clk
    SLICE_X18Y39         FDRE                                         r  u_week10_wrapper/week10_i/rst_ps7_0_100M/U0/EXT_LPF/ACTIVE_LOW_EXT.ACT_LO_EXT/GENERATE_LEVEL_P_S_CDC.SINGLE_BIT.CROSS_PLEVEL_IN2SCNDRY_IN_cdc_to/C





--------------------------------------------------------------------------------------
Path Group:  (none)
From Clock:  clk_fpga_0
  To Clock:  

Max Delay            16 Endpoints
Min Delay            16 Endpoints
--------------------------------------------------------------------------------------


Max Delay Paths
--------------------------------------------------------------------------------------
Slack:                    inf
  Source:                 u_apb_led/r_mono_led_reg[4]_lopt_replica/C
                            (rising edge-triggered cell FDCE clocked by clk_fpga_0  {rise@0.000ns fall@5.000ns period=10.000ns})
  Destination:            o_led[4]
                            (output port)
  Path Group:             (none)
  Path Type:              Max at Slow Process Corner
  Data Path Delay:        8.159ns  (logic 4.038ns (49.485%)  route 4.122ns (50.515%))
  Logic Levels:           1  (OBUF=1)
  Clock Uncertainty:      0.152ns  ((TSJ^2 + TIJ^2)^1/2 + DJ) / 2 + PE
    Total System Jitter     (TSJ):    0.050ns
    Total Input Jitter      (TIJ):    0.300ns
    Discrete Jitter          (DJ):    0.000ns
    Phase Error              (PE):    0.000ns

    Location             Delay type                Incr(ns)  Path(ns)    Netlist Resource(s)
  -------------------------------------------------------------------    -------------------
                         (clock clk_fpga_0 rise edge)
                                                      0.000     0.000 r  
    PS7_X0Y0             PS7                          0.000     0.000 r  u_week10_wrapper/week10_i/processing_system7_0/inst/PS7_i/FCLKCLK[0]
                         net (fo=1, routed)           1.938     1.938    u_week10_wrapper/week10_i/processing_system7_0/inst/FCLK_CLK_unbuffered[0]
    BUFGCTRL_X0Y16       BUFG (Prop_bufg_I_O)         0.101     2.039 r  u_week10_wrapper/week10_i/processing_system7_0/inst/buffer_fclk_clk_0.FCLK_CLK_0_BUFG/O
                         net (fo=712, routed)         1.683     3.722    u_apb_led/apb_clk
    SLICE_X12Y41         FDCE                                         r  u_apb_led/r_mono_led_reg[4]_lopt_replica/C
  -------------------------------------------------------------------    -------------------
    SLICE_X12Y41         FDCE (Prop_fdce_C_Q)         0.518     4.240 r  u_apb_led/r_mono_led_reg[4]_lopt_replica/Q
                         net (fo=1, routed)           4.122     8.362    lopt_4
    T19                  OBUF (Prop_obuf_I_O)         3.520    11.882 r  o_led_OBUF[4]_inst/O
                         net (fo=0)                   0.000    11.882    o_led[4]
    T19                                                               r  o_led[4] (OUT)
  -------------------------------------------------------------------    -------------------

Slack:                    inf
  Source:                 u_apb_led/r_color_led_0_reg[0]/C
                            (rising edge-triggered cell FDCE clocked by clk_fpga_0  {rise@0.000ns fall@5.000ns period=10.000ns})
  Destination:            o_color_led_0[0]
                            (output port)
  Path Group:             (none)
  Path Type:              Max at Slow Process Corner
  Data Path Delay:        7.906ns  (logic 3.984ns (50.386%)  route 3.923ns (49.614%))
  Logic Levels:           1  (OBUF=1)
  Clock Uncertainty:      0.152ns  ((TSJ^2 + TIJ^2)^1/2 + DJ) / 2 + PE
    Total System Jitter     (TSJ):    0.050ns
    Total Input Jitter      (TIJ):    0.300ns
    Discrete Jitter          (DJ):    0.000ns
    Phase Error              (PE):    0.000ns

    Location             Delay type                Incr(ns)  Path(ns)    Netlist Resource(s)
  -------------------------------------------------------------------    -------------------
                         (clock clk_fpga_0 rise edge)
                                                      0.000     0.000 r  
    PS7_X0Y0             PS7                          0.000     0.000 r  u_week10_wrapper/week10_i/processing_system7_0/inst/PS7_i/FCLKCLK[0]
                         net (fo=1, routed)           1.938     1.938    u_week10_wrapper/week10_i/processing_system7_0/inst/FCLK_CLK_unbuffered[0]
    BUFGCTRL_X0Y16       BUFG (Prop_bufg_I_O)         0.101     2.039 r  u_week10_wrapper/week10_i/processing_system7_0/inst/buffer_fclk_clk_0.FCLK_CLK_0_BUFG/O
                         net (fo=712, routed)         1.682     3.721    u_apb_led/apb_clk
    SLICE_X13Y39         FDCE                                         r  u_apb_led/r_color_led_0_reg[0]/C
  -------------------------------------------------------------------    -------------------
    SLICE_X13Y39         FDCE (Prop_fdce_C_Q)         0.456     4.177 r  u_apb_led/r_color_led_0_reg[0]/Q
                         net (fo=3, routed)           3.923     8.100    o_color_led_0_OBUF[0]
    W18                  OBUF (Prop_obuf_I_O)         3.528    11.628 r  o_color_led_0_OBUF[0]_inst/O
                         net (fo=0)                   0.000    11.628    o_color_led_0[0]
    W18                                                               r  o_color_led_0[0] (OUT)
  -------------------------------------------------------------------    -------------------

Slack:                    inf
  Source:                 u_apb_led/r_mono_led_reg[8]_lopt_replica/C
                            (rising edge-triggered cell FDCE clocked by clk_fpga_0  {rise@0.000ns fall@5.000ns period=10.000ns})
  Destination:            o_led[8]
                            (output port)
  Path Group:             (none)
  Path Type:              Max at Slow Process Corner
  Data Path Delay:        7.810ns  (logic 4.044ns (51.784%)  route 3.766ns (48.216%))
  Logic Levels:           1  (OBUF=1)
  Clock Uncertainty:      0.152ns  ((TSJ^2 + TIJ^2)^1/2 + DJ) / 2 + PE
    Total System Jitter     (TSJ):    0.050ns
    Total Input Jitter      (TIJ):    0.300ns
    Discrete Jitter          (DJ):    0.000ns
    Phase Error              (PE):    0.000ns

    Location             Delay type                Incr(ns)  Path(ns)    Netlist Resource(s)
  -------------------------------------------------------------------    -------------------
                         (clock clk_fpga_0 rise edge)
                                                      0.000     0.000 r  
    PS7_X0Y0             PS7                          0.000     0.000 r  u_week10_wrapper/week10_i/processing_system7_0/inst/PS7_i/FCLKCLK[0]
                         net (fo=1, routed)           1.938     1.938    u_week10_wrapper/week10_i/processing_system7_0/inst/FCLK_CLK_unbuffered[0]
    BUFGCTRL_X0Y16       BUFG (Prop_bufg_I_O)         0.101     2.039 r  u_week10_wrapper/week10_i/processing_system7_0/inst/buffer_fclk_clk_0.FCLK_CLK_0_BUFG/O
                         net (fo=712, routed)         1.682     3.721    u_apb_led/apb_clk
    SLICE_X12Y39         FDCE                                         r  u_apb_led/r_mono_led_reg[8]_lopt_replica/C
  -------------------------------------------------------------------    -------------------
    SLICE_X12Y39         FDCE (Prop_fdce_C_Q)         0.518     4.239 r  u_apb_led/r_mono_led_reg[8]_lopt_replica/Q
                         net (fo=1, routed)           3.766     8.005    lopt_8
    W19                  OBUF (Prop_obuf_I_O)         3.526    11.531 r  o_led_OBUF[8]_inst/O
                         net (fo=0)                   0.000    11.531    o_led[8]
    W19                                                               r  o_led[8] (OUT)
  -------------------------------------------------------------------    -------------------

Slack:                    inf
  Source:                 u_apb_led/r_mono_led_reg[7]_lopt_replica/C
                            (rising edge-triggered cell FDCE clocked by clk_fpga_0  {rise@0.000ns fall@5.000ns period=10.000ns})
  Destination:            o_led[7]
                            (output port)
  Path Group:             (none)
  Path Type:              Max at Slow Process Corner
  Data Path Delay:        7.680ns  (logic 4.003ns (52.119%)  route 3.677ns (47.881%))
  Logic Levels:           1  (OBUF=1)
  Clock Uncertainty:      0.152ns  ((TSJ^2 + TIJ^2)^1/2 + DJ) / 2 + PE
    Total System Jitter     (TSJ):    0.050ns
    Total Input Jitter      (TIJ):    0.300ns
    Discrete Jitter          (DJ):    0.000ns
    Phase Error              (PE):    0.000ns

    Location             Delay type                Incr(ns)  Path(ns)    Netlist Resource(s)
  -------------------------------------------------------------------    -------------------
                         (clock clk_fpga_0 rise edge)
                                                      0.000     0.000 r  
    PS7_X0Y0             PS7                          0.000     0.000 r  u_week10_wrapper/week10_i/processing_system7_0/inst/PS7_i/FCLKCLK[0]
                         net (fo=1, routed)           1.938     1.938    u_week10_wrapper/week10_i/processing_system7_0/inst/FCLK_CLK_unbuffered[0]
    BUFGCTRL_X0Y16       BUFG (Prop_bufg_I_O)         0.101     2.039 r  u_week10_wrapper/week10_i/processing_system7_0/inst/buffer_fclk_clk_0.FCLK_CLK_0_BUFG/O
                         net (fo=712, routed)         1.683     3.722    u_apb_led/apb_clk
    SLICE_X13Y42         FDCE                                         r  u_apb_led/r_mono_led_reg[7]_lopt_replica/C
  -------------------------------------------------------------------    -------------------
    SLICE_X13Y42         FDCE (Prop_fdce_C_Q)         0.456     4.178 r  u_apb_led/r_mono_led_reg[7]_lopt_replica/Q
                         net (fo=1, routed)           3.677     7.856    lopt_7
    W20                  OBUF (Prop_obuf_I_O)         3.547    11.402 r  o_led_OBUF[7]_inst/O
                         net (fo=0)                   0.000    11.402    o_led[7]
    W20                                                               r  o_led[7] (OUT)
  -------------------------------------------------------------------    -------------------

Slack:                    inf
  Source:                 u_apb_led/r_mono_led_reg[6]_lopt_replica/C
                            (rising edge-triggered cell FDCE clocked by clk_fpga_0  {rise@0.000ns fall@5.000ns period=10.000ns})
  Destination:            o_led[6]
                            (output port)
  Path Group:             (none)
  Path Type:              Max at Slow Process Corner
  Data Path Delay:        7.600ns  (logic 4.063ns (53.457%)  route 3.537ns (46.543%))
  Logic Levels:           1  (OBUF=1)
  Clock Uncertainty:      0.152ns  ((TSJ^2 + TIJ^2)^1/2 + DJ) / 2 + PE
    Total System Jitter     (TSJ):    0.050ns
    Total Input Jitter      (TIJ):    0.300ns
    Discrete Jitter          (DJ):    0.000ns
    Phase Error              (PE):    0.000ns

    Location             Delay type                Incr(ns)  Path(ns)    Netlist Resource(s)
  -------------------------------------------------------------------    -------------------
                         (clock clk_fpga_0 rise edge)
                                                      0.000     0.000 r  
    PS7_X0Y0             PS7                          0.000     0.000 r  u_week10_wrapper/week10_i/processing_system7_0/inst/PS7_i/FCLKCLK[0]
                         net (fo=1, routed)           1.938     1.938    u_week10_wrapper/week10_i/processing_system7_0/inst/FCLK_CLK_unbuffered[0]
    BUFGCTRL_X0Y16       BUFG (Prop_bufg_I_O)         0.101     2.039 r  u_week10_wrapper/week10_i/processing_system7_0/inst/buffer_fclk_clk_0.FCLK_CLK_0_BUFG/O
                         net (fo=712, routed)         1.683     3.722    u_apb_led/apb_clk
    SLICE_X12Y41         FDCE                                         r  u_apb_led/r_mono_led_reg[6]_lopt_replica/C
  -------------------------------------------------------------------    -------------------
    SLICE_X12Y41         FDCE (Prop_fdce_C_Q)         0.518     4.240 r  u_apb_led/r_mono_led_reg[6]_lopt_replica/Q
                         net (fo=1, routed)           3.537     7.778    lopt_6
    V20                  OBUF (Prop_obuf_I_O)         3.545    11.322 r  o_led_OBUF[6]_inst/O
                         net (fo=0)                   0.000    11.322    o_led[6]
    V20                                                               r  o_led[6] (OUT)
  -------------------------------------------------------------------    -------------------

Slack:                    inf
  Source:                 u_apb_led/r_mono_led_reg[9]_lopt_replica/C
                            (rising edge-triggered cell FDCE clocked by clk_fpga_0  {rise@0.000ns fall@5.000ns period=10.000ns})
  Destination:            o_led[9]
                            (output port)
  Path Group:             (none)
  Path Type:              Max at Slow Process Corner
  Data Path Delay:        7.590ns  (logic 4.064ns (53.547%)  route 3.526ns (46.453%))
  Logic Levels:           1  (OBUF=1)
  Clock Uncertainty:      0.152ns  ((TSJ^2 + TIJ^2)^1/2 + DJ) / 2 + PE
    Total System Jitter     (TSJ):    0.050ns
    Total Input Jitter      (TIJ):    0.300ns
    Discrete Jitter          (DJ):    0.000ns
    Phase Error              (PE):    0.000ns

    Location             Delay type                Incr(ns)  Path(ns)    Netlist Resource(s)
  -------------------------------------------------------------------    -------------------
                         (clock clk_fpga_0 rise edge)
                                                      0.000     0.000 r  
    PS7_X0Y0             PS7                          0.000     0.000 r  u_week10_wrapper/week10_i/processing_system7_0/inst/PS7_i/FCLKCLK[0]
                         net (fo=1, routed)           1.938     1.938    u_week10_wrapper/week10_i/processing_system7_0/inst/FCLK_CLK_unbuffered[0]
    BUFGCTRL_X0Y16       BUFG (Prop_bufg_I_O)         0.101     2.039 r  u_week10_wrapper/week10_i/processing_system7_0/inst/buffer_fclk_clk_0.FCLK_CLK_0_BUFG/O
                         net (fo=712, routed)         1.682     3.721    u_apb_led/apb_clk
    SLICE_X12Y39         FDCE                                         r  u_apb_led/r_mono_led_reg[9]_lopt_replica/C
  -------------------------------------------------------------------    -------------------
    SLICE_X12Y39         FDCE (Prop_fdce_C_Q)         0.518     4.239 r  u_apb_led/r_mono_led_reg[9]_lopt_replica/Q
                         net (fo=1, routed)           3.526     7.765    lopt_9
    Y19                  OBUF (Prop_obuf_I_O)         3.546    11.312 r  o_led_OBUF[9]_inst/O
                         net (fo=0)                   0.000    11.312    o_led[9]
    Y19                                                               r  o_led[9] (OUT)
  -------------------------------------------------------------------    -------------------

Slack:                    inf
  Source:                 u_apb_led/r_mono_led_reg[3]_lopt_replica/C
                            (rising edge-triggered cell FDCE clocked by clk_fpga_0  {rise@0.000ns fall@5.000ns period=10.000ns})
  Destination:            o_led[3]
                            (output port)
  Path Group:             (none)
  Path Type:              Max at Slow Process Corner
  Data Path Delay:        7.527ns  (logic 4.055ns (53.874%)  route 3.472ns (46.126%))
  Logic Levels:           1  (OBUF=1)
  Clock Uncertainty:      0.152ns  ((TSJ^2 + TIJ^2)^1/2 + DJ) / 2 + PE
    Total System Jitter     (TSJ):    0.050ns
    Total Input Jitter      (TIJ):    0.300ns
    Discrete Jitter          (DJ):    0.000ns
    Phase Error              (PE):    0.000ns

    Location             Delay type                Incr(ns)  Path(ns)    Netlist Resource(s)
  -------------------------------------------------------------------    -------------------
                         (clock clk_fpga_0 rise edge)
                                                      0.000     0.000 r  
    PS7_X0Y0             PS7                          0.000     0.000 r  u_week10_wrapper/week10_i/processing_system7_0/inst/PS7_i/FCLKCLK[0]
                         net (fo=1, routed)           1.938     1.938    u_week10_wrapper/week10_i/processing_system7_0/inst/FCLK_CLK_unbuffered[0]
    BUFGCTRL_X0Y16       BUFG (Prop_bufg_I_O)         0.101     2.039 r  u_week10_wrapper/week10_i/processing_system7_0/inst/buffer_fclk_clk_0.FCLK_CLK_0_BUFG/O
                         net (fo=712, routed)         1.682     3.721    u_apb_led/apb_clk
    SLICE_X12Y39         FDCE                                         r  u_apb_led/r_mono_led_reg[3]_lopt_replica/C
  -------------------------------------------------------------------    -------------------
    SLICE_X12Y39         FDCE (Prop_fdce_C_Q)         0.518     4.239 r  u_apb_led/r_mono_led_reg[3]_lopt_replica/Q
                         net (fo=1, routed)           3.472     7.711    lopt_3
    T20                  OBUF (Prop_obuf_I_O)         3.537    11.249 r  o_led_OBUF[3]_inst/O
                         net (fo=0)                   0.000    11.249    o_led[3]
    T20                                                               r  o_led[3] (OUT)
  -------------------------------------------------------------------    -------------------

Slack:                    inf
  Source:                 u_apb_led/r_color_led_0_reg[1]/C
                            (rising edge-triggered cell FDCE clocked by clk_fpga_0  {rise@0.000ns fall@5.000ns period=10.000ns})
  Destination:            o_color_led_0[1]
                            (output port)
  Path Group:             (none)
  Path Type:              Max at Slow Process Corner
  Data Path Delay:        7.439ns  (logic 3.987ns (53.592%)  route 3.452ns (46.408%))
  Logic Levels:           1  (OBUF=1)
  Clock Uncertainty:      0.152ns  ((TSJ^2 + TIJ^2)^1/2 + DJ) / 2 + PE
    Total System Jitter     (TSJ):    0.050ns
    Total Input Jitter      (TIJ):    0.300ns
    Discrete Jitter          (DJ):    0.000ns
    Phase Error              (PE):    0.000ns

    Location             Delay type                Incr(ns)  Path(ns)    Netlist Resource(s)
  -------------------------------------------------------------------    -------------------
                         (clock clk_fpga_0 rise edge)
                                                      0.000     0.000 r  
    PS7_X0Y0             PS7                          0.000     0.000 r  u_week10_wrapper/week10_i/processing_system7_0/inst/PS7_i/FCLKCLK[0]
                         net (fo=1, routed)           1.938     1.938    u_week10_wrapper/week10_i/processing_system7_0/inst/FCLK_CLK_unbuffered[0]
    BUFGCTRL_X0Y16       BUFG (Prop_bufg_I_O)         0.101     2.039 r  u_week10_wrapper/week10_i/processing_system7_0/inst/buffer_fclk_clk_0.FCLK_CLK_0_BUFG/O
                         net (fo=712, routed)         1.677     3.716    u_apb_led/apb_clk
    SLICE_X14Y39         FDCE                                         r  u_apb_led/r_color_led_0_reg[1]/C
  -------------------------------------------------------------------    -------------------
    SLICE_X14Y39         FDCE (Prop_fdce_C_Q)         0.456     4.172 r  u_apb_led/r_color_led_0_reg[1]/Q
                         net (fo=3, routed)           3.452     7.625    o_color_led_0_OBUF[1]
    W16                  OBUF (Prop_obuf_I_O)         3.531    11.156 r  o_color_led_0_OBUF[1]_inst/O
                         net (fo=0)                   0.000    11.156    o_color_led_0[1]
    W16                                                               r  o_color_led_0[1] (OUT)
  -------------------------------------------------------------------    -------------------

Slack:                    inf
  Source:                 u_apb_led/r_color_led_0_reg[2]/C
                            (rising edge-triggered cell FDCE clocked by clk_fpga_0  {rise@0.000ns fall@5.000ns period=10.000ns})
  Destination:            o_color_led_0[2]
                            (output port)
  Path Group:             (none)
  Path Type:              Max at Slow Process Corner
  Data Path Delay:        7.283ns  (logic 4.009ns (55.047%)  route 3.274ns (44.953%))
  Logic Levels:           1  (OBUF=1)
  Clock Uncertainty:      0.152ns  ((TSJ^2 + TIJ^2)^1/2 + DJ) / 2 + PE
    Total System Jitter     (TSJ):    0.050ns
    Total Input Jitter      (TIJ):    0.300ns
    Discrete Jitter          (DJ):    0.000ns
    Phase Error              (PE):    0.000ns

    Location             Delay type                Incr(ns)  Path(ns)    Netlist Resource(s)
  -------------------------------------------------------------------    -------------------
                         (clock clk_fpga_0 rise edge)
                                                      0.000     0.000 r  
    PS7_X0Y0             PS7                          0.000     0.000 r  u_week10_wrapper/week10_i/processing_system7_0/inst/PS7_i/FCLKCLK[0]
                         net (fo=1, routed)           1.938     1.938    u_week10_wrapper/week10_i/processing_system7_0/inst/FCLK_CLK_unbuffered[0]
    BUFGCTRL_X0Y16       BUFG (Prop_bufg_I_O)         0.101     2.039 r  u_week10_wrapper/week10_i/processing_system7_0/inst/buffer_fclk_clk_0.FCLK_CLK_0_BUFG/O
                         net (fo=712, routed)         1.677     3.716    u_apb_led/apb_clk
    SLICE_X14Y39         FDCE                                         r  u_apb_led/r_color_led_0_reg[2]/C
  -------------------------------------------------------------------    -------------------
    SLICE_X14Y39         FDCE (Prop_fdce_C_Q)         0.456     4.172 r  u_apb_led/r_color_led_0_reg[2]/Q
                         net (fo=3, routed)           3.274     7.446    o_color_led_0_OBUF[2]
    Y18                  OBUF (Prop_obuf_I_O)         3.553    10.999 r  o_color_led_0_OBUF[2]_inst/O
                         net (fo=0)                   0.000    10.999    o_color_led_0[2]
    Y18                                                               r  o_color_led_0[2] (OUT)
  -------------------------------------------------------------------    -------------------

Slack:                    inf
  Source:                 u_apb_led/r_color_led_1_reg[1]/C
                            (rising edge-triggered cell FDCE clocked by clk_fpga_0  {rise@0.000ns fall@5.000ns period=10.000ns})
  Destination:            o_color_led_1[1]
                            (output port)
  Path Group:             (none)
  Path Type:              Max at Slow Process Corner
  Data Path Delay:        7.268ns  (logic 4.078ns (56.108%)  route 3.190ns (43.892%))
  Logic Levels:           1  (OBUF=1)
  Clock Uncertainty:      0.152ns  ((TSJ^2 + TIJ^2)^1/2 + DJ) / 2 + PE
    Total System Jitter     (TSJ):    0.050ns
    Total Input Jitter      (TIJ):    0.300ns
    Discrete Jitter          (DJ):    0.000ns
    Phase Error              (PE):    0.000ns

    Location             Delay type                Incr(ns)  Path(ns)    Netlist Resource(s)
  -------------------------------------------------------------------    -------------------
                         (clock clk_fpga_0 rise edge)
                                                      0.000     0.000 r  
    PS7_X0Y0             PS7                          0.000     0.000 r  u_week10_wrapper/week10_i/processing_system7_0/inst/PS7_i/FCLKCLK[0]
                         net (fo=1, routed)           1.938     1.938    u_week10_wrapper/week10_i/processing_system7_0/inst/FCLK_CLK_unbuffered[0]
    BUFGCTRL_X0Y16       BUFG (Prop_bufg_I_O)         0.101     2.039 r  u_week10_wrapper/week10_i/processing_system7_0/inst/buffer_fclk_clk_0.FCLK_CLK_0_BUFG/O
                         net (fo=712, routed)         1.682     3.721    u_apb_led/apb_clk
    SLICE_X13Y39         FDCE                                         r  u_apb_led/r_color_led_1_reg[1]/C
  -------------------------------------------------------------------    -------------------
    SLICE_X13Y39         FDCE (Prop_fdce_C_Q)         0.456     4.177 r  u_apb_led/r_color_led_1_reg[1]/Q
                         net (fo=3, routed)           3.190     7.367    o_color_led_1_OBUF[1]
    Y16                  OBUF (Prop_obuf_I_O)         3.622    10.989 r  o_color_led_1_OBUF[1]_inst/O
                         net (fo=0)                   0.000    10.989    o_color_led_1[1]
    Y16                                                               r  o_color_led_1[1] (OUT)
  -------------------------------------------------------------------    -------------------





Min Delay Paths
--------------------------------------------------------------------------------------
Slack:                    inf
  Source:                 u_apb_led/r_color_led_1_reg[2]/C
                            (rising edge-triggered cell FDCE clocked by clk_fpga_0  {rise@0.000ns fall@5.000ns period=10.000ns})
  Destination:            o_color_led_1[2]
                            (output port)
  Path Group:             (none)
  Path Type:              Min at Fast Process Corner
  Data Path Delay:        2.130ns  (logic 1.456ns (68.344%)  route 0.674ns (31.656%))
  Logic Levels:           1  (OBUF=1)
  Clock Uncertainty:      0.152ns  ((TSJ^2 + TIJ^2)^1/2 + DJ) / 2 + PE
    Total System Jitter     (TSJ):    0.050ns
    Total Input Jitter      (TIJ):    0.300ns
    Discrete Jitter          (DJ):    0.000ns
    Phase Error              (PE):    0.000ns

    Location             Delay type                Incr(ns)  Path(ns)    Netlist Resource(s)
  -------------------------------------------------------------------    -------------------
                         (clock clk_fpga_0 rise edge)
                                                      0.000     0.000 r  
    PS7_X0Y0             PS7                          0.000     0.000 r  u_week10_wrapper/week10_i/processing_system7_0/inst/PS7_i/FCLKCLK[0]
                         net (fo=1, routed)           0.804     0.804    u_week10_wrapper/week10_i/processing_system7_0/inst/FCLK_CLK_unbuffered[0]
    BUFGCTRL_X0Y16       BUFG (Prop_bufg_I_O)         0.026     0.830 r  u_week10_wrapper/week10_i/processing_system7_0/inst/buffer_fclk_clk_0.FCLK_CLK_0_BUFG/O
                         net (fo=712, routed)         0.563     1.393    u_apb_led/apb_clk
    SLICE_X14Y39         FDCE                                         r  u_apb_led/r_color_led_1_reg[2]/C
  -------------------------------------------------------------------    -------------------
    SLICE_X14Y39         FDCE (Prop_fdce_C_Q)         0.141     1.534 r  u_apb_led/r_color_led_1_reg[2]/Q
                         net (fo=3, routed)           0.674     2.208    o_color_led_1_OBUF[2]
    Y17                  OBUF (Prop_obuf_I_O)         1.315     3.523 r  o_color_led_1_OBUF[2]_inst/O
                         net (fo=0)                   0.000     3.523    o_color_led_1[2]
    Y17                                                               r  o_color_led_1[2] (OUT)
  -------------------------------------------------------------------    -------------------

Slack:                    inf
  Source:                 u_apb_led/r_mono_led_reg[2]_lopt_replica/C
                            (rising edge-triggered cell FDCE clocked by clk_fpga_0  {rise@0.000ns fall@5.000ns period=10.000ns})
  Destination:            o_led[2]
                            (output port)
  Path Group:             (none)
  Path Type:              Min at Fast Process Corner
  Data Path Delay:        2.330ns  (logic 1.394ns (59.835%)  route 0.936ns (40.165%))
  Logic Levels:           1  (OBUF=1)
  Clock Uncertainty:      0.152ns  ((TSJ^2 + TIJ^2)^1/2 + DJ) / 2 + PE
    Total System Jitter     (TSJ):    0.050ns
    Total Input Jitter      (TIJ):    0.300ns
    Discrete Jitter          (DJ):    0.000ns
    Phase Error              (PE):    0.000ns

    Location             Delay type                Incr(ns)  Path(ns)    Netlist Resource(s)
  -------------------------------------------------------------------    -------------------
                         (clock clk_fpga_0 rise edge)
                                                      0.000     0.000 r  
    PS7_X0Y0             PS7                          0.000     0.000 r  u_week10_wrapper/week10_i/processing_system7_0/inst/PS7_i/FCLKCLK[0]
                         net (fo=1, routed)           0.804     0.804    u_week10_wrapper/week10_i/processing_system7_0/inst/FCLK_CLK_unbuffered[0]
    BUFGCTRL_X0Y16       BUFG (Prop_bufg_I_O)         0.026     0.830 r  u_week10_wrapper/week10_i/processing_system7_0/inst/buffer_fclk_clk_0.FCLK_CLK_0_BUFG/O
                         net (fo=712, routed)         0.564     1.394    u_apb_led/apb_clk
    SLICE_X15Y41         FDCE                                         r  u_apb_led/r_mono_led_reg[2]_lopt_replica/C
  -------------------------------------------------------------------    -------------------
    SLICE_X15Y41         FDCE (Prop_fdce_C_Q)         0.141     1.535 r  u_apb_led/r_mono_led_reg[2]_lopt_replica/Q
                         net (fo=1, routed)           0.936     2.471    lopt_2
    R19                  OBUF (Prop_obuf_I_O)         1.253     3.723 r  o_led_OBUF[2]_inst/O
                         net (fo=0)                   0.000     3.723    o_led[2]
    R19                                                               r  o_led[2] (OUT)
  -------------------------------------------------------------------    -------------------

Slack:                    inf
  Source:                 u_apb_led/r_mono_led_reg[0]_lopt_replica/C
                            (rising edge-triggered cell FDCE clocked by clk_fpga_0  {rise@0.000ns fall@5.000ns period=10.000ns})
  Destination:            o_led[0]
                            (output port)
  Path Group:             (none)
  Path Type:              Min at Fast Process Corner
  Data Path Delay:        2.428ns  (logic 1.391ns (57.263%)  route 1.038ns (42.737%))
  Logic Levels:           1  (OBUF=1)
  Clock Uncertainty:      0.152ns  ((TSJ^2 + TIJ^2)^1/2 + DJ) / 2 + PE
    Total System Jitter     (TSJ):    0.050ns
    Total Input Jitter      (TIJ):    0.300ns
    Discrete Jitter          (DJ):    0.000ns
    Phase Error              (PE):    0.000ns

    Location             Delay type                Incr(ns)  Path(ns)    Netlist Resource(s)
  -------------------------------------------------------------------    -------------------
                         (clock clk_fpga_0 rise edge)
                                                      0.000     0.000 r  
    PS7_X0Y0             PS7                          0.000     0.000 r  u_week10_wrapper/week10_i/processing_system7_0/inst/PS7_i/FCLKCLK[0]
                         net (fo=1, routed)           0.804     0.804    u_week10_wrapper/week10_i/processing_system7_0/inst/FCLK_CLK_unbuffered[0]
    BUFGCTRL_X0Y16       BUFG (Prop_bufg_I_O)         0.026     0.830 r  u_week10_wrapper/week10_i/processing_system7_0/inst/buffer_fclk_clk_0.FCLK_CLK_0_BUFG/O
                         net (fo=712, routed)         0.563     1.393    u_apb_led/apb_clk
    SLICE_X15Y39         FDCE                                         r  u_apb_led/r_mono_led_reg[0]_lopt_replica/C
  -------------------------------------------------------------------    -------------------
    SLICE_X15Y39         FDCE (Prop_fdce_C_Q)         0.141     1.534 r  u_apb_led/r_mono_led_reg[0]_lopt_replica/Q
                         net (fo=1, routed)           1.038     2.572    lopt
    N20                  OBUF (Prop_obuf_I_O)         1.250     3.821 r  o_led_OBUF[0]_inst/O
                         net (fo=0)                   0.000     3.821    o_led[0]
    N20                                                               r  o_led[0] (OUT)
  -------------------------------------------------------------------    -------------------

Slack:                    inf
  Source:                 u_apb_led/r_color_led_1_reg[0]/C
                            (rising edge-triggered cell FDCE clocked by clk_fpga_0  {rise@0.000ns fall@5.000ns period=10.000ns})
  Destination:            o_color_led_1[0]
                            (output port)
  Path Group:             (none)
  Path Type:              Min at Fast Process Corner
  Data Path Delay:        2.448ns  (logic 1.481ns (60.507%)  route 0.967ns (39.493%))
  Logic Levels:           1  (OBUF=1)
  Clock Uncertainty:      0.152ns  ((TSJ^2 + TIJ^2)^1/2 + DJ) / 2 + PE
    Total System Jitter     (TSJ):    0.050ns
    Total Input Jitter      (TIJ):    0.300ns
    Discrete Jitter          (DJ):    0.000ns
    Phase Error              (PE):    0.000ns

    Location             Delay type                Incr(ns)  Path(ns)    Netlist Resource(s)
  -------------------------------------------------------------------    -------------------
                         (clock clk_fpga_0 rise edge)
                                                      0.000     0.000 r  
    PS7_X0Y0             PS7                          0.000     0.000 r  u_week10_wrapper/week10_i/processing_system7_0/inst/PS7_i/FCLKCLK[0]
                         net (fo=1, routed)           0.804     0.804    u_week10_wrapper/week10_i/processing_system7_0/inst/FCLK_CLK_unbuffered[0]
    BUFGCTRL_X0Y16       BUFG (Prop_bufg_I_O)         0.026     0.830 r  u_week10_wrapper/week10_i/processing_system7_0/inst/buffer_fclk_clk_0.FCLK_CLK_0_BUFG/O
                         net (fo=712, routed)         0.563     1.393    u_apb_led/apb_clk
    SLICE_X14Y39         FDCE                                         r  u_apb_led/r_color_led_1_reg[0]/C
  -------------------------------------------------------------------    -------------------
    SLICE_X14Y39         FDCE (Prop_fdce_C_Q)         0.141     1.534 r  u_apb_led/r_color_led_1_reg[0]/Q
                         net (fo=3, routed)           0.967     2.501    o_color_led_1_OBUF[0]
    Y14                  OBUF (Prop_obuf_I_O)         1.340     3.841 r  o_color_led_1_OBUF[0]_inst/O
                         net (fo=0)                   0.000     3.841    o_color_led_1[0]
    Y14                                                               r  o_color_led_1[0] (OUT)
  -------------------------------------------------------------------    -------------------

Slack:                    inf
  Source:                 u_apb_led/r_mono_led_reg[5]_lopt_replica/C
                            (rising edge-triggered cell FDCE clocked by clk_fpga_0  {rise@0.000ns fall@5.000ns period=10.000ns})
  Destination:            o_led[5]
                            (output port)
  Path Group:             (none)
  Path Type:              Min at Fast Process Corner
  Data Path Delay:        2.446ns  (logic 1.416ns (57.892%)  route 1.030ns (42.108%))
  Logic Levels:           1  (OBUF=1)
  Clock Uncertainty:      0.152ns  ((TSJ^2 + TIJ^2)^1/2 + DJ) / 2 + PE
    Total System Jitter     (TSJ):    0.050ns
    Total Input Jitter      (TIJ):    0.300ns
    Discrete Jitter          (DJ):    0.000ns
    Phase Error              (PE):    0.000ns

    Location             Delay type                Incr(ns)  Path(ns)    Netlist Resource(s)
  -------------------------------------------------------------------    -------------------
                         (clock clk_fpga_0 rise edge)
                                                      0.000     0.000 r  
    PS7_X0Y0             PS7                          0.000     0.000 r  u_week10_wrapper/week10_i/processing_system7_0/inst/PS7_i/FCLKCLK[0]
                         net (fo=1, routed)           0.804     0.804    u_week10_wrapper/week10_i/processing_system7_0/inst/FCLK_CLK_unbuffered[0]
    BUFGCTRL_X0Y16       BUFG (Prop_bufg_I_O)         0.026     0.830 r  u_week10_wrapper/week10_i/processing_system7_0/inst/buffer_fclk_clk_0.FCLK_CLK_0_BUFG/O
                         net (fo=712, routed)         0.568     1.398    u_apb_led/apb_clk
    SLICE_X13Y43         FDCE                                         r  u_apb_led/r_mono_led_reg[5]_lopt_replica/C
  -------------------------------------------------------------------    -------------------
    SLICE_X13Y43         FDCE (Prop_fdce_C_Q)         0.141     1.539 r  u_apb_led/r_mono_led_reg[5]_lopt_replica/Q
                         net (fo=1, routed)           1.030     2.569    lopt_5
    U13                  OBUF (Prop_obuf_I_O)         1.275     3.844 r  o_led_OBUF[5]_inst/O
                         net (fo=0)                   0.000     3.844    o_led[5]
    U13                                                               r  o_led[5] (OUT)
  -------------------------------------------------------------------    -------------------

Slack:                    inf
  Source:                 u_apb_led/r_mono_led_reg[1]_lopt_replica/C
                            (rising edge-triggered cell FDCE clocked by clk_fpga_0  {rise@0.000ns fall@5.000ns period=10.000ns})
  Destination:            o_led[1]
                            (output port)
  Path Group:             (none)
  Path Type:              Min at Fast Process Corner
  Data Path Delay:        2.466ns  (logic 1.391ns (56.395%)  route 1.075ns (43.605%))
  Logic Levels:           1  (OBUF=1)
  Clock Uncertainty:      0.152ns  ((TSJ^2 + TIJ^2)^1/2 + DJ) / 2 + PE
    Total System Jitter     (TSJ):    0.050ns
    Total Input Jitter      (TIJ):    0.300ns
    Discrete Jitter          (DJ):    0.000ns
    Phase Error              (PE):    0.000ns

    Location             Delay type                Incr(ns)  Path(ns)    Netlist Resource(s)
  -------------------------------------------------------------------    -------------------
                         (clock clk_fpga_0 rise edge)
                                                      0.000     0.000 r  
    PS7_X0Y0             PS7                          0.000     0.000 r  u_week10_wrapper/week10_i/processing_system7_0/inst/PS7_i/FCLKCLK[0]
                         net (fo=1, routed)           0.804     0.804    u_week10_wrapper/week10_i/processing_system7_0/inst/FCLK_CLK_unbuffered[0]
    BUFGCTRL_X0Y16       BUFG (Prop_bufg_I_O)         0.026     0.830 r  u_week10_wrapper/week10_i/processing_system7_0/inst/buffer_fclk_clk_0.FCLK_CLK_0_BUFG/O
                         net (fo=712, routed)         0.563     1.393    u_apb_led/apb_clk
    SLICE_X15Y39         FDCE                                         r  u_apb_led/r_mono_led_reg[1]_lopt_replica/C
  -------------------------------------------------------------------    -------------------
    SLICE_X15Y39         FDCE (Prop_fdce_C_Q)         0.141     1.534 r  u_apb_led/r_mono_led_reg[1]_lopt_replica/Q
                         net (fo=1, routed)           1.075     2.609    lopt_1
    P20                  OBUF (Prop_obuf_I_O)         1.250     3.859 r  o_led_OBUF[1]_inst/O
                         net (fo=0)                   0.000     3.859    o_led[1]
    P20                                                               r  o_led[1] (OUT)
  -------------------------------------------------------------------    -------------------

Slack:                    inf
  Source:                 u_apb_led/r_color_led_0_reg[2]/C
                            (rising edge-triggered cell FDCE clocked by clk_fpga_0  {rise@0.000ns fall@5.000ns period=10.000ns})
  Destination:            o_color_led_0[2]
                            (output port)
  Path Group:             (none)
  Path Type:              Min at Fast Process Corner
  Data Path Delay:        2.527ns  (logic 1.395ns (55.201%)  route 1.132ns (44.799%))
  Logic Levels:           1  (OBUF=1)
  Clock Uncertainty:      0.152ns  ((TSJ^2 + TIJ^2)^1/2 + DJ) / 2 + PE
    Total System Jitter     (TSJ):    0.050ns
    Total Input Jitter      (TIJ):    0.300ns
    Discrete Jitter          (DJ):    0.000ns
    Phase Error              (PE):    0.000ns

    Location             Delay type                Incr(ns)  Path(ns)    Netlist Resource(s)
  -------------------------------------------------------------------    -------------------
                         (clock clk_fpga_0 rise edge)
                                                      0.000     0.000 r  
    PS7_X0Y0             PS7                          0.000     0.000 r  u_week10_wrapper/week10_i/processing_system7_0/inst/PS7_i/FCLKCLK[0]
                         net (fo=1, routed)           0.804     0.804    u_week10_wrapper/week10_i/processing_system7_0/inst/FCLK_CLK_unbuffered[0]
    BUFGCTRL_X0Y16       BUFG (Prop_bufg_I_O)         0.026     0.830 r  u_week10_wrapper/week10_i/processing_system7_0/inst/buffer_fclk_clk_0.FCLK_CLK_0_BUFG/O
                         net (fo=712, routed)         0.563     1.393    u_apb_led/apb_clk
    SLICE_X14Y39         FDCE                                         r  u_apb_led/r_color_led_0_reg[2]/C
  -------------------------------------------------------------------    -------------------
    SLICE_X14Y39         FDCE (Prop_fdce_C_Q)         0.141     1.534 r  u_apb_led/r_color_led_0_reg[2]/Q
                         net (fo=3, routed)           1.132     2.666    o_color_led_0_OBUF[2]
    Y18                  OBUF (Prop_obuf_I_O)         1.254     3.920 r  o_color_led_0_OBUF[2]_inst/O
                         net (fo=0)                   0.000     3.920    o_color_led_0[2]
    Y18                                                               r  o_color_led_0[2] (OUT)
  -------------------------------------------------------------------    -------------------

Slack:                    inf
  Source:                 u_apb_led/r_color_led_1_reg[1]/C
                            (rising edge-triggered cell FDCE clocked by clk_fpga_0  {rise@0.000ns fall@5.000ns period=10.000ns})
  Destination:            o_color_led_1[1]
                            (output port)
  Path Group:             (none)
  Path Type:              Min at Fast Process Corner
  Data Path Delay:        2.570ns  (logic 1.463ns (56.923%)  route 1.107ns (43.077%))
  Logic Levels:           1  (OBUF=1)
  Clock Uncertainty:      0.152ns  ((TSJ^2 + TIJ^2)^1/2 + DJ) / 2 + PE
    Total System Jitter     (TSJ):    0.050ns
    Total Input Jitter      (TIJ):    0.300ns
    Discrete Jitter          (DJ):    0.000ns
    Phase Error              (PE):    0.000ns

    Location             Delay type                Incr(ns)  Path(ns)    Netlist Resource(s)
  -------------------------------------------------------------------    -------------------
                         (clock clk_fpga_0 rise edge)
                                                      0.000     0.000 r  
    PS7_X0Y0             PS7                          0.000     0.000 r  u_week10_wrapper/week10_i/processing_system7_0/inst/PS7_i/FCLKCLK[0]
                         net (fo=1, routed)           0.804     0.804    u_week10_wrapper/week10_i/processing_system7_0/inst/FCLK_CLK_unbuffered[0]
    BUFGCTRL_X0Y16       BUFG (Prop_bufg_I_O)         0.026     0.830 r  u_week10_wrapper/week10_i/processing_system7_0/inst/buffer_fclk_clk_0.FCLK_CLK_0_BUFG/O
                         net (fo=712, routed)         0.566     1.396    u_apb_led/apb_clk
    SLICE_X13Y39         FDCE                                         r  u_apb_led/r_color_led_1_reg[1]/C
  -------------------------------------------------------------------    -------------------
    SLICE_X13Y39         FDCE (Prop_fdce_C_Q)         0.141     1.537 r  u_apb_led/r_color_led_1_reg[1]/Q
                         net (fo=3, routed)           1.107     2.644    o_color_led_1_OBUF[1]
    Y16                  OBUF (Prop_obuf_I_O)         1.322     3.966 r  o_color_led_1_OBUF[1]_inst/O
                         net (fo=0)                   0.000     3.966    o_color_led_1[1]
    Y16                                                               r  o_color_led_1[1] (OUT)
  -------------------------------------------------------------------    -------------------

Slack:                    inf
  Source:                 u_apb_led/r_color_led_0_reg[1]/C
                            (rising edge-triggered cell FDCE clocked by clk_fpga_0  {rise@0.000ns fall@5.000ns period=10.000ns})
  Destination:            o_color_led_0[1]
                            (output port)
  Path Group:             (none)
  Path Type:              Min at Fast Process Corner
  Data Path Delay:        2.587ns  (logic 1.373ns (53.060%)  route 1.214ns (46.940%))
  Logic Levels:           1  (OBUF=1)
  Clock Uncertainty:      0.152ns  ((TSJ^2 + TIJ^2)^1/2 + DJ) / 2 + PE
    Total System Jitter     (TSJ):    0.050ns
    Total Input Jitter      (TIJ):    0.300ns
    Discrete Jitter          (DJ):    0.000ns
    Phase Error              (PE):    0.000ns

    Location             Delay type                Incr(ns)  Path(ns)    Netlist Resource(s)
  -------------------------------------------------------------------    -------------------
                         (clock clk_fpga_0 rise edge)
                                                      0.000     0.000 r  
    PS7_X0Y0             PS7                          0.000     0.000 r  u_week10_wrapper/week10_i/processing_system7_0/inst/PS7_i/FCLKCLK[0]
                         net (fo=1, routed)           0.804     0.804    u_week10_wrapper/week10_i/processing_system7_0/inst/FCLK_CLK_unbuffered[0]
    BUFGCTRL_X0Y16       BUFG (Prop_bufg_I_O)         0.026     0.830 r  u_week10_wrapper/week10_i/processing_system7_0/inst/buffer_fclk_clk_0.FCLK_CLK_0_BUFG/O
                         net (fo=712, routed)         0.563     1.393    u_apb_led/apb_clk
    SLICE_X14Y39         FDCE                                         r  u_apb_led/r_color_led_0_reg[1]/C
  -------------------------------------------------------------------    -------------------
    SLICE_X14Y39         FDCE (Prop_fdce_C_Q)         0.141     1.534 r  u_apb_led/r_color_led_0_reg[1]/Q
                         net (fo=3, routed)           1.214     2.748    o_color_led_0_OBUF[1]
    W16                  OBUF (Prop_obuf_I_O)         1.232     3.980 r  o_color_led_0_OBUF[1]_inst/O
                         net (fo=0)                   0.000     3.980    o_color_led_0[1]
    W16                                                               r  o_color_led_0[1] (OUT)
  -------------------------------------------------------------------    -------------------

Slack:                    inf
  Source:                 u_apb_led/r_mono_led_reg[3]_lopt_replica/C
                            (rising edge-triggered cell FDCE clocked by clk_fpga_0  {rise@0.000ns fall@5.000ns period=10.000ns})
  Destination:            o_led[3]
                            (output port)
  Path Group:             (none)
  Path Type:              Min at Fast Process Corner
  Data Path Delay:        2.651ns  (logic 1.402ns (52.886%)  route 1.249ns (47.114%))
  Logic Levels:           1  (OBUF=1)
  Clock Uncertainty:      0.152ns  ((TSJ^2 + TIJ^2)^1/2 + DJ) / 2 + PE
    Total System Jitter     (TSJ):    0.050ns
    Total Input Jitter      (TIJ):    0.300ns
    Discrete Jitter          (DJ):    0.000ns
    Phase Error              (PE):    0.000ns

    Location             Delay type                Incr(ns)  Path(ns)    Netlist Resource(s)
  -------------------------------------------------------------------    -------------------
                         (clock clk_fpga_0 rise edge)
                                                      0.000     0.000 r  
    PS7_X0Y0             PS7                          0.000     0.000 r  u_week10_wrapper/week10_i/processing_system7_0/inst/PS7_i/FCLKCLK[0]
                         net (fo=1, routed)           0.804     0.804    u_week10_wrapper/week10_i/processing_system7_0/inst/FCLK_CLK_unbuffered[0]
    BUFGCTRL_X0Y16       BUFG (Prop_bufg_I_O)         0.026     0.830 r  u_week10_wrapper/week10_i/processing_system7_0/inst/buffer_fclk_clk_0.FCLK_CLK_0_BUFG/O
                         net (fo=712, routed)         0.566     1.396    u_apb_led/apb_clk
    SLICE_X12Y39         FDCE                                         r  u_apb_led/r_mono_led_reg[3]_lopt_replica/C
  -------------------------------------------------------------------    -------------------
    SLICE_X12Y39         FDCE (Prop_fdce_C_Q)         0.164     1.560 r  u_apb_led/r_mono_led_reg[3]_lopt_replica/Q
                         net (fo=1, routed)           1.249     2.809    lopt_3
    T20                  OBUF (Prop_obuf_I_O)         1.238     4.047 r  o_led_OBUF[3]_inst/O
                         net (fo=0)                   0.000     4.047    o_led[3]
    T20                                                               r  o_led[3] (OUT)
  -------------------------------------------------------------------    -------------------





--------------------------------------------------------------------------------------
Path Group:  (none)
From Clock:  
  To Clock:  clk_fpga_0

Max Delay            12 Endpoints
Min Delay            12 Endpoints
--------------------------------------------------------------------------------------


Max Delay Paths
--------------------------------------------------------------------------------------
Slack:                    inf
  Source:                 i_sw[2]
                            (input port)
  Destination:            u_week10_wrapper/week10_i/axi_apb_bridge_0/U0/AXILITE_SLAVE_IF_MODULE/S_AXI_RDATA_reg[2]/D
                            (rising edge-triggered cell FDRE clocked by clk_fpga_0  {rise@0.000ns fall@5.000ns period=10.000ns})
  Path Group:             (none)
  Path Type:              Setup (Max at Slow Process Corner)
  Data Path Delay:        6.986ns  (logic 1.823ns (26.094%)  route 5.163ns (73.906%))
  Logic Levels:           4  (IBUF=1 LUT3=1 LUT5=1 LUT6=1)
  Clock Path Skew:        3.267ns (DCD - SCD + CPR)
    Destination Clock Delay (DCD):    3.267ns
    Source Clock Delay      (SCD):    0.000ns
    Clock Pessimism Removal (CPR):    0.000ns
  Clock Uncertainty:      0.152ns  ((TSJ^2 + TIJ^2)^1/2 + DJ) / 2 + PE
    Total System Jitter     (TSJ):    0.050ns
    Total Input Jitter      (TIJ):    0.300ns
    Discrete Jitter          (DJ):    0.000ns
    Phase Error              (PE):    0.000ns

    Location             Delay type                Incr(ns)  Path(ns)    Netlist Resource(s)
  -------------------------------------------------------------------    -------------------
    R16                                               0.000     0.000 r  i_sw[2] (IN)
                         net (fo=0)                   0.000     0.000    i_sw[2]
    R16                  IBUF (Prop_ibuf_I_O)         1.451     1.451 r  i_sw_IBUF[2]_inst/O
                         net (fo=1, routed)           3.274     4.725    u_apb_led/i_sw_IBUF[2]
    SLICE_X15Y39         LUT6 (Prop_lut6_I0_O)        0.124     4.849 r  u_apb_led/week10_i_i_24/O
                         net (fo=1, routed)           1.309     6.158    u_week10_wrapper/r_mono_led_reg[9]_1
    SLICE_X11Y43         LUT5 (Prop_lut5_I3_O)        0.124     6.282 r  u_week10_wrapper/week10_i_i_10/O
                         net (fo=1, routed)           0.580     6.862    u_week10_wrapper/week10_i/axi_apb_bridge_0/U0/AXILITE_SLAVE_IF_MODULE/m_apb_prdata[2]
    SLICE_X7Y43          LUT3 (Prop_lut3_I2_O)        0.124     6.986 r  u_week10_wrapper/week10_i/axi_apb_bridge_0/U0/AXILITE_SLAVE_IF_MODULE/S_AXI_RDATA[2]_i_1/O
                         net (fo=1, routed)           0.000     6.986    u_week10_wrapper/week10_i/axi_apb_bridge_0/U0/AXILITE_SLAVE_IF_MODULE/p_2_in[2]
    SLICE_X7Y43          FDRE                                         r  u_week10_wrapper/week10_i/axi_apb_bridge_0/U0/AXILITE_SLAVE_IF_MODULE/S_AXI_RDATA_reg[2]/D
  -------------------------------------------------------------------    -------------------

                         (clock clk_fpga_0 rise edge)
                                                      0.000     0.000 r  
    PS7_X0Y0             PS7                          0.000     0.000 r  u_week10_wrapper/week10_i/processing_system7_0/inst/PS7_i/FCLKCLK[0]
                         net (fo=1, routed)           1.666     1.666    u_week10_wrapper/week10_i/processing_system7_0/inst/FCLK_CLK_unbuffered[0]
    BUFGCTRL_X0Y16       BUFG (Prop_bufg_I_O)         0.091     1.757 r  u_week10_wrapper/week10_i/processing_system7_0/inst/buffer_fclk_clk_0.FCLK_CLK_0_BUFG/O
                         net (fo=712, routed)         1.509     3.267    u_week10_wrapper/week10_i/axi_apb_bridge_0/U0/AXILITE_SLAVE_IF_MODULE/s_axi_aclk
    SLICE_X7Y43          FDRE                                         r  u_week10_wrapper/week10_i/axi_apb_bridge_0/U0/AXILITE_SLAVE_IF_MODULE/S_AXI_RDATA_reg[2]/C

Slack:                    inf
  Source:                 i_sw[3]
                            (input port)
  Destination:            u_week10_wrapper/week10_i/axi_apb_bridge_0/U0/AXILITE_SLAVE_IF_MODULE/S_AXI_RDATA_reg[3]/D
                            (rising edge-triggered cell FDRE clocked by clk_fpga_0  {rise@0.000ns fall@5.000ns period=10.000ns})
  Path Group:             (none)
  Path Type:              Setup (Max at Slow Process Corner)
  Data Path Delay:        6.410ns  (logic 2.105ns (32.842%)  route 4.305ns (67.158%))
  Logic Levels:           4  (IBUF=1 LUT3=1 LUT4=1 LUT5=1)
  Clock Path Skew:        3.267ns (DCD - SCD + CPR)
    Destination Clock Delay (DCD):    3.267ns
    Source Clock Delay      (SCD):    0.000ns
    Clock Pessimism Removal (CPR):    0.000ns
  Clock Uncertainty:      0.152ns  ((TSJ^2 + TIJ^2)^1/2 + DJ) / 2 + PE
    Total System Jitter     (TSJ):    0.050ns
    Total Input Jitter      (TIJ):    0.300ns
    Discrete Jitter          (DJ):    0.000ns
    Phase Error              (PE):    0.000ns

    Location             Delay type                Incr(ns)  Path(ns)    Netlist Resource(s)
  -------------------------------------------------------------------    -------------------
    N16                                               0.000     0.000 r  i_sw[3] (IN)
                         net (fo=0)                   0.000     0.000    i_sw[3]
    N16                  IBUF (Prop_ibuf_I_O)         1.474     1.474 r  i_sw_IBUF[3]_inst/O
                         net (fo=1, routed)           2.896     4.370    u_week10_wrapper/i_sw_IBUF[0]
    SLICE_X11Y43         LUT5 (Prop_lut5_I4_O)        0.124     4.494 f  u_week10_wrapper/week10_i_i_23/O
                         net (fo=1, routed)           0.665     5.159    u_week10_wrapper/week10_i_i_23_n_0
    SLICE_X11Y43         LUT4 (Prop_lut4_I3_O)        0.152     5.311 r  u_week10_wrapper/week10_i_i_9/O
                         net (fo=1, routed)           0.744     6.055    u_week10_wrapper/week10_i/axi_apb_bridge_0/U0/AXILITE_SLAVE_IF_MODULE/m_apb_prdata[3]
    SLICE_X7Y43          LUT3 (Prop_lut3_I2_O)        0.355     6.410 r  u_week10_wrapper/week10_i/axi_apb_bridge_0/U0/AXILITE_SLAVE_IF_MODULE/S_AXI_RDATA[3]_i_1/O
                         net (fo=1, routed)           0.000     6.410    u_week10_wrapper/week10_i/axi_apb_bridge_0/U0/AXILITE_SLAVE_IF_MODULE/p_2_in[3]
    SLICE_X7Y43          FDRE                                         r  u_week10_wrapper/week10_i/axi_apb_bridge_0/U0/AXILITE_SLAVE_IF_MODULE/S_AXI_RDATA_reg[3]/D
  -------------------------------------------------------------------    -------------------

                         (clock clk_fpga_0 rise edge)
                                                      0.000     0.000 r  
    PS7_X0Y0             PS7                          0.000     0.000 r  u_week10_wrapper/week10_i/processing_system7_0/inst/PS7_i/FCLKCLK[0]
                         net (fo=1, routed)           1.666     1.666    u_week10_wrapper/week10_i/processing_system7_0/inst/FCLK_CLK_unbuffered[0]
    BUFGCTRL_X0Y16       BUFG (Prop_bufg_I_O)         0.091     1.757 r  u_week10_wrapper/week10_i/processing_system7_0/inst/buffer_fclk_clk_0.FCLK_CLK_0_BUFG/O
                         net (fo=712, routed)         1.509     3.267    u_week10_wrapper/week10_i/axi_apb_bridge_0/U0/AXILITE_SLAVE_IF_MODULE/s_axi_aclk
    SLICE_X7Y43          FDRE                                         r  u_week10_wrapper/week10_i/axi_apb_bridge_0/U0/AXILITE_SLAVE_IF_MODULE/S_AXI_RDATA_reg[3]/C

Slack:                    inf
  Source:                 i_sw[7]
                            (input port)
  Destination:            u_week10_wrapper/week10_i/axi_apb_bridge_0/U0/AXILITE_SLAVE_IF_MODULE/S_AXI_RDATA_reg[7]/D
                            (rising edge-triggered cell FDRE clocked by clk_fpga_0  {rise@0.000ns fall@5.000ns period=10.000ns})
  Path Group:             (none)
  Path Type:              Setup (Max at Slow Process Corner)
  Data Path Delay:        6.310ns  (logic 1.881ns (29.814%)  route 4.429ns (70.186%))
  Logic Levels:           4  (IBUF=1 LUT3=1 LUT4=1 LUT5=1)
  Clock Path Skew:        3.267ns (DCD - SCD + CPR)
    Destination Clock Delay (DCD):    3.267ns
    Source Clock Delay      (SCD):    0.000ns
    Clock Pessimism Removal (CPR):    0.000ns
  Clock Uncertainty:      0.152ns  ((TSJ^2 + TIJ^2)^1/2 + DJ) / 2 + PE
    Total System Jitter     (TSJ):    0.050ns
    Total Input Jitter      (TIJ):    0.300ns
    Discrete Jitter          (DJ):    0.000ns
    Phase Error              (PE):    0.000ns

    Location             Delay type                Incr(ns)  Path(ns)    Netlist Resource(s)
  -------------------------------------------------------------------    -------------------
    M15                                               0.000     0.000 r  i_sw[7] (IN)
                         net (fo=0)                   0.000     0.000    i_sw[7]
    M15                  IBUF (Prop_ibuf_I_O)         1.484     1.484 r  i_sw_IBUF[7]_inst/O
                         net (fo=1, routed)           2.749     4.233    u_week10_wrapper/i_sw_IBUF[4]
    SLICE_X11Y43         LUT5 (Prop_lut5_I4_O)        0.124     4.357 f  u_week10_wrapper/week10_i_i_19/O
                         net (fo=1, routed)           0.729     5.086    u_week10_wrapper/week10_i_i_19_n_0
    SLICE_X10Y43         LUT4 (Prop_lut4_I3_O)        0.124     5.210 r  u_week10_wrapper/week10_i_i_5/O
                         net (fo=1, routed)           0.951     6.161    u_week10_wrapper/week10_i/axi_apb_bridge_0/U0/AXILITE_SLAVE_IF_MODULE/m_apb_prdata[7]
    SLICE_X7Y43          LUT3 (Prop_lut3_I2_O)        0.149     6.310 r  u_week10_wrapper/week10_i/axi_apb_bridge_0/U0/AXILITE_SLAVE_IF_MODULE/S_AXI_RDATA[7]_i_1/O
                         net (fo=1, routed)           0.000     6.310    u_week10_wrapper/week10_i/axi_apb_bridge_0/U0/AXILITE_SLAVE_IF_MODULE/p_2_in[7]
    SLICE_X7Y43          FDRE                                         r  u_week10_wrapper/week10_i/axi_apb_bridge_0/U0/AXILITE_SLAVE_IF_MODULE/S_AXI_RDATA_reg[7]/D
  -------------------------------------------------------------------    -------------------

                         (clock clk_fpga_0 rise edge)
                                                      0.000     0.000 r  
    PS7_X0Y0             PS7                          0.000     0.000 r  u_week10_wrapper/week10_i/processing_system7_0/inst/PS7_i/FCLKCLK[0]
                         net (fo=1, routed)           1.666     1.666    u_week10_wrapper/week10_i/processing_system7_0/inst/FCLK_CLK_unbuffered[0]
    BUFGCTRL_X0Y16       BUFG (Prop_bufg_I_O)         0.091     1.757 r  u_week10_wrapper/week10_i/processing_system7_0/inst/buffer_fclk_clk_0.FCLK_CLK_0_BUFG/O
                         net (fo=712, routed)         1.509     3.267    u_week10_wrapper/week10_i/axi_apb_bridge_0/U0/AXILITE_SLAVE_IF_MODULE/s_axi_aclk
    SLICE_X7Y43          FDRE                                         r  u_week10_wrapper/week10_i/axi_apb_bridge_0/U0/AXILITE_SLAVE_IF_MODULE/S_AXI_RDATA_reg[7]/C

Slack:                    inf
  Source:                 i_sw[5]
                            (input port)
  Destination:            u_week10_wrapper/week10_i/axi_apb_bridge_0/U0/AXILITE_SLAVE_IF_MODULE/S_AXI_RDATA_reg[5]/D
                            (rising edge-triggered cell FDRE clocked by clk_fpga_0  {rise@0.000ns fall@5.000ns period=10.000ns})
  Path Group:             (none)
  Path Type:              Setup (Max at Slow Process Corner)
  Data Path Delay:        6.199ns  (logic 2.143ns (34.576%)  route 4.056ns (65.424%))
  Logic Levels:           4  (IBUF=1 LUT3=1 LUT4=1 LUT5=1)
  Clock Path Skew:        3.267ns (DCD - SCD + CPR)
    Destination Clock Delay (DCD):    3.267ns
    Source Clock Delay      (SCD):    0.000ns
    Clock Pessimism Removal (CPR):    0.000ns
  Clock Uncertainty:      0.152ns  ((TSJ^2 + TIJ^2)^1/2 + DJ) / 2 + PE
    Total System Jitter     (TSJ):    0.050ns
    Total Input Jitter      (TIJ):    0.300ns
    Discrete Jitter          (DJ):    0.000ns
    Phase Error              (PE):    0.000ns

    Location             Delay type                Incr(ns)  Path(ns)    Netlist Resource(s)
  -------------------------------------------------------------------    -------------------
    P14                                               0.000     0.000 r  i_sw[5] (IN)
                         net (fo=0)                   0.000     0.000    i_sw[5]
    P14                  IBUF (Prop_ibuf_I_O)         1.517     1.517 r  i_sw_IBUF[5]_inst/O
                         net (fo=1, routed)           2.534     4.051    u_week10_wrapper/i_sw_IBUF[2]
    SLICE_X10Y42         LUT5 (Prop_lut5_I4_O)        0.124     4.175 f  u_week10_wrapper/week10_i_i_21/O
                         net (fo=1, routed)           0.680     4.855    u_week10_wrapper/week10_i_i_21_n_0
    SLICE_X10Y42         LUT4 (Prop_lut4_I3_O)        0.150     5.005 r  u_week10_wrapper/week10_i_i_7/O
                         net (fo=1, routed)           0.842     5.847    u_week10_wrapper/week10_i/axi_apb_bridge_0/U0/AXILITE_SLAVE_IF_MODULE/m_apb_prdata[5]
    SLICE_X6Y43          LUT3 (Prop_lut3_I2_O)        0.352     6.199 r  u_week10_wrapper/week10_i/axi_apb_bridge_0/U0/AXILITE_SLAVE_IF_MODULE/S_AXI_RDATA[5]_i_1/O
                         net (fo=1, routed)           0.000     6.199    u_week10_wrapper/week10_i/axi_apb_bridge_0/U0/AXILITE_SLAVE_IF_MODULE/p_2_in[5]
    SLICE_X6Y43          FDRE                                         r  u_week10_wrapper/week10_i/axi_apb_bridge_0/U0/AXILITE_SLAVE_IF_MODULE/S_AXI_RDATA_reg[5]/D
  -------------------------------------------------------------------    -------------------

                         (clock clk_fpga_0 rise edge)
                                                      0.000     0.000 r  
    PS7_X0Y0             PS7                          0.000     0.000 r  u_week10_wrapper/week10_i/processing_system7_0/inst/PS7_i/FCLKCLK[0]
                         net (fo=1, routed)           1.666     1.666    u_week10_wrapper/week10_i/processing_system7_0/inst/FCLK_CLK_unbuffered[0]
    BUFGCTRL_X0Y16       BUFG (Prop_bufg_I_O)         0.091     1.757 r  u_week10_wrapper/week10_i/processing_system7_0/inst/buffer_fclk_clk_0.FCLK_CLK_0_BUFG/O
                         net (fo=712, routed)         1.509     3.267    u_week10_wrapper/week10_i/axi_apb_bridge_0/U0/AXILITE_SLAVE_IF_MODULE/s_axi_aclk
    SLICE_X6Y43          FDRE                                         r  u_week10_wrapper/week10_i/axi_apb_bridge_0/U0/AXILITE_SLAVE_IF_MODULE/S_AXI_RDATA_reg[5]/C

Slack:                    inf
  Source:                 i_sw[0]
                            (input port)
  Destination:            u_week10_wrapper/week10_i/axi_apb_bridge_0/U0/AXILITE_SLAVE_IF_MODULE/S_AXI_RDATA_reg[0]/D
                            (rising edge-triggered cell FDRE clocked by clk_fpga_0  {rise@0.000ns fall@5.000ns period=10.000ns})
  Path Group:             (none)
  Path Type:              Setup (Max at Slow Process Corner)
  Data Path Delay:        6.136ns  (logic 1.819ns (29.640%)  route 4.318ns (70.360%))
  Logic Levels:           4  (IBUF=1 LUT3=1 LUT5=1 LUT6=1)
  Clock Path Skew:        3.267ns (DCD - SCD + CPR)
    Destination Clock Delay (DCD):    3.267ns
    Source Clock Delay      (SCD):    0.000ns
    Clock Pessimism Removal (CPR):    0.000ns
  Clock Uncertainty:      0.152ns  ((TSJ^2 + TIJ^2)^1/2 + DJ) / 2 + PE
    Total System Jitter     (TSJ):    0.050ns
    Total Input Jitter      (TIJ):    0.300ns
    Discrete Jitter          (DJ):    0.000ns
    Phase Error              (PE):    0.000ns

    Location             Delay type                Incr(ns)  Path(ns)    Netlist Resource(s)
  -------------------------------------------------------------------    -------------------
    R17                                               0.000     0.000 r  i_sw[0] (IN)
                         net (fo=0)                   0.000     0.000    i_sw[0]
    R17                  IBUF (Prop_ibuf_I_O)         1.447     1.447 r  i_sw_IBUF[0]_inst/O
                         net (fo=1, routed)           2.770     4.217    u_apb_led/i_sw_IBUF[0]
    SLICE_X15Y39         LUT6 (Prop_lut6_I0_O)        0.124     4.341 r  u_apb_led/week10_i_i_27/O
                         net (fo=1, routed)           0.947     5.288    u_week10_wrapper/r_mono_led_reg[9]
    SLICE_X12Y41         LUT5 (Prop_lut5_I3_O)        0.124     5.412 r  u_week10_wrapper/week10_i_i_12/O
                         net (fo=1, routed)           0.600     6.012    u_week10_wrapper/week10_i/axi_apb_bridge_0/U0/AXILITE_SLAVE_IF_MODULE/m_apb_prdata[0]
    SLICE_X7Y43          LUT3 (Prop_lut3_I2_O)        0.124     6.136 r  u_week10_wrapper/week10_i/axi_apb_bridge_0/U0/AXILITE_SLAVE_IF_MODULE/S_AXI_RDATA[0]_i_1/O
                         net (fo=1, routed)           0.000     6.136    u_week10_wrapper/week10_i/axi_apb_bridge_0/U0/AXILITE_SLAVE_IF_MODULE/p_2_in[0]
    SLICE_X7Y43          FDRE                                         r  u_week10_wrapper/week10_i/axi_apb_bridge_0/U0/AXILITE_SLAVE_IF_MODULE/S_AXI_RDATA_reg[0]/D
  -------------------------------------------------------------------    -------------------

                         (clock clk_fpga_0 rise edge)
                                                      0.000     0.000 r  
    PS7_X0Y0             PS7                          0.000     0.000 r  u_week10_wrapper/week10_i/processing_system7_0/inst/PS7_i/FCLKCLK[0]
                         net (fo=1, routed)           1.666     1.666    u_week10_wrapper/week10_i/processing_system7_0/inst/FCLK_CLK_unbuffered[0]
    BUFGCTRL_X0Y16       BUFG (Prop_bufg_I_O)         0.091     1.757 r  u_week10_wrapper/week10_i/processing_system7_0/inst/buffer_fclk_clk_0.FCLK_CLK_0_BUFG/O
                         net (fo=712, routed)         1.509     3.267    u_week10_wrapper/week10_i/axi_apb_bridge_0/U0/AXILITE_SLAVE_IF_MODULE/s_axi_aclk
    SLICE_X7Y43          FDRE                                         r  u_week10_wrapper/week10_i/axi_apb_bridge_0/U0/AXILITE_SLAVE_IF_MODULE/S_AXI_RDATA_reg[0]/C

Slack:                    inf
  Source:                 i_sw[8]
                            (input port)
  Destination:            u_week10_wrapper/week10_i/axi_apb_bridge_0/U0/AXILITE_SLAVE_IF_MODULE/S_AXI_RDATA_reg[8]/D
                            (rising edge-triggered cell FDRE clocked by clk_fpga_0  {rise@0.000ns fall@5.000ns period=10.000ns})
  Path Group:             (none)
  Path Type:              Setup (Max at Slow Process Corner)
  Data Path Delay:        6.130ns  (logic 2.125ns (34.675%)  route 4.004ns (65.325%))
  Logic Levels:           4  (IBUF=1 LUT3=1 LUT4=1 LUT5=1)
  Clock Path Skew:        3.267ns (DCD - SCD + CPR)
    Destination Clock Delay (DCD):    3.267ns
    Source Clock Delay      (SCD):    0.000ns
    Clock Pessimism Removal (CPR):    0.000ns
  Clock Uncertainty:      0.152ns  ((TSJ^2 + TIJ^2)^1/2 + DJ) / 2 + PE
    Total System Jitter     (TSJ):    0.050ns
    Total Input Jitter      (TIJ):    0.300ns
    Discrete Jitter          (DJ):    0.000ns
    Phase Error              (PE):    0.000ns

    Location             Delay type                Incr(ns)  Path(ns)    Netlist Resource(s)
  -------------------------------------------------------------------    -------------------
    T10                                               0.000     0.000 r  i_sw[8] (IN)
                         net (fo=0)                   0.000     0.000    i_sw[8]
    T10                  IBUF (Prop_ibuf_I_O)         1.557     1.557 r  i_sw_IBUF[8]_inst/O
                         net (fo=1, routed)           2.752     4.309    u_week10_wrapper/i_sw_IBUF[5]
    SLICE_X10Y43         LUT5 (Prop_lut5_I4_O)        0.124     4.433 f  u_week10_wrapper/week10_i_i_18/O
                         net (fo=1, routed)           0.483     4.916    u_week10_wrapper/week10_i_i_18_n_0
    SLICE_X10Y43         LUT4 (Prop_lut4_I3_O)        0.116     5.032 r  u_week10_wrapper/week10_i_i_4/O
                         net (fo=1, routed)           0.769     5.802    u_week10_wrapper/week10_i/axi_apb_bridge_0/U0/AXILITE_SLAVE_IF_MODULE/m_apb_prdata[8]
    SLICE_X6Y43          LUT3 (Prop_lut3_I2_O)        0.328     6.130 r  u_week10_wrapper/week10_i/axi_apb_bridge_0/U0/AXILITE_SLAVE_IF_MODULE/S_AXI_RDATA[8]_i_1/O
                         net (fo=1, routed)           0.000     6.130    u_week10_wrapper/week10_i/axi_apb_bridge_0/U0/AXILITE_SLAVE_IF_MODULE/p_2_in[8]
    SLICE_X6Y43          FDRE                                         r  u_week10_wrapper/week10_i/axi_apb_bridge_0/U0/AXILITE_SLAVE_IF_MODULE/S_AXI_RDATA_reg[8]/D
  -------------------------------------------------------------------    -------------------

                         (clock clk_fpga_0 rise edge)
                                                      0.000     0.000 r  
    PS7_X0Y0             PS7                          0.000     0.000 r  u_week10_wrapper/week10_i/processing_system7_0/inst/PS7_i/FCLKCLK[0]
                         net (fo=1, routed)           1.666     1.666    u_week10_wrapper/week10_i/processing_system7_0/inst/FCLK_CLK_unbuffered[0]
    BUFGCTRL_X0Y16       BUFG (Prop_bufg_I_O)         0.091     1.757 r  u_week10_wrapper/week10_i/processing_system7_0/inst/buffer_fclk_clk_0.FCLK_CLK_0_BUFG/O
                         net (fo=712, routed)         1.509     3.267    u_week10_wrapper/week10_i/axi_apb_bridge_0/U0/AXILITE_SLAVE_IF_MODULE/s_axi_aclk
    SLICE_X6Y43          FDRE                                         r  u_week10_wrapper/week10_i/axi_apb_bridge_0/U0/AXILITE_SLAVE_IF_MODULE/S_AXI_RDATA_reg[8]/C

Slack:                    inf
  Source:                 i_sw[1]
                            (input port)
  Destination:            u_week10_wrapper/week10_i/axi_apb_bridge_0/U0/AXILITE_SLAVE_IF_MODULE/S_AXI_RDATA_reg[1]/D
                            (rising edge-triggered cell FDRE clocked by clk_fpga_0  {rise@0.000ns fall@5.000ns period=10.000ns})
  Path Group:             (none)
  Path Type:              Setup (Max at Slow Process Corner)
  Data Path Delay:        5.792ns  (logic 1.877ns (32.402%)  route 3.915ns (67.598%))
  Logic Levels:           4  (IBUF=1 LUT3=1 LUT5=1 LUT6=1)
  Clock Path Skew:        3.267ns (DCD - SCD + CPR)
    Destination Clock Delay (DCD):    3.267ns
    Source Clock Delay      (SCD):    0.000ns
    Clock Pessimism Removal (CPR):    0.000ns
  Clock Uncertainty:      0.152ns  ((TSJ^2 + TIJ^2)^1/2 + DJ) / 2 + PE
    Total System Jitter     (TSJ):    0.050ns
    Total Input Jitter      (TIJ):    0.300ns
    Discrete Jitter          (DJ):    0.000ns
    Phase Error              (PE):    0.000ns

    Location             Delay type                Incr(ns)  Path(ns)    Netlist Resource(s)
  -------------------------------------------------------------------    -------------------
    U20                                               0.000     0.000 r  i_sw[1] (IN)
                         net (fo=0)                   0.000     0.000    i_sw[1]
    U20                  IBUF (Prop_ibuf_I_O)         1.479     1.479 r  i_sw_IBUF[1]_inst/O
                         net (fo=1, routed)           2.530     4.009    u_apb_led/i_sw_IBUF[1]
    SLICE_X15Y39         LUT6 (Prop_lut6_I0_O)        0.124     4.133 r  u_apb_led/week10_i_i_26/O
                         net (fo=1, routed)           0.627     4.760    u_week10_wrapper/r_mono_led_reg[9]_0
    SLICE_X10Y42         LUT5 (Prop_lut5_I3_O)        0.124     4.884 r  u_week10_wrapper/week10_i_i_11/O
                         net (fo=1, routed)           0.758     5.642    u_week10_wrapper/week10_i/axi_apb_bridge_0/U0/AXILITE_SLAVE_IF_MODULE/m_apb_prdata[1]
    SLICE_X7Y43          LUT3 (Prop_lut3_I2_O)        0.150     5.792 r  u_week10_wrapper/week10_i/axi_apb_bridge_0/U0/AXILITE_SLAVE_IF_MODULE/S_AXI_RDATA[1]_i_1/O
                         net (fo=1, routed)           0.000     5.792    u_week10_wrapper/week10_i/axi_apb_bridge_0/U0/AXILITE_SLAVE_IF_MODULE/p_2_in[1]
    SLICE_X7Y43          FDRE                                         r  u_week10_wrapper/week10_i/axi_apb_bridge_0/U0/AXILITE_SLAVE_IF_MODULE/S_AXI_RDATA_reg[1]/D
  -------------------------------------------------------------------    -------------------

                         (clock clk_fpga_0 rise edge)
                                                      0.000     0.000 r  
    PS7_X0Y0             PS7                          0.000     0.000 r  u_week10_wrapper/week10_i/processing_system7_0/inst/PS7_i/FCLKCLK[0]
                         net (fo=1, routed)           1.666     1.666    u_week10_wrapper/week10_i/processing_system7_0/inst/FCLK_CLK_unbuffered[0]
    BUFGCTRL_X0Y16       BUFG (Prop_bufg_I_O)         0.091     1.757 r  u_week10_wrapper/week10_i/processing_system7_0/inst/buffer_fclk_clk_0.FCLK_CLK_0_BUFG/O
                         net (fo=712, routed)         1.509     3.267    u_week10_wrapper/week10_i/axi_apb_bridge_0/U0/AXILITE_SLAVE_IF_MODULE/s_axi_aclk
    SLICE_X7Y43          FDRE                                         r  u_week10_wrapper/week10_i/axi_apb_bridge_0/U0/AXILITE_SLAVE_IF_MODULE/S_AXI_RDATA_reg[1]/C

Slack:                    inf
  Source:                 i_sw[9]
                            (input port)
  Destination:            u_week10_wrapper/week10_i/axi_apb_bridge_0/U0/AXILITE_SLAVE_IF_MODULE/S_AXI_RDATA_reg[9]/D
                            (rising edge-triggered cell FDRE clocked by clk_fpga_0  {rise@0.000ns fall@5.000ns period=10.000ns})
  Path Group:             (none)
  Path Type:              Setup (Max at Slow Process Corner)
  Data Path Delay:        5.571ns  (logic 1.942ns (34.853%)  route 3.629ns (65.147%))
  Logic Levels:           4  (IBUF=1 LUT3=1 LUT4=1 LUT5=1)
  Clock Path Skew:        3.267ns (DCD - SCD + CPR)
    Destination Clock Delay (DCD):    3.267ns
    Source Clock Delay      (SCD):    0.000ns
    Clock Pessimism Removal (CPR):    0.000ns
  Clock Uncertainty:      0.152ns  ((TSJ^2 + TIJ^2)^1/2 + DJ) / 2 + PE
    Total System Jitter     (TSJ):    0.050ns
    Total Input Jitter      (TIJ):    0.300ns
    Discrete Jitter          (DJ):    0.000ns
    Phase Error              (PE):    0.000ns

    Location             Delay type                Incr(ns)  Path(ns)    Netlist Resource(s)
  -------------------------------------------------------------------    -------------------
    T12                                               0.000     0.000 r  i_sw[9] (IN)
                         net (fo=0)                   0.000     0.000    i_sw[9]
    T12                  IBUF (Prop_ibuf_I_O)         1.542     1.542 r  i_sw_IBUF[9]_inst/O
                         net (fo=1, routed)           2.461     4.003    u_week10_wrapper/i_sw_IBUF[6]
    SLICE_X10Y43         LUT5 (Prop_lut5_I4_O)        0.124     4.127 f  u_week10_wrapper/week10_i_i_17/O
                         net (fo=1, routed)           0.171     4.298    u_week10_wrapper/week10_i_i_17_n_0
    SLICE_X10Y43         LUT4 (Prop_lut4_I3_O)        0.124     4.422 r  u_week10_wrapper/week10_i_i_3/O
                         net (fo=1, routed)           0.997     5.419    u_week10_wrapper/week10_i/axi_apb_bridge_0/U0/AXILITE_SLAVE_IF_MODULE/m_apb_prdata[9]
    SLICE_X6Y43          LUT3 (Prop_lut3_I2_O)        0.152     5.571 r  u_week10_wrapper/week10_i/axi_apb_bridge_0/U0/AXILITE_SLAVE_IF_MODULE/S_AXI_RDATA[9]_i_1/O
                         net (fo=1, routed)           0.000     5.571    u_week10_wrapper/week10_i/axi_apb_bridge_0/U0/AXILITE_SLAVE_IF_MODULE/p_2_in[9]
    SLICE_X6Y43          FDRE                                         r  u_week10_wrapper/week10_i/axi_apb_bridge_0/U0/AXILITE_SLAVE_IF_MODULE/S_AXI_RDATA_reg[9]/D
  -------------------------------------------------------------------    -------------------

                         (clock clk_fpga_0 rise edge)
                                                      0.000     0.000 r  
    PS7_X0Y0             PS7                          0.000     0.000 r  u_week10_wrapper/week10_i/processing_system7_0/inst/PS7_i/FCLKCLK[0]
                         net (fo=1, routed)           1.666     1.666    u_week10_wrapper/week10_i/processing_system7_0/inst/FCLK_CLK_unbuffered[0]
    BUFGCTRL_X0Y16       BUFG (Prop_bufg_I_O)         0.091     1.757 r  u_week10_wrapper/week10_i/processing_system7_0/inst/buffer_fclk_clk_0.FCLK_CLK_0_BUFG/O
                         net (fo=712, routed)         1.509     3.267    u_week10_wrapper/week10_i/axi_apb_bridge_0/U0/AXILITE_SLAVE_IF_MODULE/s_axi_aclk
    SLICE_X6Y43          FDRE                                         r  u_week10_wrapper/week10_i/axi_apb_bridge_0/U0/AXILITE_SLAVE_IF_MODULE/S_AXI_RDATA_reg[9]/C

Slack:                    inf
  Source:                 i_sw[6]
                            (input port)
  Destination:            u_week10_wrapper/week10_i/axi_apb_bridge_0/U0/AXILITE_SLAVE_IF_MODULE/S_AXI_RDATA_reg[6]/D
                            (rising edge-triggered cell FDRE clocked by clk_fpga_0  {rise@0.000ns fall@5.000ns period=10.000ns})
  Path Group:             (none)
  Path Type:              Setup (Max at Slow Process Corner)
  Data Path Delay:        5.524ns  (logic 1.863ns (33.725%)  route 3.661ns (66.275%))
  Logic Levels:           4  (IBUF=1 LUT3=1 LUT4=1 LUT5=1)
  Clock Path Skew:        3.267ns (DCD - SCD + CPR)
    Destination Clock Delay (DCD):    3.267ns
    Source Clock Delay      (SCD):    0.000ns
    Clock Pessimism Removal (CPR):    0.000ns
  Clock Uncertainty:      0.152ns  ((TSJ^2 + TIJ^2)^1/2 + DJ) / 2 + PE
    Total System Jitter     (TSJ):    0.050ns
    Total Input Jitter      (TIJ):    0.300ns
    Discrete Jitter          (DJ):    0.000ns
    Phase Error              (PE):    0.000ns

    Location             Delay type                Incr(ns)  Path(ns)    Netlist Resource(s)
  -------------------------------------------------------------------    -------------------
    L15                                               0.000     0.000 r  i_sw[6] (IN)
                         net (fo=0)                   0.000     0.000    i_sw[6]
    L15                  IBUF (Prop_ibuf_I_O)         1.491     1.491 r  i_sw_IBUF[6]_inst/O
                         net (fo=1, routed)           2.444     3.935    u_week10_wrapper/i_sw_IBUF[3]
    SLICE_X10Y42         LUT5 (Prop_lut5_I4_O)        0.124     4.059 f  u_week10_wrapper/week10_i_i_20/O
                         net (fo=1, routed)           0.483     4.542    u_week10_wrapper/week10_i_i_20_n_0
    SLICE_X10Y42         LUT4 (Prop_lut4_I3_O)        0.124     4.666 r  u_week10_wrapper/week10_i_i_6/O
                         net (fo=1, routed)           0.734     5.400    u_week10_wrapper/week10_i/axi_apb_bridge_0/U0/AXILITE_SLAVE_IF_MODULE/m_apb_prdata[6]
    SLICE_X7Y43          LUT3 (Prop_lut3_I2_O)        0.124     5.524 r  u_week10_wrapper/week10_i/axi_apb_bridge_0/U0/AXILITE_SLAVE_IF_MODULE/S_AXI_RDATA[6]_i_1/O
                         net (fo=1, routed)           0.000     5.524    u_week10_wrapper/week10_i/axi_apb_bridge_0/U0/AXILITE_SLAVE_IF_MODULE/p_2_in[6]
    SLICE_X7Y43          FDRE                                         r  u_week10_wrapper/week10_i/axi_apb_bridge_0/U0/AXILITE_SLAVE_IF_MODULE/S_AXI_RDATA_reg[6]/D
  -------------------------------------------------------------------    -------------------

                         (clock clk_fpga_0 rise edge)
                                                      0.000     0.000 r  
    PS7_X0Y0             PS7                          0.000     0.000 r  u_week10_wrapper/week10_i/processing_system7_0/inst/PS7_i/FCLKCLK[0]
                         net (fo=1, routed)           1.666     1.666    u_week10_wrapper/week10_i/processing_system7_0/inst/FCLK_CLK_unbuffered[0]
    BUFGCTRL_X0Y16       BUFG (Prop_bufg_I_O)         0.091     1.757 r  u_week10_wrapper/week10_i/processing_system7_0/inst/buffer_fclk_clk_0.FCLK_CLK_0_BUFG/O
                         net (fo=712, routed)         1.509     3.267    u_week10_wrapper/week10_i/axi_apb_bridge_0/U0/AXILITE_SLAVE_IF_MODULE/s_axi_aclk
    SLICE_X7Y43          FDRE                                         r  u_week10_wrapper/week10_i/axi_apb_bridge_0/U0/AXILITE_SLAVE_IF_MODULE/S_AXI_RDATA_reg[6]/C

Slack:                    inf
  Source:                 i_sw[11]
                            (input port)
  Destination:            u_week10_wrapper/week10_i/axi_apb_bridge_0/U0/AXILITE_SLAVE_IF_MODULE/S_AXI_RDATA_reg[11]/D
                            (rising edge-triggered cell FDRE clocked by clk_fpga_0  {rise@0.000ns fall@5.000ns period=10.000ns})
  Path Group:             (none)
  Path Type:              Setup (Max at Slow Process Corner)
  Data Path Delay:        5.372ns  (logic 1.784ns (33.220%)  route 3.587ns (66.780%))
  Logic Levels:           3  (IBUF=1 LUT3=1 LUT5=1)
  Clock Path Skew:        3.267ns (DCD - SCD + CPR)
    Destination Clock Delay (DCD):    3.267ns
    Source Clock Delay      (SCD):    0.000ns
    Clock Pessimism Removal (CPR):    0.000ns
  Clock Uncertainty:      0.152ns  ((TSJ^2 + TIJ^2)^1/2 + DJ) / 2 + PE
    Total System Jitter     (TSJ):    0.050ns
    Total Input Jitter      (TIJ):    0.300ns
    Discrete Jitter          (DJ):    0.000ns
    Phase Error              (PE):    0.000ns

    Location             Delay type                Incr(ns)  Path(ns)    Netlist Resource(s)
  -------------------------------------------------------------------    -------------------
    T14                                               0.000     0.000 r  i_sw[11] (IN)
                         net (fo=0)                   0.000     0.000    i_sw[11]
    T14                  IBUF (Prop_ibuf_I_O)         1.508     1.508 r  i_sw_IBUF[11]_inst/O
                         net (fo=1, routed)           2.251     3.760    u_week10_wrapper/i_sw_IBUF[8]
    SLICE_X14Y40         LUT5 (Prop_lut5_I3_O)        0.124     3.884 r  u_week10_wrapper/week10_i_i_1/O
                         net (fo=1, routed)           1.336     5.220    u_week10_wrapper/week10_i/axi_apb_bridge_0/U0/AXILITE_SLAVE_IF_MODULE/m_apb_prdata[11]
    SLICE_X7Y43          LUT3 (Prop_lut3_I2_O)        0.152     5.372 r  u_week10_wrapper/week10_i/axi_apb_bridge_0/U0/AXILITE_SLAVE_IF_MODULE/S_AXI_RDATA[11]_i_1/O
                         net (fo=1, routed)           0.000     5.372    u_week10_wrapper/week10_i/axi_apb_bridge_0/U0/AXILITE_SLAVE_IF_MODULE/p_2_in[11]
    SLICE_X7Y43          FDRE                                         r  u_week10_wrapper/week10_i/axi_apb_bridge_0/U0/AXILITE_SLAVE_IF_MODULE/S_AXI_RDATA_reg[11]/D
  -------------------------------------------------------------------    -------------------

                         (clock clk_fpga_0 rise edge)
                                                      0.000     0.000 r  
    PS7_X0Y0             PS7                          0.000     0.000 r  u_week10_wrapper/week10_i/processing_system7_0/inst/PS7_i/FCLKCLK[0]
                         net (fo=1, routed)           1.666     1.666    u_week10_wrapper/week10_i/processing_system7_0/inst/FCLK_CLK_unbuffered[0]
    BUFGCTRL_X0Y16       BUFG (Prop_bufg_I_O)         0.091     1.757 r  u_week10_wrapper/week10_i/processing_system7_0/inst/buffer_fclk_clk_0.FCLK_CLK_0_BUFG/O
                         net (fo=712, routed)         1.509     3.267    u_week10_wrapper/week10_i/axi_apb_bridge_0/U0/AXILITE_SLAVE_IF_MODULE/s_axi_aclk
    SLICE_X7Y43          FDRE                                         r  u_week10_wrapper/week10_i/axi_apb_bridge_0/U0/AXILITE_SLAVE_IF_MODULE/S_AXI_RDATA_reg[11]/C





Min Delay Paths
--------------------------------------------------------------------------------------
Slack:                    inf
  Source:                 i_sw[4]
                            (input port)
  Destination:            u_week10_wrapper/week10_i/axi_apb_bridge_0/U0/AXILITE_SLAVE_IF_MODULE/S_AXI_RDATA_reg[4]/D
                            (rising edge-triggered cell FDRE clocked by clk_fpga_0  {rise@0.000ns fall@5.000ns period=10.000ns})
  Path Group:             (none)
  Path Type:              Hold (Min at Fast Process Corner)
  Data Path Delay:        1.847ns  (logic 0.415ns (22.461%)  route 1.432ns (77.538%))
  Logic Levels:           4  (IBUF=1 LUT3=1 LUT4=1 LUT5=1)
  Clock Path Skew:        1.784ns (DCD - SCD - CPR)
    Destination Clock Delay (DCD):    1.784ns
    Source Clock Delay      (SCD):    0.000ns
    Clock Pessimism Removal (CPR):    -0.000ns

    Location             Delay type                Incr(ns)  Path(ns)    Netlist Resource(s)
  -------------------------------------------------------------------    -------------------
    R14                                               0.000     0.000 r  i_sw[4] (IN)
                         net (fo=0)                   0.000     0.000    i_sw[4]
    R14                  IBUF (Prop_ibuf_I_O)         0.280     0.280 r  i_sw_IBUF[4]_inst/O
                         net (fo=1, routed)           1.079     1.359    u_week10_wrapper/i_sw_IBUF[1]
    SLICE_X11Y42         LUT5 (Prop_lut5_I4_O)        0.045     1.404 f  u_week10_wrapper/week10_i_i_22/O
                         net (fo=1, routed)           0.136     1.540    u_week10_wrapper/week10_i_i_22_n_0
    SLICE_X11Y43         LUT4 (Prop_lut4_I3_O)        0.045     1.585 r  u_week10_wrapper/week10_i_i_8/O
                         net (fo=1, routed)           0.217     1.802    u_week10_wrapper/week10_i/axi_apb_bridge_0/U0/AXILITE_SLAVE_IF_MODULE/m_apb_prdata[4]
    SLICE_X6Y43          LUT3 (Prop_lut3_I2_O)        0.045     1.847 r  u_week10_wrapper/week10_i/axi_apb_bridge_0/U0/AXILITE_SLAVE_IF_MODULE/S_AXI_RDATA[4]_i_1/O
                         net (fo=1, routed)           0.000     1.847    u_week10_wrapper/week10_i/axi_apb_bridge_0/U0/AXILITE_SLAVE_IF_MODULE/p_2_in[4]
    SLICE_X6Y43          FDRE                                         r  u_week10_wrapper/week10_i/axi_apb_bridge_0/U0/AXILITE_SLAVE_IF_MODULE/S_AXI_RDATA_reg[4]/D
  -------------------------------------------------------------------    -------------------

                         (clock clk_fpga_0 rise edge)
                                                      0.000     0.000 r  
    PS7_X0Y0             PS7                          0.000     0.000 r  u_week10_wrapper/week10_i/processing_system7_0/inst/PS7_i/FCLKCLK[0]
                         net (fo=1, routed)           0.919     0.919    u_week10_wrapper/week10_i/processing_system7_0/inst/FCLK_CLK_unbuffered[0]
    BUFGCTRL_X0Y16       BUFG (Prop_bufg_I_O)         0.029     0.948 r  u_week10_wrapper/week10_i/processing_system7_0/inst/buffer_fclk_clk_0.FCLK_CLK_0_BUFG/O
                         net (fo=712, routed)         0.836     1.784    u_week10_wrapper/week10_i/axi_apb_bridge_0/U0/AXILITE_SLAVE_IF_MODULE/s_axi_aclk
    SLICE_X6Y43          FDRE                                         r  u_week10_wrapper/week10_i/axi_apb_bridge_0/U0/AXILITE_SLAVE_IF_MODULE/S_AXI_RDATA_reg[4]/C

Slack:                    inf
  Source:                 i_sw[11]
                            (input port)
  Destination:            u_week10_wrapper/week10_i/axi_apb_bridge_0/U0/AXILITE_SLAVE_IF_MODULE/S_AXI_RDATA_reg[11]/D
                            (rising edge-triggered cell FDRE clocked by clk_fpga_0  {rise@0.000ns fall@5.000ns period=10.000ns})
  Path Group:             (none)
  Path Type:              Hold (Min at Fast Process Corner)
  Data Path Delay:        1.910ns  (logic 0.366ns (19.162%)  route 1.544ns (80.838%))
  Logic Levels:           3  (IBUF=1 LUT3=1 LUT5=1)
  Clock Path Skew:        1.784ns (DCD - SCD - CPR)
    Destination Clock Delay (DCD):    1.784ns
    Source Clock Delay      (SCD):    0.000ns
    Clock Pessimism Removal (CPR):    -0.000ns

    Location             Delay type                Incr(ns)  Path(ns)    Netlist Resource(s)
  -------------------------------------------------------------------    -------------------
    T14                                               0.000     0.000 r  i_sw[11] (IN)
                         net (fo=0)                   0.000     0.000    i_sw[11]
    T14                  IBUF (Prop_ibuf_I_O)         0.276     0.276 r  i_sw_IBUF[11]_inst/O
                         net (fo=1, routed)           0.970     1.246    u_week10_wrapper/i_sw_IBUF[8]
    SLICE_X14Y40         LUT5 (Prop_lut5_I3_O)        0.045     1.291 r  u_week10_wrapper/week10_i_i_1/O
                         net (fo=1, routed)           0.574     1.865    u_week10_wrapper/week10_i/axi_apb_bridge_0/U0/AXILITE_SLAVE_IF_MODULE/m_apb_prdata[11]
    SLICE_X7Y43          LUT3 (Prop_lut3_I2_O)        0.045     1.910 r  u_week10_wrapper/week10_i/axi_apb_bridge_0/U0/AXILITE_SLAVE_IF_MODULE/S_AXI_RDATA[11]_i_1/O
                         net (fo=1, routed)           0.000     1.910    u_week10_wrapper/week10_i/axi_apb_bridge_0/U0/AXILITE_SLAVE_IF_MODULE/p_2_in[11]
    SLICE_X7Y43          FDRE                                         r  u_week10_wrapper/week10_i/axi_apb_bridge_0/U0/AXILITE_SLAVE_IF_MODULE/S_AXI_RDATA_reg[11]/D
  -------------------------------------------------------------------    -------------------

                         (clock clk_fpga_0 rise edge)
                                                      0.000     0.000 r  
    PS7_X0Y0             PS7                          0.000     0.000 r  u_week10_wrapper/week10_i/processing_system7_0/inst/PS7_i/FCLKCLK[0]
                         net (fo=1, routed)           0.919     0.919    u_week10_wrapper/week10_i/processing_system7_0/inst/FCLK_CLK_unbuffered[0]
    BUFGCTRL_X0Y16       BUFG (Prop_bufg_I_O)         0.029     0.948 r  u_week10_wrapper/week10_i/processing_system7_0/inst/buffer_fclk_clk_0.FCLK_CLK_0_BUFG/O
                         net (fo=712, routed)         0.836     1.784    u_week10_wrapper/week10_i/axi_apb_bridge_0/U0/AXILITE_SLAVE_IF_MODULE/s_axi_aclk
    SLICE_X7Y43          FDRE                                         r  u_week10_wrapper/week10_i/axi_apb_bridge_0/U0/AXILITE_SLAVE_IF_MODULE/S_AXI_RDATA_reg[11]/C

Slack:                    inf
  Source:                 i_sw[6]
                            (input port)
  Destination:            u_week10_wrapper/week10_i/axi_apb_bridge_0/U0/AXILITE_SLAVE_IF_MODULE/S_AXI_RDATA_reg[6]/D
                            (rising edge-triggered cell FDRE clocked by clk_fpga_0  {rise@0.000ns fall@5.000ns period=10.000ns})
  Path Group:             (none)
  Path Type:              Hold (Min at Fast Process Corner)
  Data Path Delay:        1.958ns  (logic 0.394ns (20.111%)  route 1.564ns (79.889%))
  Logic Levels:           4  (IBUF=1 LUT3=1 LUT4=1 LUT5=1)
  Clock Path Skew:        1.784ns (DCD - SCD - CPR)
    Destination Clock Delay (DCD):    1.784ns
    Source Clock Delay      (SCD):    0.000ns
    Clock Pessimism Removal (CPR):    -0.000ns

    Location             Delay type                Incr(ns)  Path(ns)    Netlist Resource(s)
  -------------------------------------------------------------------    -------------------
    L15                                               0.000     0.000 r  i_sw[6] (IN)
                         net (fo=0)                   0.000     0.000    i_sw[6]
    L15                  IBUF (Prop_ibuf_I_O)         0.259     0.259 r  i_sw_IBUF[6]_inst/O
                         net (fo=1, routed)           1.149     1.408    u_week10_wrapper/i_sw_IBUF[3]
    SLICE_X10Y42         LUT5 (Prop_lut5_I4_O)        0.045     1.453 f  u_week10_wrapper/week10_i_i_20/O
                         net (fo=1, routed)           0.160     1.613    u_week10_wrapper/week10_i_i_20_n_0
    SLICE_X10Y42         LUT4 (Prop_lut4_I3_O)        0.045     1.658 r  u_week10_wrapper/week10_i_i_6/O
                         net (fo=1, routed)           0.255     1.913    u_week10_wrapper/week10_i/axi_apb_bridge_0/U0/AXILITE_SLAVE_IF_MODULE/m_apb_prdata[6]
    SLICE_X7Y43          LUT3 (Prop_lut3_I2_O)        0.045     1.958 r  u_week10_wrapper/week10_i/axi_apb_bridge_0/U0/AXILITE_SLAVE_IF_MODULE/S_AXI_RDATA[6]_i_1/O
                         net (fo=1, routed)           0.000     1.958    u_week10_wrapper/week10_i/axi_apb_bridge_0/U0/AXILITE_SLAVE_IF_MODULE/p_2_in[6]
    SLICE_X7Y43          FDRE                                         r  u_week10_wrapper/week10_i/axi_apb_bridge_0/U0/AXILITE_SLAVE_IF_MODULE/S_AXI_RDATA_reg[6]/D
  -------------------------------------------------------------------    -------------------

                         (clock clk_fpga_0 rise edge)
                                                      0.000     0.000 r  
    PS7_X0Y0             PS7                          0.000     0.000 r  u_week10_wrapper/week10_i/processing_system7_0/inst/PS7_i/FCLKCLK[0]
                         net (fo=1, routed)           0.919     0.919    u_week10_wrapper/week10_i/processing_system7_0/inst/FCLK_CLK_unbuffered[0]
    BUFGCTRL_X0Y16       BUFG (Prop_bufg_I_O)         0.029     0.948 r  u_week10_wrapper/week10_i/processing_system7_0/inst/buffer_fclk_clk_0.FCLK_CLK_0_BUFG/O
                         net (fo=712, routed)         0.836     1.784    u_week10_wrapper/week10_i/axi_apb_bridge_0/U0/AXILITE_SLAVE_IF_MODULE/s_axi_aclk
    SLICE_X7Y43          FDRE                                         r  u_week10_wrapper/week10_i/axi_apb_bridge_0/U0/AXILITE_SLAVE_IF_MODULE/S_AXI_RDATA_reg[6]/C

Slack:                    inf
  Source:                 i_sw[10]
                            (input port)
  Destination:            u_week10_wrapper/week10_i/axi_apb_bridge_0/U0/AXILITE_SLAVE_IF_MODULE/S_AXI_RDATA_reg[10]/D
                            (rising edge-triggered cell FDRE clocked by clk_fpga_0  {rise@0.000ns fall@5.000ns period=10.000ns})
  Path Group:             (none)
  Path Type:              Hold (Min at Fast Process Corner)
  Data Path Delay:        1.959ns  (logic 0.422ns (21.549%)  route 1.537ns (78.451%))
  Logic Levels:           3  (IBUF=1 LUT3=1 LUT5=1)
  Clock Path Skew:        1.784ns (DCD - SCD - CPR)
    Destination Clock Delay (DCD):    1.784ns
    Source Clock Delay      (SCD):    0.000ns
    Clock Pessimism Removal (CPR):    -0.000ns

    Location             Delay type                Incr(ns)  Path(ns)    Netlist Resource(s)
  -------------------------------------------------------------------    -------------------
    T11                                               0.000     0.000 r  i_sw[10] (IN)
                         net (fo=0)                   0.000     0.000    i_sw[10]
    T11                  IBUF (Prop_ibuf_I_O)         0.332     0.332 r  i_sw_IBUF[10]_inst/O
                         net (fo=1, routed)           1.045     1.377    u_week10_wrapper/i_sw_IBUF[7]
    SLICE_X14Y41         LUT5 (Prop_lut5_I3_O)        0.045     1.422 r  u_week10_wrapper/week10_i_i_2/O
                         net (fo=1, routed)           0.492     1.914    u_week10_wrapper/week10_i/axi_apb_bridge_0/U0/AXILITE_SLAVE_IF_MODULE/m_apb_prdata[10]
    SLICE_X7Y43          LUT3 (Prop_lut3_I2_O)        0.045     1.959 r  u_week10_wrapper/week10_i/axi_apb_bridge_0/U0/AXILITE_SLAVE_IF_MODULE/S_AXI_RDATA[10]_i_1/O
                         net (fo=1, routed)           0.000     1.959    u_week10_wrapper/week10_i/axi_apb_bridge_0/U0/AXILITE_SLAVE_IF_MODULE/p_2_in[10]
    SLICE_X7Y43          FDRE                                         r  u_week10_wrapper/week10_i/axi_apb_bridge_0/U0/AXILITE_SLAVE_IF_MODULE/S_AXI_RDATA_reg[10]/D
  -------------------------------------------------------------------    -------------------

                         (clock clk_fpga_0 rise edge)
                                                      0.000     0.000 r  
    PS7_X0Y0             PS7                          0.000     0.000 r  u_week10_wrapper/week10_i/processing_system7_0/inst/PS7_i/FCLKCLK[0]
                         net (fo=1, routed)           0.919     0.919    u_week10_wrapper/week10_i/processing_system7_0/inst/FCLK_CLK_unbuffered[0]
    BUFGCTRL_X0Y16       BUFG (Prop_bufg_I_O)         0.029     0.948 r  u_week10_wrapper/week10_i/processing_system7_0/inst/buffer_fclk_clk_0.FCLK_CLK_0_BUFG/O
                         net (fo=712, routed)         0.836     1.784    u_week10_wrapper/week10_i/axi_apb_bridge_0/U0/AXILITE_SLAVE_IF_MODULE/s_axi_aclk
    SLICE_X7Y43          FDRE                                         r  u_week10_wrapper/week10_i/axi_apb_bridge_0/U0/AXILITE_SLAVE_IF_MODULE/S_AXI_RDATA_reg[10]/C

Slack:                    inf
  Source:                 i_sw[9]
                            (input port)
  Destination:            u_week10_wrapper/week10_i/axi_apb_bridge_0/U0/AXILITE_SLAVE_IF_MODULE/S_AXI_RDATA_reg[9]/D
                            (rising edge-triggered cell FDRE clocked by clk_fpga_0  {rise@0.000ns fall@5.000ns period=10.000ns})
  Path Group:             (none)
  Path Type:              Hold (Min at Fast Process Corner)
  Data Path Delay:        1.959ns  (logic 0.444ns (22.658%)  route 1.515ns (77.342%))
  Logic Levels:           4  (IBUF=1 LUT3=1 LUT4=1 LUT5=1)
  Clock Path Skew:        1.784ns (DCD - SCD - CPR)
    Destination Clock Delay (DCD):    1.784ns
    Source Clock Delay      (SCD):    0.000ns
    Clock Pessimism Removal (CPR):    -0.000ns

    Location             Delay type                Incr(ns)  Path(ns)    Netlist Resource(s)
  -------------------------------------------------------------------    -------------------
    T12                                               0.000     0.000 r  i_sw[9] (IN)
                         net (fo=0)                   0.000     0.000    i_sw[9]
    T12                  IBUF (Prop_ibuf_I_O)         0.309     0.309 r  i_sw_IBUF[9]_inst/O
                         net (fo=1, routed)           1.106     1.415    u_week10_wrapper/i_sw_IBUF[6]
    SLICE_X10Y43         LUT5 (Prop_lut5_I4_O)        0.045     1.460 f  u_week10_wrapper/week10_i_i_17/O
                         net (fo=1, routed)           0.052     1.512    u_week10_wrapper/week10_i_i_17_n_0
    SLICE_X10Y43         LUT4 (Prop_lut4_I3_O)        0.045     1.557 r  u_week10_wrapper/week10_i_i_3/O
                         net (fo=1, routed)           0.357     1.914    u_week10_wrapper/week10_i/axi_apb_bridge_0/U0/AXILITE_SLAVE_IF_MODULE/m_apb_prdata[9]
    SLICE_X6Y43          LUT3 (Prop_lut3_I2_O)        0.045     1.959 r  u_week10_wrapper/week10_i/axi_apb_bridge_0/U0/AXILITE_SLAVE_IF_MODULE/S_AXI_RDATA[9]_i_1/O
                         net (fo=1, routed)           0.000     1.959    u_week10_wrapper/week10_i/axi_apb_bridge_0/U0/AXILITE_SLAVE_IF_MODULE/p_2_in[9]
    SLICE_X6Y43          FDRE                                         r  u_week10_wrapper/week10_i/axi_apb_bridge_0/U0/AXILITE_SLAVE_IF_MODULE/S_AXI_RDATA_reg[9]/D
  -------------------------------------------------------------------    -------------------

                         (clock clk_fpga_0 rise edge)
                                                      0.000     0.000 r  
    PS7_X0Y0             PS7                          0.000     0.000 r  u_week10_wrapper/week10_i/processing_system7_0/inst/PS7_i/FCLKCLK[0]
                         net (fo=1, routed)           0.919     0.919    u_week10_wrapper/week10_i/processing_system7_0/inst/FCLK_CLK_unbuffered[0]
    BUFGCTRL_X0Y16       BUFG (Prop_bufg_I_O)         0.029     0.948 r  u_week10_wrapper/week10_i/processing_system7_0/inst/buffer_fclk_clk_0.FCLK_CLK_0_BUFG/O
                         net (fo=712, routed)         0.836     1.784    u_week10_wrapper/week10_i/axi_apb_bridge_0/U0/AXILITE_SLAVE_IF_MODULE/s_axi_aclk
    SLICE_X6Y43          FDRE                                         r  u_week10_wrapper/week10_i/axi_apb_bridge_0/U0/AXILITE_SLAVE_IF_MODULE/S_AXI_RDATA_reg[9]/C

Slack:                    inf
  Source:                 i_sw[1]
                            (input port)
  Destination:            u_week10_wrapper/week10_i/axi_apb_bridge_0/U0/AXILITE_SLAVE_IF_MODULE/S_AXI_RDATA_reg[1]/D
                            (rising edge-triggered cell FDRE clocked by clk_fpga_0  {rise@0.000ns fall@5.000ns period=10.000ns})
  Path Group:             (none)
  Path Type:              Hold (Min at Fast Process Corner)
  Data Path Delay:        2.088ns  (logic 0.383ns (18.322%)  route 1.705ns (81.678%))
  Logic Levels:           4  (IBUF=1 LUT3=1 LUT5=1 LUT6=1)
  Clock Path Skew:        1.784ns (DCD - SCD - CPR)
    Destination Clock Delay (DCD):    1.784ns
    Source Clock Delay      (SCD):    0.000ns
    Clock Pessimism Removal (CPR):    -0.000ns

    Location             Delay type                Incr(ns)  Path(ns)    Netlist Resource(s)
  -------------------------------------------------------------------    -------------------
    U20                                               0.000     0.000 r  i_sw[1] (IN)
                         net (fo=0)                   0.000     0.000    i_sw[1]
    U20                  IBUF (Prop_ibuf_I_O)         0.247     0.247 r  i_sw_IBUF[1]_inst/O
                         net (fo=1, routed)           1.134     1.381    u_apb_led/i_sw_IBUF[1]
    SLICE_X15Y39         LUT6 (Prop_lut6_I0_O)        0.045     1.426 r  u_apb_led/week10_i_i_26/O
                         net (fo=1, routed)           0.306     1.732    u_week10_wrapper/r_mono_led_reg[9]_0
    SLICE_X10Y42         LUT5 (Prop_lut5_I3_O)        0.045     1.777 r  u_week10_wrapper/week10_i_i_11/O
                         net (fo=1, routed)           0.265     2.042    u_week10_wrapper/week10_i/axi_apb_bridge_0/U0/AXILITE_SLAVE_IF_MODULE/m_apb_prdata[1]
    SLICE_X7Y43          LUT3 (Prop_lut3_I2_O)        0.046     2.088 r  u_week10_wrapper/week10_i/axi_apb_bridge_0/U0/AXILITE_SLAVE_IF_MODULE/S_AXI_RDATA[1]_i_1/O
                         net (fo=1, routed)           0.000     2.088    u_week10_wrapper/week10_i/axi_apb_bridge_0/U0/AXILITE_SLAVE_IF_MODULE/p_2_in[1]
    SLICE_X7Y43          FDRE                                         r  u_week10_wrapper/week10_i/axi_apb_bridge_0/U0/AXILITE_SLAVE_IF_MODULE/S_AXI_RDATA_reg[1]/D
  -------------------------------------------------------------------    -------------------

                         (clock clk_fpga_0 rise edge)
                                                      0.000     0.000 r  
    PS7_X0Y0             PS7                          0.000     0.000 r  u_week10_wrapper/week10_i/processing_system7_0/inst/PS7_i/FCLKCLK[0]
                         net (fo=1, routed)           0.919     0.919    u_week10_wrapper/week10_i/processing_system7_0/inst/FCLK_CLK_unbuffered[0]
    BUFGCTRL_X0Y16       BUFG (Prop_bufg_I_O)         0.029     0.948 r  u_week10_wrapper/week10_i/processing_system7_0/inst/buffer_fclk_clk_0.FCLK_CLK_0_BUFG/O
                         net (fo=712, routed)         0.836     1.784    u_week10_wrapper/week10_i/axi_apb_bridge_0/U0/AXILITE_SLAVE_IF_MODULE/s_axi_aclk
    SLICE_X7Y43          FDRE                                         r  u_week10_wrapper/week10_i/axi_apb_bridge_0/U0/AXILITE_SLAVE_IF_MODULE/S_AXI_RDATA_reg[1]/C

Slack:                    inf
  Source:                 i_sw[5]
                            (input port)
  Destination:            u_week10_wrapper/week10_i/axi_apb_bridge_0/U0/AXILITE_SLAVE_IF_MODULE/S_AXI_RDATA_reg[5]/D
                            (rising edge-triggered cell FDRE clocked by clk_fpga_0  {rise@0.000ns fall@5.000ns period=10.000ns})
  Path Group:             (none)
  Path Type:              Hold (Min at Fast Process Corner)
  Data Path Delay:        2.135ns  (logic 0.483ns (22.621%)  route 1.652ns (77.379%))
  Logic Levels:           4  (IBUF=1 LUT3=1 LUT4=1 LUT5=1)
  Clock Path Skew:        1.784ns (DCD - SCD - CPR)
    Destination Clock Delay (DCD):    1.784ns
    Source Clock Delay      (SCD):    0.000ns
    Clock Pessimism Removal (CPR):    -0.000ns

    Location             Delay type                Incr(ns)  Path(ns)    Netlist Resource(s)
  -------------------------------------------------------------------    -------------------
    P14                                               0.000     0.000 r  i_sw[5] (IN)
                         net (fo=0)                   0.000     0.000    i_sw[5]
    P14                  IBUF (Prop_ibuf_I_O)         0.285     0.285 r  i_sw_IBUF[5]_inst/O
                         net (fo=1, routed)           1.118     1.402    u_week10_wrapper/i_sw_IBUF[2]
    SLICE_X10Y42         LUT5 (Prop_lut5_I4_O)        0.045     1.447 f  u_week10_wrapper/week10_i_i_21/O
                         net (fo=1, routed)           0.229     1.677    u_week10_wrapper/week10_i_i_21_n_0
    SLICE_X10Y42         LUT4 (Prop_lut4_I3_O)        0.044     1.721 r  u_week10_wrapper/week10_i_i_7/O
                         net (fo=1, routed)           0.305     2.026    u_week10_wrapper/week10_i/axi_apb_bridge_0/U0/AXILITE_SLAVE_IF_MODULE/m_apb_prdata[5]
    SLICE_X6Y43          LUT3 (Prop_lut3_I2_O)        0.109     2.135 r  u_week10_wrapper/week10_i/axi_apb_bridge_0/U0/AXILITE_SLAVE_IF_MODULE/S_AXI_RDATA[5]_i_1/O
                         net (fo=1, routed)           0.000     2.135    u_week10_wrapper/week10_i/axi_apb_bridge_0/U0/AXILITE_SLAVE_IF_MODULE/p_2_in[5]
    SLICE_X6Y43          FDRE                                         r  u_week10_wrapper/week10_i/axi_apb_bridge_0/U0/AXILITE_SLAVE_IF_MODULE/S_AXI_RDATA_reg[5]/D
  -------------------------------------------------------------------    -------------------

                         (clock clk_fpga_0 rise edge)
                                                      0.000     0.000 r  
    PS7_X0Y0             PS7                          0.000     0.000 r  u_week10_wrapper/week10_i/processing_system7_0/inst/PS7_i/FCLKCLK[0]
                         net (fo=1, routed)           0.919     0.919    u_week10_wrapper/week10_i/processing_system7_0/inst/FCLK_CLK_unbuffered[0]
    BUFGCTRL_X0Y16       BUFG (Prop_bufg_I_O)         0.029     0.948 r  u_week10_wrapper/week10_i/processing_system7_0/inst/buffer_fclk_clk_0.FCLK_CLK_0_BUFG/O
                         net (fo=712, routed)         0.836     1.784    u_week10_wrapper/week10_i/axi_apb_bridge_0/U0/AXILITE_SLAVE_IF_MODULE/s_axi_aclk
    SLICE_X6Y43          FDRE                                         r  u_week10_wrapper/week10_i/axi_apb_bridge_0/U0/AXILITE_SLAVE_IF_MODULE/S_AXI_RDATA_reg[5]/C

Slack:                    inf
  Source:                 i_sw[8]
                            (input port)
  Destination:            u_week10_wrapper/week10_i/axi_apb_bridge_0/U0/AXILITE_SLAVE_IF_MODULE/S_AXI_RDATA_reg[8]/D
                            (rising edge-triggered cell FDRE clocked by clk_fpga_0  {rise@0.000ns fall@5.000ns period=10.000ns})
  Path Group:             (none)
  Path Type:              Hold (Min at Fast Process Corner)
  Data Path Delay:        2.191ns  (logic 0.528ns (24.124%)  route 1.662ns (75.876%))
  Logic Levels:           4  (IBUF=1 LUT3=1 LUT4=1 LUT5=1)
  Clock Path Skew:        1.784ns (DCD - SCD - CPR)
    Destination Clock Delay (DCD):    1.784ns
    Source Clock Delay      (SCD):    0.000ns
    Clock Pessimism Removal (CPR):    -0.000ns

    Location             Delay type                Incr(ns)  Path(ns)    Netlist Resource(s)
  -------------------------------------------------------------------    -------------------
    T10                                               0.000     0.000 r  i_sw[8] (IN)
                         net (fo=0)                   0.000     0.000    i_sw[8]
    T10                  IBUF (Prop_ibuf_I_O)         0.324     0.324 r  i_sw_IBUF[8]_inst/O
                         net (fo=1, routed)           1.222     1.546    u_week10_wrapper/i_sw_IBUF[5]
    SLICE_X10Y43         LUT5 (Prop_lut5_I4_O)        0.045     1.591 f  u_week10_wrapper/week10_i_i_18/O
                         net (fo=1, routed)           0.160     1.752    u_week10_wrapper/week10_i_i_18_n_0
    SLICE_X10Y43         LUT4 (Prop_lut4_I3_O)        0.048     1.800 r  u_week10_wrapper/week10_i_i_4/O
                         net (fo=1, routed)           0.280     2.080    u_week10_wrapper/week10_i/axi_apb_bridge_0/U0/AXILITE_SLAVE_IF_MODULE/m_apb_prdata[8]
    SLICE_X6Y43          LUT3 (Prop_lut3_I2_O)        0.111     2.191 r  u_week10_wrapper/week10_i/axi_apb_bridge_0/U0/AXILITE_SLAVE_IF_MODULE/S_AXI_RDATA[8]_i_1/O
                         net (fo=1, routed)           0.000     2.191    u_week10_wrapper/week10_i/axi_apb_bridge_0/U0/AXILITE_SLAVE_IF_MODULE/p_2_in[8]
    SLICE_X6Y43          FDRE                                         r  u_week10_wrapper/week10_i/axi_apb_bridge_0/U0/AXILITE_SLAVE_IF_MODULE/S_AXI_RDATA_reg[8]/D
  -------------------------------------------------------------------    -------------------

                         (clock clk_fpga_0 rise edge)
                                                      0.000     0.000 r  
    PS7_X0Y0             PS7                          0.000     0.000 r  u_week10_wrapper/week10_i/processing_system7_0/inst/PS7_i/FCLKCLK[0]
                         net (fo=1, routed)           0.919     0.919    u_week10_wrapper/week10_i/processing_system7_0/inst/FCLK_CLK_unbuffered[0]
    BUFGCTRL_X0Y16       BUFG (Prop_bufg_I_O)         0.029     0.948 r  u_week10_wrapper/week10_i/processing_system7_0/inst/buffer_fclk_clk_0.FCLK_CLK_0_BUFG/O
                         net (fo=712, routed)         0.836     1.784    u_week10_wrapper/week10_i/axi_apb_bridge_0/U0/AXILITE_SLAVE_IF_MODULE/s_axi_aclk
    SLICE_X6Y43          FDRE                                         r  u_week10_wrapper/week10_i/axi_apb_bridge_0/U0/AXILITE_SLAVE_IF_MODULE/S_AXI_RDATA_reg[8]/C

Slack:                    inf
  Source:                 i_sw[7]
                            (input port)
  Destination:            u_week10_wrapper/week10_i/axi_apb_bridge_0/U0/AXILITE_SLAVE_IF_MODULE/S_AXI_RDATA_reg[7]/D
                            (rising edge-triggered cell FDRE clocked by clk_fpga_0  {rise@0.000ns fall@5.000ns period=10.000ns})
  Path Group:             (none)
  Path Type:              Hold (Min at Fast Process Corner)
  Data Path Delay:        2.195ns  (logic 0.384ns (17.500%)  route 1.811ns (82.500%))
  Logic Levels:           4  (IBUF=1 LUT3=1 LUT4=1 LUT5=1)
  Clock Path Skew:        1.784ns (DCD - SCD - CPR)
    Destination Clock Delay (DCD):    1.784ns
    Source Clock Delay      (SCD):    0.000ns
    Clock Pessimism Removal (CPR):    -0.000ns

    Location             Delay type                Incr(ns)  Path(ns)    Netlist Resource(s)
  -------------------------------------------------------------------    -------------------
    M15                                               0.000     0.000 r  i_sw[7] (IN)
                         net (fo=0)                   0.000     0.000    i_sw[7]
    M15                  IBUF (Prop_ibuf_I_O)         0.252     0.252 r  i_sw_IBUF[7]_inst/O
                         net (fo=1, routed)           1.245     1.497    u_week10_wrapper/i_sw_IBUF[4]
    SLICE_X11Y43         LUT5 (Prop_lut5_I4_O)        0.045     1.542 f  u_week10_wrapper/week10_i_i_19/O
                         net (fo=1, routed)           0.235     1.777    u_week10_wrapper/week10_i_i_19_n_0
    SLICE_X10Y43         LUT4 (Prop_lut4_I3_O)        0.045     1.822 r  u_week10_wrapper/week10_i_i_5/O
                         net (fo=1, routed)           0.331     2.153    u_week10_wrapper/week10_i/axi_apb_bridge_0/U0/AXILITE_SLAVE_IF_MODULE/m_apb_prdata[7]
    SLICE_X7Y43          LUT3 (Prop_lut3_I2_O)        0.042     2.195 r  u_week10_wrapper/week10_i/axi_apb_bridge_0/U0/AXILITE_SLAVE_IF_MODULE/S_AXI_RDATA[7]_i_1/O
                         net (fo=1, routed)           0.000     2.195    u_week10_wrapper/week10_i/axi_apb_bridge_0/U0/AXILITE_SLAVE_IF_MODULE/p_2_in[7]
    SLICE_X7Y43          FDRE                                         r  u_week10_wrapper/week10_i/axi_apb_bridge_0/U0/AXILITE_SLAVE_IF_MODULE/S_AXI_RDATA_reg[7]/D
  -------------------------------------------------------------------    -------------------

                         (clock clk_fpga_0 rise edge)
                                                      0.000     0.000 r  
    PS7_X0Y0             PS7                          0.000     0.000 r  u_week10_wrapper/week10_i/processing_system7_0/inst/PS7_i/FCLKCLK[0]
                         net (fo=1, routed)           0.919     0.919    u_week10_wrapper/week10_i/processing_system7_0/inst/FCLK_CLK_unbuffered[0]
    BUFGCTRL_X0Y16       BUFG (Prop_bufg_I_O)         0.029     0.948 r  u_week10_wrapper/week10_i/processing_system7_0/inst/buffer_fclk_clk_0.FCLK_CLK_0_BUFG/O
                         net (fo=712, routed)         0.836     1.784    u_week10_wrapper/week10_i/axi_apb_bridge_0/U0/AXILITE_SLAVE_IF_MODULE/s_axi_aclk
    SLICE_X7Y43          FDRE                                         r  u_week10_wrapper/week10_i/axi_apb_bridge_0/U0/AXILITE_SLAVE_IF_MODULE/S_AXI_RDATA_reg[7]/C

Slack:                    inf
  Source:                 i_sw[3]
                            (input port)
  Destination:            u_week10_wrapper/week10_i/axi_apb_bridge_0/U0/AXILITE_SLAVE_IF_MODULE/S_AXI_RDATA_reg[3]/D
                            (rising edge-triggered cell FDRE clocked by clk_fpga_0  {rise@0.000ns fall@5.000ns period=10.000ns})
  Path Group:             (none)
  Path Type:              Hold (Min at Fast Process Corner)
  Data Path Delay:        2.229ns  (logic 0.438ns (19.655%)  route 1.791ns (80.345%))
  Logic Levels:           4  (IBUF=1 LUT3=1 LUT4=1 LUT5=1)
  Clock Path Skew:        1.784ns (DCD - SCD - CPR)
    Destination Clock Delay (DCD):    1.784ns
    Source Clock Delay      (SCD):    0.000ns
    Clock Pessimism Removal (CPR):    -0.000ns

    Location             Delay type                Incr(ns)  Path(ns)    Netlist Resource(s)
  -------------------------------------------------------------------    -------------------
    N16                                               0.000     0.000 r  i_sw[3] (IN)
                         net (fo=0)                   0.000     0.000    i_sw[3]
    N16                  IBUF (Prop_ibuf_I_O)         0.242     0.242 r  i_sw_IBUF[3]_inst/O
                         net (fo=1, routed)           1.298     1.540    u_week10_wrapper/i_sw_IBUF[0]
    SLICE_X11Y43         LUT5 (Prop_lut5_I4_O)        0.045     1.585 f  u_week10_wrapper/week10_i_i_23/O
                         net (fo=1, routed)           0.221     1.806    u_week10_wrapper/week10_i_i_23_n_0
    SLICE_X11Y43         LUT4 (Prop_lut4_I3_O)        0.044     1.850 r  u_week10_wrapper/week10_i_i_9/O
                         net (fo=1, routed)           0.272     2.122    u_week10_wrapper/week10_i/axi_apb_bridge_0/U0/AXILITE_SLAVE_IF_MODULE/m_apb_prdata[3]
    SLICE_X7Y43          LUT3 (Prop_lut3_I2_O)        0.107     2.229 r  u_week10_wrapper/week10_i/axi_apb_bridge_0/U0/AXILITE_SLAVE_IF_MODULE/S_AXI_RDATA[3]_i_1/O
                         net (fo=1, routed)           0.000     2.229    u_week10_wrapper/week10_i/axi_apb_bridge_0/U0/AXILITE_SLAVE_IF_MODULE/p_2_in[3]
    SLICE_X7Y43          FDRE                                         r  u_week10_wrapper/week10_i/axi_apb_bridge_0/U0/AXILITE_SLAVE_IF_MODULE/S_AXI_RDATA_reg[3]/D
  -------------------------------------------------------------------    -------------------

                         (clock clk_fpga_0 rise edge)
                                                      0.000     0.000 r  
    PS7_X0Y0             PS7                          0.000     0.000 r  u_week10_wrapper/week10_i/processing_system7_0/inst/PS7_i/FCLKCLK[0]
                         net (fo=1, routed)           0.919     0.919    u_week10_wrapper/week10_i/processing_system7_0/inst/FCLK_CLK_unbuffered[0]
    BUFGCTRL_X0Y16       BUFG (Prop_bufg_I_O)         0.029     0.948 r  u_week10_wrapper/week10_i/processing_system7_0/inst/buffer_fclk_clk_0.FCLK_CLK_0_BUFG/O
                         net (fo=712, routed)         0.836     1.784    u_week10_wrapper/week10_i/axi_apb_bridge_0/U0/AXILITE_SLAVE_IF_MODULE/s_axi_aclk
    SLICE_X7Y43          FDRE                                         r  u_week10_wrapper/week10_i/axi_apb_bridge_0/U0/AXILITE_SLAVE_IF_MODULE/S_AXI_RDATA_reg[3]/C





