Copyright 1986-2022 Xilinx, Inc. All Rights Reserved.
------------------------------------------------------------------------------------------------------------------------------------------------------------------------------------------------------------------------------------------------------------
| Tool Version : Vivado v.2022.1 (win64) Build 3526262 Mon Apr 18 15:48:16 MDT 2022
| Date         : Fri Jun 12 15:10:48 2026
| Host         : BOOK-PI4T4K8H7V running 64-bit major release  (build 9200)
| Command      : report_timing_summary -max_paths 10 -report_unconstrained -file Final_Project_wrapper_timing_summary_routed.rpt -pb Final_Project_wrapper_timing_summary_routed.pb -rpx Final_Project_wrapper_timing_summary_routed.rpx -warn_on_violation
| Design       : Final_Project_wrapper
| Device       : 7z007s-clg400
| Speed File   : -1  PRODUCTION 1.12 2019-11-22
------------------------------------------------------------------------------------------------------------------------------------------------------------------------------------------------------------------------------------------------------------

Timing Summary Report

------------------------------------------------------------------------------------------------
| Timer Settings
| --------------
------------------------------------------------------------------------------------------------

  Enable Multi Corner Analysis               :  Yes
  Enable Pessimism Removal                   :  Yes
  Pessimism Removal Resolution               :  Nearest Common Node
  Enable Input Delay Default Clock           :  No
  Enable Preset / Clear Arcs                 :  No
  Disable Flight Delays                      :  No
  Ignore I/O Paths                           :  No
  Timing Early Launch at Borrowing Latches   :  No
  Borrow Time for Max Delay Exceptions       :  Yes
  Merge Timing Exceptions                    :  Yes

  Corner  Analyze    Analyze    
  Name    Max Paths  Min Paths  
  ------  ---------  ---------  
  Slow    Yes        Yes        
  Fast    Yes        Yes        


------------------------------------------------------------------------------------------------
| Report Methodology
| ------------------
------------------------------------------------------------------------------------------------

Rule       Severity  Description                    Violations  
---------  --------  -----------------------------  ----------  
TIMING-18  Warning   Missing input or output delay  34          

Note: This report is based on the most recent report_methodology run and may not be up-to-date. Run report_methodology on the current design for the latest report.



check_timing report

Table of Contents
-----------------
1. checking no_clock (0)
2. checking constant_clock (0)
3. checking pulse_width_clock (0)
4. checking unconstrained_internal_endpoints (0)
5. checking no_input_delay (21)
6. checking no_output_delay (29)
7. checking multiple_clock (0)
8. checking generated_clocks (0)
9. checking loops (0)
10. checking partial_input_delay (0)
11. checking partial_output_delay (0)
12. checking latch_loops (0)

1. checking no_clock (0)
------------------------
 There are 0 register/latch pins with no clock.


2. checking constant_clock (0)
------------------------------
 There are 0 register/latch pins with constant_clock.


3. checking pulse_width_clock (0)
---------------------------------
 There are 0 register/latch pins which need pulse_width check


4. checking unconstrained_internal_endpoints (0)
------------------------------------------------
 There are 0 pins that are not constrained for maximum delay.

 There are 0 pins that are not constrained for maximum delay due to constant clock.


5. checking no_input_delay (21)
-------------------------------
 There are 21 input ports with no input delay specified. (HIGH)

 There are 0 input ports with no input delay but user has a false path constraint.


6. checking no_output_delay (29)
--------------------------------
 There are 29 ports with no output delay specified. (HIGH)

 There are 0 ports with no output delay but user has a false path constraint

 There are 0 ports with no output delay but with a timing clock defined on it or propagating through it


7. checking multiple_clock (0)
------------------------------
 There are 0 register/latch pins with multiple clocks.


8. checking generated_clocks (0)
--------------------------------
 There are 0 generated clocks that are not connected to a clock source.


9. checking loops (0)
---------------------
 There are 0 combinational loops in the design.


10. checking partial_input_delay (0)
------------------------------------
 There are 0 input ports with partial input delay specified.


11. checking partial_output_delay (0)
-------------------------------------
 There are 0 ports with partial output delay specified.


12. checking latch_loops (0)
----------------------------
 There are 0 combinational latch loops in the design through latch input



------------------------------------------------------------------------------------------------
| Design Timing Summary
| ---------------------
------------------------------------------------------------------------------------------------

    WNS(ns)      TNS(ns)  TNS Failing Endpoints  TNS Total Endpoints      WHS(ns)      THS(ns)  THS Failing Endpoints  THS Total Endpoints     WPWS(ns)     TPWS(ns)  TPWS Failing Endpoints  TPWS Total Endpoints  
    -------      -------  ---------------------  -------------------      -------      -------  ---------------------  -------------------     --------     --------  ----------------------  --------------------  
      3.779        0.000                      0                 2731        0.021        0.000                      0                 2731        4.020        0.000                       0                  1315  


All user specified timing constraints are met.


------------------------------------------------------------------------------------------------
| Clock Summary
| -------------
------------------------------------------------------------------------------------------------

Clock       Waveform(ns)         Period(ns)      Frequency(MHz)
-----       ------------         ----------      --------------
clk_fpga_0  {0.000 5.000}        10.000          100.000         
clk_fpga_1  {0.000 3.438}        6.875           145.455         


------------------------------------------------------------------------------------------------
| Intra Clock Table
| -----------------
------------------------------------------------------------------------------------------------

Clock             WNS(ns)      TNS(ns)  TNS Failing Endpoints  TNS Total Endpoints      WHS(ns)      THS(ns)  THS Failing Endpoints  THS Total Endpoints     WPWS(ns)     TPWS(ns)  TPWS Failing Endpoints  TPWS Total Endpoints  
-----             -------      -------  ---------------------  -------------------      -------      -------  ---------------------  -------------------     --------     --------  ----------------------  --------------------  
clk_fpga_0          3.779        0.000                      0                 2631        0.021        0.000                      0                 2631        4.020        0.000                       0                  1315  


------------------------------------------------------------------------------------------------
| Inter Clock Table
| -----------------
------------------------------------------------------------------------------------------------

From Clock    To Clock          WNS(ns)      TNS(ns)  TNS Failing Endpoints  TNS Total Endpoints      WHS(ns)      THS(ns)  THS Failing Endpoints  THS Total Endpoints  
----------    --------          -------      -------  ---------------------  -------------------      -------      -------  ---------------------  -------------------  


------------------------------------------------------------------------------------------------
| Other Path Groups Table
| -----------------------
------------------------------------------------------------------------------------------------

Path Group         From Clock         To Clock               WNS(ns)      TNS(ns)  TNS Failing Endpoints  TNS Total Endpoints      WHS(ns)      THS(ns)  THS Failing Endpoints  THS Total Endpoints  
----------         ----------         --------               -------      -------  ---------------------  -------------------      -------      -------  ---------------------  -------------------  
**async_default**  clk_fpga_0         clk_fpga_0               5.116        0.000                      0                  100        1.116        0.000                      0                  100  


------------------------------------------------------------------------------------------------
| User Ignored Path Table
| -----------------------
------------------------------------------------------------------------------------------------

Path Group    From Clock    To Clock    
----------    ----------    --------    
(none)                      clk_fpga_0    


------------------------------------------------------------------------------------------------
| Unconstrained Path Table
| ------------------------
------------------------------------------------------------------------------------------------

Path Group    From Clock    To Clock    
----------    ----------    --------    
(none)        clk_fpga_0                  
(none)                      clk_fpga_0    


------------------------------------------------------------------------------------------------
| Timing Details
| --------------
------------------------------------------------------------------------------------------------


---------------------------------------------------------------------------------------------------
From Clock:  clk_fpga_0
  To Clock:  clk_fpga_0

Setup :            0  Failing Endpoints,  Worst Slack        3.779ns,  Total Violation        0.000ns
Hold  :            0  Failing Endpoints,  Worst Slack        0.021ns,  Total Violation        0.000ns
PW    :            0  Failing Endpoints,  Worst Slack        4.020ns,  Total Violation        0.000ns
---------------------------------------------------------------------------------------------------


Max Delay Paths
--------------------------------------------------------------------------------------
Slack (MET) :             3.779ns  (required time - arrival time)
  Source:                 Final_Project_i/ps7_0_axi_periph/s00_couplers/auto_pc/inst/gen_axilite.gen_b2s_conv.axilite_b2s/SI_REG/aw.aw_pipe/m_payload_i_reg[39]/C
                            (rising edge-triggered cell FDRE clocked by clk_fpga_0  {rise@0.000ns fall@5.000ns period=10.000ns})
  Destination:            Final_Project_i/ps7_0_axi_periph/s00_couplers/auto_pc/inst/gen_axilite.gen_b2s_conv.axilite_b2s/WR.aw_channel_0/cmd_translator_0/incr_cmd_0/axaddr_incr_reg[11]/D
                            (rising edge-triggered cell FDRE clocked by clk_fpga_0  {rise@0.000ns fall@5.000ns period=10.000ns})
  Path Group:             clk_fpga_0
  Path Type:              Setup (Max at Slow Process Corner)
  Requirement:            10.000ns  (clk_fpga_0 rise@10.000ns - clk_fpga_0 rise@0.000ns)
  Data Path Delay:        6.072ns  (logic 2.371ns (39.049%)  route 3.701ns (60.951%))
  Logic Levels:           8  (CARRY4=3 LUT3=3 LUT4=1 LUT6=1)
  Clock Path Skew:        -0.026ns (DCD - SCD + CPR)
    Destination Clock Delay (DCD):    3.311ns = ( 13.311 - 10.000 ) 
    Source Clock Delay      (SCD):    3.770ns
    Clock Pessimism Removal (CPR):    0.434ns
  Clock Uncertainty:      0.154ns  ((TSJ^2 + TIJ^2)^1/2 + DJ) / 2 + PE
    Total System Jitter     (TSJ):    0.071ns
    Total Input Jitter      (TIJ):    0.300ns
    Discrete Jitter          (DJ):    0.000ns
    Phase Error              (PE):    0.000ns

    Location             Delay type                Incr(ns)  Path(ns)    Netlist Resource(s)
  -------------------------------------------------------------------    -------------------
                         (clock clk_fpga_0 rise edge)
                                                      0.000     0.000 r  
    PS7_X0Y0             PS7                          0.000     0.000 r  Final_Project_i/processing_system7_0/inst/PS7_i/FCLKCLK[0]
                         net (fo=1, routed)           1.938     1.938    Final_Project_i/processing_system7_0/inst/FCLK_CLK_unbuffered[0]
    BUFGCTRL_X0Y16       BUFG (Prop_bufg_I_O)         0.101     2.039 r  Final_Project_i/processing_system7_0/inst/buffer_fclk_clk_0.FCLK_CLK_0_BUFG/O
                         net (fo=1316, routed)        1.731     3.770    Final_Project_i/ps7_0_axi_periph/s00_couplers/auto_pc/inst/gen_axilite.gen_b2s_conv.axilite_b2s/SI_REG/aw.aw_pipe/aclk
    SLICE_X3Y46          FDRE                                         r  Final_Project_i/ps7_0_axi_periph/s00_couplers/auto_pc/inst/gen_axilite.gen_b2s_conv.axilite_b2s/SI_REG/aw.aw_pipe/m_payload_i_reg[39]/C
  -------------------------------------------------------------------    -------------------
    SLICE_X3Y46          FDRE (Prop_fdre_C_Q)         0.419     4.189 r  Final_Project_i/ps7_0_axi_periph/s00_couplers/auto_pc/inst/gen_axilite.gen_b2s_conv.axilite_b2s/SI_REG/aw.aw_pipe/m_payload_i_reg[39]/Q
                         net (fo=13, routed)          1.210     5.399    Final_Project_i/ps7_0_axi_periph/s00_couplers/auto_pc/inst/gen_axilite.gen_b2s_conv.axilite_b2s/WR.aw_channel_0/cmd_translator_0/axlen_cnt_reg[3][11]
    SLICE_X8Y37          LUT3 (Prop_lut3_I1_O)        0.297     5.696 f  Final_Project_i/ps7_0_axi_periph/s00_couplers/auto_pc/inst/gen_axilite.gen_b2s_conv.axilite_b2s/WR.aw_channel_0/cmd_translator_0/FSM_sequential_state[1]_i_2/O
                         net (fo=3, routed)           0.511     6.207    Final_Project_i/ps7_0_axi_periph/s00_couplers/auto_pc/inst/gen_axilite.gen_b2s_conv.axilite_b2s/WR.aw_channel_0/aw_cmd_fsm_0/FSM_sequential_state_reg[1]_0
    SLICE_X8Y38          LUT6 (Prop_lut6_I3_O)        0.124     6.331 r  Final_Project_i/ps7_0_axi_periph/s00_couplers/auto_pc/inst/gen_axilite.gen_b2s_conv.axilite_b2s/WR.aw_channel_0/aw_cmd_fsm_0/memory_reg[3][0]_srl4_i_1/O
                         net (fo=30, routed)          0.425     6.756    Final_Project_i/ps7_0_axi_periph/s00_couplers/auto_pc/inst/gen_axilite.gen_b2s_conv.axilite_b2s/WR.aw_channel_0/aw_cmd_fsm_0/m_axi_awready_0
    SLICE_X9Y39          LUT3 (Prop_lut3_I2_O)        0.124     6.880 r  Final_Project_i/ps7_0_axi_periph/s00_couplers/auto_pc/inst/gen_axilite.gen_b2s_conv.axilite_b2s/WR.aw_channel_0/aw_cmd_fsm_0/next_pending_r_i_3/O
                         net (fo=23, routed)          0.894     7.774    Final_Project_i/ps7_0_axi_periph/s00_couplers/auto_pc/inst/gen_axilite.gen_b2s_conv.axilite_b2s/WR.aw_channel_0/cmd_translator_0/incr_cmd_0/next
    SLICE_X2Y40          LUT4 (Prop_lut4_I3_O)        0.124     7.898 r  Final_Project_i/ps7_0_axi_periph/s00_couplers/auto_pc/inst/gen_axilite.gen_b2s_conv.axilite_b2s/WR.aw_channel_0/cmd_translator_0/incr_cmd_0/axaddr_incr[3]_i_9/O
                         net (fo=1, routed)           0.000     7.898    Final_Project_i/ps7_0_axi_periph/s00_couplers/auto_pc/inst/gen_axilite.gen_b2s_conv.axilite_b2s/SI_REG/aw.aw_pipe/axaddr_incr_reg[3][1]
    SLICE_X2Y40          CARRY4 (Prop_carry4_S[1]_CO[3])
                                                      0.550     8.448 r  Final_Project_i/ps7_0_axi_periph/s00_couplers/auto_pc/inst/gen_axilite.gen_b2s_conv.axilite_b2s/SI_REG/aw.aw_pipe/axaddr_incr_reg[3]_i_2/CO[3]
                         net (fo=1, routed)           0.000     8.448    Final_Project_i/ps7_0_axi_periph/s00_couplers/auto_pc/inst/gen_axilite.gen_b2s_conv.axilite_b2s/SI_REG/aw.aw_pipe/axaddr_incr_reg[3]_i_2_n_0
    SLICE_X2Y41          CARRY4 (Prop_carry4_CI_CO[3])
                                                      0.114     8.562 r  Final_Project_i/ps7_0_axi_periph/s00_couplers/auto_pc/inst/gen_axilite.gen_b2s_conv.axilite_b2s/SI_REG/aw.aw_pipe/axaddr_incr_reg[7]_i_2/CO[3]
                         net (fo=1, routed)           0.000     8.562    Final_Project_i/ps7_0_axi_periph/s00_couplers/auto_pc/inst/gen_axilite.gen_b2s_conv.axilite_b2s/SI_REG/aw.aw_pipe/axaddr_incr_reg[7]_i_2_n_0
    SLICE_X2Y42          CARRY4 (Prop_carry4_CI_O[3])
                                                      0.313     8.875 r  Final_Project_i/ps7_0_axi_periph/s00_couplers/auto_pc/inst/gen_axilite.gen_b2s_conv.axilite_b2s/SI_REG/aw.aw_pipe/axaddr_incr_reg[11]_i_3/O[3]
                         net (fo=1, routed)           0.661     9.536    Final_Project_i/ps7_0_axi_periph/s00_couplers/auto_pc/inst/gen_axilite.gen_b2s_conv.axilite_b2s/WR.aw_channel_0/cmd_translator_0/incr_cmd_0/axaddr_incr[11]
    SLICE_X3Y42          LUT3 (Prop_lut3_I0_O)        0.306     9.842 r  Final_Project_i/ps7_0_axi_periph/s00_couplers/auto_pc/inst/gen_axilite.gen_b2s_conv.axilite_b2s/WR.aw_channel_0/cmd_translator_0/incr_cmd_0/axaddr_incr[11]_i_2/O
                         net (fo=1, routed)           0.000     9.842    Final_Project_i/ps7_0_axi_periph/s00_couplers/auto_pc/inst/gen_axilite.gen_b2s_conv.axilite_b2s/WR.aw_channel_0/cmd_translator_0/incr_cmd_0/p_1_in[11]
    SLICE_X3Y42          FDRE                                         r  Final_Project_i/ps7_0_axi_periph/s00_couplers/auto_pc/inst/gen_axilite.gen_b2s_conv.axilite_b2s/WR.aw_channel_0/cmd_translator_0/incr_cmd_0/axaddr_incr_reg[11]/D
  -------------------------------------------------------------------    -------------------

                         (clock clk_fpga_0 rise edge)
                                                     10.000    10.000 r  
    PS7_X0Y0             PS7                          0.000    10.000 r  Final_Project_i/processing_system7_0/inst/PS7_i/FCLKCLK[0]
                         net (fo=1, routed)           1.666    11.666    Final_Project_i/processing_system7_0/inst/FCLK_CLK_unbuffered[0]
    BUFGCTRL_X0Y16       BUFG (Prop_bufg_I_O)         0.091    11.757 r  Final_Project_i/processing_system7_0/inst/buffer_fclk_clk_0.FCLK_CLK_0_BUFG/O
                         net (fo=1316, routed)        1.553    13.311    Final_Project_i/ps7_0_axi_periph/s00_couplers/auto_pc/inst/gen_axilite.gen_b2s_conv.axilite_b2s/WR.aw_channel_0/cmd_translator_0/incr_cmd_0/aclk
    SLICE_X3Y42          FDRE                                         r  Final_Project_i/ps7_0_axi_periph/s00_couplers/auto_pc/inst/gen_axilite.gen_b2s_conv.axilite_b2s/WR.aw_channel_0/cmd_translator_0/incr_cmd_0/axaddr_incr_reg[11]/C
                         clock pessimism              0.434    13.744    
                         clock uncertainty           -0.154    13.590    
    SLICE_X3Y42          FDRE (Setup_fdre_C_D)        0.031    13.621    Final_Project_i/ps7_0_axi_periph/s00_couplers/auto_pc/inst/gen_axilite.gen_b2s_conv.axilite_b2s/WR.aw_channel_0/cmd_translator_0/incr_cmd_0/axaddr_incr_reg[11]
  -------------------------------------------------------------------
                         required time                         13.621    
                         arrival time                          -9.842    
  -------------------------------------------------------------------
                         slack                                  3.779    

Slack (MET) :             3.930ns  (required time - arrival time)
  Source:                 Final_Project_i/ps7_0_axi_periph/s00_couplers/auto_pc/inst/gen_axilite.gen_b2s_conv.axilite_b2s/SI_REG/aw.aw_pipe/m_payload_i_reg[39]/C
                            (rising edge-triggered cell FDRE clocked by clk_fpga_0  {rise@0.000ns fall@5.000ns period=10.000ns})
  Destination:            Final_Project_i/ps7_0_axi_periph/s00_couplers/auto_pc/inst/gen_axilite.gen_b2s_conv.axilite_b2s/WR.aw_channel_0/cmd_translator_0/incr_cmd_0/axaddr_incr_reg[8]/D
                            (rising edge-triggered cell FDRE clocked by clk_fpga_0  {rise@0.000ns fall@5.000ns period=10.000ns})
  Path Group:             clk_fpga_0
  Path Type:              Setup (Max at Slow Process Corner)
  Requirement:            10.000ns  (clk_fpga_0 rise@10.000ns - clk_fpga_0 rise@0.000ns)
  Data Path Delay:        5.965ns  (logic 2.299ns (38.543%)  route 3.666ns (61.457%))
  Logic Levels:           8  (CARRY4=3 LUT3=3 LUT4=1 LUT6=1)
  Clock Path Skew:        -0.026ns (DCD - SCD + CPR)
    Destination Clock Delay (DCD):    3.311ns = ( 13.311 - 10.000 ) 
    Source Clock Delay      (SCD):    3.770ns
    Clock Pessimism Removal (CPR):    0.434ns
  Clock Uncertainty:      0.154ns  ((TSJ^2 + TIJ^2)^1/2 + DJ) / 2 + PE
    Total System Jitter     (TSJ):    0.071ns
    Total Input Jitter      (TIJ):    0.300ns
    Discrete Jitter          (DJ):    0.000ns
    Phase Error              (PE):    0.000ns

    Location             Delay type                Incr(ns)  Path(ns)    Netlist Resource(s)
  -------------------------------------------------------------------    -------------------
                         (clock clk_fpga_0 rise edge)
                                                      0.000     0.000 r  
    PS7_X0Y0             PS7                          0.000     0.000 r  Final_Project_i/processing_system7_0/inst/PS7_i/FCLKCLK[0]
                         net (fo=1, routed)           1.938     1.938    Final_Project_i/processing_system7_0/inst/FCLK_CLK_unbuffered[0]
    BUFGCTRL_X0Y16       BUFG (Prop_bufg_I_O)         0.101     2.039 r  Final_Project_i/processing_system7_0/inst/buffer_fclk_clk_0.FCLK_CLK_0_BUFG/O
                         net (fo=1316, routed)        1.731     3.770    Final_Project_i/ps7_0_axi_periph/s00_couplers/auto_pc/inst/gen_axilite.gen_b2s_conv.axilite_b2s/SI_REG/aw.aw_pipe/aclk
    SLICE_X3Y46          FDRE                                         r  Final_Project_i/ps7_0_axi_periph/s00_couplers/auto_pc/inst/gen_axilite.gen_b2s_conv.axilite_b2s/SI_REG/aw.aw_pipe/m_payload_i_reg[39]/C
  -------------------------------------------------------------------    -------------------
    SLICE_X3Y46          FDRE (Prop_fdre_C_Q)         0.419     4.189 r  Final_Project_i/ps7_0_axi_periph/s00_couplers/auto_pc/inst/gen_axilite.gen_b2s_conv.axilite_b2s/SI_REG/aw.aw_pipe/m_payload_i_reg[39]/Q
                         net (fo=13, routed)          1.210     5.399    Final_Project_i/ps7_0_axi_periph/s00_couplers/auto_pc/inst/gen_axilite.gen_b2s_conv.axilite_b2s/WR.aw_channel_0/cmd_translator_0/axlen_cnt_reg[3][11]
    SLICE_X8Y37          LUT3 (Prop_lut3_I1_O)        0.297     5.696 f  Final_Project_i/ps7_0_axi_periph/s00_couplers/auto_pc/inst/gen_axilite.gen_b2s_conv.axilite_b2s/WR.aw_channel_0/cmd_translator_0/FSM_sequential_state[1]_i_2/O
                         net (fo=3, routed)           0.511     6.207    Final_Project_i/ps7_0_axi_periph/s00_couplers/auto_pc/inst/gen_axilite.gen_b2s_conv.axilite_b2s/WR.aw_channel_0/aw_cmd_fsm_0/FSM_sequential_state_reg[1]_0
    SLICE_X8Y38          LUT6 (Prop_lut6_I3_O)        0.124     6.331 r  Final_Project_i/ps7_0_axi_periph/s00_couplers/auto_pc/inst/gen_axilite.gen_b2s_conv.axilite_b2s/WR.aw_channel_0/aw_cmd_fsm_0/memory_reg[3][0]_srl4_i_1/O
                         net (fo=30, routed)          0.425     6.756    Final_Project_i/ps7_0_axi_periph/s00_couplers/auto_pc/inst/gen_axilite.gen_b2s_conv.axilite_b2s/WR.aw_channel_0/aw_cmd_fsm_0/m_axi_awready_0
    SLICE_X9Y39          LUT3 (Prop_lut3_I2_O)        0.124     6.880 r  Final_Project_i/ps7_0_axi_periph/s00_couplers/auto_pc/inst/gen_axilite.gen_b2s_conv.axilite_b2s/WR.aw_channel_0/aw_cmd_fsm_0/next_pending_r_i_3/O
                         net (fo=23, routed)          0.894     7.774    Final_Project_i/ps7_0_axi_periph/s00_couplers/auto_pc/inst/gen_axilite.gen_b2s_conv.axilite_b2s/WR.aw_channel_0/cmd_translator_0/incr_cmd_0/next
    SLICE_X2Y40          LUT4 (Prop_lut4_I3_O)        0.124     7.898 r  Final_Project_i/ps7_0_axi_periph/s00_couplers/auto_pc/inst/gen_axilite.gen_b2s_conv.axilite_b2s/WR.aw_channel_0/cmd_translator_0/incr_cmd_0/axaddr_incr[3]_i_9/O
                         net (fo=1, routed)           0.000     7.898    Final_Project_i/ps7_0_axi_periph/s00_couplers/auto_pc/inst/gen_axilite.gen_b2s_conv.axilite_b2s/SI_REG/aw.aw_pipe/axaddr_incr_reg[3][1]
    SLICE_X2Y40          CARRY4 (Prop_carry4_S[1]_CO[3])
                                                      0.550     8.448 r  Final_Project_i/ps7_0_axi_periph/s00_couplers/auto_pc/inst/gen_axilite.gen_b2s_conv.axilite_b2s/SI_REG/aw.aw_pipe/axaddr_incr_reg[3]_i_2/CO[3]
                         net (fo=1, routed)           0.000     8.448    Final_Project_i/ps7_0_axi_periph/s00_couplers/auto_pc/inst/gen_axilite.gen_b2s_conv.axilite_b2s/SI_REG/aw.aw_pipe/axaddr_incr_reg[3]_i_2_n_0
    SLICE_X2Y41          CARRY4 (Prop_carry4_CI_CO[3])
                                                      0.114     8.562 r  Final_Project_i/ps7_0_axi_periph/s00_couplers/auto_pc/inst/gen_axilite.gen_b2s_conv.axilite_b2s/SI_REG/aw.aw_pipe/axaddr_incr_reg[7]_i_2/CO[3]
                         net (fo=1, routed)           0.000     8.562    Final_Project_i/ps7_0_axi_periph/s00_couplers/auto_pc/inst/gen_axilite.gen_b2s_conv.axilite_b2s/SI_REG/aw.aw_pipe/axaddr_incr_reg[7]_i_2_n_0
    SLICE_X2Y42          CARRY4 (Prop_carry4_CI_O[0])
                                                      0.222     8.784 r  Final_Project_i/ps7_0_axi_periph/s00_couplers/auto_pc/inst/gen_axilite.gen_b2s_conv.axilite_b2s/SI_REG/aw.aw_pipe/axaddr_incr_reg[11]_i_3/O[0]
                         net (fo=1, routed)           0.626     9.410    Final_Project_i/ps7_0_axi_periph/s00_couplers/auto_pc/inst/gen_axilite.gen_b2s_conv.axilite_b2s/WR.aw_channel_0/cmd_translator_0/incr_cmd_0/axaddr_incr[8]
    SLICE_X3Y42          LUT3 (Prop_lut3_I0_O)        0.325     9.735 r  Final_Project_i/ps7_0_axi_periph/s00_couplers/auto_pc/inst/gen_axilite.gen_b2s_conv.axilite_b2s/WR.aw_channel_0/cmd_translator_0/incr_cmd_0/axaddr_incr[8]_i_1/O
                         net (fo=1, routed)           0.000     9.735    Final_Project_i/ps7_0_axi_periph/s00_couplers/auto_pc/inst/gen_axilite.gen_b2s_conv.axilite_b2s/WR.aw_channel_0/cmd_translator_0/incr_cmd_0/p_1_in[8]
    SLICE_X3Y42          FDRE                                         r  Final_Project_i/ps7_0_axi_periph/s00_couplers/auto_pc/inst/gen_axilite.gen_b2s_conv.axilite_b2s/WR.aw_channel_0/cmd_translator_0/incr_cmd_0/axaddr_incr_reg[8]/D
  -------------------------------------------------------------------    -------------------

                         (clock clk_fpga_0 rise edge)
                                                     10.000    10.000 r  
    PS7_X0Y0             PS7                          0.000    10.000 r  Final_Project_i/processing_system7_0/inst/PS7_i/FCLKCLK[0]
                         net (fo=1, routed)           1.666    11.666    Final_Project_i/processing_system7_0/inst/FCLK_CLK_unbuffered[0]
    BUFGCTRL_X0Y16       BUFG (Prop_bufg_I_O)         0.091    11.757 r  Final_Project_i/processing_system7_0/inst/buffer_fclk_clk_0.FCLK_CLK_0_BUFG/O
                         net (fo=1316, routed)        1.553    13.311    Final_Project_i/ps7_0_axi_periph/s00_couplers/auto_pc/inst/gen_axilite.gen_b2s_conv.axilite_b2s/WR.aw_channel_0/cmd_translator_0/incr_cmd_0/aclk
    SLICE_X3Y42          FDRE                                         r  Final_Project_i/ps7_0_axi_periph/s00_couplers/auto_pc/inst/gen_axilite.gen_b2s_conv.axilite_b2s/WR.aw_channel_0/cmd_translator_0/incr_cmd_0/axaddr_incr_reg[8]/C
                         clock pessimism              0.434    13.744    
                         clock uncertainty           -0.154    13.590    
    SLICE_X3Y42          FDRE (Setup_fdre_C_D)        0.075    13.665    Final_Project_i/ps7_0_axi_periph/s00_couplers/auto_pc/inst/gen_axilite.gen_b2s_conv.axilite_b2s/WR.aw_channel_0/cmd_translator_0/incr_cmd_0/axaddr_incr_reg[8]
  -------------------------------------------------------------------
                         required time                         13.665    
                         arrival time                          -9.735    
  -------------------------------------------------------------------
                         slack                                  3.930    

Slack (MET) :             3.995ns  (required time - arrival time)
  Source:                 Final_Project_i/ps7_0_axi_periph/s00_couplers/auto_pc/inst/gen_axilite.gen_b2s_conv.axilite_b2s/SI_REG/aw.aw_pipe/m_payload_i_reg[39]/C
                            (rising edge-triggered cell FDRE clocked by clk_fpga_0  {rise@0.000ns fall@5.000ns period=10.000ns})
  Destination:            Final_Project_i/ps7_0_axi_periph/s00_couplers/auto_pc/inst/gen_axilite.gen_b2s_conv.axilite_b2s/WR.aw_channel_0/cmd_translator_0/incr_cmd_0/axaddr_incr_reg[5]/D
                            (rising edge-triggered cell FDRE clocked by clk_fpga_0  {rise@0.000ns fall@5.000ns period=10.000ns})
  Path Group:             clk_fpga_0
  Path Type:              Setup (Max at Slow Process Corner)
  Requirement:            10.000ns  (clk_fpga_0 rise@10.000ns - clk_fpga_0 rise@0.000ns)
  Data Path Delay:        5.906ns  (logic 2.275ns (38.523%)  route 3.631ns (61.477%))
  Logic Levels:           7  (CARRY4=2 LUT3=3 LUT4=1 LUT6=1)
  Clock Path Skew:        -0.026ns (DCD - SCD + CPR)
    Destination Clock Delay (DCD):    3.311ns = ( 13.311 - 10.000 ) 
    Source Clock Delay      (SCD):    3.770ns
    Clock Pessimism Removal (CPR):    0.434ns
  Clock Uncertainty:      0.154ns  ((TSJ^2 + TIJ^2)^1/2 + DJ) / 2 + PE
    Total System Jitter     (TSJ):    0.071ns
    Total Input Jitter      (TIJ):    0.300ns
    Discrete Jitter          (DJ):    0.000ns
    Phase Error              (PE):    0.000ns

    Location             Delay type                Incr(ns)  Path(ns)    Netlist Resource(s)
  -------------------------------------------------------------------    -------------------
                         (clock clk_fpga_0 rise edge)
                                                      0.000     0.000 r  
    PS7_X0Y0             PS7                          0.000     0.000 r  Final_Project_i/processing_system7_0/inst/PS7_i/FCLKCLK[0]
                         net (fo=1, routed)           1.938     1.938    Final_Project_i/processing_system7_0/inst/FCLK_CLK_unbuffered[0]
    BUFGCTRL_X0Y16       BUFG (Prop_bufg_I_O)         0.101     2.039 r  Final_Project_i/processing_system7_0/inst/buffer_fclk_clk_0.FCLK_CLK_0_BUFG/O
                         net (fo=1316, routed)        1.731     3.770    Final_Project_i/ps7_0_axi_periph/s00_couplers/auto_pc/inst/gen_axilite.gen_b2s_conv.axilite_b2s/SI_REG/aw.aw_pipe/aclk
    SLICE_X3Y46          FDRE                                         r  Final_Project_i/ps7_0_axi_periph/s00_couplers/auto_pc/inst/gen_axilite.gen_b2s_conv.axilite_b2s/SI_REG/aw.aw_pipe/m_payload_i_reg[39]/C
  -------------------------------------------------------------------    -------------------
    SLICE_X3Y46          FDRE (Prop_fdre_C_Q)         0.419     4.189 r  Final_Project_i/ps7_0_axi_periph/s00_couplers/auto_pc/inst/gen_axilite.gen_b2s_conv.axilite_b2s/SI_REG/aw.aw_pipe/m_payload_i_reg[39]/Q
                         net (fo=13, routed)          1.210     5.399    Final_Project_i/ps7_0_axi_periph/s00_couplers/auto_pc/inst/gen_axilite.gen_b2s_conv.axilite_b2s/WR.aw_channel_0/cmd_translator_0/axlen_cnt_reg[3][11]
    SLICE_X8Y37          LUT3 (Prop_lut3_I1_O)        0.297     5.696 f  Final_Project_i/ps7_0_axi_periph/s00_couplers/auto_pc/inst/gen_axilite.gen_b2s_conv.axilite_b2s/WR.aw_channel_0/cmd_translator_0/FSM_sequential_state[1]_i_2/O
                         net (fo=3, routed)           0.511     6.207    Final_Project_i/ps7_0_axi_periph/s00_couplers/auto_pc/inst/gen_axilite.gen_b2s_conv.axilite_b2s/WR.aw_channel_0/aw_cmd_fsm_0/FSM_sequential_state_reg[1]_0
    SLICE_X8Y38          LUT6 (Prop_lut6_I3_O)        0.124     6.331 r  Final_Project_i/ps7_0_axi_periph/s00_couplers/auto_pc/inst/gen_axilite.gen_b2s_conv.axilite_b2s/WR.aw_channel_0/aw_cmd_fsm_0/memory_reg[3][0]_srl4_i_1/O
                         net (fo=30, routed)          0.425     6.756    Final_Project_i/ps7_0_axi_periph/s00_couplers/auto_pc/inst/gen_axilite.gen_b2s_conv.axilite_b2s/WR.aw_channel_0/aw_cmd_fsm_0/m_axi_awready_0
    SLICE_X9Y39          LUT3 (Prop_lut3_I2_O)        0.124     6.880 r  Final_Project_i/ps7_0_axi_periph/s00_couplers/auto_pc/inst/gen_axilite.gen_b2s_conv.axilite_b2s/WR.aw_channel_0/aw_cmd_fsm_0/next_pending_r_i_3/O
                         net (fo=23, routed)          0.894     7.774    Final_Project_i/ps7_0_axi_periph/s00_couplers/auto_pc/inst/gen_axilite.gen_b2s_conv.axilite_b2s/WR.aw_channel_0/cmd_translator_0/incr_cmd_0/next
    SLICE_X2Y40          LUT4 (Prop_lut4_I3_O)        0.124     7.898 r  Final_Project_i/ps7_0_axi_periph/s00_couplers/auto_pc/inst/gen_axilite.gen_b2s_conv.axilite_b2s/WR.aw_channel_0/cmd_translator_0/incr_cmd_0/axaddr_incr[3]_i_9/O
                         net (fo=1, routed)           0.000     7.898    Final_Project_i/ps7_0_axi_periph/s00_couplers/auto_pc/inst/gen_axilite.gen_b2s_conv.axilite_b2s/SI_REG/aw.aw_pipe/axaddr_incr_reg[3][1]
    SLICE_X2Y40          CARRY4 (Prop_carry4_S[1]_CO[3])
                                                      0.550     8.448 r  Final_Project_i/ps7_0_axi_periph/s00_couplers/auto_pc/inst/gen_axilite.gen_b2s_conv.axilite_b2s/SI_REG/aw.aw_pipe/axaddr_incr_reg[3]_i_2/CO[3]
                         net (fo=1, routed)           0.000     8.448    Final_Project_i/ps7_0_axi_periph/s00_couplers/auto_pc/inst/gen_axilite.gen_b2s_conv.axilite_b2s/SI_REG/aw.aw_pipe/axaddr_incr_reg[3]_i_2_n_0
    SLICE_X2Y41          CARRY4 (Prop_carry4_CI_O[1])
                                                      0.334     8.782 r  Final_Project_i/ps7_0_axi_periph/s00_couplers/auto_pc/inst/gen_axilite.gen_b2s_conv.axilite_b2s/SI_REG/aw.aw_pipe/axaddr_incr_reg[7]_i_2/O[1]
                         net (fo=1, routed)           0.590     9.373    Final_Project_i/ps7_0_axi_periph/s00_couplers/auto_pc/inst/gen_axilite.gen_b2s_conv.axilite_b2s/WR.aw_channel_0/cmd_translator_0/incr_cmd_0/axaddr_incr[5]
    SLICE_X4Y41          LUT3 (Prop_lut3_I0_O)        0.303     9.676 r  Final_Project_i/ps7_0_axi_periph/s00_couplers/auto_pc/inst/gen_axilite.gen_b2s_conv.axilite_b2s/WR.aw_channel_0/cmd_translator_0/incr_cmd_0/axaddr_incr[5]_i_1/O
                         net (fo=1, routed)           0.000     9.676    Final_Project_i/ps7_0_axi_periph/s00_couplers/auto_pc/inst/gen_axilite.gen_b2s_conv.axilite_b2s/WR.aw_channel_0/cmd_translator_0/incr_cmd_0/p_1_in[5]
    SLICE_X4Y41          FDRE                                         r  Final_Project_i/ps7_0_axi_periph/s00_couplers/auto_pc/inst/gen_axilite.gen_b2s_conv.axilite_b2s/WR.aw_channel_0/cmd_translator_0/incr_cmd_0/axaddr_incr_reg[5]/D
  -------------------------------------------------------------------    -------------------

                         (clock clk_fpga_0 rise edge)
                                                     10.000    10.000 r  
    PS7_X0Y0             PS7                          0.000    10.000 r  Final_Project_i/processing_system7_0/inst/PS7_i/FCLKCLK[0]
                         net (fo=1, routed)           1.666    11.666    Final_Project_i/processing_system7_0/inst/FCLK_CLK_unbuffered[0]
    BUFGCTRL_X0Y16       BUFG (Prop_bufg_I_O)         0.091    11.757 r  Final_Project_i/processing_system7_0/inst/buffer_fclk_clk_0.FCLK_CLK_0_BUFG/O
                         net (fo=1316, routed)        1.553    13.311    Final_Project_i/ps7_0_axi_periph/s00_couplers/auto_pc/inst/gen_axilite.gen_b2s_conv.axilite_b2s/WR.aw_channel_0/cmd_translator_0/incr_cmd_0/aclk
    SLICE_X4Y41          FDRE                                         r  Final_Project_i/ps7_0_axi_periph/s00_couplers/auto_pc/inst/gen_axilite.gen_b2s_conv.axilite_b2s/WR.aw_channel_0/cmd_translator_0/incr_cmd_0/axaddr_incr_reg[5]/C
                         clock pessimism              0.434    13.744    
                         clock uncertainty           -0.154    13.590    
    SLICE_X4Y41          FDRE (Setup_fdre_C_D)        0.081    13.671    Final_Project_i/ps7_0_axi_periph/s00_couplers/auto_pc/inst/gen_axilite.gen_b2s_conv.axilite_b2s/WR.aw_channel_0/cmd_translator_0/incr_cmd_0/axaddr_incr_reg[5]
  -------------------------------------------------------------------
                         required time                         13.671    
                         arrival time                          -9.676    
  -------------------------------------------------------------------
                         slack                                  3.995    

Slack (MET) :             4.020ns  (required time - arrival time)
  Source:                 Final_Project_i/ps7_0_axi_periph/s00_couplers/auto_pc/inst/gen_axilite.gen_b2s_conv.axilite_b2s/SI_REG/aw.aw_pipe/m_payload_i_reg[39]/C
                            (rising edge-triggered cell FDRE clocked by clk_fpga_0  {rise@0.000ns fall@5.000ns period=10.000ns})
  Destination:            Final_Project_i/ps7_0_axi_periph/s00_couplers/auto_pc/inst/gen_axilite.gen_b2s_conv.axilite_b2s/WR.aw_channel_0/cmd_translator_0/incr_cmd_0/axaddr_incr_reg[10]/D
                            (rising edge-triggered cell FDRE clocked by clk_fpga_0  {rise@0.000ns fall@5.000ns period=10.000ns})
  Path Group:             clk_fpga_0
  Path Type:              Setup (Max at Slow Process Corner)
  Requirement:            10.000ns  (clk_fpga_0 rise@10.000ns - clk_fpga_0 rise@0.000ns)
  Data Path Delay:        5.829ns  (logic 2.293ns (39.336%)  route 3.536ns (60.664%))
  Logic Levels:           8  (CARRY4=3 LUT3=3 LUT4=1 LUT6=1)
  Clock Path Skew:        -0.026ns (DCD - SCD + CPR)
    Destination Clock Delay (DCD):    3.311ns = ( 13.311 - 10.000 ) 
    Source Clock Delay      (SCD):    3.770ns
    Clock Pessimism Removal (CPR):    0.434ns
  Clock Uncertainty:      0.154ns  ((TSJ^2 + TIJ^2)^1/2 + DJ) / 2 + PE
    Total System Jitter     (TSJ):    0.071ns
    Total Input Jitter      (TIJ):    0.300ns
    Discrete Jitter          (DJ):    0.000ns
    Phase Error              (PE):    0.000ns

    Location             Delay type                Incr(ns)  Path(ns)    Netlist Resource(s)
  -------------------------------------------------------------------    -------------------
                         (clock clk_fpga_0 rise edge)
                                                      0.000     0.000 r  
    PS7_X0Y0             PS7                          0.000     0.000 r  Final_Project_i/processing_system7_0/inst/PS7_i/FCLKCLK[0]
                         net (fo=1, routed)           1.938     1.938    Final_Project_i/processing_system7_0/inst/FCLK_CLK_unbuffered[0]
    BUFGCTRL_X0Y16       BUFG (Prop_bufg_I_O)         0.101     2.039 r  Final_Project_i/processing_system7_0/inst/buffer_fclk_clk_0.FCLK_CLK_0_BUFG/O
                         net (fo=1316, routed)        1.731     3.770    Final_Project_i/ps7_0_axi_periph/s00_couplers/auto_pc/inst/gen_axilite.gen_b2s_conv.axilite_b2s/SI_REG/aw.aw_pipe/aclk
    SLICE_X3Y46          FDRE                                         r  Final_Project_i/ps7_0_axi_periph/s00_couplers/auto_pc/inst/gen_axilite.gen_b2s_conv.axilite_b2s/SI_REG/aw.aw_pipe/m_payload_i_reg[39]/C
  -------------------------------------------------------------------    -------------------
    SLICE_X3Y46          FDRE (Prop_fdre_C_Q)         0.419     4.189 r  Final_Project_i/ps7_0_axi_periph/s00_couplers/auto_pc/inst/gen_axilite.gen_b2s_conv.axilite_b2s/SI_REG/aw.aw_pipe/m_payload_i_reg[39]/Q
                         net (fo=13, routed)          1.210     5.399    Final_Project_i/ps7_0_axi_periph/s00_couplers/auto_pc/inst/gen_axilite.gen_b2s_conv.axilite_b2s/WR.aw_channel_0/cmd_translator_0/axlen_cnt_reg[3][11]
    SLICE_X8Y37          LUT3 (Prop_lut3_I1_O)        0.297     5.696 f  Final_Project_i/ps7_0_axi_periph/s00_couplers/auto_pc/inst/gen_axilite.gen_b2s_conv.axilite_b2s/WR.aw_channel_0/cmd_translator_0/FSM_sequential_state[1]_i_2/O
                         net (fo=3, routed)           0.511     6.207    Final_Project_i/ps7_0_axi_periph/s00_couplers/auto_pc/inst/gen_axilite.gen_b2s_conv.axilite_b2s/WR.aw_channel_0/aw_cmd_fsm_0/FSM_sequential_state_reg[1]_0
    SLICE_X8Y38          LUT6 (Prop_lut6_I3_O)        0.124     6.331 r  Final_Project_i/ps7_0_axi_periph/s00_couplers/auto_pc/inst/gen_axilite.gen_b2s_conv.axilite_b2s/WR.aw_channel_0/aw_cmd_fsm_0/memory_reg[3][0]_srl4_i_1/O
                         net (fo=30, routed)          0.425     6.756    Final_Project_i/ps7_0_axi_periph/s00_couplers/auto_pc/inst/gen_axilite.gen_b2s_conv.axilite_b2s/WR.aw_channel_0/aw_cmd_fsm_0/m_axi_awready_0
    SLICE_X9Y39          LUT3 (Prop_lut3_I2_O)        0.124     6.880 r  Final_Project_i/ps7_0_axi_periph/s00_couplers/auto_pc/inst/gen_axilite.gen_b2s_conv.axilite_b2s/WR.aw_channel_0/aw_cmd_fsm_0/next_pending_r_i_3/O
                         net (fo=23, routed)          0.894     7.774    Final_Project_i/ps7_0_axi_periph/s00_couplers/auto_pc/inst/gen_axilite.gen_b2s_conv.axilite_b2s/WR.aw_channel_0/cmd_translator_0/incr_cmd_0/next
    SLICE_X2Y40          LUT4 (Prop_lut4_I3_O)        0.124     7.898 r  Final_Project_i/ps7_0_axi_periph/s00_couplers/auto_pc/inst/gen_axilite.gen_b2s_conv.axilite_b2s/WR.aw_channel_0/cmd_translator_0/incr_cmd_0/axaddr_incr[3]_i_9/O
                         net (fo=1, routed)           0.000     7.898    Final_Project_i/ps7_0_axi_periph/s00_couplers/auto_pc/inst/gen_axilite.gen_b2s_conv.axilite_b2s/SI_REG/aw.aw_pipe/axaddr_incr_reg[3][1]
    SLICE_X2Y40          CARRY4 (Prop_carry4_S[1]_CO[3])
                                                      0.550     8.448 r  Final_Project_i/ps7_0_axi_periph/s00_couplers/auto_pc/inst/gen_axilite.gen_b2s_conv.axilite_b2s/SI_REG/aw.aw_pipe/axaddr_incr_reg[3]_i_2/CO[3]
                         net (fo=1, routed)           0.000     8.448    Final_Project_i/ps7_0_axi_periph/s00_couplers/auto_pc/inst/gen_axilite.gen_b2s_conv.axilite_b2s/SI_REG/aw.aw_pipe/axaddr_incr_reg[3]_i_2_n_0
    SLICE_X2Y41          CARRY4 (Prop_carry4_CI_CO[3])
                                                      0.114     8.562 r  Final_Project_i/ps7_0_axi_periph/s00_couplers/auto_pc/inst/gen_axilite.gen_b2s_conv.axilite_b2s/SI_REG/aw.aw_pipe/axaddr_incr_reg[7]_i_2/CO[3]
                         net (fo=1, routed)           0.000     8.562    Final_Project_i/ps7_0_axi_periph/s00_couplers/auto_pc/inst/gen_axilite.gen_b2s_conv.axilite_b2s/SI_REG/aw.aw_pipe/axaddr_incr_reg[7]_i_2_n_0
    SLICE_X2Y42          CARRY4 (Prop_carry4_CI_O[2])
                                                      0.239     8.801 r  Final_Project_i/ps7_0_axi_periph/s00_couplers/auto_pc/inst/gen_axilite.gen_b2s_conv.axilite_b2s/SI_REG/aw.aw_pipe/axaddr_incr_reg[11]_i_3/O[2]
                         net (fo=1, routed)           0.496     9.298    Final_Project_i/ps7_0_axi_periph/s00_couplers/auto_pc/inst/gen_axilite.gen_b2s_conv.axilite_b2s/WR.aw_channel_0/cmd_translator_0/incr_cmd_0/axaddr_incr[10]
    SLICE_X3Y42          LUT3 (Prop_lut3_I0_O)        0.302     9.600 r  Final_Project_i/ps7_0_axi_periph/s00_couplers/auto_pc/inst/gen_axilite.gen_b2s_conv.axilite_b2s/WR.aw_channel_0/cmd_translator_0/incr_cmd_0/axaddr_incr[10]_i_1/O
                         net (fo=1, routed)           0.000     9.600    Final_Project_i/ps7_0_axi_periph/s00_couplers/auto_pc/inst/gen_axilite.gen_b2s_conv.axilite_b2s/WR.aw_channel_0/cmd_translator_0/incr_cmd_0/p_1_in[10]
    SLICE_X3Y42          FDRE                                         r  Final_Project_i/ps7_0_axi_periph/s00_couplers/auto_pc/inst/gen_axilite.gen_b2s_conv.axilite_b2s/WR.aw_channel_0/cmd_translator_0/incr_cmd_0/axaddr_incr_reg[10]/D
  -------------------------------------------------------------------    -------------------

                         (clock clk_fpga_0 rise edge)
                                                     10.000    10.000 r  
    PS7_X0Y0             PS7                          0.000    10.000 r  Final_Project_i/processing_system7_0/inst/PS7_i/FCLKCLK[0]
                         net (fo=1, routed)           1.666    11.666    Final_Project_i/processing_system7_0/inst/FCLK_CLK_unbuffered[0]
    BUFGCTRL_X0Y16       BUFG (Prop_bufg_I_O)         0.091    11.757 r  Final_Project_i/processing_system7_0/inst/buffer_fclk_clk_0.FCLK_CLK_0_BUFG/O
                         net (fo=1316, routed)        1.553    13.311    Final_Project_i/ps7_0_axi_periph/s00_couplers/auto_pc/inst/gen_axilite.gen_b2s_conv.axilite_b2s/WR.aw_channel_0/cmd_translator_0/incr_cmd_0/aclk
    SLICE_X3Y42          FDRE                                         r  Final_Project_i/ps7_0_axi_periph/s00_couplers/auto_pc/inst/gen_axilite.gen_b2s_conv.axilite_b2s/WR.aw_channel_0/cmd_translator_0/incr_cmd_0/axaddr_incr_reg[10]/C
                         clock pessimism              0.434    13.744    
                         clock uncertainty           -0.154    13.590    
    SLICE_X3Y42          FDRE (Setup_fdre_C_D)        0.029    13.619    Final_Project_i/ps7_0_axi_periph/s00_couplers/auto_pc/inst/gen_axilite.gen_b2s_conv.axilite_b2s/WR.aw_channel_0/cmd_translator_0/incr_cmd_0/axaddr_incr_reg[10]
  -------------------------------------------------------------------
                         required time                         13.619    
                         arrival time                          -9.600    
  -------------------------------------------------------------------
                         slack                                  4.020    

Slack (MET) :             4.037ns  (required time - arrival time)
  Source:                 Final_Project_i/ps7_0_axi_periph/s00_couplers/auto_pc/inst/gen_axilite.gen_b2s_conv.axilite_b2s/SI_REG/aw.aw_pipe/m_payload_i_reg[39]/C
                            (rising edge-triggered cell FDRE clocked by clk_fpga_0  {rise@0.000ns fall@5.000ns period=10.000ns})
  Destination:            Final_Project_i/ps7_0_axi_periph/s00_couplers/auto_pc/inst/gen_axilite.gen_b2s_conv.axilite_b2s/WR.aw_channel_0/cmd_translator_0/incr_cmd_0/axaddr_incr_reg[3]/D
                            (rising edge-triggered cell FDRE clocked by clk_fpga_0  {rise@0.000ns fall@5.000ns period=10.000ns})
  Path Group:             clk_fpga_0
  Path Type:              Setup (Max at Slow Process Corner)
  Requirement:            10.000ns  (clk_fpga_0 rise@10.000ns - clk_fpga_0 rise@0.000ns)
  Data Path Delay:        5.901ns  (logic 2.058ns (34.875%)  route 3.843ns (65.125%))
  Logic Levels:           6  (CARRY4=1 LUT3=3 LUT4=1 LUT6=1)
  Clock Path Skew:        -0.026ns (DCD - SCD + CPR)
    Destination Clock Delay (DCD):    3.311ns = ( 13.311 - 10.000 ) 
    Source Clock Delay      (SCD):    3.770ns
    Clock Pessimism Removal (CPR):    0.434ns
  Clock Uncertainty:      0.154ns  ((TSJ^2 + TIJ^2)^1/2 + DJ) / 2 + PE
    Total System Jitter     (TSJ):    0.071ns
    Total Input Jitter      (TIJ):    0.300ns
    Discrete Jitter          (DJ):    0.000ns
    Phase Error              (PE):    0.000ns

    Location             Delay type                Incr(ns)  Path(ns)    Netlist Resource(s)
  -------------------------------------------------------------------    -------------------
                         (clock clk_fpga_0 rise edge)
                                                      0.000     0.000 r  
    PS7_X0Y0             PS7                          0.000     0.000 r  Final_Project_i/processing_system7_0/inst/PS7_i/FCLKCLK[0]
                         net (fo=1, routed)           1.938     1.938    Final_Project_i/processing_system7_0/inst/FCLK_CLK_unbuffered[0]
    BUFGCTRL_X0Y16       BUFG (Prop_bufg_I_O)         0.101     2.039 r  Final_Project_i/processing_system7_0/inst/buffer_fclk_clk_0.FCLK_CLK_0_BUFG/O
                         net (fo=1316, routed)        1.731     3.770    Final_Project_i/ps7_0_axi_periph/s00_couplers/auto_pc/inst/gen_axilite.gen_b2s_conv.axilite_b2s/SI_REG/aw.aw_pipe/aclk
    SLICE_X3Y46          FDRE                                         r  Final_Project_i/ps7_0_axi_periph/s00_couplers/auto_pc/inst/gen_axilite.gen_b2s_conv.axilite_b2s/SI_REG/aw.aw_pipe/m_payload_i_reg[39]/C
  -------------------------------------------------------------------    -------------------
    SLICE_X3Y46          FDRE (Prop_fdre_C_Q)         0.419     4.189 r  Final_Project_i/ps7_0_axi_periph/s00_couplers/auto_pc/inst/gen_axilite.gen_b2s_conv.axilite_b2s/SI_REG/aw.aw_pipe/m_payload_i_reg[39]/Q
                         net (fo=13, routed)          1.210     5.399    Final_Project_i/ps7_0_axi_periph/s00_couplers/auto_pc/inst/gen_axilite.gen_b2s_conv.axilite_b2s/WR.aw_channel_0/cmd_translator_0/axlen_cnt_reg[3][11]
    SLICE_X8Y37          LUT3 (Prop_lut3_I1_O)        0.297     5.696 f  Final_Project_i/ps7_0_axi_periph/s00_couplers/auto_pc/inst/gen_axilite.gen_b2s_conv.axilite_b2s/WR.aw_channel_0/cmd_translator_0/FSM_sequential_state[1]_i_2/O
                         net (fo=3, routed)           0.511     6.207    Final_Project_i/ps7_0_axi_periph/s00_couplers/auto_pc/inst/gen_axilite.gen_b2s_conv.axilite_b2s/WR.aw_channel_0/aw_cmd_fsm_0/FSM_sequential_state_reg[1]_0
    SLICE_X8Y38          LUT6 (Prop_lut6_I3_O)        0.124     6.331 r  Final_Project_i/ps7_0_axi_periph/s00_couplers/auto_pc/inst/gen_axilite.gen_b2s_conv.axilite_b2s/WR.aw_channel_0/aw_cmd_fsm_0/memory_reg[3][0]_srl4_i_1/O
                         net (fo=30, routed)          0.425     6.756    Final_Project_i/ps7_0_axi_periph/s00_couplers/auto_pc/inst/gen_axilite.gen_b2s_conv.axilite_b2s/WR.aw_channel_0/aw_cmd_fsm_0/m_axi_awready_0
    SLICE_X9Y39          LUT3 (Prop_lut3_I2_O)        0.124     6.880 r  Final_Project_i/ps7_0_axi_periph/s00_couplers/auto_pc/inst/gen_axilite.gen_b2s_conv.axilite_b2s/WR.aw_channel_0/aw_cmd_fsm_0/next_pending_r_i_3/O
                         net (fo=23, routed)          0.894     7.774    Final_Project_i/ps7_0_axi_periph/s00_couplers/auto_pc/inst/gen_axilite.gen_b2s_conv.axilite_b2s/WR.aw_channel_0/cmd_translator_0/incr_cmd_0/next
    SLICE_X2Y40          LUT4 (Prop_lut4_I3_O)        0.124     7.898 r  Final_Project_i/ps7_0_axi_periph/s00_couplers/auto_pc/inst/gen_axilite.gen_b2s_conv.axilite_b2s/WR.aw_channel_0/cmd_translator_0/incr_cmd_0/axaddr_incr[3]_i_9/O
                         net (fo=1, routed)           0.000     7.898    Final_Project_i/ps7_0_axi_periph/s00_couplers/auto_pc/inst/gen_axilite.gen_b2s_conv.axilite_b2s/SI_REG/aw.aw_pipe/axaddr_incr_reg[3][1]
    SLICE_X2Y40          CARRY4 (Prop_carry4_S[1]_O[3])
                                                      0.640     8.538 r  Final_Project_i/ps7_0_axi_periph/s00_couplers/auto_pc/inst/gen_axilite.gen_b2s_conv.axilite_b2s/SI_REG/aw.aw_pipe/axaddr_incr_reg[3]_i_2/O[3]
                         net (fo=1, routed)           0.803     9.341    Final_Project_i/ps7_0_axi_periph/s00_couplers/auto_pc/inst/gen_axilite.gen_b2s_conv.axilite_b2s/WR.aw_channel_0/cmd_translator_0/incr_cmd_0/axaddr_incr[3]
    SLICE_X4Y41          LUT3 (Prop_lut3_I0_O)        0.330     9.671 r  Final_Project_i/ps7_0_axi_periph/s00_couplers/auto_pc/inst/gen_axilite.gen_b2s_conv.axilite_b2s/WR.aw_channel_0/cmd_translator_0/incr_cmd_0/axaddr_incr[3]_i_1/O
                         net (fo=1, routed)           0.000     9.671    Final_Project_i/ps7_0_axi_periph/s00_couplers/auto_pc/inst/gen_axilite.gen_b2s_conv.axilite_b2s/WR.aw_channel_0/cmd_translator_0/incr_cmd_0/p_1_in[3]
    SLICE_X4Y41          FDRE                                         r  Final_Project_i/ps7_0_axi_periph/s00_couplers/auto_pc/inst/gen_axilite.gen_b2s_conv.axilite_b2s/WR.aw_channel_0/cmd_translator_0/incr_cmd_0/axaddr_incr_reg[3]/D
  -------------------------------------------------------------------    -------------------

                         (clock clk_fpga_0 rise edge)
                                                     10.000    10.000 r  
    PS7_X0Y0             PS7                          0.000    10.000 r  Final_Project_i/processing_system7_0/inst/PS7_i/FCLKCLK[0]
                         net (fo=1, routed)           1.666    11.666    Final_Project_i/processing_system7_0/inst/FCLK_CLK_unbuffered[0]
    BUFGCTRL_X0Y16       BUFG (Prop_bufg_I_O)         0.091    11.757 r  Final_Project_i/processing_system7_0/inst/buffer_fclk_clk_0.FCLK_CLK_0_BUFG/O
                         net (fo=1316, routed)        1.553    13.311    Final_Project_i/ps7_0_axi_periph/s00_couplers/auto_pc/inst/gen_axilite.gen_b2s_conv.axilite_b2s/WR.aw_channel_0/cmd_translator_0/incr_cmd_0/aclk
    SLICE_X4Y41          FDRE                                         r  Final_Project_i/ps7_0_axi_periph/s00_couplers/auto_pc/inst/gen_axilite.gen_b2s_conv.axilite_b2s/WR.aw_channel_0/cmd_translator_0/incr_cmd_0/axaddr_incr_reg[3]/C
                         clock pessimism              0.434    13.744    
                         clock uncertainty           -0.154    13.590    
    SLICE_X4Y41          FDRE (Setup_fdre_C_D)        0.118    13.708    Final_Project_i/ps7_0_axi_periph/s00_couplers/auto_pc/inst/gen_axilite.gen_b2s_conv.axilite_b2s/WR.aw_channel_0/cmd_translator_0/incr_cmd_0/axaddr_incr_reg[3]
  -------------------------------------------------------------------
                         required time                         13.708    
                         arrival time                          -9.671    
  -------------------------------------------------------------------
                         slack                                  4.037    

Slack (MET) :             4.055ns  (required time - arrival time)
  Source:                 Final_Project_i/ps7_0_axi_periph/s00_couplers/auto_pc/inst/gen_axilite.gen_b2s_conv.axilite_b2s/SI_REG/aw.aw_pipe/m_payload_i_reg[39]/C
                            (rising edge-triggered cell FDRE clocked by clk_fpga_0  {rise@0.000ns fall@5.000ns period=10.000ns})
  Destination:            Final_Project_i/ps7_0_axi_periph/s00_couplers/auto_pc/inst/gen_axilite.gen_b2s_conv.axilite_b2s/WR.aw_channel_0/cmd_translator_0/incr_cmd_0/axaddr_incr_reg[9]/D
                            (rising edge-triggered cell FDRE clocked by clk_fpga_0  {rise@0.000ns fall@5.000ns period=10.000ns})
  Path Group:             clk_fpga_0
  Path Type:              Setup (Max at Slow Process Corner)
  Requirement:            10.000ns  (clk_fpga_0 rise@10.000ns - clk_fpga_0 rise@0.000ns)
  Data Path Delay:        5.840ns  (logic 2.384ns (40.825%)  route 3.456ns (59.175%))
  Logic Levels:           8  (CARRY4=3 LUT3=3 LUT4=1 LUT6=1)
  Clock Path Skew:        -0.026ns (DCD - SCD + CPR)
    Destination Clock Delay (DCD):    3.311ns = ( 13.311 - 10.000 ) 
    Source Clock Delay      (SCD):    3.770ns
    Clock Pessimism Removal (CPR):    0.434ns
  Clock Uncertainty:      0.154ns  ((TSJ^2 + TIJ^2)^1/2 + DJ) / 2 + PE
    Total System Jitter     (TSJ):    0.071ns
    Total Input Jitter      (TIJ):    0.300ns
    Discrete Jitter          (DJ):    0.000ns
    Phase Error              (PE):    0.000ns

    Location             Delay type                Incr(ns)  Path(ns)    Netlist Resource(s)
  -------------------------------------------------------------------    -------------------
                         (clock clk_fpga_0 rise edge)
                                                      0.000     0.000 r  
    PS7_X0Y0             PS7                          0.000     0.000 r  Final_Project_i/processing_system7_0/inst/PS7_i/FCLKCLK[0]
                         net (fo=1, routed)           1.938     1.938    Final_Project_i/processing_system7_0/inst/FCLK_CLK_unbuffered[0]
    BUFGCTRL_X0Y16       BUFG (Prop_bufg_I_O)         0.101     2.039 r  Final_Project_i/processing_system7_0/inst/buffer_fclk_clk_0.FCLK_CLK_0_BUFG/O
                         net (fo=1316, routed)        1.731     3.770    Final_Project_i/ps7_0_axi_periph/s00_couplers/auto_pc/inst/gen_axilite.gen_b2s_conv.axilite_b2s/SI_REG/aw.aw_pipe/aclk
    SLICE_X3Y46          FDRE                                         r  Final_Project_i/ps7_0_axi_periph/s00_couplers/auto_pc/inst/gen_axilite.gen_b2s_conv.axilite_b2s/SI_REG/aw.aw_pipe/m_payload_i_reg[39]/C
  -------------------------------------------------------------------    -------------------
    SLICE_X3Y46          FDRE (Prop_fdre_C_Q)         0.419     4.189 r  Final_Project_i/ps7_0_axi_periph/s00_couplers/auto_pc/inst/gen_axilite.gen_b2s_conv.axilite_b2s/SI_REG/aw.aw_pipe/m_payload_i_reg[39]/Q
                         net (fo=13, routed)          1.210     5.399    Final_Project_i/ps7_0_axi_periph/s00_couplers/auto_pc/inst/gen_axilite.gen_b2s_conv.axilite_b2s/WR.aw_channel_0/cmd_translator_0/axlen_cnt_reg[3][11]
    SLICE_X8Y37          LUT3 (Prop_lut3_I1_O)        0.297     5.696 f  Final_Project_i/ps7_0_axi_periph/s00_couplers/auto_pc/inst/gen_axilite.gen_b2s_conv.axilite_b2s/WR.aw_channel_0/cmd_translator_0/FSM_sequential_state[1]_i_2/O
                         net (fo=3, routed)           0.511     6.207    Final_Project_i/ps7_0_axi_periph/s00_couplers/auto_pc/inst/gen_axilite.gen_b2s_conv.axilite_b2s/WR.aw_channel_0/aw_cmd_fsm_0/FSM_sequential_state_reg[1]_0
    SLICE_X8Y38          LUT6 (Prop_lut6_I3_O)        0.124     6.331 r  Final_Project_i/ps7_0_axi_periph/s00_couplers/auto_pc/inst/gen_axilite.gen_b2s_conv.axilite_b2s/WR.aw_channel_0/aw_cmd_fsm_0/memory_reg[3][0]_srl4_i_1/O
                         net (fo=30, routed)          0.425     6.756    Final_Project_i/ps7_0_axi_periph/s00_couplers/auto_pc/inst/gen_axilite.gen_b2s_conv.axilite_b2s/WR.aw_channel_0/aw_cmd_fsm_0/m_axi_awready_0
    SLICE_X9Y39          LUT3 (Prop_lut3_I2_O)        0.124     6.880 r  Final_Project_i/ps7_0_axi_periph/s00_couplers/auto_pc/inst/gen_axilite.gen_b2s_conv.axilite_b2s/WR.aw_channel_0/aw_cmd_fsm_0/next_pending_r_i_3/O
                         net (fo=23, routed)          0.894     7.774    Final_Project_i/ps7_0_axi_periph/s00_couplers/auto_pc/inst/gen_axilite.gen_b2s_conv.axilite_b2s/WR.aw_channel_0/cmd_translator_0/incr_cmd_0/next
    SLICE_X2Y40          LUT4 (Prop_lut4_I3_O)        0.124     7.898 r  Final_Project_i/ps7_0_axi_periph/s00_couplers/auto_pc/inst/gen_axilite.gen_b2s_conv.axilite_b2s/WR.aw_channel_0/cmd_translator_0/incr_cmd_0/axaddr_incr[3]_i_9/O
                         net (fo=1, routed)           0.000     7.898    Final_Project_i/ps7_0_axi_periph/s00_couplers/auto_pc/inst/gen_axilite.gen_b2s_conv.axilite_b2s/SI_REG/aw.aw_pipe/axaddr_incr_reg[3][1]
    SLICE_X2Y40          CARRY4 (Prop_carry4_S[1]_CO[3])
                                                      0.550     8.448 r  Final_Project_i/ps7_0_axi_periph/s00_couplers/auto_pc/inst/gen_axilite.gen_b2s_conv.axilite_b2s/SI_REG/aw.aw_pipe/axaddr_incr_reg[3]_i_2/CO[3]
                         net (fo=1, routed)           0.000     8.448    Final_Project_i/ps7_0_axi_periph/s00_couplers/auto_pc/inst/gen_axilite.gen_b2s_conv.axilite_b2s/SI_REG/aw.aw_pipe/axaddr_incr_reg[3]_i_2_n_0
    SLICE_X2Y41          CARRY4 (Prop_carry4_CI_CO[3])
                                                      0.114     8.562 r  Final_Project_i/ps7_0_axi_periph/s00_couplers/auto_pc/inst/gen_axilite.gen_b2s_conv.axilite_b2s/SI_REG/aw.aw_pipe/axaddr_incr_reg[7]_i_2/CO[3]
                         net (fo=1, routed)           0.000     8.562    Final_Project_i/ps7_0_axi_periph/s00_couplers/auto_pc/inst/gen_axilite.gen_b2s_conv.axilite_b2s/SI_REG/aw.aw_pipe/axaddr_incr_reg[7]_i_2_n_0
    SLICE_X2Y42          CARRY4 (Prop_carry4_CI_O[1])
                                                      0.334     8.896 r  Final_Project_i/ps7_0_axi_periph/s00_couplers/auto_pc/inst/gen_axilite.gen_b2s_conv.axilite_b2s/SI_REG/aw.aw_pipe/axaddr_incr_reg[11]_i_3/O[1]
                         net (fo=1, routed)           0.415     9.312    Final_Project_i/ps7_0_axi_periph/s00_couplers/auto_pc/inst/gen_axilite.gen_b2s_conv.axilite_b2s/WR.aw_channel_0/cmd_translator_0/incr_cmd_0/axaddr_incr[9]
    SLICE_X3Y42          LUT3 (Prop_lut3_I0_O)        0.298     9.610 r  Final_Project_i/ps7_0_axi_periph/s00_couplers/auto_pc/inst/gen_axilite.gen_b2s_conv.axilite_b2s/WR.aw_channel_0/cmd_translator_0/incr_cmd_0/axaddr_incr[9]_i_1/O
                         net (fo=1, routed)           0.000     9.610    Final_Project_i/ps7_0_axi_periph/s00_couplers/auto_pc/inst/gen_axilite.gen_b2s_conv.axilite_b2s/WR.aw_channel_0/cmd_translator_0/incr_cmd_0/p_1_in[9]
    SLICE_X3Y42          FDRE                                         r  Final_Project_i/ps7_0_axi_periph/s00_couplers/auto_pc/inst/gen_axilite.gen_b2s_conv.axilite_b2s/WR.aw_channel_0/cmd_translator_0/incr_cmd_0/axaddr_incr_reg[9]/D
  -------------------------------------------------------------------    -------------------

                         (clock clk_fpga_0 rise edge)
                                                     10.000    10.000 r  
    PS7_X0Y0             PS7                          0.000    10.000 r  Final_Project_i/processing_system7_0/inst/PS7_i/FCLKCLK[0]
                         net (fo=1, routed)           1.666    11.666    Final_Project_i/processing_system7_0/inst/FCLK_CLK_unbuffered[0]
    BUFGCTRL_X0Y16       BUFG (Prop_bufg_I_O)         0.091    11.757 r  Final_Project_i/processing_system7_0/inst/buffer_fclk_clk_0.FCLK_CLK_0_BUFG/O
                         net (fo=1316, routed)        1.553    13.311    Final_Project_i/ps7_0_axi_periph/s00_couplers/auto_pc/inst/gen_axilite.gen_b2s_conv.axilite_b2s/WR.aw_channel_0/cmd_translator_0/incr_cmd_0/aclk
    SLICE_X3Y42          FDRE                                         r  Final_Project_i/ps7_0_axi_periph/s00_couplers/auto_pc/inst/gen_axilite.gen_b2s_conv.axilite_b2s/WR.aw_channel_0/cmd_translator_0/incr_cmd_0/axaddr_incr_reg[9]/C
                         clock pessimism              0.434    13.744    
                         clock uncertainty           -0.154    13.590    
    SLICE_X3Y42          FDRE (Setup_fdre_C_D)        0.075    13.665    Final_Project_i/ps7_0_axi_periph/s00_couplers/auto_pc/inst/gen_axilite.gen_b2s_conv.axilite_b2s/WR.aw_channel_0/cmd_translator_0/incr_cmd_0/axaddr_incr_reg[9]
  -------------------------------------------------------------------
                         required time                         13.665    
                         arrival time                          -9.610    
  -------------------------------------------------------------------
                         slack                                  4.055    

Slack (MET) :             4.077ns  (required time - arrival time)
  Source:                 Final_Project_i/ps7_0_axi_periph/s00_couplers/auto_pc/inst/gen_axilite.gen_b2s_conv.axilite_b2s/SI_REG/aw.aw_pipe/m_payload_i_reg[39]/C
                            (rising edge-triggered cell FDRE clocked by clk_fpga_0  {rise@0.000ns fall@5.000ns period=10.000ns})
  Destination:            Final_Project_i/ps7_0_axi_periph/s00_couplers/auto_pc/inst/gen_axilite.gen_b2s_conv.axilite_b2s/WR.aw_channel_0/cmd_translator_0/incr_cmd_0/axaddr_incr_reg[4]/D
                            (rising edge-triggered cell FDRE clocked by clk_fpga_0  {rise@0.000ns fall@5.000ns period=10.000ns})
  Path Group:             clk_fpga_0
  Path Type:              Setup (Max at Slow Process Corner)
  Requirement:            10.000ns  (clk_fpga_0 rise@10.000ns - clk_fpga_0 rise@0.000ns)
  Data Path Delay:        5.774ns  (logic 2.159ns (37.392%)  route 3.615ns (62.608%))
  Logic Levels:           7  (CARRY4=2 LUT3=3 LUT4=1 LUT6=1)
  Clock Path Skew:        -0.026ns (DCD - SCD + CPR)
    Destination Clock Delay (DCD):    3.311ns = ( 13.311 - 10.000 ) 
    Source Clock Delay      (SCD):    3.770ns
    Clock Pessimism Removal (CPR):    0.434ns
  Clock Uncertainty:      0.154ns  ((TSJ^2 + TIJ^2)^1/2 + DJ) / 2 + PE
    Total System Jitter     (TSJ):    0.071ns
    Total Input Jitter      (TIJ):    0.300ns
    Discrete Jitter          (DJ):    0.000ns
    Phase Error              (PE):    0.000ns

    Location             Delay type                Incr(ns)  Path(ns)    Netlist Resource(s)
  -------------------------------------------------------------------    -------------------
                         (clock clk_fpga_0 rise edge)
                                                      0.000     0.000 r  
    PS7_X0Y0             PS7                          0.000     0.000 r  Final_Project_i/processing_system7_0/inst/PS7_i/FCLKCLK[0]
                         net (fo=1, routed)           1.938     1.938    Final_Project_i/processing_system7_0/inst/FCLK_CLK_unbuffered[0]
    BUFGCTRL_X0Y16       BUFG (Prop_bufg_I_O)         0.101     2.039 r  Final_Project_i/processing_system7_0/inst/buffer_fclk_clk_0.FCLK_CLK_0_BUFG/O
                         net (fo=1316, routed)        1.731     3.770    Final_Project_i/ps7_0_axi_periph/s00_couplers/auto_pc/inst/gen_axilite.gen_b2s_conv.axilite_b2s/SI_REG/aw.aw_pipe/aclk
    SLICE_X3Y46          FDRE                                         r  Final_Project_i/ps7_0_axi_periph/s00_couplers/auto_pc/inst/gen_axilite.gen_b2s_conv.axilite_b2s/SI_REG/aw.aw_pipe/m_payload_i_reg[39]/C
  -------------------------------------------------------------------    -------------------
    SLICE_X3Y46          FDRE (Prop_fdre_C_Q)         0.419     4.189 r  Final_Project_i/ps7_0_axi_periph/s00_couplers/auto_pc/inst/gen_axilite.gen_b2s_conv.axilite_b2s/SI_REG/aw.aw_pipe/m_payload_i_reg[39]/Q
                         net (fo=13, routed)          1.210     5.399    Final_Project_i/ps7_0_axi_periph/s00_couplers/auto_pc/inst/gen_axilite.gen_b2s_conv.axilite_b2s/WR.aw_channel_0/cmd_translator_0/axlen_cnt_reg[3][11]
    SLICE_X8Y37          LUT3 (Prop_lut3_I1_O)        0.297     5.696 f  Final_Project_i/ps7_0_axi_periph/s00_couplers/auto_pc/inst/gen_axilite.gen_b2s_conv.axilite_b2s/WR.aw_channel_0/cmd_translator_0/FSM_sequential_state[1]_i_2/O
                         net (fo=3, routed)           0.511     6.207    Final_Project_i/ps7_0_axi_periph/s00_couplers/auto_pc/inst/gen_axilite.gen_b2s_conv.axilite_b2s/WR.aw_channel_0/aw_cmd_fsm_0/FSM_sequential_state_reg[1]_0
    SLICE_X8Y38          LUT6 (Prop_lut6_I3_O)        0.124     6.331 r  Final_Project_i/ps7_0_axi_periph/s00_couplers/auto_pc/inst/gen_axilite.gen_b2s_conv.axilite_b2s/WR.aw_channel_0/aw_cmd_fsm_0/memory_reg[3][0]_srl4_i_1/O
                         net (fo=30, routed)          0.425     6.756    Final_Project_i/ps7_0_axi_periph/s00_couplers/auto_pc/inst/gen_axilite.gen_b2s_conv.axilite_b2s/WR.aw_channel_0/aw_cmd_fsm_0/m_axi_awready_0
    SLICE_X9Y39          LUT3 (Prop_lut3_I2_O)        0.124     6.880 r  Final_Project_i/ps7_0_axi_periph/s00_couplers/auto_pc/inst/gen_axilite.gen_b2s_conv.axilite_b2s/WR.aw_channel_0/aw_cmd_fsm_0/next_pending_r_i_3/O
                         net (fo=23, routed)          0.894     7.774    Final_Project_i/ps7_0_axi_periph/s00_couplers/auto_pc/inst/gen_axilite.gen_b2s_conv.axilite_b2s/WR.aw_channel_0/cmd_translator_0/incr_cmd_0/next
    SLICE_X2Y40          LUT4 (Prop_lut4_I3_O)        0.124     7.898 r  Final_Project_i/ps7_0_axi_periph/s00_couplers/auto_pc/inst/gen_axilite.gen_b2s_conv.axilite_b2s/WR.aw_channel_0/cmd_translator_0/incr_cmd_0/axaddr_incr[3]_i_9/O
                         net (fo=1, routed)           0.000     7.898    Final_Project_i/ps7_0_axi_periph/s00_couplers/auto_pc/inst/gen_axilite.gen_b2s_conv.axilite_b2s/SI_REG/aw.aw_pipe/axaddr_incr_reg[3][1]
    SLICE_X2Y40          CARRY4 (Prop_carry4_S[1]_CO[3])
                                                      0.550     8.448 r  Final_Project_i/ps7_0_axi_periph/s00_couplers/auto_pc/inst/gen_axilite.gen_b2s_conv.axilite_b2s/SI_REG/aw.aw_pipe/axaddr_incr_reg[3]_i_2/CO[3]
                         net (fo=1, routed)           0.000     8.448    Final_Project_i/ps7_0_axi_periph/s00_couplers/auto_pc/inst/gen_axilite.gen_b2s_conv.axilite_b2s/SI_REG/aw.aw_pipe/axaddr_incr_reg[3]_i_2_n_0
    SLICE_X2Y41          CARRY4 (Prop_carry4_CI_O[0])
                                                      0.222     8.670 r  Final_Project_i/ps7_0_axi_periph/s00_couplers/auto_pc/inst/gen_axilite.gen_b2s_conv.axilite_b2s/SI_REG/aw.aw_pipe/axaddr_incr_reg[7]_i_2/O[0]
                         net (fo=1, routed)           0.575     9.245    Final_Project_i/ps7_0_axi_periph/s00_couplers/auto_pc/inst/gen_axilite.gen_b2s_conv.axilite_b2s/WR.aw_channel_0/cmd_translator_0/incr_cmd_0/axaddr_incr[4]
    SLICE_X3Y42          LUT3 (Prop_lut3_I0_O)        0.299     9.544 r  Final_Project_i/ps7_0_axi_periph/s00_couplers/auto_pc/inst/gen_axilite.gen_b2s_conv.axilite_b2s/WR.aw_channel_0/cmd_translator_0/incr_cmd_0/axaddr_incr[4]_i_1/O
                         net (fo=1, routed)           0.000     9.544    Final_Project_i/ps7_0_axi_periph/s00_couplers/auto_pc/inst/gen_axilite.gen_b2s_conv.axilite_b2s/WR.aw_channel_0/cmd_translator_0/incr_cmd_0/p_1_in[4]
    SLICE_X3Y42          FDRE                                         r  Final_Project_i/ps7_0_axi_periph/s00_couplers/auto_pc/inst/gen_axilite.gen_b2s_conv.axilite_b2s/WR.aw_channel_0/cmd_translator_0/incr_cmd_0/axaddr_incr_reg[4]/D
  -------------------------------------------------------------------    -------------------

                         (clock clk_fpga_0 rise edge)
                                                     10.000    10.000 r  
    PS7_X0Y0             PS7                          0.000    10.000 r  Final_Project_i/processing_system7_0/inst/PS7_i/FCLKCLK[0]
                         net (fo=1, routed)           1.666    11.666    Final_Project_i/processing_system7_0/inst/FCLK_CLK_unbuffered[0]
    BUFGCTRL_X0Y16       BUFG (Prop_bufg_I_O)         0.091    11.757 r  Final_Project_i/processing_system7_0/inst/buffer_fclk_clk_0.FCLK_CLK_0_BUFG/O
                         net (fo=1316, routed)        1.553    13.311    Final_Project_i/ps7_0_axi_periph/s00_couplers/auto_pc/inst/gen_axilite.gen_b2s_conv.axilite_b2s/WR.aw_channel_0/cmd_translator_0/incr_cmd_0/aclk
    SLICE_X3Y42          FDRE                                         r  Final_Project_i/ps7_0_axi_periph/s00_couplers/auto_pc/inst/gen_axilite.gen_b2s_conv.axilite_b2s/WR.aw_channel_0/cmd_translator_0/incr_cmd_0/axaddr_incr_reg[4]/C
                         clock pessimism              0.434    13.744    
                         clock uncertainty           -0.154    13.590    
    SLICE_X3Y42          FDRE (Setup_fdre_C_D)        0.031    13.621    Final_Project_i/ps7_0_axi_periph/s00_couplers/auto_pc/inst/gen_axilite.gen_b2s_conv.axilite_b2s/WR.aw_channel_0/cmd_translator_0/incr_cmd_0/axaddr_incr_reg[4]
  -------------------------------------------------------------------
                         required time                         13.621    
                         arrival time                          -9.544    
  -------------------------------------------------------------------
                         slack                                  4.077    

Slack (MET) :             4.131ns  (required time - arrival time)
  Source:                 Final_Project_i/ps7_0_axi_periph/s00_couplers/auto_pc/inst/gen_axilite.gen_b2s_conv.axilite_b2s/SI_REG/aw.aw_pipe/m_payload_i_reg[39]/C
                            (rising edge-triggered cell FDRE clocked by clk_fpga_0  {rise@0.000ns fall@5.000ns period=10.000ns})
  Destination:            Final_Project_i/ps7_0_axi_periph/s00_couplers/auto_pc/inst/gen_axilite.gen_b2s_conv.axilite_b2s/WR.aw_channel_0/cmd_translator_0/incr_cmd_0/axaddr_incr_reg[6]/D
                            (rising edge-triggered cell FDRE clocked by clk_fpga_0  {rise@0.000ns fall@5.000ns period=10.000ns})
  Path Group:             clk_fpga_0
  Path Type:              Setup (Max at Slow Process Corner)
  Requirement:            10.000ns  (clk_fpga_0 rise@10.000ns - clk_fpga_0 rise@0.000ns)
  Data Path Delay:        5.764ns  (logic 2.175ns (37.737%)  route 3.589ns (62.263%))
  Logic Levels:           7  (CARRY4=2 LUT3=3 LUT4=1 LUT6=1)
  Clock Path Skew:        -0.026ns (DCD - SCD + CPR)
    Destination Clock Delay (DCD):    3.311ns = ( 13.311 - 10.000 ) 
    Source Clock Delay      (SCD):    3.770ns
    Clock Pessimism Removal (CPR):    0.434ns
  Clock Uncertainty:      0.154ns  ((TSJ^2 + TIJ^2)^1/2 + DJ) / 2 + PE
    Total System Jitter     (TSJ):    0.071ns
    Total Input Jitter      (TIJ):    0.300ns
    Discrete Jitter          (DJ):    0.000ns
    Phase Error              (PE):    0.000ns

    Location             Delay type                Incr(ns)  Path(ns)    Netlist Resource(s)
  -------------------------------------------------------------------    -------------------
                         (clock clk_fpga_0 rise edge)
                                                      0.000     0.000 r  
    PS7_X0Y0             PS7                          0.000     0.000 r  Final_Project_i/processing_system7_0/inst/PS7_i/FCLKCLK[0]
                         net (fo=1, routed)           1.938     1.938    Final_Project_i/processing_system7_0/inst/FCLK_CLK_unbuffered[0]
    BUFGCTRL_X0Y16       BUFG (Prop_bufg_I_O)         0.101     2.039 r  Final_Project_i/processing_system7_0/inst/buffer_fclk_clk_0.FCLK_CLK_0_BUFG/O
                         net (fo=1316, routed)        1.731     3.770    Final_Project_i/ps7_0_axi_periph/s00_couplers/auto_pc/inst/gen_axilite.gen_b2s_conv.axilite_b2s/SI_REG/aw.aw_pipe/aclk
    SLICE_X3Y46          FDRE                                         r  Final_Project_i/ps7_0_axi_periph/s00_couplers/auto_pc/inst/gen_axilite.gen_b2s_conv.axilite_b2s/SI_REG/aw.aw_pipe/m_payload_i_reg[39]/C
  -------------------------------------------------------------------    -------------------
    SLICE_X3Y46          FDRE (Prop_fdre_C_Q)         0.419     4.189 r  Final_Project_i/ps7_0_axi_periph/s00_couplers/auto_pc/inst/gen_axilite.gen_b2s_conv.axilite_b2s/SI_REG/aw.aw_pipe/m_payload_i_reg[39]/Q
                         net (fo=13, routed)          1.210     5.399    Final_Project_i/ps7_0_axi_periph/s00_couplers/auto_pc/inst/gen_axilite.gen_b2s_conv.axilite_b2s/WR.aw_channel_0/cmd_translator_0/axlen_cnt_reg[3][11]
    SLICE_X8Y37          LUT3 (Prop_lut3_I1_O)        0.297     5.696 f  Final_Project_i/ps7_0_axi_periph/s00_couplers/auto_pc/inst/gen_axilite.gen_b2s_conv.axilite_b2s/WR.aw_channel_0/cmd_translator_0/FSM_sequential_state[1]_i_2/O
                         net (fo=3, routed)           0.511     6.207    Final_Project_i/ps7_0_axi_periph/s00_couplers/auto_pc/inst/gen_axilite.gen_b2s_conv.axilite_b2s/WR.aw_channel_0/aw_cmd_fsm_0/FSM_sequential_state_reg[1]_0
    SLICE_X8Y38          LUT6 (Prop_lut6_I3_O)        0.124     6.331 r  Final_Project_i/ps7_0_axi_periph/s00_couplers/auto_pc/inst/gen_axilite.gen_b2s_conv.axilite_b2s/WR.aw_channel_0/aw_cmd_fsm_0/memory_reg[3][0]_srl4_i_1/O
                         net (fo=30, routed)          0.425     6.756    Final_Project_i/ps7_0_axi_periph/s00_couplers/auto_pc/inst/gen_axilite.gen_b2s_conv.axilite_b2s/WR.aw_channel_0/aw_cmd_fsm_0/m_axi_awready_0
    SLICE_X9Y39          LUT3 (Prop_lut3_I2_O)        0.124     6.880 r  Final_Project_i/ps7_0_axi_periph/s00_couplers/auto_pc/inst/gen_axilite.gen_b2s_conv.axilite_b2s/WR.aw_channel_0/aw_cmd_fsm_0/next_pending_r_i_3/O
                         net (fo=23, routed)          0.894     7.774    Final_Project_i/ps7_0_axi_periph/s00_couplers/auto_pc/inst/gen_axilite.gen_b2s_conv.axilite_b2s/WR.aw_channel_0/cmd_translator_0/incr_cmd_0/next
    SLICE_X2Y40          LUT4 (Prop_lut4_I3_O)        0.124     7.898 r  Final_Project_i/ps7_0_axi_periph/s00_couplers/auto_pc/inst/gen_axilite.gen_b2s_conv.axilite_b2s/WR.aw_channel_0/cmd_translator_0/incr_cmd_0/axaddr_incr[3]_i_9/O
                         net (fo=1, routed)           0.000     7.898    Final_Project_i/ps7_0_axi_periph/s00_couplers/auto_pc/inst/gen_axilite.gen_b2s_conv.axilite_b2s/SI_REG/aw.aw_pipe/axaddr_incr_reg[3][1]
    SLICE_X2Y40          CARRY4 (Prop_carry4_S[1]_CO[3])
                                                      0.550     8.448 r  Final_Project_i/ps7_0_axi_periph/s00_couplers/auto_pc/inst/gen_axilite.gen_b2s_conv.axilite_b2s/SI_REG/aw.aw_pipe/axaddr_incr_reg[3]_i_2/CO[3]
                         net (fo=1, routed)           0.000     8.448    Final_Project_i/ps7_0_axi_periph/s00_couplers/auto_pc/inst/gen_axilite.gen_b2s_conv.axilite_b2s/SI_REG/aw.aw_pipe/axaddr_incr_reg[3]_i_2_n_0
    SLICE_X2Y41          CARRY4 (Prop_carry4_CI_O[2])
                                                      0.239     8.687 r  Final_Project_i/ps7_0_axi_periph/s00_couplers/auto_pc/inst/gen_axilite.gen_b2s_conv.axilite_b2s/SI_REG/aw.aw_pipe/axaddr_incr_reg[7]_i_2/O[2]
                         net (fo=1, routed)           0.548     9.236    Final_Project_i/ps7_0_axi_periph/s00_couplers/auto_pc/inst/gen_axilite.gen_b2s_conv.axilite_b2s/WR.aw_channel_0/cmd_translator_0/incr_cmd_0/axaddr_incr[6]
    SLICE_X3Y42          LUT3 (Prop_lut3_I0_O)        0.298     9.534 r  Final_Project_i/ps7_0_axi_periph/s00_couplers/auto_pc/inst/gen_axilite.gen_b2s_conv.axilite_b2s/WR.aw_channel_0/cmd_translator_0/incr_cmd_0/axaddr_incr[6]_i_1/O
                         net (fo=1, routed)           0.000     9.534    Final_Project_i/ps7_0_axi_periph/s00_couplers/auto_pc/inst/gen_axilite.gen_b2s_conv.axilite_b2s/WR.aw_channel_0/cmd_translator_0/incr_cmd_0/p_1_in[6]
    SLICE_X3Y42          FDRE                                         r  Final_Project_i/ps7_0_axi_periph/s00_couplers/auto_pc/inst/gen_axilite.gen_b2s_conv.axilite_b2s/WR.aw_channel_0/cmd_translator_0/incr_cmd_0/axaddr_incr_reg[6]/D
  -------------------------------------------------------------------    -------------------

                         (clock clk_fpga_0 rise edge)
                                                     10.000    10.000 r  
    PS7_X0Y0             PS7                          0.000    10.000 r  Final_Project_i/processing_system7_0/inst/PS7_i/FCLKCLK[0]
                         net (fo=1, routed)           1.666    11.666    Final_Project_i/processing_system7_0/inst/FCLK_CLK_unbuffered[0]
    BUFGCTRL_X0Y16       BUFG (Prop_bufg_I_O)         0.091    11.757 r  Final_Project_i/processing_system7_0/inst/buffer_fclk_clk_0.FCLK_CLK_0_BUFG/O
                         net (fo=1316, routed)        1.553    13.311    Final_Project_i/ps7_0_axi_periph/s00_couplers/auto_pc/inst/gen_axilite.gen_b2s_conv.axilite_b2s/WR.aw_channel_0/cmd_translator_0/incr_cmd_0/aclk
    SLICE_X3Y42          FDRE                                         r  Final_Project_i/ps7_0_axi_periph/s00_couplers/auto_pc/inst/gen_axilite.gen_b2s_conv.axilite_b2s/WR.aw_channel_0/cmd_translator_0/incr_cmd_0/axaddr_incr_reg[6]/C
                         clock pessimism              0.434    13.744    
                         clock uncertainty           -0.154    13.590    
    SLICE_X3Y42          FDRE (Setup_fdre_C_D)        0.075    13.665    Final_Project_i/ps7_0_axi_periph/s00_couplers/auto_pc/inst/gen_axilite.gen_b2s_conv.axilite_b2s/WR.aw_channel_0/cmd_translator_0/incr_cmd_0/axaddr_incr_reg[6]
  -------------------------------------------------------------------
                         required time                         13.665    
                         arrival time                          -9.534    
  -------------------------------------------------------------------
                         slack                                  4.131    

Slack (MET) :             4.181ns  (required time - arrival time)
  Source:                 Final_Project_i/ps7_0_axi_periph/s00_couplers/auto_pc/inst/gen_axilite.gen_b2s_conv.axilite_b2s/SI_REG/aw.aw_pipe/m_payload_i_reg[39]/C
                            (rising edge-triggered cell FDRE clocked by clk_fpga_0  {rise@0.000ns fall@5.000ns period=10.000ns})
  Destination:            Final_Project_i/ps7_0_axi_periph/s00_couplers/auto_pc/inst/gen_axilite.gen_b2s_conv.axilite_b2s/WR.aw_channel_0/cmd_translator_0/incr_cmd_0/axaddr_incr_reg[10]/CE
                            (rising edge-triggered cell FDRE clocked by clk_fpga_0  {rise@0.000ns fall@5.000ns period=10.000ns})
  Path Group:             clk_fpga_0
  Path Type:              Setup (Max at Slow Process Corner)
  Requirement:            10.000ns  (clk_fpga_0 rise@10.000ns - clk_fpga_0 rise@0.000ns)
  Data Path Delay:        5.226ns  (logic 1.114ns (21.316%)  route 4.112ns (78.684%))
  Logic Levels:           4  (LUT2=1 LUT3=2 LUT6=1)
  Clock Path Skew:        -0.026ns (DCD - SCD + CPR)
    Destination Clock Delay (DCD):    3.311ns = ( 13.311 - 10.000 ) 
    Source Clock Delay      (SCD):    3.770ns
    Clock Pessimism Removal (CPR):    0.434ns
  Clock Uncertainty:      0.154ns  ((TSJ^2 + TIJ^2)^1/2 + DJ) / 2 + PE
    Total System Jitter     (TSJ):    0.071ns
    Total Input Jitter      (TIJ):    0.300ns
    Discrete Jitter          (DJ):    0.000ns
    Phase Error              (PE):    0.000ns

    Location             Delay type                Incr(ns)  Path(ns)    Netlist Resource(s)
  -------------------------------------------------------------------    -------------------
                         (clock clk_fpga_0 rise edge)
                                                      0.000     0.000 r  
    PS7_X0Y0             PS7                          0.000     0.000 r  Final_Project_i/processing_system7_0/inst/PS7_i/FCLKCLK[0]
                         net (fo=1, routed)           1.938     1.938    Final_Project_i/processing_system7_0/inst/FCLK_CLK_unbuffered[0]
    BUFGCTRL_X0Y16       BUFG (Prop_bufg_I_O)         0.101     2.039 r  Final_Project_i/processing_system7_0/inst/buffer_fclk_clk_0.FCLK_CLK_0_BUFG/O
                         net (fo=1316, routed)        1.731     3.770    Final_Project_i/ps7_0_axi_periph/s00_couplers/auto_pc/inst/gen_axilite.gen_b2s_conv.axilite_b2s/SI_REG/aw.aw_pipe/aclk
    SLICE_X3Y46          FDRE                                         r  Final_Project_i/ps7_0_axi_periph/s00_couplers/auto_pc/inst/gen_axilite.gen_b2s_conv.axilite_b2s/SI_REG/aw.aw_pipe/m_payload_i_reg[39]/C
  -------------------------------------------------------------------    -------------------
    SLICE_X3Y46          FDRE (Prop_fdre_C_Q)         0.419     4.189 r  Final_Project_i/ps7_0_axi_periph/s00_couplers/auto_pc/inst/gen_axilite.gen_b2s_conv.axilite_b2s/SI_REG/aw.aw_pipe/m_payload_i_reg[39]/Q
                         net (fo=13, routed)          1.210     5.399    Final_Project_i/ps7_0_axi_periph/s00_couplers/auto_pc/inst/gen_axilite.gen_b2s_conv.axilite_b2s/WR.aw_channel_0/cmd_translator_0/axlen_cnt_reg[3][11]
    SLICE_X8Y37          LUT3 (Prop_lut3_I1_O)        0.297     5.696 f  Final_Project_i/ps7_0_axi_periph/s00_couplers/auto_pc/inst/gen_axilite.gen_b2s_conv.axilite_b2s/WR.aw_channel_0/cmd_translator_0/FSM_sequential_state[1]_i_2/O
                         net (fo=3, routed)           0.511     6.207    Final_Project_i/ps7_0_axi_periph/s00_couplers/auto_pc/inst/gen_axilite.gen_b2s_conv.axilite_b2s/WR.aw_channel_0/aw_cmd_fsm_0/FSM_sequential_state_reg[1]_0
    SLICE_X8Y38          LUT6 (Prop_lut6_I3_O)        0.124     6.331 r  Final_Project_i/ps7_0_axi_periph/s00_couplers/auto_pc/inst/gen_axilite.gen_b2s_conv.axilite_b2s/WR.aw_channel_0/aw_cmd_fsm_0/memory_reg[3][0]_srl4_i_1/O
                         net (fo=30, routed)          0.425     6.756    Final_Project_i/ps7_0_axi_periph/s00_couplers/auto_pc/inst/gen_axilite.gen_b2s_conv.axilite_b2s/WR.aw_channel_0/aw_cmd_fsm_0/m_axi_awready_0
    SLICE_X9Y39          LUT3 (Prop_lut3_I2_O)        0.124     6.880 r  Final_Project_i/ps7_0_axi_periph/s00_couplers/auto_pc/inst/gen_axilite.gen_b2s_conv.axilite_b2s/WR.aw_channel_0/aw_cmd_fsm_0/next_pending_r_i_3/O
                         net (fo=23, routed)          1.311     8.191    Final_Project_i/ps7_0_axi_periph/s00_couplers/auto_pc/inst/gen_axilite.gen_b2s_conv.axilite_b2s/WR.aw_channel_0/cmd_translator_0/incr_cmd_0/next
    SLICE_X3Y42          LUT2 (Prop_lut2_I1_O)        0.150     8.341 r  Final_Project_i/ps7_0_axi_periph/s00_couplers/auto_pc/inst/gen_axilite.gen_b2s_conv.axilite_b2s/WR.aw_channel_0/cmd_translator_0/incr_cmd_0/axaddr_incr[11]_i_1/O
                         net (fo=12, routed)          0.655     8.996    Final_Project_i/ps7_0_axi_periph/s00_couplers/auto_pc/inst/gen_axilite.gen_b2s_conv.axilite_b2s/WR.aw_channel_0/cmd_translator_0/incr_cmd_0/axaddr_incr[11]_i_1_n_0
    SLICE_X3Y42          FDRE                                         r  Final_Project_i/ps7_0_axi_periph/s00_couplers/auto_pc/inst/gen_axilite.gen_b2s_conv.axilite_b2s/WR.aw_channel_0/cmd_translator_0/incr_cmd_0/axaddr_incr_reg[10]/CE
  -------------------------------------------------------------------    -------------------

                         (clock clk_fpga_0 rise edge)
                                                     10.000    10.000 r  
    PS7_X0Y0             PS7                          0.000    10.000 r  Final_Project_i/processing_system7_0/inst/PS7_i/FCLKCLK[0]
                         net (fo=1, routed)           1.666    11.666    Final_Project_i/processing_system7_0/inst/FCLK_CLK_unbuffered[0]
    BUFGCTRL_X0Y16       BUFG (Prop_bufg_I_O)         0.091    11.757 r  Final_Project_i/processing_system7_0/inst/buffer_fclk_clk_0.FCLK_CLK_0_BUFG/O
                         net (fo=1316, routed)        1.553    13.311    Final_Project_i/ps7_0_axi_periph/s00_couplers/auto_pc/inst/gen_axilite.gen_b2s_conv.axilite_b2s/WR.aw_channel_0/cmd_translator_0/incr_cmd_0/aclk
    SLICE_X3Y42          FDRE                                         r  Final_Project_i/ps7_0_axi_periph/s00_couplers/auto_pc/inst/gen_axilite.gen_b2s_conv.axilite_b2s/WR.aw_channel_0/cmd_translator_0/incr_cmd_0/axaddr_incr_reg[10]/C
                         clock pessimism              0.434    13.744    
                         clock uncertainty           -0.154    13.590    
    SLICE_X3Y42          FDRE (Setup_fdre_C_CE)      -0.413    13.177    Final_Project_i/ps7_0_axi_periph/s00_couplers/auto_pc/inst/gen_axilite.gen_b2s_conv.axilite_b2s/WR.aw_channel_0/cmd_translator_0/incr_cmd_0/axaddr_incr_reg[10]
  -------------------------------------------------------------------
                         required time                         13.177    
                         arrival time                          -8.996    
  -------------------------------------------------------------------
                         slack                                  4.181    

Slack (MET) :             4.181ns  (required time - arrival time)
  Source:                 Final_Project_i/ps7_0_axi_periph/s00_couplers/auto_pc/inst/gen_axilite.gen_b2s_conv.axilite_b2s/SI_REG/aw.aw_pipe/m_payload_i_reg[39]/C
                            (rising edge-triggered cell FDRE clocked by clk_fpga_0  {rise@0.000ns fall@5.000ns period=10.000ns})
  Destination:            Final_Project_i/ps7_0_axi_periph/s00_couplers/auto_pc/inst/gen_axilite.gen_b2s_conv.axilite_b2s/WR.aw_channel_0/cmd_translator_0/incr_cmd_0/axaddr_incr_reg[11]/CE
                            (rising edge-triggered cell FDRE clocked by clk_fpga_0  {rise@0.000ns fall@5.000ns period=10.000ns})
  Path Group:             clk_fpga_0
  Path Type:              Setup (Max at Slow Process Corner)
  Requirement:            10.000ns  (clk_fpga_0 rise@10.000ns - clk_fpga_0 rise@0.000ns)
  Data Path Delay:        5.226ns  (logic 1.114ns (21.316%)  route 4.112ns (78.684%))
  Logic Levels:           4  (LUT2=1 LUT3=2 LUT6=1)
  Clock Path Skew:        -0.026ns (DCD - SCD + CPR)
    Destination Clock Delay (DCD):    3.311ns = ( 13.311 - 10.000 ) 
    Source Clock Delay      (SCD):    3.770ns
    Clock Pessimism Removal (CPR):    0.434ns
  Clock Uncertainty:      0.154ns  ((TSJ^2 + TIJ^2)^1/2 + DJ) / 2 + PE
    Total System Jitter     (TSJ):    0.071ns
    Total Input Jitter      (TIJ):    0.300ns
    Discrete Jitter          (DJ):    0.000ns
    Phase Error              (PE):    0.000ns

    Location             Delay type                Incr(ns)  Path(ns)    Netlist Resource(s)
  -------------------------------------------------------------------    -------------------
                         (clock clk_fpga_0 rise edge)
                                                      0.000     0.000 r  
    PS7_X0Y0             PS7                          0.000     0.000 r  Final_Project_i/processing_system7_0/inst/PS7_i/FCLKCLK[0]
                         net (fo=1, routed)           1.938     1.938    Final_Project_i/processing_system7_0/inst/FCLK_CLK_unbuffered[0]
    BUFGCTRL_X0Y16       BUFG (Prop_bufg_I_O)         0.101     2.039 r  Final_Project_i/processing_system7_0/inst/buffer_fclk_clk_0.FCLK_CLK_0_BUFG/O
                         net (fo=1316, routed)        1.731     3.770    Final_Project_i/ps7_0_axi_periph/s00_couplers/auto_pc/inst/gen_axilite.gen_b2s_conv.axilite_b2s/SI_REG/aw.aw_pipe/aclk
    SLICE_X3Y46          FDRE                                         r  Final_Project_i/ps7_0_axi_periph/s00_couplers/auto_pc/inst/gen_axilite.gen_b2s_conv.axilite_b2s/SI_REG/aw.aw_pipe/m_payload_i_reg[39]/C
  -------------------------------------------------------------------    -------------------
    SLICE_X3Y46          FDRE (Prop_fdre_C_Q)         0.419     4.189 r  Final_Project_i/ps7_0_axi_periph/s00_couplers/auto_pc/inst/gen_axilite.gen_b2s_conv.axilite_b2s/SI_REG/aw.aw_pipe/m_payload_i_reg[39]/Q
                         net (fo=13, routed)          1.210     5.399    Final_Project_i/ps7_0_axi_periph/s00_couplers/auto_pc/inst/gen_axilite.gen_b2s_conv.axilite_b2s/WR.aw_channel_0/cmd_translator_0/axlen_cnt_reg[3][11]
    SLICE_X8Y37          LUT3 (Prop_lut3_I1_O)        0.297     5.696 f  Final_Project_i/ps7_0_axi_periph/s00_couplers/auto_pc/inst/gen_axilite.gen_b2s_conv.axilite_b2s/WR.aw_channel_0/cmd_translator_0/FSM_sequential_state[1]_i_2/O
                         net (fo=3, routed)           0.511     6.207    Final_Project_i/ps7_0_axi_periph/s00_couplers/auto_pc/inst/gen_axilite.gen_b2s_conv.axilite_b2s/WR.aw_channel_0/aw_cmd_fsm_0/FSM_sequential_state_reg[1]_0
    SLICE_X8Y38          LUT6 (Prop_lut6_I3_O)        0.124     6.331 r  Final_Project_i/ps7_0_axi_periph/s00_couplers/auto_pc/inst/gen_axilite.gen_b2s_conv.axilite_b2s/WR.aw_channel_0/aw_cmd_fsm_0/memory_reg[3][0]_srl4_i_1/O
                         net (fo=30, routed)          0.425     6.756    Final_Project_i/ps7_0_axi_periph/s00_couplers/auto_pc/inst/gen_axilite.gen_b2s_conv.axilite_b2s/WR.aw_channel_0/aw_cmd_fsm_0/m_axi_awready_0
    SLICE_X9Y39          LUT3 (Prop_lut3_I2_O)        0.124     6.880 r  Final_Project_i/ps7_0_axi_periph/s00_couplers/auto_pc/inst/gen_axilite.gen_b2s_conv.axilite_b2s/WR.aw_channel_0/aw_cmd_fsm_0/next_pending_r_i_3/O
                         net (fo=23, routed)          1.311     8.191    Final_Project_i/ps7_0_axi_periph/s00_couplers/auto_pc/inst/gen_axilite.gen_b2s_conv.axilite_b2s/WR.aw_channel_0/cmd_translator_0/incr_cmd_0/next
    SLICE_X3Y42          LUT2 (Prop_lut2_I1_O)        0.150     8.341 r  Final_Project_i/ps7_0_axi_periph/s00_couplers/auto_pc/inst/gen_axilite.gen_b2s_conv.axilite_b2s/WR.aw_channel_0/cmd_translator_0/incr_cmd_0/axaddr_incr[11]_i_1/O
                         net (fo=12, routed)          0.655     8.996    Final_Project_i/ps7_0_axi_periph/s00_couplers/auto_pc/inst/gen_axilite.gen_b2s_conv.axilite_b2s/WR.aw_channel_0/cmd_translator_0/incr_cmd_0/axaddr_incr[11]_i_1_n_0
    SLICE_X3Y42          FDRE                                         r  Final_Project_i/ps7_0_axi_periph/s00_couplers/auto_pc/inst/gen_axilite.gen_b2s_conv.axilite_b2s/WR.aw_channel_0/cmd_translator_0/incr_cmd_0/axaddr_incr_reg[11]/CE
  -------------------------------------------------------------------    -------------------

                         (clock clk_fpga_0 rise edge)
                                                     10.000    10.000 r  
    PS7_X0Y0             PS7                          0.000    10.000 r  Final_Project_i/processing_system7_0/inst/PS7_i/FCLKCLK[0]
                         net (fo=1, routed)           1.666    11.666    Final_Project_i/processing_system7_0/inst/FCLK_CLK_unbuffered[0]
    BUFGCTRL_X0Y16       BUFG (Prop_bufg_I_O)         0.091    11.757 r  Final_Project_i/processing_system7_0/inst/buffer_fclk_clk_0.FCLK_CLK_0_BUFG/O
                         net (fo=1316, routed)        1.553    13.311    Final_Project_i/ps7_0_axi_periph/s00_couplers/auto_pc/inst/gen_axilite.gen_b2s_conv.axilite_b2s/WR.aw_channel_0/cmd_translator_0/incr_cmd_0/aclk
    SLICE_X3Y42          FDRE                                         r  Final_Project_i/ps7_0_axi_periph/s00_couplers/auto_pc/inst/gen_axilite.gen_b2s_conv.axilite_b2s/WR.aw_channel_0/cmd_translator_0/incr_cmd_0/axaddr_incr_reg[11]/C
                         clock pessimism              0.434    13.744    
                         clock uncertainty           -0.154    13.590    
    SLICE_X3Y42          FDRE (Setup_fdre_C_CE)      -0.413    13.177    Final_Project_i/ps7_0_axi_periph/s00_couplers/auto_pc/inst/gen_axilite.gen_b2s_conv.axilite_b2s/WR.aw_channel_0/cmd_translator_0/incr_cmd_0/axaddr_incr_reg[11]
  -------------------------------------------------------------------
                         required time                         13.177    
                         arrival time                          -8.996    
  -------------------------------------------------------------------
                         slack                                  4.181    





Min Delay Paths
--------------------------------------------------------------------------------------
Slack (MET) :             0.021ns  (arrival time - required time)
  Source:                 Final_Project_i/axi_gpio_1/U0/ip2bus_data_i_D1_reg[24]/C
                            (rising edge-triggered cell FDRE clocked by clk_fpga_0  {rise@0.000ns fall@5.000ns period=10.000ns})
  Destination:            Final_Project_i/axi_gpio_1/U0/AXI_LITE_IPIF_I/I_SLAVE_ATTACHMENT/s_axi_rdata_i_reg[7]/D
                            (rising edge-triggered cell FDRE clocked by clk_fpga_0  {rise@0.000ns fall@5.000ns period=10.000ns})
  Path Group:             clk_fpga_0
  Path Type:              Hold (Min at Fast Process Corner)
  Requirement:            0.000ns  (clk_fpga_0 rise@0.000ns - clk_fpga_0 rise@0.000ns)
  Data Path Delay:        0.359ns  (logic 0.141ns (39.268%)  route 0.218ns (60.732%))
  Logic Levels:           0  
  Clock Path Skew:        0.268ns (DCD - SCD - CPR)
    Destination Clock Delay (DCD):    1.779ns
    Source Clock Delay      (SCD):    1.388ns
    Clock Pessimism Removal (CPR):    0.123ns

    Location             Delay type                Incr(ns)  Path(ns)    Netlist Resource(s)
  -------------------------------------------------------------------    -------------------
                         (clock clk_fpga_0 rise edge)
                                                      0.000     0.000 r  
    PS7_X0Y0             PS7                          0.000     0.000 r  Final_Project_i/processing_system7_0/inst/PS7_i/FCLKCLK[0]
                         net (fo=1, routed)           0.804     0.804    Final_Project_i/processing_system7_0/inst/FCLK_CLK_unbuffered[0]
    BUFGCTRL_X0Y16       BUFG (Prop_bufg_I_O)         0.026     0.830 r  Final_Project_i/processing_system7_0/inst/buffer_fclk_clk_0.FCLK_CLK_0_BUFG/O
                         net (fo=1316, routed)        0.558     1.388    Final_Project_i/axi_gpio_1/U0/s_axi_aclk
    SLICE_X23Y36         FDRE                                         r  Final_Project_i/axi_gpio_1/U0/ip2bus_data_i_D1_reg[24]/C
  -------------------------------------------------------------------    -------------------
    SLICE_X23Y36         FDRE (Prop_fdre_C_Q)         0.141     1.529 r  Final_Project_i/axi_gpio_1/U0/ip2bus_data_i_D1_reg[24]/Q
                         net (fo=1, routed)           0.218     1.747    Final_Project_i/axi_gpio_1/U0/AXI_LITE_IPIF_I/I_SLAVE_ATTACHMENT/s_axi_rdata_i_reg[31]_0[7]
    SLICE_X19Y38         FDRE                                         r  Final_Project_i/axi_gpio_1/U0/AXI_LITE_IPIF_I/I_SLAVE_ATTACHMENT/s_axi_rdata_i_reg[7]/D
  -------------------------------------------------------------------    -------------------

                         (clock clk_fpga_0 rise edge)
                                                      0.000     0.000 r  
    PS7_X0Y0             PS7                          0.000     0.000 r  Final_Project_i/processing_system7_0/inst/PS7_i/FCLKCLK[0]
                         net (fo=1, routed)           0.919     0.919    Final_Project_i/processing_system7_0/inst/FCLK_CLK_unbuffered[0]
    BUFGCTRL_X0Y16       BUFG (Prop_bufg_I_O)         0.029     0.948 r  Final_Project_i/processing_system7_0/inst/buffer_fclk_clk_0.FCLK_CLK_0_BUFG/O
                         net (fo=1316, routed)        0.831     1.779    Final_Project_i/axi_gpio_1/U0/AXI_LITE_IPIF_I/I_SLAVE_ATTACHMENT/s_axi_aclk
    SLICE_X19Y38         FDRE                                         r  Final_Project_i/axi_gpio_1/U0/AXI_LITE_IPIF_I/I_SLAVE_ATTACHMENT/s_axi_rdata_i_reg[7]/C
                         clock pessimism             -0.123     1.656    
    SLICE_X19Y38         FDRE (Hold_fdre_C_D)         0.070     1.726    Final_Project_i/axi_gpio_1/U0/AXI_LITE_IPIF_I/I_SLAVE_ATTACHMENT/s_axi_rdata_i_reg[7]
  -------------------------------------------------------------------
                         required time                         -1.726    
                         arrival time                           1.747    
  -------------------------------------------------------------------
                         slack                                  0.021    

Slack (MET) :             0.030ns  (arrival time - required time)
  Source:                 Final_Project_i/axi_gpio_1/U0/ip2bus_data_i_D1_reg[21]/C
                            (rising edge-triggered cell FDRE clocked by clk_fpga_0  {rise@0.000ns fall@5.000ns period=10.000ns})
  Destination:            Final_Project_i/axi_gpio_1/U0/AXI_LITE_IPIF_I/I_SLAVE_ATTACHMENT/s_axi_rdata_i_reg[10]/D
                            (rising edge-triggered cell FDRE clocked by clk_fpga_0  {rise@0.000ns fall@5.000ns period=10.000ns})
  Path Group:             clk_fpga_0
  Path Type:              Hold (Min at Fast Process Corner)
  Requirement:            0.000ns  (clk_fpga_0 rise@0.000ns - clk_fpga_0 rise@0.000ns)
  Data Path Delay:        0.368ns  (logic 0.141ns (38.306%)  route 0.227ns (61.694%))
  Logic Levels:           0  
  Clock Path Skew:        0.268ns (DCD - SCD - CPR)
    Destination Clock Delay (DCD):    1.779ns
    Source Clock Delay      (SCD):    1.388ns
    Clock Pessimism Removal (CPR):    0.123ns

    Location             Delay type                Incr(ns)  Path(ns)    Netlist Resource(s)
  -------------------------------------------------------------------    -------------------
                         (clock clk_fpga_0 rise edge)
                                                      0.000     0.000 r  
    PS7_X0Y0             PS7                          0.000     0.000 r  Final_Project_i/processing_system7_0/inst/PS7_i/FCLKCLK[0]
                         net (fo=1, routed)           0.804     0.804    Final_Project_i/processing_system7_0/inst/FCLK_CLK_unbuffered[0]
    BUFGCTRL_X0Y16       BUFG (Prop_bufg_I_O)         0.026     0.830 r  Final_Project_i/processing_system7_0/inst/buffer_fclk_clk_0.FCLK_CLK_0_BUFG/O
                         net (fo=1316, routed)        0.558     1.388    Final_Project_i/axi_gpio_1/U0/s_axi_aclk
    SLICE_X23Y36         FDRE                                         r  Final_Project_i/axi_gpio_1/U0/ip2bus_data_i_D1_reg[21]/C
  -------------------------------------------------------------------    -------------------
    SLICE_X23Y36         FDRE (Prop_fdre_C_Q)         0.141     1.529 r  Final_Project_i/axi_gpio_1/U0/ip2bus_data_i_D1_reg[21]/Q
                         net (fo=1, routed)           0.227     1.756    Final_Project_i/axi_gpio_1/U0/AXI_LITE_IPIF_I/I_SLAVE_ATTACHMENT/s_axi_rdata_i_reg[31]_0[10]
    SLICE_X19Y38         FDRE                                         r  Final_Project_i/axi_gpio_1/U0/AXI_LITE_IPIF_I/I_SLAVE_ATTACHMENT/s_axi_rdata_i_reg[10]/D
  -------------------------------------------------------------------    -------------------

                         (clock clk_fpga_0 rise edge)
                                                      0.000     0.000 r  
    PS7_X0Y0             PS7                          0.000     0.000 r  Final_Project_i/processing_system7_0/inst/PS7_i/FCLKCLK[0]
                         net (fo=1, routed)           0.919     0.919    Final_Project_i/processing_system7_0/inst/FCLK_CLK_unbuffered[0]
    BUFGCTRL_X0Y16       BUFG (Prop_bufg_I_O)         0.029     0.948 r  Final_Project_i/processing_system7_0/inst/buffer_fclk_clk_0.FCLK_CLK_0_BUFG/O
                         net (fo=1316, routed)        0.831     1.779    Final_Project_i/axi_gpio_1/U0/AXI_LITE_IPIF_I/I_SLAVE_ATTACHMENT/s_axi_aclk
    SLICE_X19Y38         FDRE                                         r  Final_Project_i/axi_gpio_1/U0/AXI_LITE_IPIF_I/I_SLAVE_ATTACHMENT/s_axi_rdata_i_reg[10]/C
                         clock pessimism             -0.123     1.656    
    SLICE_X19Y38         FDRE (Hold_fdre_C_D)         0.070     1.726    Final_Project_i/axi_gpio_1/U0/AXI_LITE_IPIF_I/I_SLAVE_ATTACHMENT/s_axi_rdata_i_reg[10]
  -------------------------------------------------------------------
                         required time                         -1.726    
                         arrival time                           1.756    
  -------------------------------------------------------------------
                         slack                                  0.030    

Slack (MET) :             0.034ns  (arrival time - required time)
  Source:                 Final_Project_i/axi_gpio_1/U0/ip2bus_data_i_D1_reg[26]/C
                            (rising edge-triggered cell FDRE clocked by clk_fpga_0  {rise@0.000ns fall@5.000ns period=10.000ns})
  Destination:            Final_Project_i/axi_gpio_1/U0/AXI_LITE_IPIF_I/I_SLAVE_ATTACHMENT/s_axi_rdata_i_reg[5]/D
                            (rising edge-triggered cell FDRE clocked by clk_fpga_0  {rise@0.000ns fall@5.000ns period=10.000ns})
  Path Group:             clk_fpga_0
  Path Type:              Hold (Min at Fast Process Corner)
  Requirement:            0.000ns  (clk_fpga_0 rise@0.000ns - clk_fpga_0 rise@0.000ns)
  Data Path Delay:        0.362ns  (logic 0.141ns (38.929%)  route 0.221ns (61.071%))
  Logic Levels:           0  
  Clock Path Skew:        0.265ns (DCD - SCD - CPR)
    Destination Clock Delay (DCD):    1.779ns
    Source Clock Delay      (SCD):    1.391ns
    Clock Pessimism Removal (CPR):    0.123ns

    Location             Delay type                Incr(ns)  Path(ns)    Netlist Resource(s)
  -------------------------------------------------------------------    -------------------
                         (clock clk_fpga_0 rise edge)
                                                      0.000     0.000 r  
    PS7_X0Y0             PS7                          0.000     0.000 r  Final_Project_i/processing_system7_0/inst/PS7_i/FCLKCLK[0]
                         net (fo=1, routed)           0.804     0.804    Final_Project_i/processing_system7_0/inst/FCLK_CLK_unbuffered[0]
    BUFGCTRL_X0Y16       BUFG (Prop_bufg_I_O)         0.026     0.830 r  Final_Project_i/processing_system7_0/inst/buffer_fclk_clk_0.FCLK_CLK_0_BUFG/O
                         net (fo=1316, routed)        0.561     1.391    Final_Project_i/axi_gpio_1/U0/s_axi_aclk
    SLICE_X22Y40         FDRE                                         r  Final_Project_i/axi_gpio_1/U0/ip2bus_data_i_D1_reg[26]/C
  -------------------------------------------------------------------    -------------------
    SLICE_X22Y40         FDRE (Prop_fdre_C_Q)         0.141     1.532 r  Final_Project_i/axi_gpio_1/U0/ip2bus_data_i_D1_reg[26]/Q
                         net (fo=1, routed)           0.221     1.753    Final_Project_i/axi_gpio_1/U0/AXI_LITE_IPIF_I/I_SLAVE_ATTACHMENT/s_axi_rdata_i_reg[31]_0[5]
    SLICE_X16Y39         FDRE                                         r  Final_Project_i/axi_gpio_1/U0/AXI_LITE_IPIF_I/I_SLAVE_ATTACHMENT/s_axi_rdata_i_reg[5]/D
  -------------------------------------------------------------------    -------------------

                         (clock clk_fpga_0 rise edge)
                                                      0.000     0.000 r  
    PS7_X0Y0             PS7                          0.000     0.000 r  Final_Project_i/processing_system7_0/inst/PS7_i/FCLKCLK[0]
                         net (fo=1, routed)           0.919     0.919    Final_Project_i/processing_system7_0/inst/FCLK_CLK_unbuffered[0]
    BUFGCTRL_X0Y16       BUFG (Prop_bufg_I_O)         0.029     0.948 r  Final_Project_i/processing_system7_0/inst/buffer_fclk_clk_0.FCLK_CLK_0_BUFG/O
                         net (fo=1316, routed)        0.831     1.779    Final_Project_i/axi_gpio_1/U0/AXI_LITE_IPIF_I/I_SLAVE_ATTACHMENT/s_axi_aclk
    SLICE_X16Y39         FDRE                                         r  Final_Project_i/axi_gpio_1/U0/AXI_LITE_IPIF_I/I_SLAVE_ATTACHMENT/s_axi_rdata_i_reg[5]/C
                         clock pessimism             -0.123     1.656    
    SLICE_X16Y39         FDRE (Hold_fdre_C_D)         0.063     1.719    Final_Project_i/axi_gpio_1/U0/AXI_LITE_IPIF_I/I_SLAVE_ATTACHMENT/s_axi_rdata_i_reg[5]
  -------------------------------------------------------------------
                         required time                         -1.719    
                         arrival time                           1.753    
  -------------------------------------------------------------------
                         slack                                  0.034    

Slack (MET) :             0.047ns  (arrival time - required time)
  Source:                 Final_Project_i/axi_gpio_1/U0/ip2bus_data_i_D1_reg[17]/C
                            (rising edge-triggered cell FDRE clocked by clk_fpga_0  {rise@0.000ns fall@5.000ns period=10.000ns})
  Destination:            Final_Project_i/axi_gpio_1/U0/AXI_LITE_IPIF_I/I_SLAVE_ATTACHMENT/s_axi_rdata_i_reg[14]/D
                            (rising edge-triggered cell FDRE clocked by clk_fpga_0  {rise@0.000ns fall@5.000ns period=10.000ns})
  Path Group:             clk_fpga_0
  Path Type:              Hold (Min at Fast Process Corner)
  Requirement:            0.000ns  (clk_fpga_0 rise@0.000ns - clk_fpga_0 rise@0.000ns)
  Data Path Delay:        0.384ns  (logic 0.141ns (36.758%)  route 0.243ns (63.242%))
  Logic Levels:           0  
  Clock Path Skew:        0.266ns (DCD - SCD - CPR)
    Destination Clock Delay (DCD):    1.779ns
    Source Clock Delay      (SCD):    1.390ns
    Clock Pessimism Removal (CPR):    0.123ns

    Location             Delay type                Incr(ns)  Path(ns)    Netlist Resource(s)
  -------------------------------------------------------------------    -------------------
                         (clock clk_fpga_0 rise edge)
                                                      0.000     0.000 r  
    PS7_X0Y0             PS7                          0.000     0.000 r  Final_Project_i/processing_system7_0/inst/PS7_i/FCLKCLK[0]
                         net (fo=1, routed)           0.804     0.804    Final_Project_i/processing_system7_0/inst/FCLK_CLK_unbuffered[0]
    BUFGCTRL_X0Y16       BUFG (Prop_bufg_I_O)         0.026     0.830 r  Final_Project_i/processing_system7_0/inst/buffer_fclk_clk_0.FCLK_CLK_0_BUFG/O
                         net (fo=1316, routed)        0.560     1.390    Final_Project_i/axi_gpio_1/U0/s_axi_aclk
    SLICE_X22Y38         FDRE                                         r  Final_Project_i/axi_gpio_1/U0/ip2bus_data_i_D1_reg[17]/C
  -------------------------------------------------------------------    -------------------
    SLICE_X22Y38         FDRE (Prop_fdre_C_Q)         0.141     1.531 r  Final_Project_i/axi_gpio_1/U0/ip2bus_data_i_D1_reg[17]/Q
                         net (fo=1, routed)           0.243     1.774    Final_Project_i/axi_gpio_1/U0/AXI_LITE_IPIF_I/I_SLAVE_ATTACHMENT/s_axi_rdata_i_reg[31]_0[14]
    SLICE_X17Y39         FDRE                                         r  Final_Project_i/axi_gpio_1/U0/AXI_LITE_IPIF_I/I_SLAVE_ATTACHMENT/s_axi_rdata_i_reg[14]/D
  -------------------------------------------------------------------    -------------------

                         (clock clk_fpga_0 rise edge)
                                                      0.000     0.000 r  
    PS7_X0Y0             PS7                          0.000     0.000 r  Final_Project_i/processing_system7_0/inst/PS7_i/FCLKCLK[0]
                         net (fo=1, routed)           0.919     0.919    Final_Project_i/processing_system7_0/inst/FCLK_CLK_unbuffered[0]
    BUFGCTRL_X0Y16       BUFG (Prop_bufg_I_O)         0.029     0.948 r  Final_Project_i/processing_system7_0/inst/buffer_fclk_clk_0.FCLK_CLK_0_BUFG/O
                         net (fo=1316, routed)        0.831     1.779    Final_Project_i/axi_gpio_1/U0/AXI_LITE_IPIF_I/I_SLAVE_ATTACHMENT/s_axi_aclk
    SLICE_X17Y39         FDRE                                         r  Final_Project_i/axi_gpio_1/U0/AXI_LITE_IPIF_I/I_SLAVE_ATTACHMENT/s_axi_rdata_i_reg[14]/C
                         clock pessimism             -0.123     1.656    
    SLICE_X17Y39         FDRE (Hold_fdre_C_D)         0.070     1.726    Final_Project_i/axi_gpio_1/U0/AXI_LITE_IPIF_I/I_SLAVE_ATTACHMENT/s_axi_rdata_i_reg[14]
  -------------------------------------------------------------------
                         required time                         -1.726    
                         arrival time                           1.774    
  -------------------------------------------------------------------
                         slack                                  0.047    

Slack (MET) :             0.048ns  (arrival time - required time)
  Source:                 Final_Project_i/ps7_0_axi_periph/s00_couplers/auto_pc/inst/gen_axilite.gen_b2s_conv.axilite_b2s/SI_REG/aw.aw_pipe/m_payload_i_reg[30]/C
                            (rising edge-triggered cell FDRE clocked by clk_fpga_0  {rise@0.000ns fall@5.000ns period=10.000ns})
  Destination:            Final_Project_i/ps7_0_axi_periph/xbar/inst/gen_sasd.crossbar_sasd_0/addr_arbiter_inst/gen_no_arbiter.m_amesg_i_reg[31]/D
                            (rising edge-triggered cell FDRE clocked by clk_fpga_0  {rise@0.000ns fall@5.000ns period=10.000ns})
  Path Group:             clk_fpga_0
  Path Type:              Hold (Min at Fast Process Corner)
  Requirement:            0.000ns  (clk_fpga_0 rise@0.000ns - clk_fpga_0 rise@0.000ns)
  Data Path Delay:        0.406ns  (logic 0.226ns (55.721%)  route 0.180ns (44.279%))
  Logic Levels:           1  (LUT4=1)
  Clock Path Skew:        0.265ns (DCD - SCD - CPR)
    Destination Clock Delay (DCD):    1.799ns
    Source Clock Delay      (SCD):    1.416ns
    Clock Pessimism Removal (CPR):    0.118ns

    Location             Delay type                Incr(ns)  Path(ns)    Netlist Resource(s)
  -------------------------------------------------------------------    -------------------
                         (clock clk_fpga_0 rise edge)
                                                      0.000     0.000 r  
    PS7_X0Y0             PS7                          0.000     0.000 r  Final_Project_i/processing_system7_0/inst/PS7_i/FCLKCLK[0]
                         net (fo=1, routed)           0.804     0.804    Final_Project_i/processing_system7_0/inst/FCLK_CLK_unbuffered[0]
    BUFGCTRL_X0Y16       BUFG (Prop_bufg_I_O)         0.026     0.830 r  Final_Project_i/processing_system7_0/inst/buffer_fclk_clk_0.FCLK_CLK_0_BUFG/O
                         net (fo=1316, routed)        0.586     1.416    Final_Project_i/ps7_0_axi_periph/s00_couplers/auto_pc/inst/gen_axilite.gen_b2s_conv.axilite_b2s/SI_REG/aw.aw_pipe/aclk
    SLICE_X1Y48          FDRE                                         r  Final_Project_i/ps7_0_axi_periph/s00_couplers/auto_pc/inst/gen_axilite.gen_b2s_conv.axilite_b2s/SI_REG/aw.aw_pipe/m_payload_i_reg[30]/C
  -------------------------------------------------------------------    -------------------
    SLICE_X1Y48          FDRE (Prop_fdre_C_Q)         0.128     1.544 r  Final_Project_i/ps7_0_axi_periph/s00_couplers/auto_pc/inst/gen_axilite.gen_b2s_conv.axilite_b2s/SI_REG/aw.aw_pipe/m_payload_i_reg[30]/Q
                         net (fo=1, routed)           0.180     1.724    Final_Project_i/ps7_0_axi_periph/xbar/inst/gen_sasd.crossbar_sasd_0/addr_arbiter_inst/s_axi_awaddr[30]
    SLICE_X2Y50          LUT4 (Prop_lut4_I3_O)        0.098     1.822 r  Final_Project_i/ps7_0_axi_periph/xbar/inst/gen_sasd.crossbar_sasd_0/addr_arbiter_inst/gen_no_arbiter.m_amesg_i[31]_i_1/O
                         net (fo=1, routed)           0.000     1.822    Final_Project_i/ps7_0_axi_periph/xbar/inst/gen_sasd.crossbar_sasd_0/addr_arbiter_inst/s_amesg[31]
    SLICE_X2Y50          FDRE                                         r  Final_Project_i/ps7_0_axi_periph/xbar/inst/gen_sasd.crossbar_sasd_0/addr_arbiter_inst/gen_no_arbiter.m_amesg_i_reg[31]/D
  -------------------------------------------------------------------    -------------------

                         (clock clk_fpga_0 rise edge)
                                                      0.000     0.000 r  
    PS7_X0Y0             PS7                          0.000     0.000 r  Final_Project_i/processing_system7_0/inst/PS7_i/FCLKCLK[0]
                         net (fo=1, routed)           0.919     0.919    Final_Project_i/processing_system7_0/inst/FCLK_CLK_unbuffered[0]
    BUFGCTRL_X0Y16       BUFG (Prop_bufg_I_O)         0.029     0.948 r  Final_Project_i/processing_system7_0/inst/buffer_fclk_clk_0.FCLK_CLK_0_BUFG/O
                         net (fo=1316, routed)        0.851     1.799    Final_Project_i/ps7_0_axi_periph/xbar/inst/gen_sasd.crossbar_sasd_0/addr_arbiter_inst/aclk
    SLICE_X2Y50          FDRE                                         r  Final_Project_i/ps7_0_axi_periph/xbar/inst/gen_sasd.crossbar_sasd_0/addr_arbiter_inst/gen_no_arbiter.m_amesg_i_reg[31]/C
                         clock pessimism             -0.118     1.681    
    SLICE_X2Y50          FDRE (Hold_fdre_C_D)         0.092     1.773    Final_Project_i/ps7_0_axi_periph/xbar/inst/gen_sasd.crossbar_sasd_0/addr_arbiter_inst/gen_no_arbiter.m_amesg_i_reg[31]
  -------------------------------------------------------------------
                         required time                         -1.773    
                         arrival time                           1.822    
  -------------------------------------------------------------------
                         slack                                  0.048    

Slack (MET) :             0.051ns  (arrival time - required time)
  Source:                 Final_Project_i/axi_gpio_1/U0/ip2bus_data_i_D1_reg[25]/C
                            (rising edge-triggered cell FDRE clocked by clk_fpga_0  {rise@0.000ns fall@5.000ns period=10.000ns})
  Destination:            Final_Project_i/axi_gpio_1/U0/AXI_LITE_IPIF_I/I_SLAVE_ATTACHMENT/s_axi_rdata_i_reg[6]/D
                            (rising edge-triggered cell FDRE clocked by clk_fpga_0  {rise@0.000ns fall@5.000ns period=10.000ns})
  Path Group:             clk_fpga_0
  Path Type:              Hold (Min at Fast Process Corner)
  Requirement:            0.000ns  (clk_fpga_0 rise@0.000ns - clk_fpga_0 rise@0.000ns)
  Data Path Delay:        0.386ns  (logic 0.141ns (36.559%)  route 0.245ns (63.441%))
  Logic Levels:           0  
  Clock Path Skew:        0.268ns (DCD - SCD - CPR)
    Destination Clock Delay (DCD):    1.779ns
    Source Clock Delay      (SCD):    1.388ns
    Clock Pessimism Removal (CPR):    0.123ns

    Location             Delay type                Incr(ns)  Path(ns)    Netlist Resource(s)
  -------------------------------------------------------------------    -------------------
                         (clock clk_fpga_0 rise edge)
                                                      0.000     0.000 r  
    PS7_X0Y0             PS7                          0.000     0.000 r  Final_Project_i/processing_system7_0/inst/PS7_i/FCLKCLK[0]
                         net (fo=1, routed)           0.804     0.804    Final_Project_i/processing_system7_0/inst/FCLK_CLK_unbuffered[0]
    BUFGCTRL_X0Y16       BUFG (Prop_bufg_I_O)         0.026     0.830 r  Final_Project_i/processing_system7_0/inst/buffer_fclk_clk_0.FCLK_CLK_0_BUFG/O
                         net (fo=1316, routed)        0.558     1.388    Final_Project_i/axi_gpio_1/U0/s_axi_aclk
    SLICE_X22Y36         FDRE                                         r  Final_Project_i/axi_gpio_1/U0/ip2bus_data_i_D1_reg[25]/C
  -------------------------------------------------------------------    -------------------
    SLICE_X22Y36         FDRE (Prop_fdre_C_Q)         0.141     1.529 r  Final_Project_i/axi_gpio_1/U0/ip2bus_data_i_D1_reg[25]/Q
                         net (fo=1, routed)           0.245     1.774    Final_Project_i/axi_gpio_1/U0/AXI_LITE_IPIF_I/I_SLAVE_ATTACHMENT/s_axi_rdata_i_reg[31]_0[6]
    SLICE_X19Y38         FDRE                                         r  Final_Project_i/axi_gpio_1/U0/AXI_LITE_IPIF_I/I_SLAVE_ATTACHMENT/s_axi_rdata_i_reg[6]/D
  -------------------------------------------------------------------    -------------------

                         (clock clk_fpga_0 rise edge)
                                                      0.000     0.000 r  
    PS7_X0Y0             PS7                          0.000     0.000 r  Final_Project_i/processing_system7_0/inst/PS7_i/FCLKCLK[0]
                         net (fo=1, routed)           0.919     0.919    Final_Project_i/processing_system7_0/inst/FCLK_CLK_unbuffered[0]
    BUFGCTRL_X0Y16       BUFG (Prop_bufg_I_O)         0.029     0.948 r  Final_Project_i/processing_system7_0/inst/buffer_fclk_clk_0.FCLK_CLK_0_BUFG/O
                         net (fo=1316, routed)        0.831     1.779    Final_Project_i/axi_gpio_1/U0/AXI_LITE_IPIF_I/I_SLAVE_ATTACHMENT/s_axi_aclk
    SLICE_X19Y38         FDRE                                         r  Final_Project_i/axi_gpio_1/U0/AXI_LITE_IPIF_I/I_SLAVE_ATTACHMENT/s_axi_rdata_i_reg[6]/C
                         clock pessimism             -0.123     1.656    
    SLICE_X19Y38         FDRE (Hold_fdre_C_D)         0.066     1.722    Final_Project_i/axi_gpio_1/U0/AXI_LITE_IPIF_I/I_SLAVE_ATTACHMENT/s_axi_rdata_i_reg[6]
  -------------------------------------------------------------------
                         required time                         -1.722    
                         arrival time                           1.774    
  -------------------------------------------------------------------
                         slack                                  0.051    

Slack (MET) :             0.051ns  (arrival time - required time)
  Source:                 Final_Project_i/axi_gpio_1/U0/ip2bus_data_i_D1_reg[29]/C
                            (rising edge-triggered cell FDRE clocked by clk_fpga_0  {rise@0.000ns fall@5.000ns period=10.000ns})
  Destination:            Final_Project_i/axi_gpio_1/U0/AXI_LITE_IPIF_I/I_SLAVE_ATTACHMENT/s_axi_rdata_i_reg[2]/D
                            (rising edge-triggered cell FDRE clocked by clk_fpga_0  {rise@0.000ns fall@5.000ns period=10.000ns})
  Path Group:             clk_fpga_0
  Path Type:              Hold (Min at Fast Process Corner)
  Requirement:            0.000ns  (clk_fpga_0 rise@0.000ns - clk_fpga_0 rise@0.000ns)
  Data Path Delay:        0.369ns  (logic 0.141ns (38.237%)  route 0.228ns (61.763%))
  Logic Levels:           0  
  Clock Path Skew:        0.265ns (DCD - SCD - CPR)
    Destination Clock Delay (DCD):    1.779ns
    Source Clock Delay      (SCD):    1.391ns
    Clock Pessimism Removal (CPR):    0.123ns

    Location             Delay type                Incr(ns)  Path(ns)    Netlist Resource(s)
  -------------------------------------------------------------------    -------------------
                         (clock clk_fpga_0 rise edge)
                                                      0.000     0.000 r  
    PS7_X0Y0             PS7                          0.000     0.000 r  Final_Project_i/processing_system7_0/inst/PS7_i/FCLKCLK[0]
                         net (fo=1, routed)           0.804     0.804    Final_Project_i/processing_system7_0/inst/FCLK_CLK_unbuffered[0]
    BUFGCTRL_X0Y16       BUFG (Prop_bufg_I_O)         0.026     0.830 r  Final_Project_i/processing_system7_0/inst/buffer_fclk_clk_0.FCLK_CLK_0_BUFG/O
                         net (fo=1316, routed)        0.561     1.391    Final_Project_i/axi_gpio_1/U0/s_axi_aclk
    SLICE_X22Y40         FDRE                                         r  Final_Project_i/axi_gpio_1/U0/ip2bus_data_i_D1_reg[29]/C
  -------------------------------------------------------------------    -------------------
    SLICE_X22Y40         FDRE (Prop_fdre_C_Q)         0.141     1.532 r  Final_Project_i/axi_gpio_1/U0/ip2bus_data_i_D1_reg[29]/Q
                         net (fo=1, routed)           0.228     1.760    Final_Project_i/axi_gpio_1/U0/AXI_LITE_IPIF_I/I_SLAVE_ATTACHMENT/s_axi_rdata_i_reg[31]_0[2]
    SLICE_X16Y39         FDRE                                         r  Final_Project_i/axi_gpio_1/U0/AXI_LITE_IPIF_I/I_SLAVE_ATTACHMENT/s_axi_rdata_i_reg[2]/D
  -------------------------------------------------------------------    -------------------

                         (clock clk_fpga_0 rise edge)
                                                      0.000     0.000 r  
    PS7_X0Y0             PS7                          0.000     0.000 r  Final_Project_i/processing_system7_0/inst/PS7_i/FCLKCLK[0]
                         net (fo=1, routed)           0.919     0.919    Final_Project_i/processing_system7_0/inst/FCLK_CLK_unbuffered[0]
    BUFGCTRL_X0Y16       BUFG (Prop_bufg_I_O)         0.029     0.948 r  Final_Project_i/processing_system7_0/inst/buffer_fclk_clk_0.FCLK_CLK_0_BUFG/O
                         net (fo=1316, routed)        0.831     1.779    Final_Project_i/axi_gpio_1/U0/AXI_LITE_IPIF_I/I_SLAVE_ATTACHMENT/s_axi_aclk
    SLICE_X16Y39         FDRE                                         r  Final_Project_i/axi_gpio_1/U0/AXI_LITE_IPIF_I/I_SLAVE_ATTACHMENT/s_axi_rdata_i_reg[2]/C
                         clock pessimism             -0.123     1.656    
    SLICE_X16Y39         FDRE (Hold_fdre_C_D)         0.052     1.708    Final_Project_i/axi_gpio_1/U0/AXI_LITE_IPIF_I/I_SLAVE_ATTACHMENT/s_axi_rdata_i_reg[2]
  -------------------------------------------------------------------
                         required time                         -1.708    
                         arrival time                           1.760    
  -------------------------------------------------------------------
                         slack                                  0.051    

Slack (MET) :             0.055ns  (arrival time - required time)
  Source:                 Final_Project_i/axi_gpio_1/U0/gpio_core_1/Dual.gpio2_Data_In_reg[2]/C
                            (rising edge-triggered cell FDRE clocked by clk_fpga_0  {rise@0.000ns fall@5.000ns period=10.000ns})
  Destination:            Final_Project_i/axi_gpio_1/U0/gpio_core_1/Dual.ALLIN0_ND_G2.READ_REG2_GEN[2].reg3_reg[30]/D
                            (rising edge-triggered cell FDRE clocked by clk_fpga_0  {rise@0.000ns fall@5.000ns period=10.000ns})
  Path Group:             clk_fpga_0
  Path Type:              Hold (Min at Fast Process Corner)
  Requirement:            0.000ns  (clk_fpga_0 rise@0.000ns - clk_fpga_0 rise@0.000ns)
  Data Path Delay:        0.409ns  (logic 0.209ns (51.060%)  route 0.200ns (48.940%))
  Logic Levels:           1  (LUT5=1)
  Clock Path Skew:        0.263ns (DCD - SCD - CPR)
    Destination Clock Delay (DCD):    1.776ns
    Source Clock Delay      (SCD):    1.390ns
    Clock Pessimism Removal (CPR):    0.123ns

    Location             Delay type                Incr(ns)  Path(ns)    Netlist Resource(s)
  -------------------------------------------------------------------    -------------------
                         (clock clk_fpga_0 rise edge)
                                                      0.000     0.000 r  
    PS7_X0Y0             PS7                          0.000     0.000 r  Final_Project_i/processing_system7_0/inst/PS7_i/FCLKCLK[0]
                         net (fo=1, routed)           0.804     0.804    Final_Project_i/processing_system7_0/inst/FCLK_CLK_unbuffered[0]
    BUFGCTRL_X0Y16       BUFG (Prop_bufg_I_O)         0.026     0.830 r  Final_Project_i/processing_system7_0/inst/buffer_fclk_clk_0.FCLK_CLK_0_BUFG/O
                         net (fo=1316, routed)        0.560     1.390    Final_Project_i/axi_gpio_1/U0/gpio_core_1/s_axi_aclk
    SLICE_X20Y38         FDRE                                         r  Final_Project_i/axi_gpio_1/U0/gpio_core_1/Dual.gpio2_Data_In_reg[2]/C
  -------------------------------------------------------------------    -------------------
    SLICE_X20Y38         FDRE (Prop_fdre_C_Q)         0.164     1.554 r  Final_Project_i/axi_gpio_1/U0/gpio_core_1/Dual.gpio2_Data_In_reg[2]/Q
                         net (fo=1, routed)           0.200     1.754    Final_Project_i/axi_gpio_1/U0/AXI_LITE_IPIF_I/I_SLAVE_ATTACHMENT/Dual.ALLIN0_ND_G2.READ_REG2_GEN[0].reg3_reg[28]_0[1]
    SLICE_X23Y39         LUT5 (Prop_lut5_I1_O)        0.045     1.799 r  Final_Project_i/axi_gpio_1/U0/AXI_LITE_IPIF_I/I_SLAVE_ATTACHMENT/Dual.ALLIN0_ND_G2.READ_REG2_GEN[2].reg3[30]_i_1/O
                         net (fo=1, routed)           0.000     1.799    Final_Project_i/axi_gpio_1/U0/gpio_core_1/Dual.Read_Reg2_In[2]
    SLICE_X23Y39         FDRE                                         r  Final_Project_i/axi_gpio_1/U0/gpio_core_1/Dual.ALLIN0_ND_G2.READ_REG2_GEN[2].reg3_reg[30]/D
  -------------------------------------------------------------------    -------------------

                         (clock clk_fpga_0 rise edge)
                                                      0.000     0.000 r  
    PS7_X0Y0             PS7                          0.000     0.000 r  Final_Project_i/processing_system7_0/inst/PS7_i/FCLKCLK[0]
                         net (fo=1, routed)           0.919     0.919    Final_Project_i/processing_system7_0/inst/FCLK_CLK_unbuffered[0]
    BUFGCTRL_X0Y16       BUFG (Prop_bufg_I_O)         0.029     0.948 r  Final_Project_i/processing_system7_0/inst/buffer_fclk_clk_0.FCLK_CLK_0_BUFG/O
                         net (fo=1316, routed)        0.828     1.776    Final_Project_i/axi_gpio_1/U0/gpio_core_1/s_axi_aclk
    SLICE_X23Y39         FDRE                                         r  Final_Project_i/axi_gpio_1/U0/gpio_core_1/Dual.ALLIN0_ND_G2.READ_REG2_GEN[2].reg3_reg[30]/C
                         clock pessimism             -0.123     1.653    
    SLICE_X23Y39         FDRE (Hold_fdre_C_D)         0.091     1.744    Final_Project_i/axi_gpio_1/U0/gpio_core_1/Dual.ALLIN0_ND_G2.READ_REG2_GEN[2].reg3_reg[30]
  -------------------------------------------------------------------
                         required time                         -1.744    
                         arrival time                           1.799    
  -------------------------------------------------------------------
                         slack                                  0.055    

Slack (MET) :             0.055ns  (arrival time - required time)
  Source:                 Final_Project_i/ps7_0_axi_periph/xbar/inst/gen_sasd.crossbar_sasd_0/reg_slice_r/m_payload_i_reg[23]/C
                            (rising edge-triggered cell FDRE clocked by clk_fpga_0  {rise@0.000ns fall@5.000ns period=10.000ns})
  Destination:            Final_Project_i/ps7_0_axi_periph/s00_couplers/auto_pc/inst/gen_axilite.gen_b2s_conv.axilite_b2s/RD.r_channel_0/rd_data_fifo_0/memory_reg[31][20]_srl32/D
                            (rising edge-triggered cell SRLC32E clocked by clk_fpga_0  {rise@0.000ns fall@5.000ns period=10.000ns})
  Path Group:             clk_fpga_0
  Path Type:              Hold (Min at Fast Process Corner)
  Requirement:            0.000ns  (clk_fpga_0 rise@0.000ns - clk_fpga_0 rise@0.000ns)
  Data Path Delay:        0.254ns  (logic 0.141ns (55.511%)  route 0.113ns (44.489%))
  Logic Levels:           0  
  Clock Path Skew:        0.016ns (DCD - SCD - CPR)
    Destination Clock Delay (DCD):    1.784ns
    Source Clock Delay      (SCD):    1.398ns
    Clock Pessimism Removal (CPR):    0.370ns

    Location             Delay type                Incr(ns)  Path(ns)    Netlist Resource(s)
  -------------------------------------------------------------------    -------------------
                         (clock clk_fpga_0 rise edge)
                                                      0.000     0.000 r  
    PS7_X0Y0             PS7                          0.000     0.000 r  Final_Project_i/processing_system7_0/inst/PS7_i/FCLKCLK[0]
                         net (fo=1, routed)           0.804     0.804    Final_Project_i/processing_system7_0/inst/FCLK_CLK_unbuffered[0]
    BUFGCTRL_X0Y16       BUFG (Prop_bufg_I_O)         0.026     0.830 r  Final_Project_i/processing_system7_0/inst/buffer_fclk_clk_0.FCLK_CLK_0_BUFG/O
                         net (fo=1316, routed)        0.568     1.398    Final_Project_i/ps7_0_axi_periph/xbar/inst/gen_sasd.crossbar_sasd_0/reg_slice_r/aclk
    SLICE_X9Y46          FDRE                                         r  Final_Project_i/ps7_0_axi_periph/xbar/inst/gen_sasd.crossbar_sasd_0/reg_slice_r/m_payload_i_reg[23]/C
  -------------------------------------------------------------------    -------------------
    SLICE_X9Y46          FDRE (Prop_fdre_C_Q)         0.141     1.539 r  Final_Project_i/ps7_0_axi_periph/xbar/inst/gen_sasd.crossbar_sasd_0/reg_slice_r/m_payload_i_reg[23]/Q
                         net (fo=1, routed)           0.113     1.652    Final_Project_i/ps7_0_axi_periph/s00_couplers/auto_pc/inst/gen_axilite.gen_b2s_conv.axilite_b2s/RD.r_channel_0/rd_data_fifo_0/in[20]
    SLICE_X8Y45          SRLC32E                                      r  Final_Project_i/ps7_0_axi_periph/s00_couplers/auto_pc/inst/gen_axilite.gen_b2s_conv.axilite_b2s/RD.r_channel_0/rd_data_fifo_0/memory_reg[31][20]_srl32/D
  -------------------------------------------------------------------    -------------------

                         (clock clk_fpga_0 rise edge)
                                                      0.000     0.000 r  
    PS7_X0Y0             PS7                          0.000     0.000 r  Final_Project_i/processing_system7_0/inst/PS7_i/FCLKCLK[0]
                         net (fo=1, routed)           0.919     0.919    Final_Project_i/processing_system7_0/inst/FCLK_CLK_unbuffered[0]
    BUFGCTRL_X0Y16       BUFG (Prop_bufg_I_O)         0.029     0.948 r  Final_Project_i/processing_system7_0/inst/buffer_fclk_clk_0.FCLK_CLK_0_BUFG/O
                         net (fo=1316, routed)        0.836     1.784    Final_Project_i/ps7_0_axi_periph/s00_couplers/auto_pc/inst/gen_axilite.gen_b2s_conv.axilite_b2s/RD.r_channel_0/rd_data_fifo_0/aclk
    SLICE_X8Y45          SRLC32E                                      r  Final_Project_i/ps7_0_axi_periph/s00_couplers/auto_pc/inst/gen_axilite.gen_b2s_conv.axilite_b2s/RD.r_channel_0/rd_data_fifo_0/memory_reg[31][20]_srl32/CLK
                         clock pessimism             -0.370     1.414    
    SLICE_X8Y45          SRLC32E (Hold_srlc32e_CLK_D)
                                                      0.183     1.597    Final_Project_i/ps7_0_axi_periph/s00_couplers/auto_pc/inst/gen_axilite.gen_b2s_conv.axilite_b2s/RD.r_channel_0/rd_data_fifo_0/memory_reg[31][20]_srl32
  -------------------------------------------------------------------
                         required time                         -1.597    
                         arrival time                           1.652    
  -------------------------------------------------------------------
                         slack                                  0.055    

Slack (MET) :             0.059ns  (arrival time - required time)
  Source:                 Final_Project_i/axi_apb_bridge_0/U0/APB_MASTER_IF_MODULE/PWDATA_i_reg[2]/C
                            (rising edge-triggered cell FDRE clocked by clk_fpga_0  {rise@0.000ns fall@5.000ns period=10.000ns})
  Destination:            Final_Project_i/apb_i2c_master_0/inst/reg_tx_data_reg[2]/D
                            (rising edge-triggered cell FDCE clocked by clk_fpga_0  {rise@0.000ns fall@5.000ns period=10.000ns})
  Path Group:             clk_fpga_0
  Path Type:              Hold (Min at Fast Process Corner)
  Requirement:            0.000ns  (clk_fpga_0 rise@0.000ns - clk_fpga_0 rise@0.000ns)
  Data Path Delay:        0.385ns  (logic 0.141ns (36.587%)  route 0.244ns (63.413%))
  Logic Levels:           0  
  Clock Path Skew:        0.260ns (DCD - SCD - CPR)
    Destination Clock Delay (DCD):    1.778ns
    Source Clock Delay      (SCD):    1.395ns
    Clock Pessimism Removal (CPR):    0.123ns

    Location             Delay type                Incr(ns)  Path(ns)    Netlist Resource(s)
  -------------------------------------------------------------------    -------------------
                         (clock clk_fpga_0 rise edge)
                                                      0.000     0.000 r  
    PS7_X0Y0             PS7                          0.000     0.000 r  Final_Project_i/processing_system7_0/inst/PS7_i/FCLKCLK[0]
                         net (fo=1, routed)           0.804     0.804    Final_Project_i/processing_system7_0/inst/FCLK_CLK_unbuffered[0]
    BUFGCTRL_X0Y16       BUFG (Prop_bufg_I_O)         0.026     0.830 r  Final_Project_i/processing_system7_0/inst/buffer_fclk_clk_0.FCLK_CLK_0_BUFG/O
                         net (fo=1316, routed)        0.565     1.395    Final_Project_i/axi_apb_bridge_0/U0/APB_MASTER_IF_MODULE/s_axi_aclk
    SLICE_X19Y44         FDRE                                         r  Final_Project_i/axi_apb_bridge_0/U0/APB_MASTER_IF_MODULE/PWDATA_i_reg[2]/C
  -------------------------------------------------------------------    -------------------
    SLICE_X19Y44         FDRE (Prop_fdre_C_Q)         0.141     1.536 r  Final_Project_i/axi_apb_bridge_0/U0/APB_MASTER_IF_MODULE/PWDATA_i_reg[2]/Q
                         net (fo=2, routed)           0.244     1.780    Final_Project_i/apb_i2c_master_0/inst/PWDATA[2]
    SLICE_X22Y44         FDCE                                         r  Final_Project_i/apb_i2c_master_0/inst/reg_tx_data_reg[2]/D
  -------------------------------------------------------------------    -------------------

                         (clock clk_fpga_0 rise edge)
                                                      0.000     0.000 r  
    PS7_X0Y0             PS7                          0.000     0.000 r  Final_Project_i/processing_system7_0/inst/PS7_i/FCLKCLK[0]
                         net (fo=1, routed)           0.919     0.919    Final_Project_i/processing_system7_0/inst/FCLK_CLK_unbuffered[0]
    BUFGCTRL_X0Y16       BUFG (Prop_bufg_I_O)         0.029     0.948 r  Final_Project_i/processing_system7_0/inst/buffer_fclk_clk_0.FCLK_CLK_0_BUFG/O
                         net (fo=1316, routed)        0.830     1.778    Final_Project_i/apb_i2c_master_0/inst/PCLK
    SLICE_X22Y44         FDCE                                         r  Final_Project_i/apb_i2c_master_0/inst/reg_tx_data_reg[2]/C
                         clock pessimism             -0.123     1.655    
    SLICE_X22Y44         FDCE (Hold_fdce_C_D)         0.066     1.721    Final_Project_i/apb_i2c_master_0/inst/reg_tx_data_reg[2]
  -------------------------------------------------------------------
                         required time                         -1.721    
                         arrival time                           1.780    
  -------------------------------------------------------------------
                         slack                                  0.059    





Pulse Width Checks
--------------------------------------------------------------------------------------
Clock Name:         clk_fpga_0
Waveform(ns):       { 0.000 5.000 }
Period(ns):         10.000
Sources:            { Final_Project_i/processing_system7_0/inst/PS7_i/FCLKCLK[0] }

Check Type        Corner  Lib Pin      Reference Pin  Required(ns)  Actual(ns)  Slack(ns)  Location        Pin
Min Period        n/a     BUFG/I       n/a            2.155         10.000      7.845      BUFGCTRL_X0Y16  Final_Project_i/processing_system7_0/inst/buffer_fclk_clk_0.FCLK_CLK_0_BUFG/I
Min Period        n/a     FDCE/C       n/a            1.000         10.000      9.000      SLICE_X22Y46    Final_Project_i/apb_i2c_master_0/inst/FSM_sequential_state_reg[0]/C
Min Period        n/a     FDCE/C       n/a            1.000         10.000      9.000      SLICE_X22Y46    Final_Project_i/apb_i2c_master_0/inst/FSM_sequential_state_reg[1]/C
Min Period        n/a     FDCE/C       n/a            1.000         10.000      9.000      SLICE_X22Y46    Final_Project_i/apb_i2c_master_0/inst/FSM_sequential_state_reg[2]/C
Min Period        n/a     FDCE/C       n/a            1.000         10.000      9.000      SLICE_X22Y46    Final_Project_i/apb_i2c_master_0/inst/FSM_sequential_state_reg[3]/C
Min Period        n/a     FDCE/C       n/a            1.000         10.000      9.000      SLICE_X23Y47    Final_Project_i/apb_i2c_master_0/inst/bit_cnt_reg[0]/C
Min Period        n/a     FDCE/C       n/a            1.000         10.000      9.000      SLICE_X22Y47    Final_Project_i/apb_i2c_master_0/inst/bit_cnt_reg[1]/C
Min Period        n/a     FDCE/C       n/a            1.000         10.000      9.000      SLICE_X23Y47    Final_Project_i/apb_i2c_master_0/inst/bit_cnt_reg[2]/C
Min Period        n/a     FDCE/C       n/a            1.000         10.000      9.000      SLICE_X20Y45    Final_Project_i/apb_i2c_master_0/inst/reg_ctrl_reg[0]/C
Min Period        n/a     FDCE/C       n/a            1.000         10.000      9.000      SLICE_X20Y42    Final_Project_i/apb_i2c_master_0/inst/reg_ctrl_reg[10]/C
Low Pulse Width   Slow    SRLC32E/CLK  n/a            0.980         5.000       4.020      SLICE_X4Y40     Final_Project_i/ps7_0_axi_periph/s00_couplers/auto_pc/inst/gen_axilite.gen_b2s_conv.axilite_b2s/RD.r_channel_0/rd_data_fifo_0/memory_reg[31][0]_srl32/CLK
Low Pulse Width   Fast    SRLC32E/CLK  n/a            0.980         5.000       4.020      SLICE_X4Y40     Final_Project_i/ps7_0_axi_periph/s00_couplers/auto_pc/inst/gen_axilite.gen_b2s_conv.axilite_b2s/RD.r_channel_0/rd_data_fifo_0/memory_reg[31][0]_srl32/CLK
Low Pulse Width   Slow    SRLC32E/CLK  n/a            0.980         5.000       4.020      SLICE_X8Y39     Final_Project_i/ps7_0_axi_periph/s00_couplers/auto_pc/inst/gen_axilite.gen_b2s_conv.axilite_b2s/RD.r_channel_0/rd_data_fifo_0/memory_reg[31][10]_srl32/CLK
Low Pulse Width   Fast    SRLC32E/CLK  n/a            0.980         5.000       4.020      SLICE_X8Y39     Final_Project_i/ps7_0_axi_periph/s00_couplers/auto_pc/inst/gen_axilite.gen_b2s_conv.axilite_b2s/RD.r_channel_0/rd_data_fifo_0/memory_reg[31][10]_srl32/CLK
Low Pulse Width   Slow    SRLC32E/CLK  n/a            0.980         5.000       4.020      SLICE_X8Y42     Final_Project_i/ps7_0_axi_periph/s00_couplers/auto_pc/inst/gen_axilite.gen_b2s_conv.axilite_b2s/RD.r_channel_0/rd_data_fifo_0/memory_reg[31][11]_srl32/CLK
Low Pulse Width   Fast    SRLC32E/CLK  n/a            0.980         5.000       4.020      SLICE_X8Y42     Final_Project_i/ps7_0_axi_periph/s00_couplers/auto_pc/inst/gen_axilite.gen_b2s_conv.axilite_b2s/RD.r_channel_0/rd_data_fifo_0/memory_reg[31][11]_srl32/CLK
Low Pulse Width   Slow    SRLC32E/CLK  n/a            0.980         5.000       4.020      SLICE_X8Y40     Final_Project_i/ps7_0_axi_periph/s00_couplers/auto_pc/inst/gen_axilite.gen_b2s_conv.axilite_b2s/RD.r_channel_0/rd_data_fifo_0/memory_reg[31][12]_srl32/CLK
Low Pulse Width   Fast    SRLC32E/CLK  n/a            0.980         5.000       4.020      SLICE_X8Y40     Final_Project_i/ps7_0_axi_periph/s00_couplers/auto_pc/inst/gen_axilite.gen_b2s_conv.axilite_b2s/RD.r_channel_0/rd_data_fifo_0/memory_reg[31][12]_srl32/CLK
Low Pulse Width   Slow    SRLC32E/CLK  n/a            0.980         5.000       4.020      SLICE_X8Y39     Final_Project_i/ps7_0_axi_periph/s00_couplers/auto_pc/inst/gen_axilite.gen_b2s_conv.axilite_b2s/RD.r_channel_0/rd_data_fifo_0/memory_reg[31][13]_srl32/CLK
Low Pulse Width   Fast    SRLC32E/CLK  n/a            0.980         5.000       4.020      SLICE_X8Y39     Final_Project_i/ps7_0_axi_periph/s00_couplers/auto_pc/inst/gen_axilite.gen_b2s_conv.axilite_b2s/RD.r_channel_0/rd_data_fifo_0/memory_reg[31][13]_srl32/CLK
High Pulse Width  Slow    SRLC32E/CLK  n/a            0.980         5.000       4.020      SLICE_X4Y40     Final_Project_i/ps7_0_axi_periph/s00_couplers/auto_pc/inst/gen_axilite.gen_b2s_conv.axilite_b2s/RD.r_channel_0/rd_data_fifo_0/memory_reg[31][0]_srl32/CLK
High Pulse Width  Fast    SRLC32E/CLK  n/a            0.980         5.000       4.020      SLICE_X4Y40     Final_Project_i/ps7_0_axi_periph/s00_couplers/auto_pc/inst/gen_axilite.gen_b2s_conv.axilite_b2s/RD.r_channel_0/rd_data_fifo_0/memory_reg[31][0]_srl32/CLK
High Pulse Width  Slow    SRLC32E/CLK  n/a            0.980         5.000       4.020      SLICE_X8Y39     Final_Project_i/ps7_0_axi_periph/s00_couplers/auto_pc/inst/gen_axilite.gen_b2s_conv.axilite_b2s/RD.r_channel_0/rd_data_fifo_0/memory_reg[31][10]_srl32/CLK
High Pulse Width  Fast    SRLC32E/CLK  n/a            0.980         5.000       4.020      SLICE_X8Y39     Final_Project_i/ps7_0_axi_periph/s00_couplers/auto_pc/inst/gen_axilite.gen_b2s_conv.axilite_b2s/RD.r_channel_0/rd_data_fifo_0/memory_reg[31][10]_srl32/CLK
High Pulse Width  Slow    SRLC32E/CLK  n/a            0.980         5.000       4.020      SLICE_X8Y42     Final_Project_i/ps7_0_axi_periph/s00_couplers/auto_pc/inst/gen_axilite.gen_b2s_conv.axilite_b2s/RD.r_channel_0/rd_data_fifo_0/memory_reg[31][11]_srl32/CLK
High Pulse Width  Fast    SRLC32E/CLK  n/a            0.980         5.000       4.020      SLICE_X8Y42     Final_Project_i/ps7_0_axi_periph/s00_couplers/auto_pc/inst/gen_axilite.gen_b2s_conv.axilite_b2s/RD.r_channel_0/rd_data_fifo_0/memory_reg[31][11]_srl32/CLK
High Pulse Width  Slow    SRLC32E/CLK  n/a            0.980         5.000       4.020      SLICE_X8Y40     Final_Project_i/ps7_0_axi_periph/s00_couplers/auto_pc/inst/gen_axilite.gen_b2s_conv.axilite_b2s/RD.r_channel_0/rd_data_fifo_0/memory_reg[31][12]_srl32/CLK
High Pulse Width  Fast    SRLC32E/CLK  n/a            0.980         5.000       4.020      SLICE_X8Y40     Final_Project_i/ps7_0_axi_periph/s00_couplers/auto_pc/inst/gen_axilite.gen_b2s_conv.axilite_b2s/RD.r_channel_0/rd_data_fifo_0/memory_reg[31][12]_srl32/CLK
High Pulse Width  Slow    SRLC32E/CLK  n/a            0.980         5.000       4.020      SLICE_X8Y39     Final_Project_i/ps7_0_axi_periph/s00_couplers/auto_pc/inst/gen_axilite.gen_b2s_conv.axilite_b2s/RD.r_channel_0/rd_data_fifo_0/memory_reg[31][13]_srl32/CLK
High Pulse Width  Fast    SRLC32E/CLK  n/a            0.980         5.000       4.020      SLICE_X8Y39     Final_Project_i/ps7_0_axi_periph/s00_couplers/auto_pc/inst/gen_axilite.gen_b2s_conv.axilite_b2s/RD.r_channel_0/rd_data_fifo_0/memory_reg[31][13]_srl32/CLK



---------------------------------------------------------------------------------------------------
Path Group:  **async_default**
From Clock:  clk_fpga_0
  To Clock:  clk_fpga_0

Setup :            0  Failing Endpoints,  Worst Slack        5.116ns,  Total Violation        0.000ns
Hold  :            0  Failing Endpoints,  Worst Slack        1.116ns,  Total Violation        0.000ns
---------------------------------------------------------------------------------------------------


Max Delay Paths
--------------------------------------------------------------------------------------
Slack (MET) :             5.116ns  (required time - arrival time)
  Source:                 Final_Project_i/rst_ps7_0_100M/U0/ACTIVE_LOW_PR_OUT_DFF[0].FDRE_PER_N/C
                            (rising edge-triggered cell FDRE clocked by clk_fpga_0  {rise@0.000ns fall@5.000ns period=10.000ns})
  Destination:            Final_Project_i/apb_i2c_master_0/inst/reg_rx_data_reg[0]/CLR
                            (recovery check against rising-edge clock clk_fpga_0  {rise@0.000ns fall@5.000ns period=10.000ns})
  Path Group:             **async_default**
  Path Type:              Recovery (Max at Slow Process Corner)
  Requirement:            10.000ns  (clk_fpga_0 rise@10.000ns - clk_fpga_0 rise@0.000ns)
  Data Path Delay:        3.952ns  (logic 0.605ns (15.308%)  route 3.347ns (84.692%))
  Logic Levels:           1  (LUT1=1)
  Clock Path Skew:        -0.165ns (DCD - SCD + CPR)
    Destination Clock Delay (DCD):    3.256ns = ( 13.256 - 10.000 ) 
    Source Clock Delay      (SCD):    3.716ns
    Clock Pessimism Removal (CPR):    0.296ns
  Clock Uncertainty:      0.154ns  ((TSJ^2 + TIJ^2)^1/2 + DJ) / 2 + PE
    Total System Jitter     (TSJ):    0.071ns
    Total Input Jitter      (TIJ):    0.300ns
    Discrete Jitter          (DJ):    0.000ns
    Phase Error              (PE):    0.000ns

    Location             Delay type                Incr(ns)  Path(ns)    Netlist Resource(s)
  -------------------------------------------------------------------    -------------------
                         (clock clk_fpga_0 rise edge)
                                                      0.000     0.000 r  
    PS7_X0Y0             PS7                          0.000     0.000 r  Final_Project_i/processing_system7_0/inst/PS7_i/FCLKCLK[0]
                         net (fo=1, routed)           1.938     1.938    Final_Project_i/processing_system7_0/inst/FCLK_CLK_unbuffered[0]
    BUFGCTRL_X0Y16       BUFG (Prop_bufg_I_O)         0.101     2.039 r  Final_Project_i/processing_system7_0/inst/buffer_fclk_clk_0.FCLK_CLK_0_BUFG/O
                         net (fo=1316, routed)        1.677     3.716    Final_Project_i/rst_ps7_0_100M/U0/slowest_sync_clk
    SLICE_X21Y49         FDRE                                         r  Final_Project_i/rst_ps7_0_100M/U0/ACTIVE_LOW_PR_OUT_DFF[0].FDRE_PER_N/C
  -------------------------------------------------------------------    -------------------
    SLICE_X21Y49         FDRE (Prop_fdre_C_Q)         0.456     4.172 r  Final_Project_i/rst_ps7_0_100M/U0/ACTIVE_LOW_PR_OUT_DFF[0].FDRE_PER_N/Q
                         net (fo=15, routed)          1.569     5.742    Final_Project_i/apb_i2c_master_0/inst/PRESETn
    SLICE_X14Y44         LUT1 (Prop_lut1_I0_O)        0.149     5.891 f  Final_Project_i/apb_i2c_master_0/inst/FSM_sequential_state[3]_i_3/O
                         net (fo=100, routed)         1.778     7.668    Final_Project_i/apb_i2c_master_0/inst/FSM_sequential_state[3]_i_3_n_0
    SLICE_X22Y43         FDCE                                         f  Final_Project_i/apb_i2c_master_0/inst/reg_rx_data_reg[0]/CLR
  -------------------------------------------------------------------    -------------------

                         (clock clk_fpga_0 rise edge)
                                                     10.000    10.000 r  
    PS7_X0Y0             PS7                          0.000    10.000 r  Final_Project_i/processing_system7_0/inst/PS7_i/FCLKCLK[0]
                         net (fo=1, routed)           1.666    11.666    Final_Project_i/processing_system7_0/inst/FCLK_CLK_unbuffered[0]
    BUFGCTRL_X0Y16       BUFG (Prop_bufg_I_O)         0.091    11.757 r  Final_Project_i/processing_system7_0/inst/buffer_fclk_clk_0.FCLK_CLK_0_BUFG/O
                         net (fo=1316, routed)        1.498    13.256    Final_Project_i/apb_i2c_master_0/inst/PCLK
    SLICE_X22Y43         FDCE                                         r  Final_Project_i/apb_i2c_master_0/inst/reg_rx_data_reg[0]/C
                         clock pessimism              0.296    13.552    
                         clock uncertainty           -0.154    13.398    
    SLICE_X22Y43         FDCE (Recov_fdce_C_CLR)     -0.613    12.785    Final_Project_i/apb_i2c_master_0/inst/reg_rx_data_reg[0]
  -------------------------------------------------------------------
                         required time                         12.785    
                         arrival time                          -7.668    
  -------------------------------------------------------------------
                         slack                                  5.116    

Slack (MET) :             5.116ns  (required time - arrival time)
  Source:                 Final_Project_i/rst_ps7_0_100M/U0/ACTIVE_LOW_PR_OUT_DFF[0].FDRE_PER_N/C
                            (rising edge-triggered cell FDRE clocked by clk_fpga_0  {rise@0.000ns fall@5.000ns period=10.000ns})
  Destination:            Final_Project_i/apb_i2c_master_0/inst/reg_rx_data_reg[1]/CLR
                            (recovery check against rising-edge clock clk_fpga_0  {rise@0.000ns fall@5.000ns period=10.000ns})
  Path Group:             **async_default**
  Path Type:              Recovery (Max at Slow Process Corner)
  Requirement:            10.000ns  (clk_fpga_0 rise@10.000ns - clk_fpga_0 rise@0.000ns)
  Data Path Delay:        3.952ns  (logic 0.605ns (15.308%)  route 3.347ns (84.692%))
  Logic Levels:           1  (LUT1=1)
  Clock Path Skew:        -0.165ns (DCD - SCD + CPR)
    Destination Clock Delay (DCD):    3.256ns = ( 13.256 - 10.000 ) 
    Source Clock Delay      (SCD):    3.716ns
    Clock Pessimism Removal (CPR):    0.296ns
  Clock Uncertainty:      0.154ns  ((TSJ^2 + TIJ^2)^1/2 + DJ) / 2 + PE
    Total System Jitter     (TSJ):    0.071ns
    Total Input Jitter      (TIJ):    0.300ns
    Discrete Jitter          (DJ):    0.000ns
    Phase Error              (PE):    0.000ns

    Location             Delay type                Incr(ns)  Path(ns)    Netlist Resource(s)
  -------------------------------------------------------------------    -------------------
                         (clock clk_fpga_0 rise edge)
                                                      0.000     0.000 r  
    PS7_X0Y0             PS7                          0.000     0.000 r  Final_Project_i/processing_system7_0/inst/PS7_i/FCLKCLK[0]
                         net (fo=1, routed)           1.938     1.938    Final_Project_i/processing_system7_0/inst/FCLK_CLK_unbuffered[0]
    BUFGCTRL_X0Y16       BUFG (Prop_bufg_I_O)         0.101     2.039 r  Final_Project_i/processing_system7_0/inst/buffer_fclk_clk_0.FCLK_CLK_0_BUFG/O
                         net (fo=1316, routed)        1.677     3.716    Final_Project_i/rst_ps7_0_100M/U0/slowest_sync_clk
    SLICE_X21Y49         FDRE                                         r  Final_Project_i/rst_ps7_0_100M/U0/ACTIVE_LOW_PR_OUT_DFF[0].FDRE_PER_N/C
  -------------------------------------------------------------------    -------------------
    SLICE_X21Y49         FDRE (Prop_fdre_C_Q)         0.456     4.172 r  Final_Project_i/rst_ps7_0_100M/U0/ACTIVE_LOW_PR_OUT_DFF[0].FDRE_PER_N/Q
                         net (fo=15, routed)          1.569     5.742    Final_Project_i/apb_i2c_master_0/inst/PRESETn
    SLICE_X14Y44         LUT1 (Prop_lut1_I0_O)        0.149     5.891 f  Final_Project_i/apb_i2c_master_0/inst/FSM_sequential_state[3]_i_3/O
                         net (fo=100, routed)         1.778     7.668    Final_Project_i/apb_i2c_master_0/inst/FSM_sequential_state[3]_i_3_n_0
    SLICE_X22Y43         FDCE                                         f  Final_Project_i/apb_i2c_master_0/inst/reg_rx_data_reg[1]/CLR
  -------------------------------------------------------------------    -------------------

                         (clock clk_fpga_0 rise edge)
                                                     10.000    10.000 r  
    PS7_X0Y0             PS7                          0.000    10.000 r  Final_Project_i/processing_system7_0/inst/PS7_i/FCLKCLK[0]
                         net (fo=1, routed)           1.666    11.666    Final_Project_i/processing_system7_0/inst/FCLK_CLK_unbuffered[0]
    BUFGCTRL_X0Y16       BUFG (Prop_bufg_I_O)         0.091    11.757 r  Final_Project_i/processing_system7_0/inst/buffer_fclk_clk_0.FCLK_CLK_0_BUFG/O
                         net (fo=1316, routed)        1.498    13.256    Final_Project_i/apb_i2c_master_0/inst/PCLK
    SLICE_X22Y43         FDCE                                         r  Final_Project_i/apb_i2c_master_0/inst/reg_rx_data_reg[1]/C
                         clock pessimism              0.296    13.552    
                         clock uncertainty           -0.154    13.398    
    SLICE_X22Y43         FDCE (Recov_fdce_C_CLR)     -0.613    12.785    Final_Project_i/apb_i2c_master_0/inst/reg_rx_data_reg[1]
  -------------------------------------------------------------------
                         required time                         12.785    
                         arrival time                          -7.668    
  -------------------------------------------------------------------
                         slack                                  5.116    

Slack (MET) :             5.116ns  (required time - arrival time)
  Source:                 Final_Project_i/rst_ps7_0_100M/U0/ACTIVE_LOW_PR_OUT_DFF[0].FDRE_PER_N/C
                            (rising edge-triggered cell FDRE clocked by clk_fpga_0  {rise@0.000ns fall@5.000ns period=10.000ns})
  Destination:            Final_Project_i/apb_i2c_master_0/inst/reg_rx_data_reg[2]/CLR
                            (recovery check against rising-edge clock clk_fpga_0  {rise@0.000ns fall@5.000ns period=10.000ns})
  Path Group:             **async_default**
  Path Type:              Recovery (Max at Slow Process Corner)
  Requirement:            10.000ns  (clk_fpga_0 rise@10.000ns - clk_fpga_0 rise@0.000ns)
  Data Path Delay:        3.952ns  (logic 0.605ns (15.308%)  route 3.347ns (84.692%))
  Logic Levels:           1  (LUT1=1)
  Clock Path Skew:        -0.165ns (DCD - SCD + CPR)
    Destination Clock Delay (DCD):    3.256ns = ( 13.256 - 10.000 ) 
    Source Clock Delay      (SCD):    3.716ns
    Clock Pessimism Removal (CPR):    0.296ns
  Clock Uncertainty:      0.154ns  ((TSJ^2 + TIJ^2)^1/2 + DJ) / 2 + PE
    Total System Jitter     (TSJ):    0.071ns
    Total Input Jitter      (TIJ):    0.300ns
    Discrete Jitter          (DJ):    0.000ns
    Phase Error              (PE):    0.000ns

    Location             Delay type                Incr(ns)  Path(ns)    Netlist Resource(s)
  -------------------------------------------------------------------    -------------------
                         (clock clk_fpga_0 rise edge)
                                                      0.000     0.000 r  
    PS7_X0Y0             PS7                          0.000     0.000 r  Final_Project_i/processing_system7_0/inst/PS7_i/FCLKCLK[0]
                         net (fo=1, routed)           1.938     1.938    Final_Project_i/processing_system7_0/inst/FCLK_CLK_unbuffered[0]
    BUFGCTRL_X0Y16       BUFG (Prop_bufg_I_O)         0.101     2.039 r  Final_Project_i/processing_system7_0/inst/buffer_fclk_clk_0.FCLK_CLK_0_BUFG/O
                         net (fo=1316, routed)        1.677     3.716    Final_Project_i/rst_ps7_0_100M/U0/slowest_sync_clk
    SLICE_X21Y49         FDRE                                         r  Final_Project_i/rst_ps7_0_100M/U0/ACTIVE_LOW_PR_OUT_DFF[0].FDRE_PER_N/C
  -------------------------------------------------------------------    -------------------
    SLICE_X21Y49         FDRE (Prop_fdre_C_Q)         0.456     4.172 r  Final_Project_i/rst_ps7_0_100M/U0/ACTIVE_LOW_PR_OUT_DFF[0].FDRE_PER_N/Q
                         net (fo=15, routed)          1.569     5.742    Final_Project_i/apb_i2c_master_0/inst/PRESETn
    SLICE_X14Y44         LUT1 (Prop_lut1_I0_O)        0.149     5.891 f  Final_Project_i/apb_i2c_master_0/inst/FSM_sequential_state[3]_i_3/O
                         net (fo=100, routed)         1.778     7.668    Final_Project_i/apb_i2c_master_0/inst/FSM_sequential_state[3]_i_3_n_0
    SLICE_X22Y43         FDCE                                         f  Final_Project_i/apb_i2c_master_0/inst/reg_rx_data_reg[2]/CLR
  -------------------------------------------------------------------    -------------------

                         (clock clk_fpga_0 rise edge)
                                                     10.000    10.000 r  
    PS7_X0Y0             PS7                          0.000    10.000 r  Final_Project_i/processing_system7_0/inst/PS7_i/FCLKCLK[0]
                         net (fo=1, routed)           1.666    11.666    Final_Project_i/processing_system7_0/inst/FCLK_CLK_unbuffered[0]
    BUFGCTRL_X0Y16       BUFG (Prop_bufg_I_O)         0.091    11.757 r  Final_Project_i/processing_system7_0/inst/buffer_fclk_clk_0.FCLK_CLK_0_BUFG/O
                         net (fo=1316, routed)        1.498    13.256    Final_Project_i/apb_i2c_master_0/inst/PCLK
    SLICE_X22Y43         FDCE                                         r  Final_Project_i/apb_i2c_master_0/inst/reg_rx_data_reg[2]/C
                         clock pessimism              0.296    13.552    
                         clock uncertainty           -0.154    13.398    
    SLICE_X22Y43         FDCE (Recov_fdce_C_CLR)     -0.613    12.785    Final_Project_i/apb_i2c_master_0/inst/reg_rx_data_reg[2]
  -------------------------------------------------------------------
                         required time                         12.785    
                         arrival time                          -7.668    
  -------------------------------------------------------------------
                         slack                                  5.116    

Slack (MET) :             5.116ns  (required time - arrival time)
  Source:                 Final_Project_i/rst_ps7_0_100M/U0/ACTIVE_LOW_PR_OUT_DFF[0].FDRE_PER_N/C
                            (rising edge-triggered cell FDRE clocked by clk_fpga_0  {rise@0.000ns fall@5.000ns period=10.000ns})
  Destination:            Final_Project_i/apb_i2c_master_0/inst/reg_rx_data_reg[3]/CLR
                            (recovery check against rising-edge clock clk_fpga_0  {rise@0.000ns fall@5.000ns period=10.000ns})
  Path Group:             **async_default**
  Path Type:              Recovery (Max at Slow Process Corner)
  Requirement:            10.000ns  (clk_fpga_0 rise@10.000ns - clk_fpga_0 rise@0.000ns)
  Data Path Delay:        3.952ns  (logic 0.605ns (15.308%)  route 3.347ns (84.692%))
  Logic Levels:           1  (LUT1=1)
  Clock Path Skew:        -0.165ns (DCD - SCD + CPR)
    Destination Clock Delay (DCD):    3.256ns = ( 13.256 - 10.000 ) 
    Source Clock Delay      (SCD):    3.716ns
    Clock Pessimism Removal (CPR):    0.296ns
  Clock Uncertainty:      0.154ns  ((TSJ^2 + TIJ^2)^1/2 + DJ) / 2 + PE
    Total System Jitter     (TSJ):    0.071ns
    Total Input Jitter      (TIJ):    0.300ns
    Discrete Jitter          (DJ):    0.000ns
    Phase Error              (PE):    0.000ns

    Location             Delay type                Incr(ns)  Path(ns)    Netlist Resource(s)
  -------------------------------------------------------------------    -------------------
                         (clock clk_fpga_0 rise edge)
                                                      0.000     0.000 r  
    PS7_X0Y0             PS7                          0.000     0.000 r  Final_Project_i/processing_system7_0/inst/PS7_i/FCLKCLK[0]
                         net (fo=1, routed)           1.938     1.938    Final_Project_i/processing_system7_0/inst/FCLK_CLK_unbuffered[0]
    BUFGCTRL_X0Y16       BUFG (Prop_bufg_I_O)         0.101     2.039 r  Final_Project_i/processing_system7_0/inst/buffer_fclk_clk_0.FCLK_CLK_0_BUFG/O
                         net (fo=1316, routed)        1.677     3.716    Final_Project_i/rst_ps7_0_100M/U0/slowest_sync_clk
    SLICE_X21Y49         FDRE                                         r  Final_Project_i/rst_ps7_0_100M/U0/ACTIVE_LOW_PR_OUT_DFF[0].FDRE_PER_N/C
  -------------------------------------------------------------------    -------------------
    SLICE_X21Y49         FDRE (Prop_fdre_C_Q)         0.456     4.172 r  Final_Project_i/rst_ps7_0_100M/U0/ACTIVE_LOW_PR_OUT_DFF[0].FDRE_PER_N/Q
                         net (fo=15, routed)          1.569     5.742    Final_Project_i/apb_i2c_master_0/inst/PRESETn
    SLICE_X14Y44         LUT1 (Prop_lut1_I0_O)        0.149     5.891 f  Final_Project_i/apb_i2c_master_0/inst/FSM_sequential_state[3]_i_3/O
                         net (fo=100, routed)         1.778     7.668    Final_Project_i/apb_i2c_master_0/inst/FSM_sequential_state[3]_i_3_n_0
    SLICE_X22Y43         FDCE                                         f  Final_Project_i/apb_i2c_master_0/inst/reg_rx_data_reg[3]/CLR
  -------------------------------------------------------------------    -------------------

                         (clock clk_fpga_0 rise edge)
                                                     10.000    10.000 r  
    PS7_X0Y0             PS7                          0.000    10.000 r  Final_Project_i/processing_system7_0/inst/PS7_i/FCLKCLK[0]
                         net (fo=1, routed)           1.666    11.666    Final_Project_i/processing_system7_0/inst/FCLK_CLK_unbuffered[0]
    BUFGCTRL_X0Y16       BUFG (Prop_bufg_I_O)         0.091    11.757 r  Final_Project_i/processing_system7_0/inst/buffer_fclk_clk_0.FCLK_CLK_0_BUFG/O
                         net (fo=1316, routed)        1.498    13.256    Final_Project_i/apb_i2c_master_0/inst/PCLK
    SLICE_X22Y43         FDCE                                         r  Final_Project_i/apb_i2c_master_0/inst/reg_rx_data_reg[3]/C
                         clock pessimism              0.296    13.552    
                         clock uncertainty           -0.154    13.398    
    SLICE_X22Y43         FDCE (Recov_fdce_C_CLR)     -0.613    12.785    Final_Project_i/apb_i2c_master_0/inst/reg_rx_data_reg[3]
  -------------------------------------------------------------------
                         required time                         12.785    
                         arrival time                          -7.668    
  -------------------------------------------------------------------
                         slack                                  5.116    

Slack (MET) :             5.116ns  (required time - arrival time)
  Source:                 Final_Project_i/rst_ps7_0_100M/U0/ACTIVE_LOW_PR_OUT_DFF[0].FDRE_PER_N/C
                            (rising edge-triggered cell FDRE clocked by clk_fpga_0  {rise@0.000ns fall@5.000ns period=10.000ns})
  Destination:            Final_Project_i/apb_i2c_master_0/inst/reg_rx_data_reg[4]/CLR
                            (recovery check against rising-edge clock clk_fpga_0  {rise@0.000ns fall@5.000ns period=10.000ns})
  Path Group:             **async_default**
  Path Type:              Recovery (Max at Slow Process Corner)
  Requirement:            10.000ns  (clk_fpga_0 rise@10.000ns - clk_fpga_0 rise@0.000ns)
  Data Path Delay:        3.952ns  (logic 0.605ns (15.308%)  route 3.347ns (84.692%))
  Logic Levels:           1  (LUT1=1)
  Clock Path Skew:        -0.165ns (DCD - SCD + CPR)
    Destination Clock Delay (DCD):    3.256ns = ( 13.256 - 10.000 ) 
    Source Clock Delay      (SCD):    3.716ns
    Clock Pessimism Removal (CPR):    0.296ns
  Clock Uncertainty:      0.154ns  ((TSJ^2 + TIJ^2)^1/2 + DJ) / 2 + PE
    Total System Jitter     (TSJ):    0.071ns
    Total Input Jitter      (TIJ):    0.300ns
    Discrete Jitter          (DJ):    0.000ns
    Phase Error              (PE):    0.000ns

    Location             Delay type                Incr(ns)  Path(ns)    Netlist Resource(s)
  -------------------------------------------------------------------    -------------------
                         (clock clk_fpga_0 rise edge)
                                                      0.000     0.000 r  
    PS7_X0Y0             PS7                          0.000     0.000 r  Final_Project_i/processing_system7_0/inst/PS7_i/FCLKCLK[0]
                         net (fo=1, routed)           1.938     1.938    Final_Project_i/processing_system7_0/inst/FCLK_CLK_unbuffered[0]
    BUFGCTRL_X0Y16       BUFG (Prop_bufg_I_O)         0.101     2.039 r  Final_Project_i/processing_system7_0/inst/buffer_fclk_clk_0.FCLK_CLK_0_BUFG/O
                         net (fo=1316, routed)        1.677     3.716    Final_Project_i/rst_ps7_0_100M/U0/slowest_sync_clk
    SLICE_X21Y49         FDRE                                         r  Final_Project_i/rst_ps7_0_100M/U0/ACTIVE_LOW_PR_OUT_DFF[0].FDRE_PER_N/C
  -------------------------------------------------------------------    -------------------
    SLICE_X21Y49         FDRE (Prop_fdre_C_Q)         0.456     4.172 r  Final_Project_i/rst_ps7_0_100M/U0/ACTIVE_LOW_PR_OUT_DFF[0].FDRE_PER_N/Q
                         net (fo=15, routed)          1.569     5.742    Final_Project_i/apb_i2c_master_0/inst/PRESETn
    SLICE_X14Y44         LUT1 (Prop_lut1_I0_O)        0.149     5.891 f  Final_Project_i/apb_i2c_master_0/inst/FSM_sequential_state[3]_i_3/O
                         net (fo=100, routed)         1.778     7.668    Final_Project_i/apb_i2c_master_0/inst/FSM_sequential_state[3]_i_3_n_0
    SLICE_X22Y43         FDCE                                         f  Final_Project_i/apb_i2c_master_0/inst/reg_rx_data_reg[4]/CLR
  -------------------------------------------------------------------    -------------------

                         (clock clk_fpga_0 rise edge)
                                                     10.000    10.000 r  
    PS7_X0Y0             PS7                          0.000    10.000 r  Final_Project_i/processing_system7_0/inst/PS7_i/FCLKCLK[0]
                         net (fo=1, routed)           1.666    11.666    Final_Project_i/processing_system7_0/inst/FCLK_CLK_unbuffered[0]
    BUFGCTRL_X0Y16       BUFG (Prop_bufg_I_O)         0.091    11.757 r  Final_Project_i/processing_system7_0/inst/buffer_fclk_clk_0.FCLK_CLK_0_BUFG/O
                         net (fo=1316, routed)        1.498    13.256    Final_Project_i/apb_i2c_master_0/inst/PCLK
    SLICE_X22Y43         FDCE                                         r  Final_Project_i/apb_i2c_master_0/inst/reg_rx_data_reg[4]/C
                         clock pessimism              0.296    13.552    
                         clock uncertainty           -0.154    13.398    
    SLICE_X22Y43         FDCE (Recov_fdce_C_CLR)     -0.613    12.785    Final_Project_i/apb_i2c_master_0/inst/reg_rx_data_reg[4]
  -------------------------------------------------------------------
                         required time                         12.785    
                         arrival time                          -7.668    
  -------------------------------------------------------------------
                         slack                                  5.116    

Slack (MET) :             5.116ns  (required time - arrival time)
  Source:                 Final_Project_i/rst_ps7_0_100M/U0/ACTIVE_LOW_PR_OUT_DFF[0].FDRE_PER_N/C
                            (rising edge-triggered cell FDRE clocked by clk_fpga_0  {rise@0.000ns fall@5.000ns period=10.000ns})
  Destination:            Final_Project_i/apb_i2c_master_0/inst/reg_rx_data_reg[5]/CLR
                            (recovery check against rising-edge clock clk_fpga_0  {rise@0.000ns fall@5.000ns period=10.000ns})
  Path Group:             **async_default**
  Path Type:              Recovery (Max at Slow Process Corner)
  Requirement:            10.000ns  (clk_fpga_0 rise@10.000ns - clk_fpga_0 rise@0.000ns)
  Data Path Delay:        3.952ns  (logic 0.605ns (15.308%)  route 3.347ns (84.692%))
  Logic Levels:           1  (LUT1=1)
  Clock Path Skew:        -0.165ns (DCD - SCD + CPR)
    Destination Clock Delay (DCD):    3.256ns = ( 13.256 - 10.000 ) 
    Source Clock Delay      (SCD):    3.716ns
    Clock Pessimism Removal (CPR):    0.296ns
  Clock Uncertainty:      0.154ns  ((TSJ^2 + TIJ^2)^1/2 + DJ) / 2 + PE
    Total System Jitter     (TSJ):    0.071ns
    Total Input Jitter      (TIJ):    0.300ns
    Discrete Jitter          (DJ):    0.000ns
    Phase Error              (PE):    0.000ns

    Location             Delay type                Incr(ns)  Path(ns)    Netlist Resource(s)
  -------------------------------------------------------------------    -------------------
                         (clock clk_fpga_0 rise edge)
                                                      0.000     0.000 r  
    PS7_X0Y0             PS7                          0.000     0.000 r  Final_Project_i/processing_system7_0/inst/PS7_i/FCLKCLK[0]
                         net (fo=1, routed)           1.938     1.938    Final_Project_i/processing_system7_0/inst/FCLK_CLK_unbuffered[0]
    BUFGCTRL_X0Y16       BUFG (Prop_bufg_I_O)         0.101     2.039 r  Final_Project_i/processing_system7_0/inst/buffer_fclk_clk_0.FCLK_CLK_0_BUFG/O
                         net (fo=1316, routed)        1.677     3.716    Final_Project_i/rst_ps7_0_100M/U0/slowest_sync_clk
    SLICE_X21Y49         FDRE                                         r  Final_Project_i/rst_ps7_0_100M/U0/ACTIVE_LOW_PR_OUT_DFF[0].FDRE_PER_N/C
  -------------------------------------------------------------------    -------------------
    SLICE_X21Y49         FDRE (Prop_fdre_C_Q)         0.456     4.172 r  Final_Project_i/rst_ps7_0_100M/U0/ACTIVE_LOW_PR_OUT_DFF[0].FDRE_PER_N/Q
                         net (fo=15, routed)          1.569     5.742    Final_Project_i/apb_i2c_master_0/inst/PRESETn
    SLICE_X14Y44         LUT1 (Prop_lut1_I0_O)        0.149     5.891 f  Final_Project_i/apb_i2c_master_0/inst/FSM_sequential_state[3]_i_3/O
                         net (fo=100, routed)         1.778     7.668    Final_Project_i/apb_i2c_master_0/inst/FSM_sequential_state[3]_i_3_n_0
    SLICE_X22Y43         FDCE                                         f  Final_Project_i/apb_i2c_master_0/inst/reg_rx_data_reg[5]/CLR
  -------------------------------------------------------------------    -------------------

                         (clock clk_fpga_0 rise edge)
                                                     10.000    10.000 r  
    PS7_X0Y0             PS7                          0.000    10.000 r  Final_Project_i/processing_system7_0/inst/PS7_i/FCLKCLK[0]
                         net (fo=1, routed)           1.666    11.666    Final_Project_i/processing_system7_0/inst/FCLK_CLK_unbuffered[0]
    BUFGCTRL_X0Y16       BUFG (Prop_bufg_I_O)         0.091    11.757 r  Final_Project_i/processing_system7_0/inst/buffer_fclk_clk_0.FCLK_CLK_0_BUFG/O
                         net (fo=1316, routed)        1.498    13.256    Final_Project_i/apb_i2c_master_0/inst/PCLK
    SLICE_X22Y43         FDCE                                         r  Final_Project_i/apb_i2c_master_0/inst/reg_rx_data_reg[5]/C
                         clock pessimism              0.296    13.552    
                         clock uncertainty           -0.154    13.398    
    SLICE_X22Y43         FDCE (Recov_fdce_C_CLR)     -0.613    12.785    Final_Project_i/apb_i2c_master_0/inst/reg_rx_data_reg[5]
  -------------------------------------------------------------------
                         required time                         12.785    
                         arrival time                          -7.668    
  -------------------------------------------------------------------
                         slack                                  5.116    

Slack (MET) :             5.116ns  (required time - arrival time)
  Source:                 Final_Project_i/rst_ps7_0_100M/U0/ACTIVE_LOW_PR_OUT_DFF[0].FDRE_PER_N/C
                            (rising edge-triggered cell FDRE clocked by clk_fpga_0  {rise@0.000ns fall@5.000ns period=10.000ns})
  Destination:            Final_Project_i/apb_i2c_master_0/inst/reg_rx_data_reg[6]/CLR
                            (recovery check against rising-edge clock clk_fpga_0  {rise@0.000ns fall@5.000ns period=10.000ns})
  Path Group:             **async_default**
  Path Type:              Recovery (Max at Slow Process Corner)
  Requirement:            10.000ns  (clk_fpga_0 rise@10.000ns - clk_fpga_0 rise@0.000ns)
  Data Path Delay:        3.952ns  (logic 0.605ns (15.308%)  route 3.347ns (84.692%))
  Logic Levels:           1  (LUT1=1)
  Clock Path Skew:        -0.165ns (DCD - SCD + CPR)
    Destination Clock Delay (DCD):    3.256ns = ( 13.256 - 10.000 ) 
    Source Clock Delay      (SCD):    3.716ns
    Clock Pessimism Removal (CPR):    0.296ns
  Clock Uncertainty:      0.154ns  ((TSJ^2 + TIJ^2)^1/2 + DJ) / 2 + PE
    Total System Jitter     (TSJ):    0.071ns
    Total Input Jitter      (TIJ):    0.300ns
    Discrete Jitter          (DJ):    0.000ns
    Phase Error              (PE):    0.000ns

    Location             Delay type                Incr(ns)  Path(ns)    Netlist Resource(s)
  -------------------------------------------------------------------    -------------------
                         (clock clk_fpga_0 rise edge)
                                                      0.000     0.000 r  
    PS7_X0Y0             PS7                          0.000     0.000 r  Final_Project_i/processing_system7_0/inst/PS7_i/FCLKCLK[0]
                         net (fo=1, routed)           1.938     1.938    Final_Project_i/processing_system7_0/inst/FCLK_CLK_unbuffered[0]
    BUFGCTRL_X0Y16       BUFG (Prop_bufg_I_O)         0.101     2.039 r  Final_Project_i/processing_system7_0/inst/buffer_fclk_clk_0.FCLK_CLK_0_BUFG/O
                         net (fo=1316, routed)        1.677     3.716    Final_Project_i/rst_ps7_0_100M/U0/slowest_sync_clk
    SLICE_X21Y49         FDRE                                         r  Final_Project_i/rst_ps7_0_100M/U0/ACTIVE_LOW_PR_OUT_DFF[0].FDRE_PER_N/C
  -------------------------------------------------------------------    -------------------
    SLICE_X21Y49         FDRE (Prop_fdre_C_Q)         0.456     4.172 r  Final_Project_i/rst_ps7_0_100M/U0/ACTIVE_LOW_PR_OUT_DFF[0].FDRE_PER_N/Q
                         net (fo=15, routed)          1.569     5.742    Final_Project_i/apb_i2c_master_0/inst/PRESETn
    SLICE_X14Y44         LUT1 (Prop_lut1_I0_O)        0.149     5.891 f  Final_Project_i/apb_i2c_master_0/inst/FSM_sequential_state[3]_i_3/O
                         net (fo=100, routed)         1.778     7.668    Final_Project_i/apb_i2c_master_0/inst/FSM_sequential_state[3]_i_3_n_0
    SLICE_X22Y43         FDCE                                         f  Final_Project_i/apb_i2c_master_0/inst/reg_rx_data_reg[6]/CLR
  -------------------------------------------------------------------    -------------------

                         (clock clk_fpga_0 rise edge)
                                                     10.000    10.000 r  
    PS7_X0Y0             PS7                          0.000    10.000 r  Final_Project_i/processing_system7_0/inst/PS7_i/FCLKCLK[0]
                         net (fo=1, routed)           1.666    11.666    Final_Project_i/processing_system7_0/inst/FCLK_CLK_unbuffered[0]
    BUFGCTRL_X0Y16       BUFG (Prop_bufg_I_O)         0.091    11.757 r  Final_Project_i/processing_system7_0/inst/buffer_fclk_clk_0.FCLK_CLK_0_BUFG/O
                         net (fo=1316, routed)        1.498    13.256    Final_Project_i/apb_i2c_master_0/inst/PCLK
    SLICE_X22Y43         FDCE                                         r  Final_Project_i/apb_i2c_master_0/inst/reg_rx_data_reg[6]/C
                         clock pessimism              0.296    13.552    
                         clock uncertainty           -0.154    13.398    
    SLICE_X22Y43         FDCE (Recov_fdce_C_CLR)     -0.613    12.785    Final_Project_i/apb_i2c_master_0/inst/reg_rx_data_reg[6]
  -------------------------------------------------------------------
                         required time                         12.785    
                         arrival time                          -7.668    
  -------------------------------------------------------------------
                         slack                                  5.116    

Slack (MET) :             5.116ns  (required time - arrival time)
  Source:                 Final_Project_i/rst_ps7_0_100M/U0/ACTIVE_LOW_PR_OUT_DFF[0].FDRE_PER_N/C
                            (rising edge-triggered cell FDRE clocked by clk_fpga_0  {rise@0.000ns fall@5.000ns period=10.000ns})
  Destination:            Final_Project_i/apb_i2c_master_0/inst/reg_rx_data_reg[7]/CLR
                            (recovery check against rising-edge clock clk_fpga_0  {rise@0.000ns fall@5.000ns period=10.000ns})
  Path Group:             **async_default**
  Path Type:              Recovery (Max at Slow Process Corner)
  Requirement:            10.000ns  (clk_fpga_0 rise@10.000ns - clk_fpga_0 rise@0.000ns)
  Data Path Delay:        3.952ns  (logic 0.605ns (15.308%)  route 3.347ns (84.692%))
  Logic Levels:           1  (LUT1=1)
  Clock Path Skew:        -0.165ns (DCD - SCD + CPR)
    Destination Clock Delay (DCD):    3.256ns = ( 13.256 - 10.000 ) 
    Source Clock Delay      (SCD):    3.716ns
    Clock Pessimism Removal (CPR):    0.296ns
  Clock Uncertainty:      0.154ns  ((TSJ^2 + TIJ^2)^1/2 + DJ) / 2 + PE
    Total System Jitter     (TSJ):    0.071ns
    Total Input Jitter      (TIJ):    0.300ns
    Discrete Jitter          (DJ):    0.000ns
    Phase Error              (PE):    0.000ns

    Location             Delay type                Incr(ns)  Path(ns)    Netlist Resource(s)
  -------------------------------------------------------------------    -------------------
                         (clock clk_fpga_0 rise edge)
                                                      0.000     0.000 r  
    PS7_X0Y0             PS7                          0.000     0.000 r  Final_Project_i/processing_system7_0/inst/PS7_i/FCLKCLK[0]
                         net (fo=1, routed)           1.938     1.938    Final_Project_i/processing_system7_0/inst/FCLK_CLK_unbuffered[0]
    BUFGCTRL_X0Y16       BUFG (Prop_bufg_I_O)         0.101     2.039 r  Final_Project_i/processing_system7_0/inst/buffer_fclk_clk_0.FCLK_CLK_0_BUFG/O
                         net (fo=1316, routed)        1.677     3.716    Final_Project_i/rst_ps7_0_100M/U0/slowest_sync_clk
    SLICE_X21Y49         FDRE                                         r  Final_Project_i/rst_ps7_0_100M/U0/ACTIVE_LOW_PR_OUT_DFF[0].FDRE_PER_N/C
  -------------------------------------------------------------------    -------------------
    SLICE_X21Y49         FDRE (Prop_fdre_C_Q)         0.456     4.172 r  Final_Project_i/rst_ps7_0_100M/U0/ACTIVE_LOW_PR_OUT_DFF[0].FDRE_PER_N/Q
                         net (fo=15, routed)          1.569     5.742    Final_Project_i/apb_i2c_master_0/inst/PRESETn
    SLICE_X14Y44         LUT1 (Prop_lut1_I0_O)        0.149     5.891 f  Final_Project_i/apb_i2c_master_0/inst/FSM_sequential_state[3]_i_3/O
                         net (fo=100, routed)         1.778     7.668    Final_Project_i/apb_i2c_master_0/inst/FSM_sequential_state[3]_i_3_n_0
    SLICE_X22Y43         FDCE                                         f  Final_Project_i/apb_i2c_master_0/inst/reg_rx_data_reg[7]/CLR
  -------------------------------------------------------------------    -------------------

                         (clock clk_fpga_0 rise edge)
                                                     10.000    10.000 r  
    PS7_X0Y0             PS7                          0.000    10.000 r  Final_Project_i/processing_system7_0/inst/PS7_i/FCLKCLK[0]
                         net (fo=1, routed)           1.666    11.666    Final_Project_i/processing_system7_0/inst/FCLK_CLK_unbuffered[0]
    BUFGCTRL_X0Y16       BUFG (Prop_bufg_I_O)         0.091    11.757 r  Final_Project_i/processing_system7_0/inst/buffer_fclk_clk_0.FCLK_CLK_0_BUFG/O
                         net (fo=1316, routed)        1.498    13.256    Final_Project_i/apb_i2c_master_0/inst/PCLK
    SLICE_X22Y43         FDCE                                         r  Final_Project_i/apb_i2c_master_0/inst/reg_rx_data_reg[7]/C
                         clock pessimism              0.296    13.552    
                         clock uncertainty           -0.154    13.398    
    SLICE_X22Y43         FDCE (Recov_fdce_C_CLR)     -0.613    12.785    Final_Project_i/apb_i2c_master_0/inst/reg_rx_data_reg[7]
  -------------------------------------------------------------------
                         required time                         12.785    
                         arrival time                          -7.668    
  -------------------------------------------------------------------
                         slack                                  5.116    

Slack (MET) :             5.260ns  (required time - arrival time)
  Source:                 Final_Project_i/rst_ps7_0_100M/U0/ACTIVE_LOW_PR_OUT_DFF[0].FDRE_PER_N/C
                            (rising edge-triggered cell FDRE clocked by clk_fpga_0  {rise@0.000ns fall@5.000ns period=10.000ns})
  Destination:            Final_Project_i/apb_i2c_master_0/inst/tick_cnt_reg[14]/CLR
                            (recovery check against rising-edge clock clk_fpga_0  {rise@0.000ns fall@5.000ns period=10.000ns})
  Path Group:             **async_default**
  Path Type:              Recovery (Max at Slow Process Corner)
  Requirement:            10.000ns  (clk_fpga_0 rise@10.000ns - clk_fpga_0 rise@0.000ns)
  Data Path Delay:        3.992ns  (logic 0.605ns (15.155%)  route 3.387ns (84.845%))
  Logic Levels:           1  (LUT1=1)
  Clock Path Skew:        -0.025ns (DCD - SCD + CPR)
    Destination Clock Delay (DCD):    3.261ns = ( 13.261 - 10.000 ) 
    Source Clock Delay      (SCD):    3.716ns
    Clock Pessimism Removal (CPR):    0.431ns
  Clock Uncertainty:      0.154ns  ((TSJ^2 + TIJ^2)^1/2 + DJ) / 2 + PE
    Total System Jitter     (TSJ):    0.071ns
    Total Input Jitter      (TIJ):    0.300ns
    Discrete Jitter          (DJ):    0.000ns
    Phase Error              (PE):    0.000ns

    Location             Delay type                Incr(ns)  Path(ns)    Netlist Resource(s)
  -------------------------------------------------------------------    -------------------
                         (clock clk_fpga_0 rise edge)
                                                      0.000     0.000 r  
    PS7_X0Y0             PS7                          0.000     0.000 r  Final_Project_i/processing_system7_0/inst/PS7_i/FCLKCLK[0]
                         net (fo=1, routed)           1.938     1.938    Final_Project_i/processing_system7_0/inst/FCLK_CLK_unbuffered[0]
    BUFGCTRL_X0Y16       BUFG (Prop_bufg_I_O)         0.101     2.039 r  Final_Project_i/processing_system7_0/inst/buffer_fclk_clk_0.FCLK_CLK_0_BUFG/O
                         net (fo=1316, routed)        1.677     3.716    Final_Project_i/rst_ps7_0_100M/U0/slowest_sync_clk
    SLICE_X21Y49         FDRE                                         r  Final_Project_i/rst_ps7_0_100M/U0/ACTIVE_LOW_PR_OUT_DFF[0].FDRE_PER_N/C
  -------------------------------------------------------------------    -------------------
    SLICE_X21Y49         FDRE (Prop_fdre_C_Q)         0.456     4.172 r  Final_Project_i/rst_ps7_0_100M/U0/ACTIVE_LOW_PR_OUT_DFF[0].FDRE_PER_N/Q
                         net (fo=15, routed)          1.569     5.742    Final_Project_i/apb_i2c_master_0/inst/PRESETn
    SLICE_X14Y44         LUT1 (Prop_lut1_I0_O)        0.149     5.891 f  Final_Project_i/apb_i2c_master_0/inst/FSM_sequential_state[3]_i_3/O
                         net (fo=100, routed)         1.818     7.708    Final_Project_i/apb_i2c_master_0/inst/FSM_sequential_state[3]_i_3_n_0
    SLICE_X20Y48         FDCE                                         f  Final_Project_i/apb_i2c_master_0/inst/tick_cnt_reg[14]/CLR
  -------------------------------------------------------------------    -------------------

                         (clock clk_fpga_0 rise edge)
                                                     10.000    10.000 r  
    PS7_X0Y0             PS7                          0.000    10.000 r  Final_Project_i/processing_system7_0/inst/PS7_i/FCLKCLK[0]
                         net (fo=1, routed)           1.666    11.666    Final_Project_i/processing_system7_0/inst/FCLK_CLK_unbuffered[0]
    BUFGCTRL_X0Y16       BUFG (Prop_bufg_I_O)         0.091    11.757 r  Final_Project_i/processing_system7_0/inst/buffer_fclk_clk_0.FCLK_CLK_0_BUFG/O
                         net (fo=1316, routed)        1.503    13.261    Final_Project_i/apb_i2c_master_0/inst/PCLK
    SLICE_X20Y48         FDCE                                         r  Final_Project_i/apb_i2c_master_0/inst/tick_cnt_reg[14]/C
                         clock pessimism              0.431    13.691    
                         clock uncertainty           -0.154    13.537    
    SLICE_X20Y48         FDCE (Recov_fdce_C_CLR)     -0.569    12.968    Final_Project_i/apb_i2c_master_0/inst/tick_cnt_reg[14]
  -------------------------------------------------------------------
                         required time                         12.968    
                         arrival time                          -7.708    
  -------------------------------------------------------------------
                         slack                                  5.260    

Slack (MET) :             5.302ns  (required time - arrival time)
  Source:                 Final_Project_i/rst_ps7_0_100M/U0/ACTIVE_LOW_PR_OUT_DFF[0].FDRE_PER_N/C
                            (rising edge-triggered cell FDRE clocked by clk_fpga_0  {rise@0.000ns fall@5.000ns period=10.000ns})
  Destination:            Final_Project_i/apb_i2c_master_0/inst/tick_cnt_reg[13]/CLR
                            (recovery check against rising-edge clock clk_fpga_0  {rise@0.000ns fall@5.000ns period=10.000ns})
  Path Group:             **async_default**
  Path Type:              Recovery (Max at Slow Process Corner)
  Requirement:            10.000ns  (clk_fpga_0 rise@10.000ns - clk_fpga_0 rise@0.000ns)
  Data Path Delay:        3.992ns  (logic 0.605ns (15.155%)  route 3.387ns (84.845%))
  Logic Levels:           1  (LUT1=1)
  Clock Path Skew:        -0.025ns (DCD - SCD + CPR)
    Destination Clock Delay (DCD):    3.261ns = ( 13.261 - 10.000 ) 
    Source Clock Delay      (SCD):    3.716ns
    Clock Pessimism Removal (CPR):    0.431ns
  Clock Uncertainty:      0.154ns  ((TSJ^2 + TIJ^2)^1/2 + DJ) / 2 + PE
    Total System Jitter     (TSJ):    0.071ns
    Total Input Jitter      (TIJ):    0.300ns
    Discrete Jitter          (DJ):    0.000ns
    Phase Error              (PE):    0.000ns

    Location             Delay type                Incr(ns)  Path(ns)    Netlist Resource(s)
  -------------------------------------------------------------------    -------------------
                         (clock clk_fpga_0 rise edge)
                                                      0.000     0.000 r  
    PS7_X0Y0             PS7                          0.000     0.000 r  Final_Project_i/processing_system7_0/inst/PS7_i/FCLKCLK[0]
                         net (fo=1, routed)           1.938     1.938    Final_Project_i/processing_system7_0/inst/FCLK_CLK_unbuffered[0]
    BUFGCTRL_X0Y16       BUFG (Prop_bufg_I_O)         0.101     2.039 r  Final_Project_i/processing_system7_0/inst/buffer_fclk_clk_0.FCLK_CLK_0_BUFG/O
                         net (fo=1316, routed)        1.677     3.716    Final_Project_i/rst_ps7_0_100M/U0/slowest_sync_clk
    SLICE_X21Y49         FDRE                                         r  Final_Project_i/rst_ps7_0_100M/U0/ACTIVE_LOW_PR_OUT_DFF[0].FDRE_PER_N/C
  -------------------------------------------------------------------    -------------------
    SLICE_X21Y49         FDRE (Prop_fdre_C_Q)         0.456     4.172 r  Final_Project_i/rst_ps7_0_100M/U0/ACTIVE_LOW_PR_OUT_DFF[0].FDRE_PER_N/Q
                         net (fo=15, routed)          1.569     5.742    Final_Project_i/apb_i2c_master_0/inst/PRESETn
    SLICE_X14Y44         LUT1 (Prop_lut1_I0_O)        0.149     5.891 f  Final_Project_i/apb_i2c_master_0/inst/FSM_sequential_state[3]_i_3/O
                         net (fo=100, routed)         1.818     7.708    Final_Project_i/apb_i2c_master_0/inst/FSM_sequential_state[3]_i_3_n_0
    SLICE_X20Y48         FDCE                                         f  Final_Project_i/apb_i2c_master_0/inst/tick_cnt_reg[13]/CLR
  -------------------------------------------------------------------    -------------------

                         (clock clk_fpga_0 rise edge)
                                                     10.000    10.000 r  
    PS7_X0Y0             PS7                          0.000    10.000 r  Final_Project_i/processing_system7_0/inst/PS7_i/FCLKCLK[0]
                         net (fo=1, routed)           1.666    11.666    Final_Project_i/processing_system7_0/inst/FCLK_CLK_unbuffered[0]
    BUFGCTRL_X0Y16       BUFG (Prop_bufg_I_O)         0.091    11.757 r  Final_Project_i/processing_system7_0/inst/buffer_fclk_clk_0.FCLK_CLK_0_BUFG/O
                         net (fo=1316, routed)        1.503    13.261    Final_Project_i/apb_i2c_master_0/inst/PCLK
    SLICE_X20Y48         FDCE                                         r  Final_Project_i/apb_i2c_master_0/inst/tick_cnt_reg[13]/C
                         clock pessimism              0.431    13.691    
                         clock uncertainty           -0.154    13.537    
    SLICE_X20Y48         FDCE (Recov_fdce_C_CLR)     -0.527    13.010    Final_Project_i/apb_i2c_master_0/inst/tick_cnt_reg[13]
  -------------------------------------------------------------------
                         required time                         13.010    
                         arrival time                          -7.708    
  -------------------------------------------------------------------
                         slack                                  5.302    





Min Delay Paths
--------------------------------------------------------------------------------------
Slack (MET) :             1.116ns  (arrival time - required time)
  Source:                 Final_Project_i/rst_ps7_0_100M/U0/ACTIVE_LOW_PR_OUT_DFF[0].FDRE_PER_N/C
                            (rising edge-triggered cell FDRE clocked by clk_fpga_0  {rise@0.000ns fall@5.000ns period=10.000ns})
  Destination:            Final_Project_i/apb_i2c_master_0/inst/reg_tx_data_reg[10]/CLR
                            (removal check against rising-edge clock clk_fpga_0  {rise@0.000ns fall@5.000ns period=10.000ns})
  Path Group:             **async_default**
  Path Type:              Removal (Min at Fast Process Corner)
  Requirement:            0.000ns  (clk_fpga_0 rise@0.000ns - clk_fpga_0 rise@0.000ns)
  Data Path Delay:        0.997ns  (logic 0.185ns (18.561%)  route 0.812ns (81.439%))
  Logic Levels:           1  (LUT1=1)
  Clock Path Skew:        0.015ns (DCD - SCD - CPR)
    Destination Clock Delay (DCD):    1.780ns
    Source Clock Delay      (SCD):    1.393ns
    Clock Pessimism Removal (CPR):    0.372ns

    Location             Delay type                Incr(ns)  Path(ns)    Netlist Resource(s)
  -------------------------------------------------------------------    -------------------
                         (clock clk_fpga_0 rise edge)
                                                      0.000     0.000 r  
    PS7_X0Y0             PS7                          0.000     0.000 r  Final_Project_i/processing_system7_0/inst/PS7_i/FCLKCLK[0]
                         net (fo=1, routed)           0.804     0.804    Final_Project_i/processing_system7_0/inst/FCLK_CLK_unbuffered[0]
    BUFGCTRL_X0Y16       BUFG (Prop_bufg_I_O)         0.026     0.830 r  Final_Project_i/processing_system7_0/inst/buffer_fclk_clk_0.FCLK_CLK_0_BUFG/O
                         net (fo=1316, routed)        0.563     1.393    Final_Project_i/rst_ps7_0_100M/U0/slowest_sync_clk
    SLICE_X21Y49         FDRE                                         r  Final_Project_i/rst_ps7_0_100M/U0/ACTIVE_LOW_PR_OUT_DFF[0].FDRE_PER_N/C
  -------------------------------------------------------------------    -------------------
    SLICE_X21Y49         FDRE (Prop_fdre_C_Q)         0.141     1.534 r  Final_Project_i/rst_ps7_0_100M/U0/ACTIVE_LOW_PR_OUT_DFF[0].FDRE_PER_N/Q
                         net (fo=15, routed)          0.604     2.138    Final_Project_i/apb_i2c_master_0/inst/PRESETn
    SLICE_X14Y44         LUT1 (Prop_lut1_I0_O)        0.044     2.182 f  Final_Project_i/apb_i2c_master_0/inst/FSM_sequential_state[3]_i_3/O
                         net (fo=100, routed)         0.207     2.390    Final_Project_i/apb_i2c_master_0/inst/FSM_sequential_state[3]_i_3_n_0
    SLICE_X20Y44         FDCE                                         f  Final_Project_i/apb_i2c_master_0/inst/reg_tx_data_reg[10]/CLR
  -------------------------------------------------------------------    -------------------

                         (clock clk_fpga_0 rise edge)
                                                      0.000     0.000 r  
    PS7_X0Y0             PS7                          0.000     0.000 r  Final_Project_i/processing_system7_0/inst/PS7_i/FCLKCLK[0]
                         net (fo=1, routed)           0.919     0.919    Final_Project_i/processing_system7_0/inst/FCLK_CLK_unbuffered[0]
    BUFGCTRL_X0Y16       BUFG (Prop_bufg_I_O)         0.029     0.948 r  Final_Project_i/processing_system7_0/inst/buffer_fclk_clk_0.FCLK_CLK_0_BUFG/O
                         net (fo=1316, routed)        0.832     1.780    Final_Project_i/apb_i2c_master_0/inst/PCLK
    SLICE_X20Y44         FDCE                                         r  Final_Project_i/apb_i2c_master_0/inst/reg_tx_data_reg[10]/C
                         clock pessimism             -0.372     1.408    
    SLICE_X20Y44         FDCE (Remov_fdce_C_CLR)     -0.134     1.274    Final_Project_i/apb_i2c_master_0/inst/reg_tx_data_reg[10]
  -------------------------------------------------------------------
                         required time                         -1.274    
                         arrival time                           2.390    
  -------------------------------------------------------------------
                         slack                                  1.116    

Slack (MET) :             1.116ns  (arrival time - required time)
  Source:                 Final_Project_i/rst_ps7_0_100M/U0/ACTIVE_LOW_PR_OUT_DFF[0].FDRE_PER_N/C
                            (rising edge-triggered cell FDRE clocked by clk_fpga_0  {rise@0.000ns fall@5.000ns period=10.000ns})
  Destination:            Final_Project_i/apb_i2c_master_0/inst/reg_tx_data_reg[4]/CLR
                            (removal check against rising-edge clock clk_fpga_0  {rise@0.000ns fall@5.000ns period=10.000ns})
  Path Group:             **async_default**
  Path Type:              Removal (Min at Fast Process Corner)
  Requirement:            0.000ns  (clk_fpga_0 rise@0.000ns - clk_fpga_0 rise@0.000ns)
  Data Path Delay:        0.997ns  (logic 0.185ns (18.561%)  route 0.812ns (81.439%))
  Logic Levels:           1  (LUT1=1)
  Clock Path Skew:        0.015ns (DCD - SCD - CPR)
    Destination Clock Delay (DCD):    1.780ns
    Source Clock Delay      (SCD):    1.393ns
    Clock Pessimism Removal (CPR):    0.372ns

    Location             Delay type                Incr(ns)  Path(ns)    Netlist Resource(s)
  -------------------------------------------------------------------    -------------------
                         (clock clk_fpga_0 rise edge)
                                                      0.000     0.000 r  
    PS7_X0Y0             PS7                          0.000     0.000 r  Final_Project_i/processing_system7_0/inst/PS7_i/FCLKCLK[0]
                         net (fo=1, routed)           0.804     0.804    Final_Project_i/processing_system7_0/inst/FCLK_CLK_unbuffered[0]
    BUFGCTRL_X0Y16       BUFG (Prop_bufg_I_O)         0.026     0.830 r  Final_Project_i/processing_system7_0/inst/buffer_fclk_clk_0.FCLK_CLK_0_BUFG/O
                         net (fo=1316, routed)        0.563     1.393    Final_Project_i/rst_ps7_0_100M/U0/slowest_sync_clk
    SLICE_X21Y49         FDRE                                         r  Final_Project_i/rst_ps7_0_100M/U0/ACTIVE_LOW_PR_OUT_DFF[0].FDRE_PER_N/C
  -------------------------------------------------------------------    -------------------
    SLICE_X21Y49         FDRE (Prop_fdre_C_Q)         0.141     1.534 r  Final_Project_i/rst_ps7_0_100M/U0/ACTIVE_LOW_PR_OUT_DFF[0].FDRE_PER_N/Q
                         net (fo=15, routed)          0.604     2.138    Final_Project_i/apb_i2c_master_0/inst/PRESETn
    SLICE_X14Y44         LUT1 (Prop_lut1_I0_O)        0.044     2.182 f  Final_Project_i/apb_i2c_master_0/inst/FSM_sequential_state[3]_i_3/O
                         net (fo=100, routed)         0.207     2.390    Final_Project_i/apb_i2c_master_0/inst/FSM_sequential_state[3]_i_3_n_0
    SLICE_X20Y44         FDCE                                         f  Final_Project_i/apb_i2c_master_0/inst/reg_tx_data_reg[4]/CLR
  -------------------------------------------------------------------    -------------------

                         (clock clk_fpga_0 rise edge)
                                                      0.000     0.000 r  
    PS7_X0Y0             PS7                          0.000     0.000 r  Final_Project_i/processing_system7_0/inst/PS7_i/FCLKCLK[0]
                         net (fo=1, routed)           0.919     0.919    Final_Project_i/processing_system7_0/inst/FCLK_CLK_unbuffered[0]
    BUFGCTRL_X0Y16       BUFG (Prop_bufg_I_O)         0.029     0.948 r  Final_Project_i/processing_system7_0/inst/buffer_fclk_clk_0.FCLK_CLK_0_BUFG/O
                         net (fo=1316, routed)        0.832     1.780    Final_Project_i/apb_i2c_master_0/inst/PCLK
    SLICE_X20Y44         FDCE                                         r  Final_Project_i/apb_i2c_master_0/inst/reg_tx_data_reg[4]/C
                         clock pessimism             -0.372     1.408    
    SLICE_X20Y44         FDCE (Remov_fdce_C_CLR)     -0.134     1.274    Final_Project_i/apb_i2c_master_0/inst/reg_tx_data_reg[4]
  -------------------------------------------------------------------
                         required time                         -1.274    
                         arrival time                           2.390    
  -------------------------------------------------------------------
                         slack                                  1.116    

Slack (MET) :             1.116ns  (arrival time - required time)
  Source:                 Final_Project_i/rst_ps7_0_100M/U0/ACTIVE_LOW_PR_OUT_DFF[0].FDRE_PER_N/C
                            (rising edge-triggered cell FDRE clocked by clk_fpga_0  {rise@0.000ns fall@5.000ns period=10.000ns})
  Destination:            Final_Project_i/apb_i2c_master_0/inst/reg_tx_data_reg[5]/CLR
                            (removal check against rising-edge clock clk_fpga_0  {rise@0.000ns fall@5.000ns period=10.000ns})
  Path Group:             **async_default**
  Path Type:              Removal (Min at Fast Process Corner)
  Requirement:            0.000ns  (clk_fpga_0 rise@0.000ns - clk_fpga_0 rise@0.000ns)
  Data Path Delay:        0.997ns  (logic 0.185ns (18.561%)  route 0.812ns (81.439%))
  Logic Levels:           1  (LUT1=1)
  Clock Path Skew:        0.015ns (DCD - SCD - CPR)
    Destination Clock Delay (DCD):    1.780ns
    Source Clock Delay      (SCD):    1.393ns
    Clock Pessimism Removal (CPR):    0.372ns

    Location             Delay type                Incr(ns)  Path(ns)    Netlist Resource(s)
  -------------------------------------------------------------------    -------------------
                         (clock clk_fpga_0 rise edge)
                                                      0.000     0.000 r  
    PS7_X0Y0             PS7                          0.000     0.000 r  Final_Project_i/processing_system7_0/inst/PS7_i/FCLKCLK[0]
                         net (fo=1, routed)           0.804     0.804    Final_Project_i/processing_system7_0/inst/FCLK_CLK_unbuffered[0]
    BUFGCTRL_X0Y16       BUFG (Prop_bufg_I_O)         0.026     0.830 r  Final_Project_i/processing_system7_0/inst/buffer_fclk_clk_0.FCLK_CLK_0_BUFG/O
                         net (fo=1316, routed)        0.563     1.393    Final_Project_i/rst_ps7_0_100M/U0/slowest_sync_clk
    SLICE_X21Y49         FDRE                                         r  Final_Project_i/rst_ps7_0_100M/U0/ACTIVE_LOW_PR_OUT_DFF[0].FDRE_PER_N/C
  -------------------------------------------------------------------    -------------------
    SLICE_X21Y49         FDRE (Prop_fdre_C_Q)         0.141     1.534 r  Final_Project_i/rst_ps7_0_100M/U0/ACTIVE_LOW_PR_OUT_DFF[0].FDRE_PER_N/Q
                         net (fo=15, routed)          0.604     2.138    Final_Project_i/apb_i2c_master_0/inst/PRESETn
    SLICE_X14Y44         LUT1 (Prop_lut1_I0_O)        0.044     2.182 f  Final_Project_i/apb_i2c_master_0/inst/FSM_sequential_state[3]_i_3/O
                         net (fo=100, routed)         0.207     2.390    Final_Project_i/apb_i2c_master_0/inst/FSM_sequential_state[3]_i_3_n_0
    SLICE_X20Y44         FDCE                                         f  Final_Project_i/apb_i2c_master_0/inst/reg_tx_data_reg[5]/CLR
  -------------------------------------------------------------------    -------------------

                         (clock clk_fpga_0 rise edge)
                                                      0.000     0.000 r  
    PS7_X0Y0             PS7                          0.000     0.000 r  Final_Project_i/processing_system7_0/inst/PS7_i/FCLKCLK[0]
                         net (fo=1, routed)           0.919     0.919    Final_Project_i/processing_system7_0/inst/FCLK_CLK_unbuffered[0]
    BUFGCTRL_X0Y16       BUFG (Prop_bufg_I_O)         0.029     0.948 r  Final_Project_i/processing_system7_0/inst/buffer_fclk_clk_0.FCLK_CLK_0_BUFG/O
                         net (fo=1316, routed)        0.832     1.780    Final_Project_i/apb_i2c_master_0/inst/PCLK
    SLICE_X20Y44         FDCE                                         r  Final_Project_i/apb_i2c_master_0/inst/reg_tx_data_reg[5]/C
                         clock pessimism             -0.372     1.408    
    SLICE_X20Y44         FDCE (Remov_fdce_C_CLR)     -0.134     1.274    Final_Project_i/apb_i2c_master_0/inst/reg_tx_data_reg[5]
  -------------------------------------------------------------------
                         required time                         -1.274    
                         arrival time                           2.390    
  -------------------------------------------------------------------
                         slack                                  1.116    

Slack (MET) :             1.116ns  (arrival time - required time)
  Source:                 Final_Project_i/rst_ps7_0_100M/U0/ACTIVE_LOW_PR_OUT_DFF[0].FDRE_PER_N/C
                            (rising edge-triggered cell FDRE clocked by clk_fpga_0  {rise@0.000ns fall@5.000ns period=10.000ns})
  Destination:            Final_Project_i/apb_i2c_master_0/inst/reg_tx_data_reg[6]/CLR
                            (removal check against rising-edge clock clk_fpga_0  {rise@0.000ns fall@5.000ns period=10.000ns})
  Path Group:             **async_default**
  Path Type:              Removal (Min at Fast Process Corner)
  Requirement:            0.000ns  (clk_fpga_0 rise@0.000ns - clk_fpga_0 rise@0.000ns)
  Data Path Delay:        0.997ns  (logic 0.185ns (18.561%)  route 0.812ns (81.439%))
  Logic Levels:           1  (LUT1=1)
  Clock Path Skew:        0.015ns (DCD - SCD - CPR)
    Destination Clock Delay (DCD):    1.780ns
    Source Clock Delay      (SCD):    1.393ns
    Clock Pessimism Removal (CPR):    0.372ns

    Location             Delay type                Incr(ns)  Path(ns)    Netlist Resource(s)
  -------------------------------------------------------------------    -------------------
                         (clock clk_fpga_0 rise edge)
                                                      0.000     0.000 r  
    PS7_X0Y0             PS7                          0.000     0.000 r  Final_Project_i/processing_system7_0/inst/PS7_i/FCLKCLK[0]
                         net (fo=1, routed)           0.804     0.804    Final_Project_i/processing_system7_0/inst/FCLK_CLK_unbuffered[0]
    BUFGCTRL_X0Y16       BUFG (Prop_bufg_I_O)         0.026     0.830 r  Final_Project_i/processing_system7_0/inst/buffer_fclk_clk_0.FCLK_CLK_0_BUFG/O
                         net (fo=1316, routed)        0.563     1.393    Final_Project_i/rst_ps7_0_100M/U0/slowest_sync_clk
    SLICE_X21Y49         FDRE                                         r  Final_Project_i/rst_ps7_0_100M/U0/ACTIVE_LOW_PR_OUT_DFF[0].FDRE_PER_N/C
  -------------------------------------------------------------------    -------------------
    SLICE_X21Y49         FDRE (Prop_fdre_C_Q)         0.141     1.534 r  Final_Project_i/rst_ps7_0_100M/U0/ACTIVE_LOW_PR_OUT_DFF[0].FDRE_PER_N/Q
                         net (fo=15, routed)          0.604     2.138    Final_Project_i/apb_i2c_master_0/inst/PRESETn
    SLICE_X14Y44         LUT1 (Prop_lut1_I0_O)        0.044     2.182 f  Final_Project_i/apb_i2c_master_0/inst/FSM_sequential_state[3]_i_3/O
                         net (fo=100, routed)         0.207     2.390    Final_Project_i/apb_i2c_master_0/inst/FSM_sequential_state[3]_i_3_n_0
    SLICE_X20Y44         FDCE                                         f  Final_Project_i/apb_i2c_master_0/inst/reg_tx_data_reg[6]/CLR
  -------------------------------------------------------------------    -------------------

                         (clock clk_fpga_0 rise edge)
                                                      0.000     0.000 r  
    PS7_X0Y0             PS7                          0.000     0.000 r  Final_Project_i/processing_system7_0/inst/PS7_i/FCLKCLK[0]
                         net (fo=1, routed)           0.919     0.919    Final_Project_i/processing_system7_0/inst/FCLK_CLK_unbuffered[0]
    BUFGCTRL_X0Y16       BUFG (Prop_bufg_I_O)         0.029     0.948 r  Final_Project_i/processing_system7_0/inst/buffer_fclk_clk_0.FCLK_CLK_0_BUFG/O
                         net (fo=1316, routed)        0.832     1.780    Final_Project_i/apb_i2c_master_0/inst/PCLK
    SLICE_X20Y44         FDCE                                         r  Final_Project_i/apb_i2c_master_0/inst/reg_tx_data_reg[6]/C
                         clock pessimism             -0.372     1.408    
    SLICE_X20Y44         FDCE (Remov_fdce_C_CLR)     -0.134     1.274    Final_Project_i/apb_i2c_master_0/inst/reg_tx_data_reg[6]
  -------------------------------------------------------------------
                         required time                         -1.274    
                         arrival time                           2.390    
  -------------------------------------------------------------------
                         slack                                  1.116    

Slack (MET) :             1.116ns  (arrival time - required time)
  Source:                 Final_Project_i/rst_ps7_0_100M/U0/ACTIVE_LOW_PR_OUT_DFF[0].FDRE_PER_N/C
                            (rising edge-triggered cell FDRE clocked by clk_fpga_0  {rise@0.000ns fall@5.000ns period=10.000ns})
  Destination:            Final_Project_i/apb_i2c_master_0/inst/reg_tx_data_reg[7]/CLR
                            (removal check against rising-edge clock clk_fpga_0  {rise@0.000ns fall@5.000ns period=10.000ns})
  Path Group:             **async_default**
  Path Type:              Removal (Min at Fast Process Corner)
  Requirement:            0.000ns  (clk_fpga_0 rise@0.000ns - clk_fpga_0 rise@0.000ns)
  Data Path Delay:        0.997ns  (logic 0.185ns (18.561%)  route 0.812ns (81.439%))
  Logic Levels:           1  (LUT1=1)
  Clock Path Skew:        0.015ns (DCD - SCD - CPR)
    Destination Clock Delay (DCD):    1.780ns
    Source Clock Delay      (SCD):    1.393ns
    Clock Pessimism Removal (CPR):    0.372ns

    Location             Delay type                Incr(ns)  Path(ns)    Netlist Resource(s)
  -------------------------------------------------------------------    -------------------
                         (clock clk_fpga_0 rise edge)
                                                      0.000     0.000 r  
    PS7_X0Y0             PS7                          0.000     0.000 r  Final_Project_i/processing_system7_0/inst/PS7_i/FCLKCLK[0]
                         net (fo=1, routed)           0.804     0.804    Final_Project_i/processing_system7_0/inst/FCLK_CLK_unbuffered[0]
    BUFGCTRL_X0Y16       BUFG (Prop_bufg_I_O)         0.026     0.830 r  Final_Project_i/processing_system7_0/inst/buffer_fclk_clk_0.FCLK_CLK_0_BUFG/O
                         net (fo=1316, routed)        0.563     1.393    Final_Project_i/rst_ps7_0_100M/U0/slowest_sync_clk
    SLICE_X21Y49         FDRE                                         r  Final_Project_i/rst_ps7_0_100M/U0/ACTIVE_LOW_PR_OUT_DFF[0].FDRE_PER_N/C
  -------------------------------------------------------------------    -------------------
    SLICE_X21Y49         FDRE (Prop_fdre_C_Q)         0.141     1.534 r  Final_Project_i/rst_ps7_0_100M/U0/ACTIVE_LOW_PR_OUT_DFF[0].FDRE_PER_N/Q
                         net (fo=15, routed)          0.604     2.138    Final_Project_i/apb_i2c_master_0/inst/PRESETn
    SLICE_X14Y44         LUT1 (Prop_lut1_I0_O)        0.044     2.182 f  Final_Project_i/apb_i2c_master_0/inst/FSM_sequential_state[3]_i_3/O
                         net (fo=100, routed)         0.207     2.390    Final_Project_i/apb_i2c_master_0/inst/FSM_sequential_state[3]_i_3_n_0
    SLICE_X20Y44         FDCE                                         f  Final_Project_i/apb_i2c_master_0/inst/reg_tx_data_reg[7]/CLR
  -------------------------------------------------------------------    -------------------

                         (clock clk_fpga_0 rise edge)
                                                      0.000     0.000 r  
    PS7_X0Y0             PS7                          0.000     0.000 r  Final_Project_i/processing_system7_0/inst/PS7_i/FCLKCLK[0]
                         net (fo=1, routed)           0.919     0.919    Final_Project_i/processing_system7_0/inst/FCLK_CLK_unbuffered[0]
    BUFGCTRL_X0Y16       BUFG (Prop_bufg_I_O)         0.029     0.948 r  Final_Project_i/processing_system7_0/inst/buffer_fclk_clk_0.FCLK_CLK_0_BUFG/O
                         net (fo=1316, routed)        0.832     1.780    Final_Project_i/apb_i2c_master_0/inst/PCLK
    SLICE_X20Y44         FDCE                                         r  Final_Project_i/apb_i2c_master_0/inst/reg_tx_data_reg[7]/C
                         clock pessimism             -0.372     1.408    
    SLICE_X20Y44         FDCE (Remov_fdce_C_CLR)     -0.134     1.274    Final_Project_i/apb_i2c_master_0/inst/reg_tx_data_reg[7]
  -------------------------------------------------------------------
                         required time                         -1.274    
                         arrival time                           2.390    
  -------------------------------------------------------------------
                         slack                                  1.116    

Slack (MET) :             1.116ns  (arrival time - required time)
  Source:                 Final_Project_i/rst_ps7_0_100M/U0/ACTIVE_LOW_PR_OUT_DFF[0].FDRE_PER_N/C
                            (rising edge-triggered cell FDRE clocked by clk_fpga_0  {rise@0.000ns fall@5.000ns period=10.000ns})
  Destination:            Final_Project_i/apb_i2c_master_0/inst/reg_tx_data_reg[8]/CLR
                            (removal check against rising-edge clock clk_fpga_0  {rise@0.000ns fall@5.000ns period=10.000ns})
  Path Group:             **async_default**
  Path Type:              Removal (Min at Fast Process Corner)
  Requirement:            0.000ns  (clk_fpga_0 rise@0.000ns - clk_fpga_0 rise@0.000ns)
  Data Path Delay:        0.997ns  (logic 0.185ns (18.561%)  route 0.812ns (81.439%))
  Logic Levels:           1  (LUT1=1)
  Clock Path Skew:        0.015ns (DCD - SCD - CPR)
    Destination Clock Delay (DCD):    1.780ns
    Source Clock Delay      (SCD):    1.393ns
    Clock Pessimism Removal (CPR):    0.372ns

    Location             Delay type                Incr(ns)  Path(ns)    Netlist Resource(s)
  -------------------------------------------------------------------    -------------------
                         (clock clk_fpga_0 rise edge)
                                                      0.000     0.000 r  
    PS7_X0Y0             PS7                          0.000     0.000 r  Final_Project_i/processing_system7_0/inst/PS7_i/FCLKCLK[0]
                         net (fo=1, routed)           0.804     0.804    Final_Project_i/processing_system7_0/inst/FCLK_CLK_unbuffered[0]
    BUFGCTRL_X0Y16       BUFG (Prop_bufg_I_O)         0.026     0.830 r  Final_Project_i/processing_system7_0/inst/buffer_fclk_clk_0.FCLK_CLK_0_BUFG/O
                         net (fo=1316, routed)        0.563     1.393    Final_Project_i/rst_ps7_0_100M/U0/slowest_sync_clk
    SLICE_X21Y49         FDRE                                         r  Final_Project_i/rst_ps7_0_100M/U0/ACTIVE_LOW_PR_OUT_DFF[0].FDRE_PER_N/C
  -------------------------------------------------------------------    -------------------
    SLICE_X21Y49         FDRE (Prop_fdre_C_Q)         0.141     1.534 r  Final_Project_i/rst_ps7_0_100M/U0/ACTIVE_LOW_PR_OUT_DFF[0].FDRE_PER_N/Q
                         net (fo=15, routed)          0.604     2.138    Final_Project_i/apb_i2c_master_0/inst/PRESETn
    SLICE_X14Y44         LUT1 (Prop_lut1_I0_O)        0.044     2.182 f  Final_Project_i/apb_i2c_master_0/inst/FSM_sequential_state[3]_i_3/O
                         net (fo=100, routed)         0.207     2.390    Final_Project_i/apb_i2c_master_0/inst/FSM_sequential_state[3]_i_3_n_0
    SLICE_X20Y44         FDCE                                         f  Final_Project_i/apb_i2c_master_0/inst/reg_tx_data_reg[8]/CLR
  -------------------------------------------------------------------    -------------------

                         (clock clk_fpga_0 rise edge)
                                                      0.000     0.000 r  
    PS7_X0Y0             PS7                          0.000     0.000 r  Final_Project_i/processing_system7_0/inst/PS7_i/FCLKCLK[0]
                         net (fo=1, routed)           0.919     0.919    Final_Project_i/processing_system7_0/inst/FCLK_CLK_unbuffered[0]
    BUFGCTRL_X0Y16       BUFG (Prop_bufg_I_O)         0.029     0.948 r  Final_Project_i/processing_system7_0/inst/buffer_fclk_clk_0.FCLK_CLK_0_BUFG/O
                         net (fo=1316, routed)        0.832     1.780    Final_Project_i/apb_i2c_master_0/inst/PCLK
    SLICE_X20Y44         FDCE                                         r  Final_Project_i/apb_i2c_master_0/inst/reg_tx_data_reg[8]/C
                         clock pessimism             -0.372     1.408    
    SLICE_X20Y44         FDCE (Remov_fdce_C_CLR)     -0.134     1.274    Final_Project_i/apb_i2c_master_0/inst/reg_tx_data_reg[8]
  -------------------------------------------------------------------
                         required time                         -1.274    
                         arrival time                           2.390    
  -------------------------------------------------------------------
                         slack                                  1.116    

Slack (MET) :             1.116ns  (arrival time - required time)
  Source:                 Final_Project_i/rst_ps7_0_100M/U0/ACTIVE_LOW_PR_OUT_DFF[0].FDRE_PER_N/C
                            (rising edge-triggered cell FDRE clocked by clk_fpga_0  {rise@0.000ns fall@5.000ns period=10.000ns})
  Destination:            Final_Project_i/apb_i2c_master_0/inst/reg_tx_data_reg[9]/CLR
                            (removal check against rising-edge clock clk_fpga_0  {rise@0.000ns fall@5.000ns period=10.000ns})
  Path Group:             **async_default**
  Path Type:              Removal (Min at Fast Process Corner)
  Requirement:            0.000ns  (clk_fpga_0 rise@0.000ns - clk_fpga_0 rise@0.000ns)
  Data Path Delay:        0.997ns  (logic 0.185ns (18.561%)  route 0.812ns (81.439%))
  Logic Levels:           1  (LUT1=1)
  Clock Path Skew:        0.015ns (DCD - SCD - CPR)
    Destination Clock Delay (DCD):    1.780ns
    Source Clock Delay      (SCD):    1.393ns
    Clock Pessimism Removal (CPR):    0.372ns

    Location             Delay type                Incr(ns)  Path(ns)    Netlist Resource(s)
  -------------------------------------------------------------------    -------------------
                         (clock clk_fpga_0 rise edge)
                                                      0.000     0.000 r  
    PS7_X0Y0             PS7                          0.000     0.000 r  Final_Project_i/processing_system7_0/inst/PS7_i/FCLKCLK[0]
                         net (fo=1, routed)           0.804     0.804    Final_Project_i/processing_system7_0/inst/FCLK_CLK_unbuffered[0]
    BUFGCTRL_X0Y16       BUFG (Prop_bufg_I_O)         0.026     0.830 r  Final_Project_i/processing_system7_0/inst/buffer_fclk_clk_0.FCLK_CLK_0_BUFG/O
                         net (fo=1316, routed)        0.563     1.393    Final_Project_i/rst_ps7_0_100M/U0/slowest_sync_clk
    SLICE_X21Y49         FDRE                                         r  Final_Project_i/rst_ps7_0_100M/U0/ACTIVE_LOW_PR_OUT_DFF[0].FDRE_PER_N/C
  -------------------------------------------------------------------    -------------------
    SLICE_X21Y49         FDRE (Prop_fdre_C_Q)         0.141     1.534 r  Final_Project_i/rst_ps7_0_100M/U0/ACTIVE_LOW_PR_OUT_DFF[0].FDRE_PER_N/Q
                         net (fo=15, routed)          0.604     2.138    Final_Project_i/apb_i2c_master_0/inst/PRESETn
    SLICE_X14Y44         LUT1 (Prop_lut1_I0_O)        0.044     2.182 f  Final_Project_i/apb_i2c_master_0/inst/FSM_sequential_state[3]_i_3/O
                         net (fo=100, routed)         0.207     2.390    Final_Project_i/apb_i2c_master_0/inst/FSM_sequential_state[3]_i_3_n_0
    SLICE_X20Y44         FDCE                                         f  Final_Project_i/apb_i2c_master_0/inst/reg_tx_data_reg[9]/CLR
  -------------------------------------------------------------------    -------------------

                         (clock clk_fpga_0 rise edge)
                                                      0.000     0.000 r  
    PS7_X0Y0             PS7                          0.000     0.000 r  Final_Project_i/processing_system7_0/inst/PS7_i/FCLKCLK[0]
                         net (fo=1, routed)           0.919     0.919    Final_Project_i/processing_system7_0/inst/FCLK_CLK_unbuffered[0]
    BUFGCTRL_X0Y16       BUFG (Prop_bufg_I_O)         0.029     0.948 r  Final_Project_i/processing_system7_0/inst/buffer_fclk_clk_0.FCLK_CLK_0_BUFG/O
                         net (fo=1316, routed)        0.832     1.780    Final_Project_i/apb_i2c_master_0/inst/PCLK
    SLICE_X20Y44         FDCE                                         r  Final_Project_i/apb_i2c_master_0/inst/reg_tx_data_reg[9]/C
                         clock pessimism             -0.372     1.408    
    SLICE_X20Y44         FDCE (Remov_fdce_C_CLR)     -0.134     1.274    Final_Project_i/apb_i2c_master_0/inst/reg_tx_data_reg[9]
  -------------------------------------------------------------------
                         required time                         -1.274    
                         arrival time                           2.390    
  -------------------------------------------------------------------
                         slack                                  1.116    

Slack (MET) :             1.122ns  (arrival time - required time)
  Source:                 Final_Project_i/rst_ps7_0_100M/U0/ACTIVE_LOW_PR_OUT_DFF[0].FDRE_PER_N/C
                            (rising edge-triggered cell FDRE clocked by clk_fpga_0  {rise@0.000ns fall@5.000ns period=10.000ns})
  Destination:            Final_Project_i/apb_i2c_master_0/inst/bit_cnt_reg[0]/CLR
                            (removal check against rising-edge clock clk_fpga_0  {rise@0.000ns fall@5.000ns period=10.000ns})
  Path Group:             **async_default**
  Path Type:              Removal (Min at Fast Process Corner)
  Requirement:            0.000ns  (clk_fpga_0 rise@0.000ns - clk_fpga_0 rise@0.000ns)
  Data Path Delay:        1.226ns  (logic 0.185ns (15.085%)  route 1.041ns (84.915%))
  Logic Levels:           1  (LUT1=1)
  Clock Path Skew:        0.263ns (DCD - SCD - CPR)
    Destination Clock Delay (DCD):    1.779ns
    Source Clock Delay      (SCD):    1.393ns
    Clock Pessimism Removal (CPR):    0.123ns

    Location             Delay type                Incr(ns)  Path(ns)    Netlist Resource(s)
  -------------------------------------------------------------------    -------------------
                         (clock clk_fpga_0 rise edge)
                                                      0.000     0.000 r  
    PS7_X0Y0             PS7                          0.000     0.000 r  Final_Project_i/processing_system7_0/inst/PS7_i/FCLKCLK[0]
                         net (fo=1, routed)           0.804     0.804    Final_Project_i/processing_system7_0/inst/FCLK_CLK_unbuffered[0]
    BUFGCTRL_X0Y16       BUFG (Prop_bufg_I_O)         0.026     0.830 r  Final_Project_i/processing_system7_0/inst/buffer_fclk_clk_0.FCLK_CLK_0_BUFG/O
                         net (fo=1316, routed)        0.563     1.393    Final_Project_i/rst_ps7_0_100M/U0/slowest_sync_clk
    SLICE_X21Y49         FDRE                                         r  Final_Project_i/rst_ps7_0_100M/U0/ACTIVE_LOW_PR_OUT_DFF[0].FDRE_PER_N/C
  -------------------------------------------------------------------    -------------------
    SLICE_X21Y49         FDRE (Prop_fdre_C_Q)         0.141     1.534 r  Final_Project_i/rst_ps7_0_100M/U0/ACTIVE_LOW_PR_OUT_DFF[0].FDRE_PER_N/Q
                         net (fo=15, routed)          0.604     2.138    Final_Project_i/apb_i2c_master_0/inst/PRESETn
    SLICE_X14Y44         LUT1 (Prop_lut1_I0_O)        0.044     2.182 f  Final_Project_i/apb_i2c_master_0/inst/FSM_sequential_state[3]_i_3/O
                         net (fo=100, routed)         0.437     2.619    Final_Project_i/apb_i2c_master_0/inst/FSM_sequential_state[3]_i_3_n_0
    SLICE_X23Y47         FDCE                                         f  Final_Project_i/apb_i2c_master_0/inst/bit_cnt_reg[0]/CLR
  -------------------------------------------------------------------    -------------------

                         (clock clk_fpga_0 rise edge)
                                                      0.000     0.000 r  
    PS7_X0Y0             PS7                          0.000     0.000 r  Final_Project_i/processing_system7_0/inst/PS7_i/FCLKCLK[0]
                         net (fo=1, routed)           0.919     0.919    Final_Project_i/processing_system7_0/inst/FCLK_CLK_unbuffered[0]
    BUFGCTRL_X0Y16       BUFG (Prop_bufg_I_O)         0.029     0.948 r  Final_Project_i/processing_system7_0/inst/buffer_fclk_clk_0.FCLK_CLK_0_BUFG/O
                         net (fo=1316, routed)        0.831     1.779    Final_Project_i/apb_i2c_master_0/inst/PCLK
    SLICE_X23Y47         FDCE                                         r  Final_Project_i/apb_i2c_master_0/inst/bit_cnt_reg[0]/C
                         clock pessimism             -0.123     1.656    
    SLICE_X23Y47         FDCE (Remov_fdce_C_CLR)     -0.159     1.497    Final_Project_i/apb_i2c_master_0/inst/bit_cnt_reg[0]
  -------------------------------------------------------------------
                         required time                         -1.497    
                         arrival time                           2.619    
  -------------------------------------------------------------------
                         slack                                  1.122    

Slack (MET) :             1.122ns  (arrival time - required time)
  Source:                 Final_Project_i/rst_ps7_0_100M/U0/ACTIVE_LOW_PR_OUT_DFF[0].FDRE_PER_N/C
                            (rising edge-triggered cell FDRE clocked by clk_fpga_0  {rise@0.000ns fall@5.000ns period=10.000ns})
  Destination:            Final_Project_i/apb_i2c_master_0/inst/bit_cnt_reg[2]/CLR
                            (removal check against rising-edge clock clk_fpga_0  {rise@0.000ns fall@5.000ns period=10.000ns})
  Path Group:             **async_default**
  Path Type:              Removal (Min at Fast Process Corner)
  Requirement:            0.000ns  (clk_fpga_0 rise@0.000ns - clk_fpga_0 rise@0.000ns)
  Data Path Delay:        1.226ns  (logic 0.185ns (15.085%)  route 1.041ns (84.915%))
  Logic Levels:           1  (LUT1=1)
  Clock Path Skew:        0.263ns (DCD - SCD - CPR)
    Destination Clock Delay (DCD):    1.779ns
    Source Clock Delay      (SCD):    1.393ns
    Clock Pessimism Removal (CPR):    0.123ns

    Location             Delay type                Incr(ns)  Path(ns)    Netlist Resource(s)
  -------------------------------------------------------------------    -------------------
                         (clock clk_fpga_0 rise edge)
                                                      0.000     0.000 r  
    PS7_X0Y0             PS7                          0.000     0.000 r  Final_Project_i/processing_system7_0/inst/PS7_i/FCLKCLK[0]
                         net (fo=1, routed)           0.804     0.804    Final_Project_i/processing_system7_0/inst/FCLK_CLK_unbuffered[0]
    BUFGCTRL_X0Y16       BUFG (Prop_bufg_I_O)         0.026     0.830 r  Final_Project_i/processing_system7_0/inst/buffer_fclk_clk_0.FCLK_CLK_0_BUFG/O
                         net (fo=1316, routed)        0.563     1.393    Final_Project_i/rst_ps7_0_100M/U0/slowest_sync_clk
    SLICE_X21Y49         FDRE                                         r  Final_Project_i/rst_ps7_0_100M/U0/ACTIVE_LOW_PR_OUT_DFF[0].FDRE_PER_N/C
  -------------------------------------------------------------------    -------------------
    SLICE_X21Y49         FDRE (Prop_fdre_C_Q)         0.141     1.534 r  Final_Project_i/rst_ps7_0_100M/U0/ACTIVE_LOW_PR_OUT_DFF[0].FDRE_PER_N/Q
                         net (fo=15, routed)          0.604     2.138    Final_Project_i/apb_i2c_master_0/inst/PRESETn
    SLICE_X14Y44         LUT1 (Prop_lut1_I0_O)        0.044     2.182 f  Final_Project_i/apb_i2c_master_0/inst/FSM_sequential_state[3]_i_3/O
                         net (fo=100, routed)         0.437     2.619    Final_Project_i/apb_i2c_master_0/inst/FSM_sequential_state[3]_i_3_n_0
    SLICE_X23Y47         FDCE                                         f  Final_Project_i/apb_i2c_master_0/inst/bit_cnt_reg[2]/CLR
  -------------------------------------------------------------------    -------------------

                         (clock clk_fpga_0 rise edge)
                                                      0.000     0.000 r  
    PS7_X0Y0             PS7                          0.000     0.000 r  Final_Project_i/processing_system7_0/inst/PS7_i/FCLKCLK[0]
                         net (fo=1, routed)           0.919     0.919    Final_Project_i/processing_system7_0/inst/FCLK_CLK_unbuffered[0]
    BUFGCTRL_X0Y16       BUFG (Prop_bufg_I_O)         0.029     0.948 r  Final_Project_i/processing_system7_0/inst/buffer_fclk_clk_0.FCLK_CLK_0_BUFG/O
                         net (fo=1316, routed)        0.831     1.779    Final_Project_i/apb_i2c_master_0/inst/PCLK
    SLICE_X23Y47         FDCE                                         r  Final_Project_i/apb_i2c_master_0/inst/bit_cnt_reg[2]/C
                         clock pessimism             -0.123     1.656    
    SLICE_X23Y47         FDCE (Remov_fdce_C_CLR)     -0.159     1.497    Final_Project_i/apb_i2c_master_0/inst/bit_cnt_reg[2]
  -------------------------------------------------------------------
                         required time                         -1.497    
                         arrival time                           2.619    
  -------------------------------------------------------------------
                         slack                                  1.122    

Slack (MET) :             1.126ns  (arrival time - required time)
  Source:                 Final_Project_i/rst_ps7_0_100M/U0/ACTIVE_LOW_PR_OUT_DFF[0].FDRE_PER_N/C
                            (rising edge-triggered cell FDRE clocked by clk_fpga_0  {rise@0.000ns fall@5.000ns period=10.000ns})
  Destination:            Final_Project_i/apb_i2c_master_0/inst/bit_cnt_reg[1]/CLR
                            (removal check against rising-edge clock clk_fpga_0  {rise@0.000ns fall@5.000ns period=10.000ns})
  Path Group:             **async_default**
  Path Type:              Removal (Min at Fast Process Corner)
  Requirement:            0.000ns  (clk_fpga_0 rise@0.000ns - clk_fpga_0 rise@0.000ns)
  Data Path Delay:        1.231ns  (logic 0.185ns (15.032%)  route 1.046ns (84.968%))
  Logic Levels:           1  (LUT1=1)
  Clock Path Skew:        0.263ns (DCD - SCD - CPR)
    Destination Clock Delay (DCD):    1.779ns
    Source Clock Delay      (SCD):    1.393ns
    Clock Pessimism Removal (CPR):    0.123ns

    Location             Delay type                Incr(ns)  Path(ns)    Netlist Resource(s)
  -------------------------------------------------------------------    -------------------
                         (clock clk_fpga_0 rise edge)
                                                      0.000     0.000 r  
    PS7_X0Y0             PS7                          0.000     0.000 r  Final_Project_i/processing_system7_0/inst/PS7_i/FCLKCLK[0]
                         net (fo=1, routed)           0.804     0.804    Final_Project_i/processing_system7_0/inst/FCLK_CLK_unbuffered[0]
    BUFGCTRL_X0Y16       BUFG (Prop_bufg_I_O)         0.026     0.830 r  Final_Project_i/processing_system7_0/inst/buffer_fclk_clk_0.FCLK_CLK_0_BUFG/O
                         net (fo=1316, routed)        0.563     1.393    Final_Project_i/rst_ps7_0_100M/U0/slowest_sync_clk
    SLICE_X21Y49         FDRE                                         r  Final_Project_i/rst_ps7_0_100M/U0/ACTIVE_LOW_PR_OUT_DFF[0].FDRE_PER_N/C
  -------------------------------------------------------------------    -------------------
    SLICE_X21Y49         FDRE (Prop_fdre_C_Q)         0.141     1.534 r  Final_Project_i/rst_ps7_0_100M/U0/ACTIVE_LOW_PR_OUT_DFF[0].FDRE_PER_N/Q
                         net (fo=15, routed)          0.604     2.138    Final_Project_i/apb_i2c_master_0/inst/PRESETn
    SLICE_X14Y44         LUT1 (Prop_lut1_I0_O)        0.044     2.182 f  Final_Project_i/apb_i2c_master_0/inst/FSM_sequential_state[3]_i_3/O
                         net (fo=100, routed)         0.441     2.624    Final_Project_i/apb_i2c_master_0/inst/FSM_sequential_state[3]_i_3_n_0
    SLICE_X22Y47         FDCE                                         f  Final_Project_i/apb_i2c_master_0/inst/bit_cnt_reg[1]/CLR
  -------------------------------------------------------------------    -------------------

                         (clock clk_fpga_0 rise edge)
                                                      0.000     0.000 r  
    PS7_X0Y0             PS7                          0.000     0.000 r  Final_Project_i/processing_system7_0/inst/PS7_i/FCLKCLK[0]
                         net (fo=1, routed)           0.919     0.919    Final_Project_i/processing_system7_0/inst/FCLK_CLK_unbuffered[0]
    BUFGCTRL_X0Y16       BUFG (Prop_bufg_I_O)         0.029     0.948 r  Final_Project_i/processing_system7_0/inst/buffer_fclk_clk_0.FCLK_CLK_0_BUFG/O
                         net (fo=1316, routed)        0.831     1.779    Final_Project_i/apb_i2c_master_0/inst/PCLK
    SLICE_X22Y47         FDCE                                         r  Final_Project_i/apb_i2c_master_0/inst/bit_cnt_reg[1]/C
                         clock pessimism             -0.123     1.656    
    SLICE_X22Y47         FDCE (Remov_fdce_C_CLR)     -0.159     1.497    Final_Project_i/apb_i2c_master_0/inst/bit_cnt_reg[1]
  -------------------------------------------------------------------
                         required time                         -1.497    
                         arrival time                           2.624    
  -------------------------------------------------------------------
                         slack                                  1.126    





--------------------------------------------------------------------------------------
Path Group:  (none)
From Clock:  
  To Clock:  clk_fpga_0

Max Delay            21 Endpoints
Min Delay            21 Endpoints
--------------------------------------------------------------------------------------


Max Delay Paths
--------------------------------------------------------------------------------------
Slack:                    inf
  Source:                 leds_16bits_tri_io[4]
                            (input port)
  Destination:            Final_Project_i/axi_gpio_1/U0/gpio_core_1/Dual.INPUT_DOUBLE_REGS4/GENERATE_LEVEL_P_S_CDC.MULTI_BIT.FOR_IN_cdc_to[4].CROSS2_PLEVEL_IN2SCNDRY_IN_cdc_to/D
                            (rising edge-triggered cell FDRE clocked by clk_fpga_0  {rise@0.000ns fall@5.000ns period=10.000ns})
  Path Group:             (none)
  Path Type:              Setup (Max at Slow Process Corner)
  Data Path Delay:        4.110ns  (logic 1.465ns (35.644%)  route 2.645ns (64.356%))
  Logic Levels:           1  (IBUF=1)
  Clock Path Skew:        3.253ns (DCD - SCD + CPR)
    Destination Clock Delay (DCD):    3.253ns
    Source Clock Delay      (SCD):    0.000ns
    Clock Pessimism Removal (CPR):    0.000ns
  Clock Uncertainty:      0.152ns  ((TSJ^2 + TIJ^2)^1/2 + DJ) / 2 + PE
    Total System Jitter     (TSJ):    0.050ns
    Total Input Jitter      (TIJ):    0.300ns
    Discrete Jitter          (DJ):    0.000ns
    Phase Error              (PE):    0.000ns
  Timing Exception:       False Path

    Location             Delay type                Incr(ns)  Path(ns)    Netlist Resource(s)
  -------------------------------------------------------------------    -------------------
    T19                                               0.000     0.000 r  leds_16bits_tri_io[4] (INOUT)
                         net (fo=1, unset)            0.000     0.000    leds_16bits_tri_iobuf_4/IO
    T19                  IBUF (Prop_ibuf_I_O)         1.465     1.465 r  leds_16bits_tri_iobuf_4/IBUF/O
                         net (fo=1, routed)           2.645     4.110    Final_Project_i/axi_gpio_1/U0/gpio_core_1/Dual.INPUT_DOUBLE_REGS4/gpio_io_i[4]
    SLICE_X21Y33         FDRE                                         r  Final_Project_i/axi_gpio_1/U0/gpio_core_1/Dual.INPUT_DOUBLE_REGS4/GENERATE_LEVEL_P_S_CDC.MULTI_BIT.FOR_IN_cdc_to[4].CROSS2_PLEVEL_IN2SCNDRY_IN_cdc_to/D
  -------------------------------------------------------------------    -------------------

                         (clock clk_fpga_0 rise edge)
                                                      0.000     0.000 r  
    PS7_X0Y0             PS7                          0.000     0.000 r  Final_Project_i/processing_system7_0/inst/PS7_i/FCLKCLK[0]
                         net (fo=1, routed)           1.666     1.666    Final_Project_i/processing_system7_0/inst/FCLK_CLK_unbuffered[0]
    BUFGCTRL_X0Y16       BUFG (Prop_bufg_I_O)         0.091     1.757 r  Final_Project_i/processing_system7_0/inst/buffer_fclk_clk_0.FCLK_CLK_0_BUFG/O
                         net (fo=1316, routed)        1.495     3.253    Final_Project_i/axi_gpio_1/U0/gpio_core_1/Dual.INPUT_DOUBLE_REGS4/s_axi_aclk
    SLICE_X21Y33         FDRE                                         r  Final_Project_i/axi_gpio_1/U0/gpio_core_1/Dual.INPUT_DOUBLE_REGS4/GENERATE_LEVEL_P_S_CDC.MULTI_BIT.FOR_IN_cdc_to[4].CROSS2_PLEVEL_IN2SCNDRY_IN_cdc_to/C

Slack:                    inf
  Source:                 leds_16bits_tri_io[8]
                            (input port)
  Destination:            Final_Project_i/axi_gpio_1/U0/gpio_core_1/Dual.INPUT_DOUBLE_REGS4/GENERATE_LEVEL_P_S_CDC.MULTI_BIT.FOR_IN_cdc_to[8].CROSS2_PLEVEL_IN2SCNDRY_IN_cdc_to/D
                            (rising edge-triggered cell FDRE clocked by clk_fpga_0  {rise@0.000ns fall@5.000ns period=10.000ns})
  Path Group:             (none)
  Path Type:              Setup (Max at Slow Process Corner)
  Data Path Delay:        4.086ns  (logic 1.471ns (36.010%)  route 2.615ns (63.990%))
  Logic Levels:           1  (IBUF=1)
  Clock Path Skew:        3.249ns (DCD - SCD + CPR)
    Destination Clock Delay (DCD):    3.249ns
    Source Clock Delay      (SCD):    0.000ns
    Clock Pessimism Removal (CPR):    0.000ns
  Clock Uncertainty:      0.152ns  ((TSJ^2 + TIJ^2)^1/2 + DJ) / 2 + PE
    Total System Jitter     (TSJ):    0.050ns
    Total Input Jitter      (TIJ):    0.300ns
    Discrete Jitter          (DJ):    0.000ns
    Phase Error              (PE):    0.000ns
  Timing Exception:       False Path

    Location             Delay type                Incr(ns)  Path(ns)    Netlist Resource(s)
  -------------------------------------------------------------------    -------------------
    W19                                               0.000     0.000 r  leds_16bits_tri_io[8] (INOUT)
                         net (fo=1, unset)            0.000     0.000    leds_16bits_tri_iobuf_8/IO
    W19                  IBUF (Prop_ibuf_I_O)         1.471     1.471 r  leds_16bits_tri_iobuf_8/IBUF/O
                         net (fo=1, routed)           2.615     4.086    Final_Project_i/axi_gpio_1/U0/gpio_core_1/Dual.INPUT_DOUBLE_REGS4/gpio_io_i[8]
    SLICE_X23Y33         FDRE                                         r  Final_Project_i/axi_gpio_1/U0/gpio_core_1/Dual.INPUT_DOUBLE_REGS4/GENERATE_LEVEL_P_S_CDC.MULTI_BIT.FOR_IN_cdc_to[8].CROSS2_PLEVEL_IN2SCNDRY_IN_cdc_to/D
  -------------------------------------------------------------------    -------------------

                         (clock clk_fpga_0 rise edge)
                                                      0.000     0.000 r  
    PS7_X0Y0             PS7                          0.000     0.000 r  Final_Project_i/processing_system7_0/inst/PS7_i/FCLKCLK[0]
                         net (fo=1, routed)           1.666     1.666    Final_Project_i/processing_system7_0/inst/FCLK_CLK_unbuffered[0]
    BUFGCTRL_X0Y16       BUFG (Prop_bufg_I_O)         0.091     1.757 r  Final_Project_i/processing_system7_0/inst/buffer_fclk_clk_0.FCLK_CLK_0_BUFG/O
                         net (fo=1316, routed)        1.491     3.249    Final_Project_i/axi_gpio_1/U0/gpio_core_1/Dual.INPUT_DOUBLE_REGS4/s_axi_aclk
    SLICE_X23Y33         FDRE                                         r  Final_Project_i/axi_gpio_1/U0/gpio_core_1/Dual.INPUT_DOUBLE_REGS4/GENERATE_LEVEL_P_S_CDC.MULTI_BIT.FOR_IN_cdc_to[8].CROSS2_PLEVEL_IN2SCNDRY_IN_cdc_to/C

Slack:                    inf
  Source:                 leds_16bits_tri_io[10]
                            (input port)
  Destination:            Final_Project_i/axi_gpio_1/U0/gpio_core_1/Dual.INPUT_DOUBLE_REGS4/GENERATE_LEVEL_P_S_CDC.MULTI_BIT.FOR_IN_cdc_to[10].CROSS2_PLEVEL_IN2SCNDRY_IN_cdc_to/D
                            (rising edge-triggered cell FDRE clocked by clk_fpga_0  {rise@0.000ns fall@5.000ns period=10.000ns})
  Path Group:             (none)
  Path Type:              Setup (Max at Slow Process Corner)
  Data Path Delay:        3.896ns  (logic 1.473ns (37.806%)  route 2.423ns (62.194%))
  Logic Levels:           1  (IBUF=1)
  Clock Path Skew:        3.248ns (DCD - SCD + CPR)
    Destination Clock Delay (DCD):    3.248ns
    Source Clock Delay      (SCD):    0.000ns
    Clock Pessimism Removal (CPR):    0.000ns
  Clock Uncertainty:      0.152ns  ((TSJ^2 + TIJ^2)^1/2 + DJ) / 2 + PE
    Total System Jitter     (TSJ):    0.050ns
    Total Input Jitter      (TIJ):    0.300ns
    Discrete Jitter          (DJ):    0.000ns
    Phase Error              (PE):    0.000ns
  Timing Exception:       False Path

    Location             Delay type                Incr(ns)  Path(ns)    Netlist Resource(s)
  -------------------------------------------------------------------    -------------------
    W18                                               0.000     0.000 r  leds_16bits_tri_io[10] (INOUT)
                         net (fo=1, unset)            0.000     0.000    leds_16bits_tri_iobuf_10/IO
    W18                  IBUF (Prop_ibuf_I_O)         1.473     1.473 r  leds_16bits_tri_iobuf_10/IBUF/O
                         net (fo=1, routed)           2.423     3.896    Final_Project_i/axi_gpio_1/U0/gpio_core_1/Dual.INPUT_DOUBLE_REGS4/gpio_io_i[10]
    SLICE_X23Y32         FDRE                                         r  Final_Project_i/axi_gpio_1/U0/gpio_core_1/Dual.INPUT_DOUBLE_REGS4/GENERATE_LEVEL_P_S_CDC.MULTI_BIT.FOR_IN_cdc_to[10].CROSS2_PLEVEL_IN2SCNDRY_IN_cdc_to/D
  -------------------------------------------------------------------    -------------------

                         (clock clk_fpga_0 rise edge)
                                                      0.000     0.000 r  
    PS7_X0Y0             PS7                          0.000     0.000 r  Final_Project_i/processing_system7_0/inst/PS7_i/FCLKCLK[0]
                         net (fo=1, routed)           1.666     1.666    Final_Project_i/processing_system7_0/inst/FCLK_CLK_unbuffered[0]
    BUFGCTRL_X0Y16       BUFG (Prop_bufg_I_O)         0.091     1.757 r  Final_Project_i/processing_system7_0/inst/buffer_fclk_clk_0.FCLK_CLK_0_BUFG/O
                         net (fo=1316, routed)        1.490     3.248    Final_Project_i/axi_gpio_1/U0/gpio_core_1/Dual.INPUT_DOUBLE_REGS4/s_axi_aclk
    SLICE_X23Y32         FDRE                                         r  Final_Project_i/axi_gpio_1/U0/gpio_core_1/Dual.INPUT_DOUBLE_REGS4/GENERATE_LEVEL_P_S_CDC.MULTI_BIT.FOR_IN_cdc_to[10].CROSS2_PLEVEL_IN2SCNDRY_IN_cdc_to/C

Slack:                    inf
  Source:                 btns_4bits_0_tri_i[2]
                            (input port)
  Destination:            Final_Project_i/axi_gpio_1/U0/gpio_core_1/Dual.INPUT_DOUBLE_REGS5/GENERATE_LEVEL_P_S_CDC.MULTI_BIT.FOR_IN_cdc_to[2].CROSS2_PLEVEL_IN2SCNDRY_IN_cdc_to/D
                            (rising edge-triggered cell FDRE clocked by clk_fpga_0  {rise@0.000ns fall@5.000ns period=10.000ns})
  Path Group:             (none)
  Path Type:              Setup (Max at Slow Process Corner)
  Data Path Delay:        3.858ns  (logic 1.451ns (37.605%)  route 2.407ns (62.395%))
  Logic Levels:           1  (IBUF=1)
  Clock Path Skew:        3.254ns (DCD - SCD + CPR)
    Destination Clock Delay (DCD):    3.254ns
    Source Clock Delay      (SCD):    0.000ns
    Clock Pessimism Removal (CPR):    0.000ns
  Clock Uncertainty:      0.152ns  ((TSJ^2 + TIJ^2)^1/2 + DJ) / 2 + PE
    Total System Jitter     (TSJ):    0.050ns
    Total Input Jitter      (TIJ):    0.300ns
    Discrete Jitter          (DJ):    0.000ns
    Phase Error              (PE):    0.000ns
  Timing Exception:       False Path

    Location             Delay type                Incr(ns)  Path(ns)    Netlist Resource(s)
  -------------------------------------------------------------------    -------------------
    P15                                               0.000     0.000 r  btns_4bits_0_tri_i[2] (IN)
                         net (fo=0)                   0.000     0.000    btns_4bits_0_tri_i[2]
    P15                  IBUF (Prop_ibuf_I_O)         1.451     1.451 r  btns_4bits_0_tri_i_IBUF[2]_inst/O
                         net (fo=1, routed)           2.407     3.858    Final_Project_i/axi_gpio_1/U0/gpio_core_1/Dual.INPUT_DOUBLE_REGS5/gpio2_io_i[2]
    SLICE_X25Y40         FDRE                                         r  Final_Project_i/axi_gpio_1/U0/gpio_core_1/Dual.INPUT_DOUBLE_REGS5/GENERATE_LEVEL_P_S_CDC.MULTI_BIT.FOR_IN_cdc_to[2].CROSS2_PLEVEL_IN2SCNDRY_IN_cdc_to/D
  -------------------------------------------------------------------    -------------------

                         (clock clk_fpga_0 rise edge)
                                                      0.000     0.000 r  
    PS7_X0Y0             PS7                          0.000     0.000 r  Final_Project_i/processing_system7_0/inst/PS7_i/FCLKCLK[0]
                         net (fo=1, routed)           1.666     1.666    Final_Project_i/processing_system7_0/inst/FCLK_CLK_unbuffered[0]
    BUFGCTRL_X0Y16       BUFG (Prop_bufg_I_O)         0.091     1.757 r  Final_Project_i/processing_system7_0/inst/buffer_fclk_clk_0.FCLK_CLK_0_BUFG/O
                         net (fo=1316, routed)        1.496     3.254    Final_Project_i/axi_gpio_1/U0/gpio_core_1/Dual.INPUT_DOUBLE_REGS5/s_axi_aclk
    SLICE_X25Y40         FDRE                                         r  Final_Project_i/axi_gpio_1/U0/gpio_core_1/Dual.INPUT_DOUBLE_REGS5/GENERATE_LEVEL_P_S_CDC.MULTI_BIT.FOR_IN_cdc_to[2].CROSS2_PLEVEL_IN2SCNDRY_IN_cdc_to/C

Slack:                    inf
  Source:                 leds_16bits_tri_io[9]
                            (input port)
  Destination:            Final_Project_i/axi_gpio_1/U0/gpio_core_1/Dual.INPUT_DOUBLE_REGS4/GENERATE_LEVEL_P_S_CDC.MULTI_BIT.FOR_IN_cdc_to[9].CROSS2_PLEVEL_IN2SCNDRY_IN_cdc_to/D
                            (rising edge-triggered cell FDRE clocked by clk_fpga_0  {rise@0.000ns fall@5.000ns period=10.000ns})
  Path Group:             (none)
  Path Type:              Setup (Max at Slow Process Corner)
  Data Path Delay:        3.846ns  (logic 1.492ns (38.781%)  route 2.354ns (61.219%))
  Logic Levels:           1  (IBUF=1)
  Clock Path Skew:        3.254ns (DCD - SCD + CPR)
    Destination Clock Delay (DCD):    3.254ns
    Source Clock Delay      (SCD):    0.000ns
    Clock Pessimism Removal (CPR):    0.000ns
  Clock Uncertainty:      0.152ns  ((TSJ^2 + TIJ^2)^1/2 + DJ) / 2 + PE
    Total System Jitter     (TSJ):    0.050ns
    Total Input Jitter      (TIJ):    0.300ns
    Discrete Jitter          (DJ):    0.000ns
    Phase Error              (PE):    0.000ns
  Timing Exception:       False Path

    Location             Delay type                Incr(ns)  Path(ns)    Netlist Resource(s)
  -------------------------------------------------------------------    -------------------
    Y19                                               0.000     0.000 r  leds_16bits_tri_io[9] (INOUT)
                         net (fo=1, unset)            0.000     0.000    leds_16bits_tri_iobuf_9/IO
    Y19                  IBUF (Prop_ibuf_I_O)         1.492     1.492 r  leds_16bits_tri_iobuf_9/IBUF/O
                         net (fo=1, routed)           2.354     3.846    Final_Project_i/axi_gpio_1/U0/gpio_core_1/Dual.INPUT_DOUBLE_REGS4/gpio_io_i[9]
    SLICE_X21Y34         FDRE                                         r  Final_Project_i/axi_gpio_1/U0/gpio_core_1/Dual.INPUT_DOUBLE_REGS4/GENERATE_LEVEL_P_S_CDC.MULTI_BIT.FOR_IN_cdc_to[9].CROSS2_PLEVEL_IN2SCNDRY_IN_cdc_to/D
  -------------------------------------------------------------------    -------------------

                         (clock clk_fpga_0 rise edge)
                                                      0.000     0.000 r  
    PS7_X0Y0             PS7                          0.000     0.000 r  Final_Project_i/processing_system7_0/inst/PS7_i/FCLKCLK[0]
                         net (fo=1, routed)           1.666     1.666    Final_Project_i/processing_system7_0/inst/FCLK_CLK_unbuffered[0]
    BUFGCTRL_X0Y16       BUFG (Prop_bufg_I_O)         0.091     1.757 r  Final_Project_i/processing_system7_0/inst/buffer_fclk_clk_0.FCLK_CLK_0_BUFG/O
                         net (fo=1316, routed)        1.496     3.254    Final_Project_i/axi_gpio_1/U0/gpio_core_1/Dual.INPUT_DOUBLE_REGS4/s_axi_aclk
    SLICE_X21Y34         FDRE                                         r  Final_Project_i/axi_gpio_1/U0/gpio_core_1/Dual.INPUT_DOUBLE_REGS4/GENERATE_LEVEL_P_S_CDC.MULTI_BIT.FOR_IN_cdc_to[9].CROSS2_PLEVEL_IN2SCNDRY_IN_cdc_to/C

Slack:                    inf
  Source:                 leds_16bits_tri_io[12]
                            (input port)
  Destination:            Final_Project_i/axi_gpio_1/U0/gpio_core_1/Dual.INPUT_DOUBLE_REGS4/GENERATE_LEVEL_P_S_CDC.MULTI_BIT.FOR_IN_cdc_to[12].CROSS2_PLEVEL_IN2SCNDRY_IN_cdc_to/D
                            (rising edge-triggered cell FDRE clocked by clk_fpga_0  {rise@0.000ns fall@5.000ns period=10.000ns})
  Path Group:             (none)
  Path Type:              Setup (Max at Slow Process Corner)
  Data Path Delay:        3.656ns  (logic 1.498ns (40.984%)  route 2.158ns (59.016%))
  Logic Levels:           1  (IBUF=1)
  Clock Path Skew:        3.246ns (DCD - SCD + CPR)
    Destination Clock Delay (DCD):    3.246ns
    Source Clock Delay      (SCD):    0.000ns
    Clock Pessimism Removal (CPR):    0.000ns
  Clock Uncertainty:      0.152ns  ((TSJ^2 + TIJ^2)^1/2 + DJ) / 2 + PE
    Total System Jitter     (TSJ):    0.050ns
    Total Input Jitter      (TIJ):    0.300ns
    Discrete Jitter          (DJ):    0.000ns
    Phase Error              (PE):    0.000ns
  Timing Exception:       False Path

    Location             Delay type                Incr(ns)  Path(ns)    Netlist Resource(s)
  -------------------------------------------------------------------    -------------------
    Y18                                               0.000     0.000 r  leds_16bits_tri_io[12] (INOUT)
                         net (fo=1, unset)            0.000     0.000    leds_16bits_tri_iobuf_12/IO
    Y18                  IBUF (Prop_ibuf_I_O)         1.498     1.498 r  leds_16bits_tri_iobuf_12/IBUF/O
                         net (fo=1, routed)           2.158     3.656    Final_Project_i/axi_gpio_1/U0/gpio_core_1/Dual.INPUT_DOUBLE_REGS4/gpio_io_i[12]
    SLICE_X22Y31         FDRE                                         r  Final_Project_i/axi_gpio_1/U0/gpio_core_1/Dual.INPUT_DOUBLE_REGS4/GENERATE_LEVEL_P_S_CDC.MULTI_BIT.FOR_IN_cdc_to[12].CROSS2_PLEVEL_IN2SCNDRY_IN_cdc_to/D
  -------------------------------------------------------------------    -------------------

                         (clock clk_fpga_0 rise edge)
                                                      0.000     0.000 r  
    PS7_X0Y0             PS7                          0.000     0.000 r  Final_Project_i/processing_system7_0/inst/PS7_i/FCLKCLK[0]
                         net (fo=1, routed)           1.666     1.666    Final_Project_i/processing_system7_0/inst/FCLK_CLK_unbuffered[0]
    BUFGCTRL_X0Y16       BUFG (Prop_bufg_I_O)         0.091     1.757 r  Final_Project_i/processing_system7_0/inst/buffer_fclk_clk_0.FCLK_CLK_0_BUFG/O
                         net (fo=1316, routed)        1.488     3.246    Final_Project_i/axi_gpio_1/U0/gpio_core_1/Dual.INPUT_DOUBLE_REGS4/s_axi_aclk
    SLICE_X22Y31         FDRE                                         r  Final_Project_i/axi_gpio_1/U0/gpio_core_1/Dual.INPUT_DOUBLE_REGS4/GENERATE_LEVEL_P_S_CDC.MULTI_BIT.FOR_IN_cdc_to[12].CROSS2_PLEVEL_IN2SCNDRY_IN_cdc_to/C

Slack:                    inf
  Source:                 leds_16bits_tri_io[6]
                            (input port)
  Destination:            Final_Project_i/axi_gpio_1/U0/gpio_core_1/Dual.INPUT_DOUBLE_REGS4/GENERATE_LEVEL_P_S_CDC.MULTI_BIT.FOR_IN_cdc_to[6].CROSS2_PLEVEL_IN2SCNDRY_IN_cdc_to/D
                            (rising edge-triggered cell FDRE clocked by clk_fpga_0  {rise@0.000ns fall@5.000ns period=10.000ns})
  Path Group:             (none)
  Path Type:              Setup (Max at Slow Process Corner)
  Data Path Delay:        3.645ns  (logic 1.490ns (40.873%)  route 2.155ns (59.127%))
  Logic Levels:           1  (IBUF=1)
  Clock Path Skew:        3.248ns (DCD - SCD + CPR)
    Destination Clock Delay (DCD):    3.248ns
    Source Clock Delay      (SCD):    0.000ns
    Clock Pessimism Removal (CPR):    0.000ns
  Clock Uncertainty:      0.152ns  ((TSJ^2 + TIJ^2)^1/2 + DJ) / 2 + PE
    Total System Jitter     (TSJ):    0.050ns
    Total Input Jitter      (TIJ):    0.300ns
    Discrete Jitter          (DJ):    0.000ns
    Phase Error              (PE):    0.000ns
  Timing Exception:       False Path

    Location             Delay type                Incr(ns)  Path(ns)    Netlist Resource(s)
  -------------------------------------------------------------------    -------------------
    V20                                               0.000     0.000 r  leds_16bits_tri_io[6] (INOUT)
                         net (fo=1, unset)            0.000     0.000    leds_16bits_tri_iobuf_6/IO
    V20                  IBUF (Prop_ibuf_I_O)         1.490     1.490 r  leds_16bits_tri_iobuf_6/IBUF/O
                         net (fo=1, routed)           2.155     3.645    Final_Project_i/axi_gpio_1/U0/gpio_core_1/Dual.INPUT_DOUBLE_REGS4/gpio_io_i[6]
    SLICE_X22Y32         FDRE                                         r  Final_Project_i/axi_gpio_1/U0/gpio_core_1/Dual.INPUT_DOUBLE_REGS4/GENERATE_LEVEL_P_S_CDC.MULTI_BIT.FOR_IN_cdc_to[6].CROSS2_PLEVEL_IN2SCNDRY_IN_cdc_to/D
  -------------------------------------------------------------------    -------------------

                         (clock clk_fpga_0 rise edge)
                                                      0.000     0.000 r  
    PS7_X0Y0             PS7                          0.000     0.000 r  Final_Project_i/processing_system7_0/inst/PS7_i/FCLKCLK[0]
                         net (fo=1, routed)           1.666     1.666    Final_Project_i/processing_system7_0/inst/FCLK_CLK_unbuffered[0]
    BUFGCTRL_X0Y16       BUFG (Prop_bufg_I_O)         0.091     1.757 r  Final_Project_i/processing_system7_0/inst/buffer_fclk_clk_0.FCLK_CLK_0_BUFG/O
                         net (fo=1316, routed)        1.490     3.248    Final_Project_i/axi_gpio_1/U0/gpio_core_1/Dual.INPUT_DOUBLE_REGS4/s_axi_aclk
    SLICE_X22Y32         FDRE                                         r  Final_Project_i/axi_gpio_1/U0/gpio_core_1/Dual.INPUT_DOUBLE_REGS4/GENERATE_LEVEL_P_S_CDC.MULTI_BIT.FOR_IN_cdc_to[6].CROSS2_PLEVEL_IN2SCNDRY_IN_cdc_to/C

Slack:                    inf
  Source:                 btns_4bits_0_tri_i[3]
                            (input port)
  Destination:            Final_Project_i/axi_gpio_1/U0/gpio_core_1/Dual.INPUT_DOUBLE_REGS5/GENERATE_LEVEL_P_S_CDC.MULTI_BIT.FOR_IN_cdc_to[3].CROSS2_PLEVEL_IN2SCNDRY_IN_cdc_to/D
                            (rising edge-triggered cell FDRE clocked by clk_fpga_0  {rise@0.000ns fall@5.000ns period=10.000ns})
  Path Group:             (none)
  Path Type:              Setup (Max at Slow Process Corner)
  Data Path Delay:        3.640ns  (logic 1.476ns (40.562%)  route 2.163ns (59.438%))
  Logic Levels:           1  (IBUF=1)
  Clock Path Skew:        3.258ns (DCD - SCD + CPR)
    Destination Clock Delay (DCD):    3.258ns
    Source Clock Delay      (SCD):    0.000ns
    Clock Pessimism Removal (CPR):    0.000ns
  Clock Uncertainty:      0.152ns  ((TSJ^2 + TIJ^2)^1/2 + DJ) / 2 + PE
    Total System Jitter     (TSJ):    0.050ns
    Total Input Jitter      (TIJ):    0.300ns
    Discrete Jitter          (DJ):    0.000ns
    Phase Error              (PE):    0.000ns
  Timing Exception:       False Path

    Location             Delay type                Incr(ns)  Path(ns)    Netlist Resource(s)
  -------------------------------------------------------------------    -------------------
    M14                                               0.000     0.000 r  btns_4bits_0_tri_i[3] (IN)
                         net (fo=0)                   0.000     0.000    btns_4bits_0_tri_i[3]
    M14                  IBUF (Prop_ibuf_I_O)         1.476     1.476 r  btns_4bits_0_tri_i_IBUF[3]_inst/O
                         net (fo=1, routed)           2.163     3.640    Final_Project_i/axi_gpio_1/U0/gpio_core_1/Dual.INPUT_DOUBLE_REGS5/gpio2_io_i[3]
    SLICE_X21Y39         FDRE                                         r  Final_Project_i/axi_gpio_1/U0/gpio_core_1/Dual.INPUT_DOUBLE_REGS5/GENERATE_LEVEL_P_S_CDC.MULTI_BIT.FOR_IN_cdc_to[3].CROSS2_PLEVEL_IN2SCNDRY_IN_cdc_to/D
  -------------------------------------------------------------------    -------------------

                         (clock clk_fpga_0 rise edge)
                                                      0.000     0.000 r  
    PS7_X0Y0             PS7                          0.000     0.000 r  Final_Project_i/processing_system7_0/inst/PS7_i/FCLKCLK[0]
                         net (fo=1, routed)           1.666     1.666    Final_Project_i/processing_system7_0/inst/FCLK_CLK_unbuffered[0]
    BUFGCTRL_X0Y16       BUFG (Prop_bufg_I_O)         0.091     1.757 r  Final_Project_i/processing_system7_0/inst/buffer_fclk_clk_0.FCLK_CLK_0_BUFG/O
                         net (fo=1316, routed)        1.500     3.258    Final_Project_i/axi_gpio_1/U0/gpio_core_1/Dual.INPUT_DOUBLE_REGS5/s_axi_aclk
    SLICE_X21Y39         FDRE                                         r  Final_Project_i/axi_gpio_1/U0/gpio_core_1/Dual.INPUT_DOUBLE_REGS5/GENERATE_LEVEL_P_S_CDC.MULTI_BIT.FOR_IN_cdc_to[3].CROSS2_PLEVEL_IN2SCNDRY_IN_cdc_to/C

Slack:                    inf
  Source:                 leds_16bits_tri_io[11]
                            (input port)
  Destination:            Final_Project_i/axi_gpio_1/U0/gpio_core_1/Dual.INPUT_DOUBLE_REGS4/GENERATE_LEVEL_P_S_CDC.MULTI_BIT.FOR_IN_cdc_to[11].CROSS2_PLEVEL_IN2SCNDRY_IN_cdc_to/D
                            (rising edge-triggered cell FDRE clocked by clk_fpga_0  {rise@0.000ns fall@5.000ns period=10.000ns})
  Path Group:             (none)
  Path Type:              Setup (Max at Slow Process Corner)
  Data Path Delay:        3.608ns  (logic 1.476ns (40.914%)  route 2.132ns (59.086%))
  Logic Levels:           1  (IBUF=1)
  Clock Path Skew:        3.251ns (DCD - SCD + CPR)
    Destination Clock Delay (DCD):    3.251ns
    Source Clock Delay      (SCD):    0.000ns
    Clock Pessimism Removal (CPR):    0.000ns
  Clock Uncertainty:      0.152ns  ((TSJ^2 + TIJ^2)^1/2 + DJ) / 2 + PE
    Total System Jitter     (TSJ):    0.050ns
    Total Input Jitter      (TIJ):    0.300ns
    Discrete Jitter          (DJ):    0.000ns
    Phase Error              (PE):    0.000ns
  Timing Exception:       False Path

    Location             Delay type                Incr(ns)  Path(ns)    Netlist Resource(s)
  -------------------------------------------------------------------    -------------------
    W16                                               0.000     0.000 r  leds_16bits_tri_io[11] (INOUT)
                         net (fo=1, unset)            0.000     0.000    leds_16bits_tri_iobuf_11/IO
    W16                  IBUF (Prop_ibuf_I_O)         1.476     1.476 r  leds_16bits_tri_iobuf_11/IBUF/O
                         net (fo=1, routed)           2.132     3.608    Final_Project_i/axi_gpio_1/U0/gpio_core_1/Dual.INPUT_DOUBLE_REGS4/gpio_io_i[11]
    SLICE_X25Y36         FDRE                                         r  Final_Project_i/axi_gpio_1/U0/gpio_core_1/Dual.INPUT_DOUBLE_REGS4/GENERATE_LEVEL_P_S_CDC.MULTI_BIT.FOR_IN_cdc_to[11].CROSS2_PLEVEL_IN2SCNDRY_IN_cdc_to/D
  -------------------------------------------------------------------    -------------------

                         (clock clk_fpga_0 rise edge)
                                                      0.000     0.000 r  
    PS7_X0Y0             PS7                          0.000     0.000 r  Final_Project_i/processing_system7_0/inst/PS7_i/FCLKCLK[0]
                         net (fo=1, routed)           1.666     1.666    Final_Project_i/processing_system7_0/inst/FCLK_CLK_unbuffered[0]
    BUFGCTRL_X0Y16       BUFG (Prop_bufg_I_O)         0.091     1.757 r  Final_Project_i/processing_system7_0/inst/buffer_fclk_clk_0.FCLK_CLK_0_BUFG/O
                         net (fo=1316, routed)        1.493     3.251    Final_Project_i/axi_gpio_1/U0/gpio_core_1/Dual.INPUT_DOUBLE_REGS4/s_axi_aclk
    SLICE_X25Y36         FDRE                                         r  Final_Project_i/axi_gpio_1/U0/gpio_core_1/Dual.INPUT_DOUBLE_REGS4/GENERATE_LEVEL_P_S_CDC.MULTI_BIT.FOR_IN_cdc_to[11].CROSS2_PLEVEL_IN2SCNDRY_IN_cdc_to/C

Slack:                    inf
  Source:                 leds_16bits_tri_io[7]
                            (input port)
  Destination:            Final_Project_i/axi_gpio_1/U0/gpio_core_1/Dual.INPUT_DOUBLE_REGS4/GENERATE_LEVEL_P_S_CDC.MULTI_BIT.FOR_IN_cdc_to[7].CROSS2_PLEVEL_IN2SCNDRY_IN_cdc_to/D
                            (rising edge-triggered cell FDRE clocked by clk_fpga_0  {rise@0.000ns fall@5.000ns period=10.000ns})
  Path Group:             (none)
  Path Type:              Setup (Max at Slow Process Corner)
  Data Path Delay:        3.586ns  (logic 1.492ns (41.596%)  route 2.095ns (58.404%))
  Logic Levels:           1  (IBUF=1)
  Clock Path Skew:        3.255ns (DCD - SCD + CPR)
    Destination Clock Delay (DCD):    3.255ns
    Source Clock Delay      (SCD):    0.000ns
    Clock Pessimism Removal (CPR):    0.000ns
  Clock Uncertainty:      0.152ns  ((TSJ^2 + TIJ^2)^1/2 + DJ) / 2 + PE
    Total System Jitter     (TSJ):    0.050ns
    Total Input Jitter      (TIJ):    0.300ns
    Discrete Jitter          (DJ):    0.000ns
    Phase Error              (PE):    0.000ns
  Timing Exception:       False Path

    Location             Delay type                Incr(ns)  Path(ns)    Netlist Resource(s)
  -------------------------------------------------------------------    -------------------
    W20                                               0.000     0.000 r  leds_16bits_tri_io[7] (INOUT)
                         net (fo=1, unset)            0.000     0.000    leds_16bits_tri_iobuf_7/IO
    W20                  IBUF (Prop_ibuf_I_O)         1.492     1.492 r  leds_16bits_tri_iobuf_7/IBUF/O
                         net (fo=1, routed)           2.095     3.586    Final_Project_i/axi_gpio_1/U0/gpio_core_1/Dual.INPUT_DOUBLE_REGS4/gpio_io_i[7]
    SLICE_X27Y36         FDRE                                         r  Final_Project_i/axi_gpio_1/U0/gpio_core_1/Dual.INPUT_DOUBLE_REGS4/GENERATE_LEVEL_P_S_CDC.MULTI_BIT.FOR_IN_cdc_to[7].CROSS2_PLEVEL_IN2SCNDRY_IN_cdc_to/D
  -------------------------------------------------------------------    -------------------

                         (clock clk_fpga_0 rise edge)
                                                      0.000     0.000 r  
    PS7_X0Y0             PS7                          0.000     0.000 r  Final_Project_i/processing_system7_0/inst/PS7_i/FCLKCLK[0]
                         net (fo=1, routed)           1.666     1.666    Final_Project_i/processing_system7_0/inst/FCLK_CLK_unbuffered[0]
    BUFGCTRL_X0Y16       BUFG (Prop_bufg_I_O)         0.091     1.757 r  Final_Project_i/processing_system7_0/inst/buffer_fclk_clk_0.FCLK_CLK_0_BUFG/O
                         net (fo=1316, routed)        1.497     3.255    Final_Project_i/axi_gpio_1/U0/gpio_core_1/Dual.INPUT_DOUBLE_REGS4/s_axi_aclk
    SLICE_X27Y36         FDRE                                         r  Final_Project_i/axi_gpio_1/U0/gpio_core_1/Dual.INPUT_DOUBLE_REGS4/GENERATE_LEVEL_P_S_CDC.MULTI_BIT.FOR_IN_cdc_to[7].CROSS2_PLEVEL_IN2SCNDRY_IN_cdc_to/C





Min Delay Paths
--------------------------------------------------------------------------------------
Slack:                    inf
  Source:                 Final_Project_i/processing_system7_0/inst/PS7_i/FCLKRESETN[0]
                            (internal pin)
  Destination:            Final_Project_i/rst_ps7_0_100M/U0/EXT_LPF/ACTIVE_LOW_EXT.ACT_LO_EXT/GENERATE_LEVEL_P_S_CDC.SINGLE_BIT.CROSS_PLEVEL_IN2SCNDRY_IN_cdc_to/D
                            (rising edge-triggered cell FDRE clocked by clk_fpga_0  {rise@0.000ns fall@5.000ns period=10.000ns})
  Path Group:             (none)
  Path Type:              Hold (Min at Fast Process Corner)
  Data Path Delay:        0.729ns  (logic 0.045ns (6.176%)  route 0.684ns (93.824%))
  Logic Levels:           1  (LUT1=1)
  Clock Uncertainty:      0.152ns  ((TSJ^2 + TIJ^2)^1/2 + DJ) / 2 + PE
    Total System Jitter     (TSJ):    0.050ns
    Total Input Jitter      (TIJ):    0.300ns
    Discrete Jitter          (DJ):    0.000ns
    Phase Error              (PE):    0.000ns
  Timing Exception:       False Path

    Location             Delay type                Incr(ns)  Path(ns)    Netlist Resource(s)
  -------------------------------------------------------------------    -------------------
    PS7_X0Y0             PS7                          0.000     0.000 f  Final_Project_i/processing_system7_0/inst/PS7_i/FCLKRESETN[0]
                         net (fo=1, routed)           0.684     0.684    Final_Project_i/rst_ps7_0_100M/U0/EXT_LPF/ACTIVE_LOW_EXT.ACT_LO_EXT/ext_reset_in
    SLICE_X15Y49         LUT1 (Prop_lut1_I0_O)        0.045     0.729 r  Final_Project_i/rst_ps7_0_100M/U0/EXT_LPF/ACTIVE_LOW_EXT.ACT_LO_EXT/GENERATE_LEVEL_P_S_CDC.SINGLE_BIT.CROSS_PLEVEL_IN2SCNDRY_IN_cdc_to_i_1/O
                         net (fo=1, routed)           0.000     0.729    Final_Project_i/rst_ps7_0_100M/U0/EXT_LPF/ACTIVE_LOW_EXT.ACT_LO_EXT/exr_d1
    SLICE_X15Y49         FDRE                                         r  Final_Project_i/rst_ps7_0_100M/U0/EXT_LPF/ACTIVE_LOW_EXT.ACT_LO_EXT/GENERATE_LEVEL_P_S_CDC.SINGLE_BIT.CROSS_PLEVEL_IN2SCNDRY_IN_cdc_to/D
  -------------------------------------------------------------------    -------------------

                         (clock clk_fpga_0 rise edge)
                                                      0.000     0.000 r  
    PS7_X0Y0             PS7                          0.000     0.000 r  Final_Project_i/processing_system7_0/inst/PS7_i/FCLKCLK[0]
                         net (fo=1, routed)           0.919     0.919    Final_Project_i/processing_system7_0/inst/FCLK_CLK_unbuffered[0]
    BUFGCTRL_X0Y16       BUFG (Prop_bufg_I_O)         0.029     0.948 r  Final_Project_i/processing_system7_0/inst/buffer_fclk_clk_0.FCLK_CLK_0_BUFG/O
                         net (fo=1316, routed)        0.834     1.782    Final_Project_i/rst_ps7_0_100M/U0/EXT_LPF/ACTIVE_LOW_EXT.ACT_LO_EXT/slowest_sync_clk
    SLICE_X15Y49         FDRE                                         r  Final_Project_i/rst_ps7_0_100M/U0/EXT_LPF/ACTIVE_LOW_EXT.ACT_LO_EXT/GENERATE_LEVEL_P_S_CDC.SINGLE_BIT.CROSS_PLEVEL_IN2SCNDRY_IN_cdc_to/C

Slack:                    inf
  Source:                 leds_16bits_tri_io[15]
                            (input port)
  Destination:            Final_Project_i/axi_gpio_1/U0/gpio_core_1/Dual.INPUT_DOUBLE_REGS4/GENERATE_LEVEL_P_S_CDC.MULTI_BIT.FOR_IN_cdc_to[15].CROSS2_PLEVEL_IN2SCNDRY_IN_cdc_to/D
                            (rising edge-triggered cell FDRE clocked by clk_fpga_0  {rise@0.000ns fall@5.000ns period=10.000ns})
  Path Group:             (none)
  Path Type:              Hold (Min at Fast Process Corner)
  Data Path Delay:        0.905ns  (logic 0.327ns (36.164%)  route 0.578ns (63.836%))
  Logic Levels:           1  (IBUF=1)
  Clock Path Skew:        1.776ns (DCD - SCD - CPR)
    Destination Clock Delay (DCD):    1.776ns
    Source Clock Delay      (SCD):    0.000ns
    Clock Pessimism Removal (CPR):    -0.000ns
  Timing Exception:       False Path

    Location             Delay type                Incr(ns)  Path(ns)    Netlist Resource(s)
  -------------------------------------------------------------------    -------------------
    Y17                                               0.000     0.000 r  leds_16bits_tri_io[15] (INOUT)
                         net (fo=1, unset)            0.000     0.000    leds_16bits_tri_iobuf_15/IO
    Y17                  IBUF (Prop_ibuf_I_O)         0.327     0.327 r  leds_16bits_tri_iobuf_15/IBUF/O
                         net (fo=1, routed)           0.578     0.905    Final_Project_i/axi_gpio_1/U0/gpio_core_1/Dual.INPUT_DOUBLE_REGS4/gpio_io_i[15]
    SLICE_X28Y35         FDRE                                         r  Final_Project_i/axi_gpio_1/U0/gpio_core_1/Dual.INPUT_DOUBLE_REGS4/GENERATE_LEVEL_P_S_CDC.MULTI_BIT.FOR_IN_cdc_to[15].CROSS2_PLEVEL_IN2SCNDRY_IN_cdc_to/D
  -------------------------------------------------------------------    -------------------

                         (clock clk_fpga_0 rise edge)
                                                      0.000     0.000 r  
    PS7_X0Y0             PS7                          0.000     0.000 r  Final_Project_i/processing_system7_0/inst/PS7_i/FCLKCLK[0]
                         net (fo=1, routed)           0.919     0.919    Final_Project_i/processing_system7_0/inst/FCLK_CLK_unbuffered[0]
    BUFGCTRL_X0Y16       BUFG (Prop_bufg_I_O)         0.029     0.948 r  Final_Project_i/processing_system7_0/inst/buffer_fclk_clk_0.FCLK_CLK_0_BUFG/O
                         net (fo=1316, routed)        0.828     1.776    Final_Project_i/axi_gpio_1/U0/gpio_core_1/Dual.INPUT_DOUBLE_REGS4/s_axi_aclk
    SLICE_X28Y35         FDRE                                         r  Final_Project_i/axi_gpio_1/U0/gpio_core_1/Dual.INPUT_DOUBLE_REGS4/GENERATE_LEVEL_P_S_CDC.MULTI_BIT.FOR_IN_cdc_to[15].CROSS2_PLEVEL_IN2SCNDRY_IN_cdc_to/C

Slack:                    inf
  Source:                 leds_16bits_tri_io[2]
                            (input port)
  Destination:            Final_Project_i/axi_gpio_1/U0/gpio_core_1/Dual.INPUT_DOUBLE_REGS4/GENERATE_LEVEL_P_S_CDC.MULTI_BIT.FOR_IN_cdc_to[2].CROSS2_PLEVEL_IN2SCNDRY_IN_cdc_to/D
                            (rising edge-triggered cell FDRE clocked by clk_fpga_0  {rise@0.000ns fall@5.000ns period=10.000ns})
  Path Group:             (none)
  Path Type:              Hold (Min at Fast Process Corner)
  Data Path Delay:        1.025ns  (logic 0.265ns (25.854%)  route 0.760ns (74.146%))
  Logic Levels:           1  (IBUF=1)
  Clock Path Skew:        1.778ns (DCD - SCD - CPR)
    Destination Clock Delay (DCD):    1.778ns
    Source Clock Delay      (SCD):    0.000ns
    Clock Pessimism Removal (CPR):    -0.000ns
  Timing Exception:       False Path

    Location             Delay type                Incr(ns)  Path(ns)    Netlist Resource(s)
  -------------------------------------------------------------------    -------------------
    R19                                               0.000     0.000 r  leds_16bits_tri_io[2] (INOUT)
                         net (fo=1, unset)            0.000     0.000    leds_16bits_tri_iobuf_2/IO
    R19                  IBUF (Prop_ibuf_I_O)         0.265     0.265 r  leds_16bits_tri_iobuf_2/IBUF/O
                         net (fo=1, routed)           0.760     1.025    Final_Project_i/axi_gpio_1/U0/gpio_core_1/Dual.INPUT_DOUBLE_REGS4/gpio_io_i[2]
    SLICE_X24Y44         FDRE                                         r  Final_Project_i/axi_gpio_1/U0/gpio_core_1/Dual.INPUT_DOUBLE_REGS4/GENERATE_LEVEL_P_S_CDC.MULTI_BIT.FOR_IN_cdc_to[2].CROSS2_PLEVEL_IN2SCNDRY_IN_cdc_to/D
  -------------------------------------------------------------------    -------------------

                         (clock clk_fpga_0 rise edge)
                                                      0.000     0.000 r  
    PS7_X0Y0             PS7                          0.000     0.000 r  Final_Project_i/processing_system7_0/inst/PS7_i/FCLKCLK[0]
                         net (fo=1, routed)           0.919     0.919    Final_Project_i/processing_system7_0/inst/FCLK_CLK_unbuffered[0]
    BUFGCTRL_X0Y16       BUFG (Prop_bufg_I_O)         0.029     0.948 r  Final_Project_i/processing_system7_0/inst/buffer_fclk_clk_0.FCLK_CLK_0_BUFG/O
                         net (fo=1316, routed)        0.830     1.778    Final_Project_i/axi_gpio_1/U0/gpio_core_1/Dual.INPUT_DOUBLE_REGS4/s_axi_aclk
    SLICE_X24Y44         FDRE                                         r  Final_Project_i/axi_gpio_1/U0/gpio_core_1/Dual.INPUT_DOUBLE_REGS4/GENERATE_LEVEL_P_S_CDC.MULTI_BIT.FOR_IN_cdc_to[2].CROSS2_PLEVEL_IN2SCNDRY_IN_cdc_to/C

Slack:                    inf
  Source:                 leds_16bits_tri_io[5]
                            (input port)
  Destination:            Final_Project_i/axi_gpio_1/U0/gpio_core_1/Dual.INPUT_DOUBLE_REGS4/GENERATE_LEVEL_P_S_CDC.MULTI_BIT.FOR_IN_cdc_to[5].CROSS2_PLEVEL_IN2SCNDRY_IN_cdc_to/D
                            (rising edge-triggered cell FDRE clocked by clk_fpga_0  {rise@0.000ns fall@5.000ns period=10.000ns})
  Path Group:             (none)
  Path Type:              Hold (Min at Fast Process Corner)
  Data Path Delay:        1.075ns  (logic 0.287ns (26.707%)  route 0.788ns (73.293%))
  Logic Levels:           1  (IBUF=1)
  Clock Path Skew:        1.777ns (DCD - SCD - CPR)
    Destination Clock Delay (DCD):    1.777ns
    Source Clock Delay      (SCD):    0.000ns
    Clock Pessimism Removal (CPR):    -0.000ns
  Timing Exception:       False Path

    Location             Delay type                Incr(ns)  Path(ns)    Netlist Resource(s)
  -------------------------------------------------------------------    -------------------
    U13                                               0.000     0.000 r  leds_16bits_tri_io[5] (INOUT)
                         net (fo=1, unset)            0.000     0.000    leds_16bits_tri_iobuf_5/IO
    U13                  IBUF (Prop_ibuf_I_O)         0.287     0.287 r  leds_16bits_tri_iobuf_5/IBUF/O
                         net (fo=1, routed)           0.788     1.075    Final_Project_i/axi_gpio_1/U0/gpio_core_1/Dual.INPUT_DOUBLE_REGS4/gpio_io_i[5]
    SLICE_X24Y42         FDRE                                         r  Final_Project_i/axi_gpio_1/U0/gpio_core_1/Dual.INPUT_DOUBLE_REGS4/GENERATE_LEVEL_P_S_CDC.MULTI_BIT.FOR_IN_cdc_to[5].CROSS2_PLEVEL_IN2SCNDRY_IN_cdc_to/D
  -------------------------------------------------------------------    -------------------

                         (clock clk_fpga_0 rise edge)
                                                      0.000     0.000 r  
    PS7_X0Y0             PS7                          0.000     0.000 r  Final_Project_i/processing_system7_0/inst/PS7_i/FCLKCLK[0]
                         net (fo=1, routed)           0.919     0.919    Final_Project_i/processing_system7_0/inst/FCLK_CLK_unbuffered[0]
    BUFGCTRL_X0Y16       BUFG (Prop_bufg_I_O)         0.029     0.948 r  Final_Project_i/processing_system7_0/inst/buffer_fclk_clk_0.FCLK_CLK_0_BUFG/O
                         net (fo=1316, routed)        0.829     1.777    Final_Project_i/axi_gpio_1/U0/gpio_core_1/Dual.INPUT_DOUBLE_REGS4/s_axi_aclk
    SLICE_X24Y42         FDRE                                         r  Final_Project_i/axi_gpio_1/U0/gpio_core_1/Dual.INPUT_DOUBLE_REGS4/GENERATE_LEVEL_P_S_CDC.MULTI_BIT.FOR_IN_cdc_to[5].CROSS2_PLEVEL_IN2SCNDRY_IN_cdc_to/C

Slack:                    inf
  Source:                 leds_16bits_tri_io[13]
                            (input port)
  Destination:            Final_Project_i/axi_gpio_1/U0/gpio_core_1/Dual.INPUT_DOUBLE_REGS4/GENERATE_LEVEL_P_S_CDC.MULTI_BIT.FOR_IN_cdc_to[13].CROSS2_PLEVEL_IN2SCNDRY_IN_cdc_to/D
                            (rising edge-triggered cell FDRE clocked by clk_fpga_0  {rise@0.000ns fall@5.000ns period=10.000ns})
  Path Group:             (none)
  Path Type:              Hold (Min at Fast Process Corner)
  Data Path Delay:        1.084ns  (logic 0.352ns (32.499%)  route 0.731ns (67.501%))
  Logic Levels:           1  (IBUF=1)
  Clock Path Skew:        1.771ns (DCD - SCD - CPR)
    Destination Clock Delay (DCD):    1.771ns
    Source Clock Delay      (SCD):    0.000ns
    Clock Pessimism Removal (CPR):    -0.000ns
  Timing Exception:       False Path

    Location             Delay type                Incr(ns)  Path(ns)    Netlist Resource(s)
  -------------------------------------------------------------------    -------------------
    Y14                                               0.000     0.000 r  leds_16bits_tri_io[13] (INOUT)
                         net (fo=1, unset)            0.000     0.000    leds_16bits_tri_iobuf_13/IO
    Y14                  IBUF (Prop_ibuf_I_O)         0.352     0.352 r  leds_16bits_tri_iobuf_13/IBUF/O
                         net (fo=1, routed)           0.731     1.084    Final_Project_i/axi_gpio_1/U0/gpio_core_1/Dual.INPUT_DOUBLE_REGS4/gpio_io_i[13]
    SLICE_X22Y33         FDRE                                         r  Final_Project_i/axi_gpio_1/U0/gpio_core_1/Dual.INPUT_DOUBLE_REGS4/GENERATE_LEVEL_P_S_CDC.MULTI_BIT.FOR_IN_cdc_to[13].CROSS2_PLEVEL_IN2SCNDRY_IN_cdc_to/D
  -------------------------------------------------------------------    -------------------

                         (clock clk_fpga_0 rise edge)
                                                      0.000     0.000 r  
    PS7_X0Y0             PS7                          0.000     0.000 r  Final_Project_i/processing_system7_0/inst/PS7_i/FCLKCLK[0]
                         net (fo=1, routed)           0.919     0.919    Final_Project_i/processing_system7_0/inst/FCLK_CLK_unbuffered[0]
    BUFGCTRL_X0Y16       BUFG (Prop_bufg_I_O)         0.029     0.948 r  Final_Project_i/processing_system7_0/inst/buffer_fclk_clk_0.FCLK_CLK_0_BUFG/O
                         net (fo=1316, routed)        0.823     1.771    Final_Project_i/axi_gpio_1/U0/gpio_core_1/Dual.INPUT_DOUBLE_REGS4/s_axi_aclk
    SLICE_X22Y33         FDRE                                         r  Final_Project_i/axi_gpio_1/U0/gpio_core_1/Dual.INPUT_DOUBLE_REGS4/GENERATE_LEVEL_P_S_CDC.MULTI_BIT.FOR_IN_cdc_to[13].CROSS2_PLEVEL_IN2SCNDRY_IN_cdc_to/C

Slack:                    inf
  Source:                 leds_16bits_tri_io[14]
                            (input port)
  Destination:            Final_Project_i/axi_gpio_1/U0/gpio_core_1/Dual.INPUT_DOUBLE_REGS4/GENERATE_LEVEL_P_S_CDC.MULTI_BIT.FOR_IN_cdc_to[14].CROSS2_PLEVEL_IN2SCNDRY_IN_cdc_to/D
                            (rising edge-triggered cell FDRE clocked by clk_fpga_0  {rise@0.000ns fall@5.000ns period=10.000ns})
  Path Group:             (none)
  Path Type:              Hold (Min at Fast Process Corner)
  Data Path Delay:        1.122ns  (logic 0.334ns (29.764%)  route 0.788ns (70.236%))
  Logic Levels:           1  (IBUF=1)
  Clock Path Skew:        1.772ns (DCD - SCD - CPR)
    Destination Clock Delay (DCD):    1.772ns
    Source Clock Delay      (SCD):    0.000ns
    Clock Pessimism Removal (CPR):    -0.000ns
  Timing Exception:       False Path

    Location             Delay type                Incr(ns)  Path(ns)    Netlist Resource(s)
  -------------------------------------------------------------------    -------------------
    Y16                                               0.000     0.000 r  leds_16bits_tri_io[14] (INOUT)
                         net (fo=1, unset)            0.000     0.000    leds_16bits_tri_iobuf_14/IO
    Y16                  IBUF (Prop_ibuf_I_O)         0.334     0.334 r  leds_16bits_tri_iobuf_14/IBUF/O
                         net (fo=1, routed)           0.788     1.122    Final_Project_i/axi_gpio_1/U0/gpio_core_1/Dual.INPUT_DOUBLE_REGS4/gpio_io_i[14]
    SLICE_X24Y34         FDRE                                         r  Final_Project_i/axi_gpio_1/U0/gpio_core_1/Dual.INPUT_DOUBLE_REGS4/GENERATE_LEVEL_P_S_CDC.MULTI_BIT.FOR_IN_cdc_to[14].CROSS2_PLEVEL_IN2SCNDRY_IN_cdc_to/D
  -------------------------------------------------------------------    -------------------

                         (clock clk_fpga_0 rise edge)
                                                      0.000     0.000 r  
    PS7_X0Y0             PS7                          0.000     0.000 r  Final_Project_i/processing_system7_0/inst/PS7_i/FCLKCLK[0]
                         net (fo=1, routed)           0.919     0.919    Final_Project_i/processing_system7_0/inst/FCLK_CLK_unbuffered[0]
    BUFGCTRL_X0Y16       BUFG (Prop_bufg_I_O)         0.029     0.948 r  Final_Project_i/processing_system7_0/inst/buffer_fclk_clk_0.FCLK_CLK_0_BUFG/O
                         net (fo=1316, routed)        0.824     1.772    Final_Project_i/axi_gpio_1/U0/gpio_core_1/Dual.INPUT_DOUBLE_REGS4/s_axi_aclk
    SLICE_X24Y34         FDRE                                         r  Final_Project_i/axi_gpio_1/U0/gpio_core_1/Dual.INPUT_DOUBLE_REGS4/GENERATE_LEVEL_P_S_CDC.MULTI_BIT.FOR_IN_cdc_to[14].CROSS2_PLEVEL_IN2SCNDRY_IN_cdc_to/C

Slack:                    inf
  Source:                 leds_16bits_tri_io[3]
                            (input port)
  Destination:            Final_Project_i/axi_gpio_1/U0/gpio_core_1/Dual.INPUT_DOUBLE_REGS4/GENERATE_LEVEL_P_S_CDC.MULTI_BIT.FOR_IN_cdc_to[3].CROSS2_PLEVEL_IN2SCNDRY_IN_cdc_to/D
                            (rising edge-triggered cell FDRE clocked by clk_fpga_0  {rise@0.000ns fall@5.000ns period=10.000ns})
  Path Group:             (none)
  Path Type:              Hold (Min at Fast Process Corner)
  Data Path Delay:        1.126ns  (logic 0.250ns (22.241%)  route 0.875ns (77.759%))
  Logic Levels:           1  (IBUF=1)
  Clock Path Skew:        1.777ns (DCD - SCD - CPR)
    Destination Clock Delay (DCD):    1.777ns
    Source Clock Delay      (SCD):    0.000ns
    Clock Pessimism Removal (CPR):    -0.000ns
  Timing Exception:       False Path

    Location             Delay type                Incr(ns)  Path(ns)    Netlist Resource(s)
  -------------------------------------------------------------------    -------------------
    T20                                               0.000     0.000 r  leds_16bits_tri_io[3] (INOUT)
                         net (fo=1, unset)            0.000     0.000    leds_16bits_tri_iobuf_3/IO
    T20                  IBUF (Prop_ibuf_I_O)         0.250     0.250 r  leds_16bits_tri_iobuf_3/IBUF/O
                         net (fo=1, routed)           0.875     1.126    Final_Project_i/axi_gpio_1/U0/gpio_core_1/Dual.INPUT_DOUBLE_REGS4/gpio_io_i[3]
    SLICE_X26Y37         FDRE                                         r  Final_Project_i/axi_gpio_1/U0/gpio_core_1/Dual.INPUT_DOUBLE_REGS4/GENERATE_LEVEL_P_S_CDC.MULTI_BIT.FOR_IN_cdc_to[3].CROSS2_PLEVEL_IN2SCNDRY_IN_cdc_to/D
  -------------------------------------------------------------------    -------------------

                         (clock clk_fpga_0 rise edge)
                                                      0.000     0.000 r  
    PS7_X0Y0             PS7                          0.000     0.000 r  Final_Project_i/processing_system7_0/inst/PS7_i/FCLKCLK[0]
                         net (fo=1, routed)           0.919     0.919    Final_Project_i/processing_system7_0/inst/FCLK_CLK_unbuffered[0]
    BUFGCTRL_X0Y16       BUFG (Prop_bufg_I_O)         0.029     0.948 r  Final_Project_i/processing_system7_0/inst/buffer_fclk_clk_0.FCLK_CLK_0_BUFG/O
                         net (fo=1316, routed)        0.829     1.777    Final_Project_i/axi_gpio_1/U0/gpio_core_1/Dual.INPUT_DOUBLE_REGS4/s_axi_aclk
    SLICE_X26Y37         FDRE                                         r  Final_Project_i/axi_gpio_1/U0/gpio_core_1/Dual.INPUT_DOUBLE_REGS4/GENERATE_LEVEL_P_S_CDC.MULTI_BIT.FOR_IN_cdc_to[3].CROSS2_PLEVEL_IN2SCNDRY_IN_cdc_to/C

Slack:                    inf
  Source:                 btns_4bits_0_tri_i[0]
                            (input port)
  Destination:            Final_Project_i/axi_gpio_1/U0/gpio_core_1/Dual.INPUT_DOUBLE_REGS5/GENERATE_LEVEL_P_S_CDC.MULTI_BIT.FOR_IN_cdc_to[0].CROSS2_PLEVEL_IN2SCNDRY_IN_cdc_to/D
                            (rising edge-triggered cell FDRE clocked by clk_fpga_0  {rise@0.000ns fall@5.000ns period=10.000ns})
  Path Group:             (none)
  Path Type:              Hold (Min at Fast Process Corner)
  Data Path Delay:        1.127ns  (logic 0.350ns (31.017%)  route 0.778ns (68.983%))
  Logic Levels:           1  (IBUF=1)
  Clock Path Skew:        1.775ns (DCD - SCD - CPR)
    Destination Clock Delay (DCD):    1.775ns
    Source Clock Delay      (SCD):    0.000ns
    Clock Pessimism Removal (CPR):    -0.000ns
  Timing Exception:       False Path

    Location             Delay type                Incr(ns)  Path(ns)    Netlist Resource(s)
  -------------------------------------------------------------------    -------------------
    W14                                               0.000     0.000 r  btns_4bits_0_tri_i[0] (IN)
                         net (fo=0)                   0.000     0.000    btns_4bits_0_tri_i[0]
    W14                  IBUF (Prop_ibuf_I_O)         0.350     0.350 r  btns_4bits_0_tri_i_IBUF[0]_inst/O
                         net (fo=1, routed)           0.778     1.127    Final_Project_i/axi_gpio_1/U0/gpio_core_1/Dual.INPUT_DOUBLE_REGS5/gpio2_io_i[0]
    SLICE_X21Y35         FDRE                                         r  Final_Project_i/axi_gpio_1/U0/gpio_core_1/Dual.INPUT_DOUBLE_REGS5/GENERATE_LEVEL_P_S_CDC.MULTI_BIT.FOR_IN_cdc_to[0].CROSS2_PLEVEL_IN2SCNDRY_IN_cdc_to/D
  -------------------------------------------------------------------    -------------------

                         (clock clk_fpga_0 rise edge)
                                                      0.000     0.000 r  
    PS7_X0Y0             PS7                          0.000     0.000 r  Final_Project_i/processing_system7_0/inst/PS7_i/FCLKCLK[0]
                         net (fo=1, routed)           0.919     0.919    Final_Project_i/processing_system7_0/inst/FCLK_CLK_unbuffered[0]
    BUFGCTRL_X0Y16       BUFG (Prop_bufg_I_O)         0.029     0.948 r  Final_Project_i/processing_system7_0/inst/buffer_fclk_clk_0.FCLK_CLK_0_BUFG/O
                         net (fo=1316, routed)        0.827     1.775    Final_Project_i/axi_gpio_1/U0/gpio_core_1/Dual.INPUT_DOUBLE_REGS5/s_axi_aclk
    SLICE_X21Y35         FDRE                                         r  Final_Project_i/axi_gpio_1/U0/gpio_core_1/Dual.INPUT_DOUBLE_REGS5/GENERATE_LEVEL_P_S_CDC.MULTI_BIT.FOR_IN_cdc_to[0].CROSS2_PLEVEL_IN2SCNDRY_IN_cdc_to/C

Slack:                    inf
  Source:                 leds_16bits_tri_io[0]
                            (input port)
  Destination:            Final_Project_i/axi_gpio_1/U0/gpio_core_1/Dual.INPUT_DOUBLE_REGS4/GENERATE_LEVEL_P_S_CDC.MULTI_BIT.FOR_IN_cdc_to[0].CROSS2_PLEVEL_IN2SCNDRY_IN_cdc_to/D
                            (rising edge-triggered cell FDRE clocked by clk_fpga_0  {rise@0.000ns fall@5.000ns period=10.000ns})
  Path Group:             (none)
  Path Type:              Hold (Min at Fast Process Corner)
  Data Path Delay:        1.142ns  (logic 0.262ns (22.912%)  route 0.880ns (77.088%))
  Logic Levels:           1  (IBUF=1)
  Clock Path Skew:        1.779ns (DCD - SCD - CPR)
    Destination Clock Delay (DCD):    1.779ns
    Source Clock Delay      (SCD):    0.000ns
    Clock Pessimism Removal (CPR):    -0.000ns
  Timing Exception:       False Path

    Location             Delay type                Incr(ns)  Path(ns)    Netlist Resource(s)
  -------------------------------------------------------------------    -------------------
    N20                                               0.000     0.000 r  leds_16bits_tri_io[0] (INOUT)
                         net (fo=1, unset)            0.000     0.000    leds_16bits_tri_iobuf_0/IO
    N20                  IBUF (Prop_ibuf_I_O)         0.262     0.262 r  leds_16bits_tri_iobuf_0/IBUF/O
                         net (fo=1, routed)           0.880     1.142    Final_Project_i/axi_gpio_1/U0/gpio_core_1/Dual.INPUT_DOUBLE_REGS4/gpio_io_i[0]
    SLICE_X26Y39         FDRE                                         r  Final_Project_i/axi_gpio_1/U0/gpio_core_1/Dual.INPUT_DOUBLE_REGS4/GENERATE_LEVEL_P_S_CDC.MULTI_BIT.FOR_IN_cdc_to[0].CROSS2_PLEVEL_IN2SCNDRY_IN_cdc_to/D
  -------------------------------------------------------------------    -------------------

                         (clock clk_fpga_0 rise edge)
                                                      0.000     0.000 r  
    PS7_X0Y0             PS7                          0.000     0.000 r  Final_Project_i/processing_system7_0/inst/PS7_i/FCLKCLK[0]
                         net (fo=1, routed)           0.919     0.919    Final_Project_i/processing_system7_0/inst/FCLK_CLK_unbuffered[0]
    BUFGCTRL_X0Y16       BUFG (Prop_bufg_I_O)         0.029     0.948 r  Final_Project_i/processing_system7_0/inst/buffer_fclk_clk_0.FCLK_CLK_0_BUFG/O
                         net (fo=1316, routed)        0.831     1.779    Final_Project_i/axi_gpio_1/U0/gpio_core_1/Dual.INPUT_DOUBLE_REGS4/s_axi_aclk
    SLICE_X26Y39         FDRE                                         r  Final_Project_i/axi_gpio_1/U0/gpio_core_1/Dual.INPUT_DOUBLE_REGS4/GENERATE_LEVEL_P_S_CDC.MULTI_BIT.FOR_IN_cdc_to[0].CROSS2_PLEVEL_IN2SCNDRY_IN_cdc_to/C

Slack:                    inf
  Source:                 leds_16bits_tri_io[11]
                            (input port)
  Destination:            Final_Project_i/axi_gpio_1/U0/gpio_core_1/Dual.INPUT_DOUBLE_REGS4/GENERATE_LEVEL_P_S_CDC.MULTI_BIT.FOR_IN_cdc_to[11].CROSS2_PLEVEL_IN2SCNDRY_IN_cdc_to/D
                            (rising edge-triggered cell FDRE clocked by clk_fpga_0  {rise@0.000ns fall@5.000ns period=10.000ns})
  Path Group:             (none)
  Path Type:              Hold (Min at Fast Process Corner)
  Data Path Delay:        1.174ns  (logic 0.244ns (20.785%)  route 0.930ns (79.215%))
  Logic Levels:           1  (IBUF=1)
  Clock Path Skew:        1.773ns (DCD - SCD - CPR)
    Destination Clock Delay (DCD):    1.773ns
    Source Clock Delay      (SCD):    0.000ns
    Clock Pessimism Removal (CPR):    -0.000ns
  Timing Exception:       False Path

    Location             Delay type                Incr(ns)  Path(ns)    Netlist Resource(s)
  -------------------------------------------------------------------    -------------------
    W16                                               0.000     0.000 r  leds_16bits_tri_io[11] (INOUT)
                         net (fo=1, unset)            0.000     0.000    leds_16bits_tri_iobuf_11/IO
    W16                  IBUF (Prop_ibuf_I_O)         0.244     0.244 r  leds_16bits_tri_iobuf_11/IBUF/O
                         net (fo=1, routed)           0.930     1.174    Final_Project_i/axi_gpio_1/U0/gpio_core_1/Dual.INPUT_DOUBLE_REGS4/gpio_io_i[11]
    SLICE_X25Y36         FDRE                                         r  Final_Project_i/axi_gpio_1/U0/gpio_core_1/Dual.INPUT_DOUBLE_REGS4/GENERATE_LEVEL_P_S_CDC.MULTI_BIT.FOR_IN_cdc_to[11].CROSS2_PLEVEL_IN2SCNDRY_IN_cdc_to/D
  -------------------------------------------------------------------    -------------------

                         (clock clk_fpga_0 rise edge)
                                                      0.000     0.000 r  
    PS7_X0Y0             PS7                          0.000     0.000 r  Final_Project_i/processing_system7_0/inst/PS7_i/FCLKCLK[0]
                         net (fo=1, routed)           0.919     0.919    Final_Project_i/processing_system7_0/inst/FCLK_CLK_unbuffered[0]
    BUFGCTRL_X0Y16       BUFG (Prop_bufg_I_O)         0.029     0.948 r  Final_Project_i/processing_system7_0/inst/buffer_fclk_clk_0.FCLK_CLK_0_BUFG/O
                         net (fo=1316, routed)        0.825     1.773    Final_Project_i/axi_gpio_1/U0/gpio_core_1/Dual.INPUT_DOUBLE_REGS4/s_axi_aclk
    SLICE_X25Y36         FDRE                                         r  Final_Project_i/axi_gpio_1/U0/gpio_core_1/Dual.INPUT_DOUBLE_REGS4/GENERATE_LEVEL_P_S_CDC.MULTI_BIT.FOR_IN_cdc_to[11].CROSS2_PLEVEL_IN2SCNDRY_IN_cdc_to/C





--------------------------------------------------------------------------------------
Path Group:  (none)
From Clock:  clk_fpga_0
  To Clock:  

Max Delay            29 Endpoints
Min Delay            29 Endpoints
--------------------------------------------------------------------------------------


Max Delay Paths
--------------------------------------------------------------------------------------
Slack:                    inf
  Source:                 Final_Project_i/sevenseg_mux_0/inst/refresh_counter_reg[15]/C
                            (rising edge-triggered cell FDRE clocked by clk_fpga_0  {rise@0.000ns fall@5.000ns period=10.000ns})
  Destination:            seg_cat[4]
                            (output port)
  Path Group:             (none)
  Path Type:              Max at Slow Process Corner
  Data Path Delay:        10.612ns  (logic 4.300ns (40.517%)  route 6.313ns (59.483%))
  Logic Levels:           3  (LUT4=1 LUT6=1 OBUF=1)
  Clock Uncertainty:      0.152ns  ((TSJ^2 + TIJ^2)^1/2 + DJ) / 2 + PE
    Total System Jitter     (TSJ):    0.050ns
    Total Input Jitter      (TIJ):    0.300ns
    Discrete Jitter          (DJ):    0.000ns
    Phase Error              (PE):    0.000ns

    Location             Delay type                Incr(ns)  Path(ns)    Netlist Resource(s)
  -------------------------------------------------------------------    -------------------
                         (clock clk_fpga_0 rise edge)
                                                      0.000     0.000 r  
    PS7_X0Y0             PS7                          0.000     0.000 r  Final_Project_i/processing_system7_0/inst/PS7_i/FCLKCLK[0]
                         net (fo=1, routed)           1.938     1.938    Final_Project_i/processing_system7_0/inst/FCLK_CLK_unbuffered[0]
    BUFGCTRL_X0Y16       BUFG (Prop_bufg_I_O)         0.101     2.039 r  Final_Project_i/processing_system7_0/inst/buffer_fclk_clk_0.FCLK_CLK_0_BUFG/O
                         net (fo=1316, routed)        1.683     3.722    Final_Project_i/sevenseg_mux_0/inst/clk
    SLICE_X13Y41         FDRE                                         r  Final_Project_i/sevenseg_mux_0/inst/refresh_counter_reg[15]/C
  -------------------------------------------------------------------    -------------------
    SLICE_X13Y41         FDRE (Prop_fdre_C_Q)         0.456     4.178 r  Final_Project_i/sevenseg_mux_0/inst/refresh_counter_reg[15]/Q
                         net (fo=9, routed)           1.582     5.760    Final_Project_i/sevenseg_mux_0/inst/p_0_in[0]
    SLICE_X15Y44         LUT6 (Prop_lut6_I3_O)        0.124     5.884 f  Final_Project_i/sevenseg_mux_0/inst/seg_cat[6]_INST_0_i_4/O
                         net (fo=7, routed)           1.212     7.096    Final_Project_i/sevenseg_mux_0/inst/hex[1]
    SLICE_X23Y44         LUT4 (Prop_lut4_I1_O)        0.124     7.220 r  Final_Project_i/sevenseg_mux_0/inst/seg_cat[4]_INST_0/O
                         net (fo=1, routed)           3.519    10.739    seg_cat_OBUF[4]
    M17                  OBUF (Prop_obuf_I_O)         3.596    14.335 r  seg_cat_OBUF[4]_inst/O
                         net (fo=0)                   0.000    14.335    seg_cat[4]
    M17                                                               r  seg_cat[4] (OUT)
  -------------------------------------------------------------------    -------------------

Slack:                    inf
  Source:                 Final_Project_i/sevenseg_mux_0/inst/refresh_counter_reg[15]/C
                            (rising edge-triggered cell FDRE clocked by clk_fpga_0  {rise@0.000ns fall@5.000ns period=10.000ns})
  Destination:            seg_cat[6]
                            (output port)
  Path Group:             (none)
  Path Type:              Max at Slow Process Corner
  Data Path Delay:        10.235ns  (logic 4.234ns (41.369%)  route 6.001ns (58.631%))
  Logic Levels:           3  (LUT4=1 LUT6=1 OBUF=1)
  Clock Uncertainty:      0.152ns  ((TSJ^2 + TIJ^2)^1/2 + DJ) / 2 + PE
    Total System Jitter     (TSJ):    0.050ns
    Total Input Jitter      (TIJ):    0.300ns
    Discrete Jitter          (DJ):    0.000ns
    Phase Error              (PE):    0.000ns

    Location             Delay type                Incr(ns)  Path(ns)    Netlist Resource(s)
  -------------------------------------------------------------------    -------------------
                         (clock clk_fpga_0 rise edge)
                                                      0.000     0.000 r  
    PS7_X0Y0             PS7                          0.000     0.000 r  Final_Project_i/processing_system7_0/inst/PS7_i/FCLKCLK[0]
                         net (fo=1, routed)           1.938     1.938    Final_Project_i/processing_system7_0/inst/FCLK_CLK_unbuffered[0]
    BUFGCTRL_X0Y16       BUFG (Prop_bufg_I_O)         0.101     2.039 r  Final_Project_i/processing_system7_0/inst/buffer_fclk_clk_0.FCLK_CLK_0_BUFG/O
                         net (fo=1316, routed)        1.683     3.722    Final_Project_i/sevenseg_mux_0/inst/clk
    SLICE_X13Y41         FDRE                                         r  Final_Project_i/sevenseg_mux_0/inst/refresh_counter_reg[15]/C
  -------------------------------------------------------------------    -------------------
    SLICE_X13Y41         FDRE (Prop_fdre_C_Q)         0.456     4.178 r  Final_Project_i/sevenseg_mux_0/inst/refresh_counter_reg[15]/Q
                         net (fo=9, routed)           1.582     5.760    Final_Project_i/sevenseg_mux_0/inst/p_0_in[0]
    SLICE_X15Y44         LUT6 (Prop_lut6_I3_O)        0.124     5.884 r  Final_Project_i/sevenseg_mux_0/inst/seg_cat[6]_INST_0_i_4/O
                         net (fo=7, routed)           1.217     7.101    Final_Project_i/sevenseg_mux_0/inst/hex[1]
    SLICE_X23Y44         LUT4 (Prop_lut4_I3_O)        0.124     7.225 r  Final_Project_i/sevenseg_mux_0/inst/seg_cat[6]_INST_0/O
                         net (fo=1, routed)           3.202    10.427    seg_cat_OBUF[6]
    H18                  OBUF (Prop_obuf_I_O)         3.530    13.957 r  seg_cat_OBUF[6]_inst/O
                         net (fo=0)                   0.000    13.957    seg_cat[6]
    H18                                                               r  seg_cat[6] (OUT)
  -------------------------------------------------------------------    -------------------

Slack:                    inf
  Source:                 Final_Project_i/sevenseg_mux_0/inst/refresh_counter_reg[15]/C
                            (rising edge-triggered cell FDRE clocked by clk_fpga_0  {rise@0.000ns fall@5.000ns period=10.000ns})
  Destination:            seg_cat[2]
                            (output port)
  Path Group:             (none)
  Path Type:              Max at Slow Process Corner
  Data Path Delay:        10.075ns  (logic 4.238ns (42.058%)  route 5.838ns (57.942%))
  Logic Levels:           3  (LUT4=1 LUT6=1 OBUF=1)
  Clock Uncertainty:      0.152ns  ((TSJ^2 + TIJ^2)^1/2 + DJ) / 2 + PE
    Total System Jitter     (TSJ):    0.050ns
    Total Input Jitter      (TIJ):    0.300ns
    Discrete Jitter          (DJ):    0.000ns
    Phase Error              (PE):    0.000ns

    Location             Delay type                Incr(ns)  Path(ns)    Netlist Resource(s)
  -------------------------------------------------------------------    -------------------
                         (clock clk_fpga_0 rise edge)
                                                      0.000     0.000 r  
    PS7_X0Y0             PS7                          0.000     0.000 r  Final_Project_i/processing_system7_0/inst/PS7_i/FCLKCLK[0]
                         net (fo=1, routed)           1.938     1.938    Final_Project_i/processing_system7_0/inst/FCLK_CLK_unbuffered[0]
    BUFGCTRL_X0Y16       BUFG (Prop_bufg_I_O)         0.101     2.039 r  Final_Project_i/processing_system7_0/inst/buffer_fclk_clk_0.FCLK_CLK_0_BUFG/O
                         net (fo=1316, routed)        1.683     3.722    Final_Project_i/sevenseg_mux_0/inst/clk
    SLICE_X13Y41         FDRE                                         r  Final_Project_i/sevenseg_mux_0/inst/refresh_counter_reg[15]/C
  -------------------------------------------------------------------    -------------------
    SLICE_X13Y41         FDRE (Prop_fdre_C_Q)         0.456     4.178 r  Final_Project_i/sevenseg_mux_0/inst/refresh_counter_reg[15]/Q
                         net (fo=9, routed)           1.452     5.630    Final_Project_i/sevenseg_mux_0/inst/p_0_in[0]
    SLICE_X16Y44         LUT6 (Prop_lut6_I3_O)        0.124     5.754 r  Final_Project_i/sevenseg_mux_0/inst/seg_cat[6]_INST_0_i_3/O
                         net (fo=7, routed)           1.167     6.921    Final_Project_i/sevenseg_mux_0/inst/hex[2]
    SLICE_X23Y44         LUT4 (Prop_lut4_I3_O)        0.124     7.045 r  Final_Project_i/sevenseg_mux_0/inst/seg_cat[2]_INST_0/O
                         net (fo=1, routed)           3.219    10.264    seg_cat_OBUF[2]
    J18                  OBUF (Prop_obuf_I_O)         3.534    13.798 r  seg_cat_OBUF[2]_inst/O
                         net (fo=0)                   0.000    13.798    seg_cat[2]
    J18                                                               r  seg_cat[2] (OUT)
  -------------------------------------------------------------------    -------------------

Slack:                    inf
  Source:                 Final_Project_i/sevenseg_mux_0/inst/refresh_counter_reg[15]/C
                            (rising edge-triggered cell FDRE clocked by clk_fpga_0  {rise@0.000ns fall@5.000ns period=10.000ns})
  Destination:            seg_cat[5]
                            (output port)
  Path Group:             (none)
  Path Type:              Max at Slow Process Corner
  Data Path Delay:        9.991ns  (logic 4.458ns (44.624%)  route 5.532ns (55.376%))
  Logic Levels:           3  (LUT4=1 LUT6=1 OBUF=1)
  Clock Uncertainty:      0.152ns  ((TSJ^2 + TIJ^2)^1/2 + DJ) / 2 + PE
    Total System Jitter     (TSJ):    0.050ns
    Total Input Jitter      (TIJ):    0.300ns
    Discrete Jitter          (DJ):    0.000ns
    Phase Error              (PE):    0.000ns

    Location             Delay type                Incr(ns)  Path(ns)    Netlist Resource(s)
  -------------------------------------------------------------------    -------------------
                         (clock clk_fpga_0 rise edge)
                                                      0.000     0.000 r  
    PS7_X0Y0             PS7                          0.000     0.000 r  Final_Project_i/processing_system7_0/inst/PS7_i/FCLKCLK[0]
                         net (fo=1, routed)           1.938     1.938    Final_Project_i/processing_system7_0/inst/FCLK_CLK_unbuffered[0]
    BUFGCTRL_X0Y16       BUFG (Prop_bufg_I_O)         0.101     2.039 r  Final_Project_i/processing_system7_0/inst/buffer_fclk_clk_0.FCLK_CLK_0_BUFG/O
                         net (fo=1316, routed)        1.683     3.722    Final_Project_i/sevenseg_mux_0/inst/clk
    SLICE_X13Y41         FDRE                                         r  Final_Project_i/sevenseg_mux_0/inst/refresh_counter_reg[15]/C
  -------------------------------------------------------------------    -------------------
    SLICE_X13Y41         FDRE (Prop_fdre_C_Q)         0.456     4.178 r  Final_Project_i/sevenseg_mux_0/inst/refresh_counter_reg[15]/Q
                         net (fo=9, routed)           1.582     5.760    Final_Project_i/sevenseg_mux_0/inst/p_0_in[0]
    SLICE_X15Y44         LUT6 (Prop_lut6_I3_O)        0.124     5.884 r  Final_Project_i/sevenseg_mux_0/inst/seg_cat[6]_INST_0_i_4/O
                         net (fo=7, routed)           1.212     7.096    Final_Project_i/sevenseg_mux_0/inst/hex[1]
    SLICE_X23Y44         LUT4 (Prop_lut4_I3_O)        0.154     7.250 r  Final_Project_i/sevenseg_mux_0/inst/seg_cat[5]_INST_0/O
                         net (fo=1, routed)           2.739     9.989    seg_cat_OBUF[5]
    J16                  OBUF (Prop_obuf_I_O)         3.724    13.713 r  seg_cat_OBUF[5]_inst/O
                         net (fo=0)                   0.000    13.713    seg_cat[5]
    J16                                                               r  seg_cat[5] (OUT)
  -------------------------------------------------------------------    -------------------

Slack:                    inf
  Source:                 Final_Project_i/sevenseg_mux_0/inst/refresh_counter_reg[15]/C
                            (rising edge-triggered cell FDRE clocked by clk_fpga_0  {rise@0.000ns fall@5.000ns period=10.000ns})
  Destination:            seg_cat[1]
                            (output port)
  Path Group:             (none)
  Path Type:              Max at Slow Process Corner
  Data Path Delay:        9.923ns  (logic 4.450ns (44.841%)  route 5.473ns (55.159%))
  Logic Levels:           3  (LUT4=1 LUT6=1 OBUF=1)
  Clock Uncertainty:      0.152ns  ((TSJ^2 + TIJ^2)^1/2 + DJ) / 2 + PE
    Total System Jitter     (TSJ):    0.050ns
    Total Input Jitter      (TIJ):    0.300ns
    Discrete Jitter          (DJ):    0.000ns
    Phase Error              (PE):    0.000ns

    Location             Delay type                Incr(ns)  Path(ns)    Netlist Resource(s)
  -------------------------------------------------------------------    -------------------
                         (clock clk_fpga_0 rise edge)
                                                      0.000     0.000 r  
    PS7_X0Y0             PS7                          0.000     0.000 r  Final_Project_i/processing_system7_0/inst/PS7_i/FCLKCLK[0]
                         net (fo=1, routed)           1.938     1.938    Final_Project_i/processing_system7_0/inst/FCLK_CLK_unbuffered[0]
    BUFGCTRL_X0Y16       BUFG (Prop_bufg_I_O)         0.101     2.039 r  Final_Project_i/processing_system7_0/inst/buffer_fclk_clk_0.FCLK_CLK_0_BUFG/O
                         net (fo=1316, routed)        1.683     3.722    Final_Project_i/sevenseg_mux_0/inst/clk
    SLICE_X13Y41         FDRE                                         r  Final_Project_i/sevenseg_mux_0/inst/refresh_counter_reg[15]/C
  -------------------------------------------------------------------    -------------------
    SLICE_X13Y41         FDRE (Prop_fdre_C_Q)         0.456     4.178 r  Final_Project_i/sevenseg_mux_0/inst/refresh_counter_reg[15]/Q
                         net (fo=9, routed)           1.452     5.630    Final_Project_i/sevenseg_mux_0/inst/p_0_in[0]
    SLICE_X16Y44         LUT6 (Prop_lut6_I3_O)        0.124     5.754 r  Final_Project_i/sevenseg_mux_0/inst/seg_cat[6]_INST_0_i_3/O
                         net (fo=7, routed)           1.168     6.922    Final_Project_i/sevenseg_mux_0/inst/hex[2]
    SLICE_X23Y44         LUT4 (Prop_lut4_I1_O)        0.152     7.074 r  Final_Project_i/sevenseg_mux_0/inst/seg_cat[1]_INST_0/O
                         net (fo=1, routed)           2.854     9.928    seg_cat_OBUF[1]
    H15                  OBUF (Prop_obuf_I_O)         3.718    13.645 r  seg_cat_OBUF[1]_inst/O
                         net (fo=0)                   0.000    13.645    seg_cat[1]
    H15                                                               r  seg_cat[1] (OUT)
  -------------------------------------------------------------------    -------------------

Slack:                    inf
  Source:                 Final_Project_i/sevenseg_mux_0/inst/refresh_counter_reg[15]/C
                            (rising edge-triggered cell FDRE clocked by clk_fpga_0  {rise@0.000ns fall@5.000ns period=10.000ns})
  Destination:            seg_cat[3]
                            (output port)
  Path Group:             (none)
  Path Type:              Max at Slow Process Corner
  Data Path Delay:        9.777ns  (logic 4.453ns (45.545%)  route 5.324ns (54.455%))
  Logic Levels:           3  (LUT4=1 LUT6=1 OBUF=1)
  Clock Uncertainty:      0.152ns  ((TSJ^2 + TIJ^2)^1/2 + DJ) / 2 + PE
    Total System Jitter     (TSJ):    0.050ns
    Total Input Jitter      (TIJ):    0.300ns
    Discrete Jitter          (DJ):    0.000ns
    Phase Error              (PE):    0.000ns

    Location             Delay type                Incr(ns)  Path(ns)    Netlist Resource(s)
  -------------------------------------------------------------------    -------------------
                         (clock clk_fpga_0 rise edge)
                                                      0.000     0.000 r  
    PS7_X0Y0             PS7                          0.000     0.000 r  Final_Project_i/processing_system7_0/inst/PS7_i/FCLKCLK[0]
                         net (fo=1, routed)           1.938     1.938    Final_Project_i/processing_system7_0/inst/FCLK_CLK_unbuffered[0]
    BUFGCTRL_X0Y16       BUFG (Prop_bufg_I_O)         0.101     2.039 r  Final_Project_i/processing_system7_0/inst/buffer_fclk_clk_0.FCLK_CLK_0_BUFG/O
                         net (fo=1316, routed)        1.683     3.722    Final_Project_i/sevenseg_mux_0/inst/clk
    SLICE_X13Y41         FDRE                                         r  Final_Project_i/sevenseg_mux_0/inst/refresh_counter_reg[15]/C
  -------------------------------------------------------------------    -------------------
    SLICE_X13Y41         FDRE (Prop_fdre_C_Q)         0.456     4.178 r  Final_Project_i/sevenseg_mux_0/inst/refresh_counter_reg[15]/Q
                         net (fo=9, routed)           1.452     5.630    Final_Project_i/sevenseg_mux_0/inst/p_0_in[0]
    SLICE_X16Y44         LUT6 (Prop_lut6_I3_O)        0.124     5.754 r  Final_Project_i/sevenseg_mux_0/inst/seg_cat[6]_INST_0_i_3/O
                         net (fo=7, routed)           1.167     6.921    Final_Project_i/sevenseg_mux_0/inst/hex[2]
    SLICE_X23Y44         LUT4 (Prop_lut4_I1_O)        0.152     7.073 r  Final_Project_i/sevenseg_mux_0/inst/seg_cat[3]_INST_0/O
                         net (fo=1, routed)           2.706     9.779    seg_cat_OBUF[3]
    J15                  OBUF (Prop_obuf_I_O)         3.721    13.500 r  seg_cat_OBUF[3]_inst/O
                         net (fo=0)                   0.000    13.500    seg_cat[3]
    J15                                                               r  seg_cat[3] (OUT)
  -------------------------------------------------------------------    -------------------

Slack:                    inf
  Source:                 Final_Project_i/sevenseg_mux_0/inst/refresh_counter_reg[15]/C
                            (rising edge-triggered cell FDRE clocked by clk_fpga_0  {rise@0.000ns fall@5.000ns period=10.000ns})
  Destination:            seg_cat[0]
                            (output port)
  Path Group:             (none)
  Path Type:              Max at Slow Process Corner
  Data Path Delay:        9.709ns  (logic 4.265ns (43.927%)  route 5.444ns (56.073%))
  Logic Levels:           3  (LUT4=1 LUT6=1 OBUF=1)
  Clock Uncertainty:      0.152ns  ((TSJ^2 + TIJ^2)^1/2 + DJ) / 2 + PE
    Total System Jitter     (TSJ):    0.050ns
    Total Input Jitter      (TIJ):    0.300ns
    Discrete Jitter          (DJ):    0.000ns
    Phase Error              (PE):    0.000ns

    Location             Delay type                Incr(ns)  Path(ns)    Netlist Resource(s)
  -------------------------------------------------------------------    -------------------
                         (clock clk_fpga_0 rise edge)
                                                      0.000     0.000 r  
    PS7_X0Y0             PS7                          0.000     0.000 r  Final_Project_i/processing_system7_0/inst/PS7_i/FCLKCLK[0]
                         net (fo=1, routed)           1.938     1.938    Final_Project_i/processing_system7_0/inst/FCLK_CLK_unbuffered[0]
    BUFGCTRL_X0Y16       BUFG (Prop_bufg_I_O)         0.101     2.039 r  Final_Project_i/processing_system7_0/inst/buffer_fclk_clk_0.FCLK_CLK_0_BUFG/O
                         net (fo=1316, routed)        1.683     3.722    Final_Project_i/sevenseg_mux_0/inst/clk
    SLICE_X13Y41         FDRE                                         r  Final_Project_i/sevenseg_mux_0/inst/refresh_counter_reg[15]/C
  -------------------------------------------------------------------    -------------------
    SLICE_X13Y41         FDRE (Prop_fdre_C_Q)         0.456     4.178 r  Final_Project_i/sevenseg_mux_0/inst/refresh_counter_reg[15]/Q
                         net (fo=9, routed)           1.452     5.630    Final_Project_i/sevenseg_mux_0/inst/p_0_in[0]
    SLICE_X16Y44         LUT6 (Prop_lut6_I3_O)        0.124     5.754 r  Final_Project_i/sevenseg_mux_0/inst/seg_cat[6]_INST_0_i_3/O
                         net (fo=7, routed)           1.168     6.922    Final_Project_i/sevenseg_mux_0/inst/hex[2]
    SLICE_X23Y44         LUT4 (Prop_lut4_I1_O)        0.124     7.046 r  Final_Project_i/sevenseg_mux_0/inst/seg_cat[0]_INST_0/O
                         net (fo=1, routed)           2.825     9.871    seg_cat_OBUF[0]
    K14                  OBUF (Prop_obuf_I_O)         3.561    13.432 r  seg_cat_OBUF[0]_inst/O
                         net (fo=0)                   0.000    13.432    seg_cat[0]
    K14                                                               r  seg_cat[0] (OUT)
  -------------------------------------------------------------------    -------------------

Slack:                    inf
  Source:                 Final_Project_i/sevenseg_mux_0/inst/refresh_counter_reg[15]/C
                            (rising edge-triggered cell FDRE clocked by clk_fpga_0  {rise@0.000ns fall@5.000ns period=10.000ns})
  Destination:            seg_an[2]
                            (output port)
  Path Group:             (none)
  Path Type:              Max at Slow Process Corner
  Data Path Delay:        9.624ns  (logic 4.402ns (45.743%)  route 5.222ns (54.257%))
  Logic Levels:           2  (LUT2=1 OBUF=1)
  Clock Uncertainty:      0.152ns  ((TSJ^2 + TIJ^2)^1/2 + DJ) / 2 + PE
    Total System Jitter     (TSJ):    0.050ns
    Total Input Jitter      (TIJ):    0.300ns
    Discrete Jitter          (DJ):    0.000ns
    Phase Error              (PE):    0.000ns

    Location             Delay type                Incr(ns)  Path(ns)    Netlist Resource(s)
  -------------------------------------------------------------------    -------------------
                         (clock clk_fpga_0 rise edge)
                                                      0.000     0.000 r  
    PS7_X0Y0             PS7                          0.000     0.000 r  Final_Project_i/processing_system7_0/inst/PS7_i/FCLKCLK[0]
                         net (fo=1, routed)           1.938     1.938    Final_Project_i/processing_system7_0/inst/FCLK_CLK_unbuffered[0]
    BUFGCTRL_X0Y16       BUFG (Prop_bufg_I_O)         0.101     2.039 r  Final_Project_i/processing_system7_0/inst/buffer_fclk_clk_0.FCLK_CLK_0_BUFG/O
                         net (fo=1316, routed)        1.683     3.722    Final_Project_i/sevenseg_mux_0/inst/clk
    SLICE_X13Y41         FDRE                                         r  Final_Project_i/sevenseg_mux_0/inst/refresh_counter_reg[15]/C
  -------------------------------------------------------------------    -------------------
    SLICE_X13Y41         FDRE (Prop_fdre_C_Q)         0.456     4.178 r  Final_Project_i/sevenseg_mux_0/inst/refresh_counter_reg[15]/Q
                         net (fo=9, routed)           1.425     5.603    Final_Project_i/sevenseg_mux_0/inst/p_0_in[0]
    SLICE_X18Y44         LUT2 (Prop_lut2_I0_O)        0.154     5.757 r  Final_Project_i/sevenseg_mux_0/inst/seg_an[2]_INST_0/O
                         net (fo=1, routed)           3.797     9.554    seg_an_OBUF[2]
    M18                  OBUF (Prop_obuf_I_O)         3.792    13.346 r  seg_an_OBUF[2]_inst/O
                         net (fo=0)                   0.000    13.346    seg_an[2]
    M18                                                               r  seg_an[2] (OUT)
  -------------------------------------------------------------------    -------------------

Slack:                    inf
  Source:                 Final_Project_i/sevenseg_mux_0/inst/refresh_counter_reg[16]/C
                            (rising edge-triggered cell FDRE clocked by clk_fpga_0  {rise@0.000ns fall@5.000ns period=10.000ns})
  Destination:            seg_an[3]
                            (output port)
  Path Group:             (none)
  Path Type:              Max at Slow Process Corner
  Data Path Delay:        9.424ns  (logic 4.362ns (46.285%)  route 5.062ns (53.715%))
  Logic Levels:           2  (LUT2=1 OBUF=1)
  Clock Uncertainty:      0.152ns  ((TSJ^2 + TIJ^2)^1/2 + DJ) / 2 + PE
    Total System Jitter     (TSJ):    0.050ns
    Total Input Jitter      (TIJ):    0.300ns
    Discrete Jitter          (DJ):    0.000ns
    Phase Error              (PE):    0.000ns

    Location             Delay type                Incr(ns)  Path(ns)    Netlist Resource(s)
  -------------------------------------------------------------------    -------------------
                         (clock clk_fpga_0 rise edge)
                                                      0.000     0.000 r  
    PS7_X0Y0             PS7                          0.000     0.000 r  Final_Project_i/processing_system7_0/inst/PS7_i/FCLKCLK[0]
                         net (fo=1, routed)           1.938     1.938    Final_Project_i/processing_system7_0/inst/FCLK_CLK_unbuffered[0]
    BUFGCTRL_X0Y16       BUFG (Prop_bufg_I_O)         0.101     2.039 r  Final_Project_i/processing_system7_0/inst/buffer_fclk_clk_0.FCLK_CLK_0_BUFG/O
                         net (fo=1316, routed)        1.683     3.722    Final_Project_i/sevenseg_mux_0/inst/clk
    SLICE_X13Y42         FDRE                                         r  Final_Project_i/sevenseg_mux_0/inst/refresh_counter_reg[16]/C
  -------------------------------------------------------------------    -------------------
    SLICE_X13Y42         FDRE (Prop_fdre_C_Q)         0.456     4.178 f  Final_Project_i/sevenseg_mux_0/inst/refresh_counter_reg[16]/Q
                         net (fo=9, routed)           1.443     5.621    Final_Project_i/sevenseg_mux_0/inst/p_0_in[1]
    SLICE_X18Y44         LUT2 (Prop_lut2_I1_O)        0.152     5.773 r  Final_Project_i/sevenseg_mux_0/inst/seg_an[3]_INST_0/O
                         net (fo=1, routed)           3.619     9.393    seg_an_OBUF[3]
    L16                  OBUF (Prop_obuf_I_O)         3.754    13.147 r  seg_an_OBUF[3]_inst/O
                         net (fo=0)                   0.000    13.147    seg_an[3]
    L16                                                               r  seg_an[3] (OUT)
  -------------------------------------------------------------------    -------------------

Slack:                    inf
  Source:                 Final_Project_i/sevenseg_mux_0/inst/refresh_counter_reg[16]/C
                            (rising edge-triggered cell FDRE clocked by clk_fpga_0  {rise@0.000ns fall@5.000ns period=10.000ns})
  Destination:            seg_an[0]
                            (output port)
  Path Group:             (none)
  Path Type:              Max at Slow Process Corner
  Data Path Delay:        9.067ns  (logic 4.123ns (45.473%)  route 4.944ns (54.527%))
  Logic Levels:           2  (LUT2=1 OBUF=1)
  Clock Uncertainty:      0.152ns  ((TSJ^2 + TIJ^2)^1/2 + DJ) / 2 + PE
    Total System Jitter     (TSJ):    0.050ns
    Total Input Jitter      (TIJ):    0.300ns
    Discrete Jitter          (DJ):    0.000ns
    Phase Error              (PE):    0.000ns

    Location             Delay type                Incr(ns)  Path(ns)    Netlist Resource(s)
  -------------------------------------------------------------------    -------------------
                         (clock clk_fpga_0 rise edge)
                                                      0.000     0.000 r  
    PS7_X0Y0             PS7                          0.000     0.000 r  Final_Project_i/processing_system7_0/inst/PS7_i/FCLKCLK[0]
                         net (fo=1, routed)           1.938     1.938    Final_Project_i/processing_system7_0/inst/FCLK_CLK_unbuffered[0]
    BUFGCTRL_X0Y16       BUFG (Prop_bufg_I_O)         0.101     2.039 r  Final_Project_i/processing_system7_0/inst/buffer_fclk_clk_0.FCLK_CLK_0_BUFG/O
                         net (fo=1316, routed)        1.683     3.722    Final_Project_i/sevenseg_mux_0/inst/clk
    SLICE_X13Y42         FDRE                                         r  Final_Project_i/sevenseg_mux_0/inst/refresh_counter_reg[16]/C
  -------------------------------------------------------------------    -------------------
    SLICE_X13Y42         FDRE (Prop_fdre_C_Q)         0.456     4.178 r  Final_Project_i/sevenseg_mux_0/inst/refresh_counter_reg[16]/Q
                         net (fo=9, routed)           1.443     5.621    Final_Project_i/sevenseg_mux_0/inst/p_0_in[1]
    SLICE_X18Y44         LUT2 (Prop_lut2_I1_O)        0.124     5.745 r  Final_Project_i/sevenseg_mux_0/inst/seg_an[0]_INST_0/O
                         net (fo=1, routed)           3.501     9.246    seg_an_OBUF[0]
    K19                  OBUF (Prop_obuf_I_O)         3.543    12.789 r  seg_an_OBUF[0]_inst/O
                         net (fo=0)                   0.000    12.789    seg_an[0]
    K19                                                               r  seg_an[0] (OUT)
  -------------------------------------------------------------------    -------------------





Min Delay Paths
--------------------------------------------------------------------------------------
Slack:                    inf
  Source:                 Final_Project_i/axi_gpio_1/U0/gpio_core_1/Dual.gpio_OE_reg[1]/C
                            (rising edge-triggered cell FDSE clocked by clk_fpga_0  {rise@0.000ns fall@5.000ns period=10.000ns})
  Destination:            leds_16bits_tri_io[14]
                            (output port)
  Path Group:             (none)
  Path Type:              Min at Fast Process Corner
  Data Path Delay:        1.934ns  (logic 0.965ns (49.890%)  route 0.969ns (50.110%))
  Logic Levels:           1  (OBUFT=1)
  Clock Uncertainty:      0.152ns  ((TSJ^2 + TIJ^2)^1/2 + DJ) / 2 + PE
    Total System Jitter     (TSJ):    0.050ns
    Total Input Jitter      (TIJ):    0.300ns
    Discrete Jitter          (DJ):    0.000ns
    Phase Error              (PE):    0.000ns

    Location             Delay type                Incr(ns)  Path(ns)    Netlist Resource(s)
  -------------------------------------------------------------------    -------------------
                         (clock clk_fpga_0 rise edge)
                                                      0.000     0.000 r  
    PS7_X0Y0             PS7                          0.000     0.000 r  Final_Project_i/processing_system7_0/inst/PS7_i/FCLKCLK[0]
                         net (fo=1, routed)           0.804     0.804    Final_Project_i/processing_system7_0/inst/FCLK_CLK_unbuffered[0]
    BUFGCTRL_X0Y16       BUFG (Prop_bufg_I_O)         0.026     0.830 r  Final_Project_i/processing_system7_0/inst/buffer_fclk_clk_0.FCLK_CLK_0_BUFG/O
                         net (fo=1316, routed)        0.559     1.389    Final_Project_i/axi_gpio_1/U0/gpio_core_1/s_axi_aclk
    SLICE_X23Y37         FDSE                                         r  Final_Project_i/axi_gpio_1/U0/gpio_core_1/Dual.gpio_OE_reg[1]/C
  -------------------------------------------------------------------    -------------------
    SLICE_X23Y37         FDSE (Prop_fdse_C_Q)         0.141     1.530 r  Final_Project_i/axi_gpio_1/U0/gpio_core_1/Dual.gpio_OE_reg[1]/Q
                         net (fo=3, routed)           0.969     2.499    leds_16bits_tri_iobuf_14/T
    Y16                  OBUFT (TriStatD_obuft_T_O)
                                                      0.824     3.323 r  leds_16bits_tri_iobuf_14/OBUFT/O
                         net (fo=1, unset)            0.000     3.323    leds_16bits_tri_io[14]
    Y16                                                               r  leds_16bits_tri_io[14] (INOUT)
  -------------------------------------------------------------------    -------------------

Slack:                    inf
  Source:                 Final_Project_i/axi_gpio_1/U0/gpio_core_1/Dual.gpio_OE_reg[10]/C
                            (rising edge-triggered cell FDSE clocked by clk_fpga_0  {rise@0.000ns fall@5.000ns period=10.000ns})
  Destination:            leds_16bits_tri_io[5]
                            (output port)
  Path Group:             (none)
  Path Type:              Min at Fast Process Corner
  Data Path Delay:        1.967ns  (logic 0.965ns (49.071%)  route 1.002ns (50.929%))
  Logic Levels:           1  (OBUFT=1)
  Clock Uncertainty:      0.152ns  ((TSJ^2 + TIJ^2)^1/2 + DJ) / 2 + PE
    Total System Jitter     (TSJ):    0.050ns
    Total Input Jitter      (TIJ):    0.300ns
    Discrete Jitter          (DJ):    0.000ns
    Phase Error              (PE):    0.000ns

    Location             Delay type                Incr(ns)  Path(ns)    Netlist Resource(s)
  -------------------------------------------------------------------    -------------------
                         (clock clk_fpga_0 rise edge)
                                                      0.000     0.000 r  
    PS7_X0Y0             PS7                          0.000     0.000 r  Final_Project_i/processing_system7_0/inst/PS7_i/FCLKCLK[0]
                         net (fo=1, routed)           0.804     0.804    Final_Project_i/processing_system7_0/inst/FCLK_CLK_unbuffered[0]
    BUFGCTRL_X0Y16       BUFG (Prop_bufg_I_O)         0.026     0.830 r  Final_Project_i/processing_system7_0/inst/buffer_fclk_clk_0.FCLK_CLK_0_BUFG/O
                         net (fo=1316, routed)        0.561     1.391    Final_Project_i/axi_gpio_1/U0/gpio_core_1/s_axi_aclk
    SLICE_X23Y41         FDSE                                         r  Final_Project_i/axi_gpio_1/U0/gpio_core_1/Dual.gpio_OE_reg[10]/C
  -------------------------------------------------------------------    -------------------
    SLICE_X23Y41         FDSE (Prop_fdse_C_Q)         0.141     1.532 r  Final_Project_i/axi_gpio_1/U0/gpio_core_1/Dual.gpio_OE_reg[10]/Q
                         net (fo=3, routed)           1.002     2.533    leds_16bits_tri_iobuf_5/T
    U13                  OBUFT (TriStatD_obuft_T_O)
                                                      0.824     3.357 r  leds_16bits_tri_iobuf_5/OBUFT/O
                         net (fo=1, unset)            0.000     3.357    leds_16bits_tri_io[5]
    U13                                                               r  leds_16bits_tri_io[5] (INOUT)
  -------------------------------------------------------------------    -------------------

Slack:                    inf
  Source:                 Final_Project_i/axi_gpio_1/U0/gpio_core_1/Dual.gpio_OE_reg[0]/C
                            (rising edge-triggered cell FDSE clocked by clk_fpga_0  {rise@0.000ns fall@5.000ns period=10.000ns})
  Destination:            leds_16bits_tri_io[15]
                            (output port)
  Path Group:             (none)
  Path Type:              Min at Fast Process Corner
  Data Path Delay:        1.989ns  (logic 0.965ns (48.521%)  route 1.024ns (51.479%))
  Logic Levels:           1  (OBUFT=1)
  Clock Uncertainty:      0.152ns  ((TSJ^2 + TIJ^2)^1/2 + DJ) / 2 + PE
    Total System Jitter     (TSJ):    0.050ns
    Total Input Jitter      (TIJ):    0.300ns
    Discrete Jitter          (DJ):    0.000ns
    Phase Error              (PE):    0.000ns

    Location             Delay type                Incr(ns)  Path(ns)    Netlist Resource(s)
  -------------------------------------------------------------------    -------------------
                         (clock clk_fpga_0 rise edge)
                                                      0.000     0.000 r  
    PS7_X0Y0             PS7                          0.000     0.000 r  Final_Project_i/processing_system7_0/inst/PS7_i/FCLKCLK[0]
                         net (fo=1, routed)           0.804     0.804    Final_Project_i/processing_system7_0/inst/FCLK_CLK_unbuffered[0]
    BUFGCTRL_X0Y16       BUFG (Prop_bufg_I_O)         0.026     0.830 r  Final_Project_i/processing_system7_0/inst/buffer_fclk_clk_0.FCLK_CLK_0_BUFG/O
                         net (fo=1316, routed)        0.559     1.389    Final_Project_i/axi_gpio_1/U0/gpio_core_1/s_axi_aclk
    SLICE_X23Y37         FDSE                                         r  Final_Project_i/axi_gpio_1/U0/gpio_core_1/Dual.gpio_OE_reg[0]/C
  -------------------------------------------------------------------    -------------------
    SLICE_X23Y37         FDSE (Prop_fdse_C_Q)         0.141     1.530 r  Final_Project_i/axi_gpio_1/U0/gpio_core_1/Dual.gpio_OE_reg[0]/Q
                         net (fo=3, routed)           1.024     2.554    leds_16bits_tri_iobuf_15/T
    Y17                  OBUFT (TriStatD_obuft_T_O)
                                                      0.824     3.378 r  leds_16bits_tri_iobuf_15/OBUFT/O
                         net (fo=1, unset)            0.000     3.378    leds_16bits_tri_io[15]
    Y17                                                               r  leds_16bits_tri_io[15] (INOUT)
  -------------------------------------------------------------------    -------------------

Slack:                    inf
  Source:                 Final_Project_i/axi_gpio_1/U0/gpio_core_1/Dual.gpio_OE_reg[2]/C
                            (rising edge-triggered cell FDSE clocked by clk_fpga_0  {rise@0.000ns fall@5.000ns period=10.000ns})
  Destination:            leds_16bits_tri_io[13]
                            (output port)
  Path Group:             (none)
  Path Type:              Min at Fast Process Corner
  Data Path Delay:        2.014ns  (logic 1.006ns (49.945%)  route 1.008ns (50.055%))
  Logic Levels:           1  (OBUFT=1)
  Clock Uncertainty:      0.152ns  ((TSJ^2 + TIJ^2)^1/2 + DJ) / 2 + PE
    Total System Jitter     (TSJ):    0.050ns
    Total Input Jitter      (TIJ):    0.300ns
    Discrete Jitter          (DJ):    0.000ns
    Phase Error              (PE):    0.000ns

    Location             Delay type                Incr(ns)  Path(ns)    Netlist Resource(s)
  -------------------------------------------------------------------    -------------------
                         (clock clk_fpga_0 rise edge)
                                                      0.000     0.000 r  
    PS7_X0Y0             PS7                          0.000     0.000 r  Final_Project_i/processing_system7_0/inst/PS7_i/FCLKCLK[0]
                         net (fo=1, routed)           0.804     0.804    Final_Project_i/processing_system7_0/inst/FCLK_CLK_unbuffered[0]
    BUFGCTRL_X0Y16       BUFG (Prop_bufg_I_O)         0.026     0.830 r  Final_Project_i/processing_system7_0/inst/buffer_fclk_clk_0.FCLK_CLK_0_BUFG/O
                         net (fo=1316, routed)        0.559     1.389    Final_Project_i/axi_gpio_1/U0/gpio_core_1/s_axi_aclk
    SLICE_X23Y37         FDSE                                         r  Final_Project_i/axi_gpio_1/U0/gpio_core_1/Dual.gpio_OE_reg[2]/C
  -------------------------------------------------------------------    -------------------
    SLICE_X23Y37         FDSE (Prop_fdse_C_Q)         0.128     1.517 r  Final_Project_i/axi_gpio_1/U0/gpio_core_1/Dual.gpio_OE_reg[2]/Q
                         net (fo=3, routed)           1.008     2.525    leds_16bits_tri_iobuf_13/T
    Y14                  OBUFT (TriStatD_obuft_T_O)
                                                      0.878     3.403 r  leds_16bits_tri_iobuf_13/OBUFT/O
                         net (fo=1, unset)            0.000     3.403    leds_16bits_tri_io[13]
    Y14                                                               r  leds_16bits_tri_io[13] (INOUT)
  -------------------------------------------------------------------    -------------------

Slack:                    inf
  Source:                 Final_Project_i/axi_gpio_1/U0/gpio_core_1/Dual.gpio_OE_reg[13]/C
                            (rising edge-triggered cell FDSE clocked by clk_fpga_0  {rise@0.000ns fall@5.000ns period=10.000ns})
  Destination:            leds_16bits_tri_io[2]
                            (output port)
  Path Group:             (none)
  Path Type:              Min at Fast Process Corner
  Data Path Delay:        2.088ns  (logic 0.965ns (46.208%)  route 1.123ns (53.792%))
  Logic Levels:           1  (OBUFT=1)
  Clock Uncertainty:      0.152ns  ((TSJ^2 + TIJ^2)^1/2 + DJ) / 2 + PE
    Total System Jitter     (TSJ):    0.050ns
    Total Input Jitter      (TIJ):    0.300ns
    Discrete Jitter          (DJ):    0.000ns
    Phase Error              (PE):    0.000ns

    Location             Delay type                Incr(ns)  Path(ns)    Netlist Resource(s)
  -------------------------------------------------------------------    -------------------
                         (clock clk_fpga_0 rise edge)
                                                      0.000     0.000 r  
    PS7_X0Y0             PS7                          0.000     0.000 r  Final_Project_i/processing_system7_0/inst/PS7_i/FCLKCLK[0]
                         net (fo=1, routed)           0.804     0.804    Final_Project_i/processing_system7_0/inst/FCLK_CLK_unbuffered[0]
    BUFGCTRL_X0Y16       BUFG (Prop_bufg_I_O)         0.026     0.830 r  Final_Project_i/processing_system7_0/inst/buffer_fclk_clk_0.FCLK_CLK_0_BUFG/O
                         net (fo=1316, routed)        0.561     1.391    Final_Project_i/axi_gpio_1/U0/gpio_core_1/s_axi_aclk
    SLICE_X23Y41         FDSE                                         r  Final_Project_i/axi_gpio_1/U0/gpio_core_1/Dual.gpio_OE_reg[13]/C
  -------------------------------------------------------------------    -------------------
    SLICE_X23Y41         FDSE (Prop_fdse_C_Q)         0.141     1.532 r  Final_Project_i/axi_gpio_1/U0/gpio_core_1/Dual.gpio_OE_reg[13]/Q
                         net (fo=3, routed)           1.123     2.655    leds_16bits_tri_iobuf_2/T
    R19                  OBUFT (TriStatD_obuft_T_O)
                                                      0.824     3.479 r  leds_16bits_tri_iobuf_2/OBUFT/O
                         net (fo=1, unset)            0.000     3.479    leds_16bits_tri_io[2]
    R19                                                               r  leds_16bits_tri_io[2] (INOUT)
  -------------------------------------------------------------------    -------------------

Slack:                    inf
  Source:                 Final_Project_i/apb_i2c_master_0/inst/scl_out_reg/C
                            (rising edge-triggered cell FDPE clocked by clk_fpga_0  {rise@0.000ns fall@5.000ns period=10.000ns})
  Destination:            iic_rtl_scl_io
                            (output port)
  Path Group:             (none)
  Path Type:              Min at Fast Process Corner
  Data Path Delay:        2.212ns  (logic 0.965ns (43.628%)  route 1.247ns (56.372%))
  Logic Levels:           1  (OBUFT=1)
  Clock Uncertainty:      0.152ns  ((TSJ^2 + TIJ^2)^1/2 + DJ) / 2 + PE
    Total System Jitter     (TSJ):    0.050ns
    Total Input Jitter      (TIJ):    0.300ns
    Discrete Jitter          (DJ):    0.000ns
    Phase Error              (PE):    0.000ns

    Location             Delay type                Incr(ns)  Path(ns)    Netlist Resource(s)
  -------------------------------------------------------------------    -------------------
                         (clock clk_fpga_0 rise edge)
                                                      0.000     0.000 r  
    PS7_X0Y0             PS7                          0.000     0.000 r  Final_Project_i/processing_system7_0/inst/PS7_i/FCLKCLK[0]
                         net (fo=1, routed)           0.804     0.804    Final_Project_i/processing_system7_0/inst/FCLK_CLK_unbuffered[0]
    BUFGCTRL_X0Y16       BUFG (Prop_bufg_I_O)         0.026     0.830 r  Final_Project_i/processing_system7_0/inst/buffer_fclk_clk_0.FCLK_CLK_0_BUFG/O
                         net (fo=1316, routed)        0.562     1.392    Final_Project_i/apb_i2c_master_0/inst/PCLK
    SLICE_X23Y45         FDPE                                         r  Final_Project_i/apb_i2c_master_0/inst/scl_out_reg/C
  -------------------------------------------------------------------    -------------------
    SLICE_X23Y45         FDPE (Prop_fdpe_C_Q)         0.141     1.533 r  Final_Project_i/apb_i2c_master_0/inst/scl_out_reg/Q
                         net (fo=2, routed)           1.247     2.780    Final_Project_i/apb_i2c_master_0/inst/scl_iobuf/T
    H20                  OBUFT (TriStatD_obuft_T_O)
                                                      0.824     3.604 r  Final_Project_i/apb_i2c_master_0/inst/scl_iobuf/OBUFT/O
                         net (fo=1, unset)            0.000     3.604    iic_rtl_scl_io
    H20                                                               r  iic_rtl_scl_io (INOUT)
  -------------------------------------------------------------------    -------------------

Slack:                    inf
  Source:                 Final_Project_i/axi_gpio_1/U0/gpio_core_1/Dual.gpio_OE_reg[6]/C
                            (rising edge-triggered cell FDSE clocked by clk_fpga_0  {rise@0.000ns fall@5.000ns period=10.000ns})
  Destination:            leds_16bits_tri_io[9]
                            (output port)
  Path Group:             (none)
  Path Type:              Min at Fast Process Corner
  Data Path Delay:        2.218ns  (logic 0.965ns (43.508%)  route 1.253ns (56.492%))
  Logic Levels:           1  (OBUFT=1)
  Clock Uncertainty:      0.152ns  ((TSJ^2 + TIJ^2)^1/2 + DJ) / 2 + PE
    Total System Jitter     (TSJ):    0.050ns
    Total Input Jitter      (TIJ):    0.300ns
    Discrete Jitter          (DJ):    0.000ns
    Phase Error              (PE):    0.000ns

    Location             Delay type                Incr(ns)  Path(ns)    Netlist Resource(s)
  -------------------------------------------------------------------    -------------------
                         (clock clk_fpga_0 rise edge)
                                                      0.000     0.000 r  
    PS7_X0Y0             PS7                          0.000     0.000 r  Final_Project_i/processing_system7_0/inst/PS7_i/FCLKCLK[0]
                         net (fo=1, routed)           0.804     0.804    Final_Project_i/processing_system7_0/inst/FCLK_CLK_unbuffered[0]
    BUFGCTRL_X0Y16       BUFG (Prop_bufg_I_O)         0.026     0.830 r  Final_Project_i/processing_system7_0/inst/buffer_fclk_clk_0.FCLK_CLK_0_BUFG/O
                         net (fo=1316, routed)        0.558     1.388    Final_Project_i/axi_gpio_1/U0/gpio_core_1/s_axi_aclk
    SLICE_X25Y35         FDSE                                         r  Final_Project_i/axi_gpio_1/U0/gpio_core_1/Dual.gpio_OE_reg[6]/C
  -------------------------------------------------------------------    -------------------
    SLICE_X25Y35         FDSE (Prop_fdse_C_Q)         0.141     1.529 r  Final_Project_i/axi_gpio_1/U0/gpio_core_1/Dual.gpio_OE_reg[6]/Q
                         net (fo=3, routed)           1.253     2.782    leds_16bits_tri_iobuf_9/T
    Y19                  OBUFT (TriStatD_obuft_T_O)
                                                      0.824     3.606 r  leds_16bits_tri_iobuf_9/OBUFT/O
                         net (fo=1, unset)            0.000     3.606    leds_16bits_tri_io[9]
    Y19                                                               r  leds_16bits_tri_io[9] (INOUT)
  -------------------------------------------------------------------    -------------------

Slack:                    inf
  Source:                 Final_Project_i/axi_gpio_1/U0/gpio_core_1/Dual.gpio_OE_reg[9]/C
                            (rising edge-triggered cell FDSE clocked by clk_fpga_0  {rise@0.000ns fall@5.000ns period=10.000ns})
  Destination:            leds_16bits_tri_io[6]
                            (output port)
  Path Group:             (none)
  Path Type:              Min at Fast Process Corner
  Data Path Delay:        2.226ns  (logic 1.005ns (45.147%)  route 1.221ns (54.853%))
  Logic Levels:           1  (OBUFT=1)
  Clock Uncertainty:      0.152ns  ((TSJ^2 + TIJ^2)^1/2 + DJ) / 2 + PE
    Total System Jitter     (TSJ):    0.050ns
    Total Input Jitter      (TIJ):    0.300ns
    Discrete Jitter          (DJ):    0.000ns
    Phase Error              (PE):    0.000ns

    Location             Delay type                Incr(ns)  Path(ns)    Netlist Resource(s)
  -------------------------------------------------------------------    -------------------
                         (clock clk_fpga_0 rise edge)
                                                      0.000     0.000 r  
    PS7_X0Y0             PS7                          0.000     0.000 r  Final_Project_i/processing_system7_0/inst/PS7_i/FCLKCLK[0]
                         net (fo=1, routed)           0.804     0.804    Final_Project_i/processing_system7_0/inst/FCLK_CLK_unbuffered[0]
    BUFGCTRL_X0Y16       BUFG (Prop_bufg_I_O)         0.026     0.830 r  Final_Project_i/processing_system7_0/inst/buffer_fclk_clk_0.FCLK_CLK_0_BUFG/O
                         net (fo=1316, routed)        0.558     1.388    Final_Project_i/axi_gpio_1/U0/gpio_core_1/s_axi_aclk
    SLICE_X25Y35         FDSE                                         r  Final_Project_i/axi_gpio_1/U0/gpio_core_1/Dual.gpio_OE_reg[9]/C
  -------------------------------------------------------------------    -------------------
    SLICE_X25Y35         FDSE (Prop_fdse_C_Q)         0.128     1.516 r  Final_Project_i/axi_gpio_1/U0/gpio_core_1/Dual.gpio_OE_reg[9]/Q
                         net (fo=3, routed)           1.221     2.737    leds_16bits_tri_iobuf_6/T
    V20                  OBUFT (TriStatD_obuft_T_O)
                                                      0.877     3.614 r  leds_16bits_tri_iobuf_6/OBUFT/O
                         net (fo=1, unset)            0.000     3.614    leds_16bits_tri_io[6]
    V20                                                               r  leds_16bits_tri_io[6] (INOUT)
  -------------------------------------------------------------------    -------------------

Slack:                    inf
  Source:                 Final_Project_i/axi_gpio_1/U0/gpio_core_1/Dual.gpio_OE_reg[14]/C
                            (rising edge-triggered cell FDSE clocked by clk_fpga_0  {rise@0.000ns fall@5.000ns period=10.000ns})
  Destination:            leds_16bits_tri_io[1]
                            (output port)
  Path Group:             (none)
  Path Type:              Min at Fast Process Corner
  Data Path Delay:        2.226ns  (logic 0.965ns (43.343%)  route 1.261ns (56.657%))
  Logic Levels:           1  (OBUFT=1)
  Clock Uncertainty:      0.152ns  ((TSJ^2 + TIJ^2)^1/2 + DJ) / 2 + PE
    Total System Jitter     (TSJ):    0.050ns
    Total Input Jitter      (TIJ):    0.300ns
    Discrete Jitter          (DJ):    0.000ns
    Phase Error              (PE):    0.000ns

    Location             Delay type                Incr(ns)  Path(ns)    Netlist Resource(s)
  -------------------------------------------------------------------    -------------------
                         (clock clk_fpga_0 rise edge)
                                                      0.000     0.000 r  
    PS7_X0Y0             PS7                          0.000     0.000 r  Final_Project_i/processing_system7_0/inst/PS7_i/FCLKCLK[0]
                         net (fo=1, routed)           0.804     0.804    Final_Project_i/processing_system7_0/inst/FCLK_CLK_unbuffered[0]
    BUFGCTRL_X0Y16       BUFG (Prop_bufg_I_O)         0.026     0.830 r  Final_Project_i/processing_system7_0/inst/buffer_fclk_clk_0.FCLK_CLK_0_BUFG/O
                         net (fo=1316, routed)        0.559     1.389    Final_Project_i/axi_gpio_1/U0/gpio_core_1/s_axi_aclk
    SLICE_X23Y37         FDSE                                         r  Final_Project_i/axi_gpio_1/U0/gpio_core_1/Dual.gpio_OE_reg[14]/C
  -------------------------------------------------------------------    -------------------
    SLICE_X23Y37         FDSE (Prop_fdse_C_Q)         0.141     1.530 r  Final_Project_i/axi_gpio_1/U0/gpio_core_1/Dual.gpio_OE_reg[14]/Q
                         net (fo=3, routed)           1.261     2.791    leds_16bits_tri_iobuf_1/T
    P20                  OBUFT (TriStatD_obuft_T_O)
                                                      0.824     3.615 r  leds_16bits_tri_iobuf_1/OBUFT/O
                         net (fo=1, unset)            0.000     3.615    leds_16bits_tri_io[1]
    P20                                                               r  leds_16bits_tri_io[1] (INOUT)
  -------------------------------------------------------------------    -------------------

Slack:                    inf
  Source:                 Final_Project_i/axi_gpio_1/U0/gpio_core_1/Dual.gpio_OE_reg[15]/C
                            (rising edge-triggered cell FDSE clocked by clk_fpga_0  {rise@0.000ns fall@5.000ns period=10.000ns})
  Destination:            leds_16bits_tri_io[0]
                            (output port)
  Path Group:             (none)
  Path Type:              Min at Fast Process Corner
  Data Path Delay:        2.230ns  (logic 0.965ns (43.264%)  route 1.265ns (56.736%))
  Logic Levels:           1  (OBUFT=1)
  Clock Uncertainty:      0.152ns  ((TSJ^2 + TIJ^2)^1/2 + DJ) / 2 + PE
    Total System Jitter     (TSJ):    0.050ns
    Total Input Jitter      (TIJ):    0.300ns
    Discrete Jitter          (DJ):    0.000ns
    Phase Error              (PE):    0.000ns

    Location             Delay type                Incr(ns)  Path(ns)    Netlist Resource(s)
  -------------------------------------------------------------------    -------------------
                         (clock clk_fpga_0 rise edge)
                                                      0.000     0.000 r  
    PS7_X0Y0             PS7                          0.000     0.000 r  Final_Project_i/processing_system7_0/inst/PS7_i/FCLKCLK[0]
                         net (fo=1, routed)           0.804     0.804    Final_Project_i/processing_system7_0/inst/FCLK_CLK_unbuffered[0]
    BUFGCTRL_X0Y16       BUFG (Prop_bufg_I_O)         0.026     0.830 r  Final_Project_i/processing_system7_0/inst/buffer_fclk_clk_0.FCLK_CLK_0_BUFG/O
                         net (fo=1316, routed)        0.559     1.389    Final_Project_i/axi_gpio_1/U0/gpio_core_1/s_axi_aclk
    SLICE_X23Y37         FDSE                                         r  Final_Project_i/axi_gpio_1/U0/gpio_core_1/Dual.gpio_OE_reg[15]/C
  -------------------------------------------------------------------    -------------------
    SLICE_X23Y37         FDSE (Prop_fdse_C_Q)         0.141     1.530 r  Final_Project_i/axi_gpio_1/U0/gpio_core_1/Dual.gpio_OE_reg[15]/Q
                         net (fo=3, routed)           1.265     2.795    leds_16bits_tri_iobuf_0/T
    N20                  OBUFT (TriStatD_obuft_T_O)
                                                      0.824     3.619 r  leds_16bits_tri_iobuf_0/OBUFT/O
                         net (fo=1, unset)            0.000     3.619    leds_16bits_tri_io[0]
    N20                                                               r  leds_16bits_tri_io[0] (INOUT)
  -------------------------------------------------------------------    -------------------





--------------------------------------------------------------------------------------
Path Group:  (none)
From Clock:  
  To Clock:  clk_fpga_0

Max Delay             1 Endpoint
Min Delay             1 Endpoint
--------------------------------------------------------------------------------------


Max Delay Paths
--------------------------------------------------------------------------------------
Slack:                    inf
  Source:                 iic_rtl_sda_io
                            (input port)
  Destination:            Final_Project_i/apb_i2c_master_0/inst/shift_rx_reg[0]/D
                            (rising edge-triggered cell FDRE clocked by clk_fpga_0  {rise@0.000ns fall@5.000ns period=10.000ns})
  Path Group:             (none)
  Path Type:              Setup (Max at Slow Process Corner)
  Data Path Delay:        4.152ns  (logic 1.491ns (35.910%)  route 2.661ns (64.090%))
  Logic Levels:           1  (IBUF=1)
  Clock Path Skew:        3.256ns (DCD - SCD + CPR)
    Destination Clock Delay (DCD):    3.256ns
    Source Clock Delay      (SCD):    0.000ns
    Clock Pessimism Removal (CPR):    0.000ns
  Clock Uncertainty:      0.152ns  ((TSJ^2 + TIJ^2)^1/2 + DJ) / 2 + PE
    Total System Jitter     (TSJ):    0.050ns
    Total Input Jitter      (TIJ):    0.300ns
    Discrete Jitter          (DJ):    0.000ns
    Phase Error              (PE):    0.000ns

    Location             Delay type                Incr(ns)  Path(ns)    Netlist Resource(s)
  -------------------------------------------------------------------    -------------------
    J19                                               0.000     0.000 r  iic_rtl_sda_io (INOUT)
                         net (fo=1, unset)            0.000     0.000    Final_Project_i/apb_i2c_master_0/inst/sda_iobuf/IO
    J19                  IBUF (Prop_ibuf_I_O)         1.491     1.491 r  Final_Project_i/apb_i2c_master_0/inst/sda_iobuf/IBUF/O
                         net (fo=1, routed)           2.661     4.152    Final_Project_i/apb_i2c_master_0/inst/sda_in
    SLICE_X23Y43         FDRE                                         r  Final_Project_i/apb_i2c_master_0/inst/shift_rx_reg[0]/D
  -------------------------------------------------------------------    -------------------

                         (clock clk_fpga_0 rise edge)
                                                      0.000     0.000 r  
    PS7_X0Y0             PS7                          0.000     0.000 r  Final_Project_i/processing_system7_0/inst/PS7_i/FCLKCLK[0]
                         net (fo=1, routed)           1.666     1.666    Final_Project_i/processing_system7_0/inst/FCLK_CLK_unbuffered[0]
    BUFGCTRL_X0Y16       BUFG (Prop_bufg_I_O)         0.091     1.757 r  Final_Project_i/processing_system7_0/inst/buffer_fclk_clk_0.FCLK_CLK_0_BUFG/O
                         net (fo=1316, routed)        1.498     3.256    Final_Project_i/apb_i2c_master_0/inst/PCLK
    SLICE_X23Y43         FDRE                                         r  Final_Project_i/apb_i2c_master_0/inst/shift_rx_reg[0]/C





Min Delay Paths
--------------------------------------------------------------------------------------
Slack:                    inf
  Source:                 iic_rtl_sda_io
                            (input port)
  Destination:            Final_Project_i/apb_i2c_master_0/inst/shift_rx_reg[0]/D
                            (rising edge-triggered cell FDRE clocked by clk_fpga_0  {rise@0.000ns fall@5.000ns period=10.000ns})
  Path Group:             (none)
  Path Type:              Hold (Min at Fast Process Corner)
  Data Path Delay:        1.485ns  (logic 0.259ns (17.423%)  route 1.226ns (82.577%))
  Logic Levels:           1  (IBUF=1)
  Clock Path Skew:        1.778ns (DCD - SCD - CPR)
    Destination Clock Delay (DCD):    1.778ns
    Source Clock Delay      (SCD):    0.000ns
    Clock Pessimism Removal (CPR):    -0.000ns

    Location             Delay type                Incr(ns)  Path(ns)    Netlist Resource(s)
  -------------------------------------------------------------------    -------------------
    J19                                               0.000     0.000 r  iic_rtl_sda_io (INOUT)
                         net (fo=1, unset)            0.000     0.000    Final_Project_i/apb_i2c_master_0/inst/sda_iobuf/IO
    J19                  IBUF (Prop_ibuf_I_O)         0.259     0.259 r  Final_Project_i/apb_i2c_master_0/inst/sda_iobuf/IBUF/O
                         net (fo=1, routed)           1.226     1.485    Final_Project_i/apb_i2c_master_0/inst/sda_in
    SLICE_X23Y43         FDRE                                         r  Final_Project_i/apb_i2c_master_0/inst/shift_rx_reg[0]/D
  -------------------------------------------------------------------    -------------------

                         (clock clk_fpga_0 rise edge)
                                                      0.000     0.000 r  
    PS7_X0Y0             PS7                          0.000     0.000 r  Final_Project_i/processing_system7_0/inst/PS7_i/FCLKCLK[0]
                         net (fo=1, routed)           0.919     0.919    Final_Project_i/processing_system7_0/inst/FCLK_CLK_unbuffered[0]
    BUFGCTRL_X0Y16       BUFG (Prop_bufg_I_O)         0.029     0.948 r  Final_Project_i/processing_system7_0/inst/buffer_fclk_clk_0.FCLK_CLK_0_BUFG/O
                         net (fo=1316, routed)        0.830     1.778    Final_Project_i/apb_i2c_master_0/inst/PCLK
    SLICE_X23Y43         FDRE                                         r  Final_Project_i/apb_i2c_master_0/inst/shift_rx_reg[0]/C





